ISO-10303-21;
HEADER;
FILE_DESCRIPTION (( 'STEP AP203' ),
    '1' );
FILE_NAME ('PEN-L.STEP',
    '2025-01-21T11:45:01',
    ( '' ),
    ( '' ),
    'SwSTEP 2.0',
    'SolidWorks 2024',
    '' );
FILE_SCHEMA (( 'CONFIG_CONTROL_DESIGN' ));
ENDSEC;

DATA;
#1 = AXIS2_PLACEMENT_3D ( 'NONE', #1798, #3207, #408 ) ;
#2 = DIRECTION ( 'NONE',  ( 0.8910065241883659004, -0.4539904997395505792, 0.000000000000000000 ) ) ;
#3 = DIRECTION ( 'NONE',  ( 0.000000000000000000, -1.000000000000000000, -7.011174048739588766E-15 ) ) ;
#4 = CARTESIAN_POINT ( 'NONE',  ( -3.464101615137740620, 2.000000000000013767, 0.4499999999999720890 ) ) ;
#5 = ORIENTED_EDGE ( 'NONE', *, *, #3303, .T. ) ;
#6 = VECTOR ( 'NONE', #1805, 1000.000000000000000 ) ;
#7 = DIRECTION ( 'NONE',  ( -1.000000000000000000, 0.000000000000000000, 0.000000000000000000 ) ) ;
#8 = VERTEX_POINT ( 'NONE', #2065 ) ;
#9 = DIRECTION ( 'NONE',  ( 1.000000000000000000, -6.424901762877064728E-17, -4.486691336258291296E-31 ) ) ;
#10 = AXIS2_PLACEMENT_3D ( 'NONE', #755, #1881, #1642 ) ;
#11 = ORIENTED_EDGE ( 'NONE', *, *, #2681, .T. ) ;
#12 = EDGE_CURVE ( 'NONE', #662, #1558, #3197, .T. ) ;
#13 = CARTESIAN_POINT ( 'NONE',  ( 5.000000000000000000, 12.99999999999999822, 0.4500000000000891620 ) ) ;
#14 = EDGE_LOOP ( 'NONE', ( #2502, #1214, #176, #1254 ) ) ;
#15 = CARTESIAN_POINT ( 'NONE',  ( -32.99999999999999289, -28.86854811567260981, -0.7500000000002016165 ) ) ;
#16 = CIRCLE ( 'NONE', #1734, 1.500000000000000222 ) ;
#17 = FACE_OUTER_BOUND ( 'NONE', #2587, .T. ) ;
#18 = DIRECTION ( 'NONE',  ( -0.000000000000000000, -6.982962677686266711E-15, 1.000000000000000000 ) ) ;
#19 = DIRECTION ( 'NONE',  ( 6.047701302749968920E-15, -3.491641975121182558E-15, -1.000000000000000000 ) ) ;
#20 = EDGE_LOOP ( 'NONE', ( #2603, #1289, #912, #1227 ) ) ;
#21 = CC_DESIGN_APPROVAL ( #538, ( #2647 ) ) ;
#22 = VERTEX_POINT ( 'NONE', #384 ) ;
#23 = DIRECTION ( 'NONE',  ( 0.4539904997395506348, 0.8910065241883660114, 0.000000000000000000 ) ) ;
#24 = DIRECTION ( 'NONE',  ( 0.000000000000000000, -1.000000000000000000, -7.011174048739588766E-15 ) ) ;
#25 = EDGE_CURVE ( 'NONE', #2039, #2433, #666, .T. ) ;
#26 = LINE ( 'NONE', #1109, #1948 ) ;
#27 = ORIENTED_EDGE ( 'NONE', *, *, #3289, .F. ) ;
#28 = CARTESIAN_POINT ( 'NONE',  ( 18.36197149921865801, 19.94746451117871544, 0.7500000000001393330 ) ) ;
#29 = VERTEX_POINT ( 'NONE', #400 ) ;
#30 = CARTESIAN_POINT ( 'NONE',  ( -16.74999999999973355, 29.01185102677884942, 0.7510000000003037579 ) ) ;
#31 = VERTEX_POINT ( 'NONE', #2516 ) ;
#32 = DIRECTION ( 'NONE',  ( 0.000000000000000000, 1.000000000000000000, 6.982962677686266711E-15 ) ) ;
#33 = EDGE_LOOP ( 'NONE', ( #404, #2223 ) ) ;
#34 = ADVANCED_FACE ( 'NONE', ( #1287 ), #1855, .F. ) ;
#35 = CARTESIAN_POINT ( 'NONE',  ( 4.000000000000000000, -34.00000000000000711, 0.4499999999997609246 ) ) ;
#36 = DIRECTION ( 'NONE',  ( 0.000000000000000000, 0.000000000000000000, 1.000000000000000000 ) ) ;
#37 = CARTESIAN_POINT ( 'NONE',  ( -19.42499999999969162, 33.64508693702562425, -0.7500000000000000000 ) ) ;
#38 = EDGE_CURVE ( 'NONE', #3352, #3064, #2418, .T. ) ;
#39 = CARTESIAN_POINT ( 'NONE',  ( 31.49999999999998579, 2.500000000000000000, 0.4500000000000174971 ) ) ;
#40 = ORIENTED_EDGE ( 'NONE', *, *, #2071, .F. ) ;
#41 = EDGE_LOOP ( 'NONE', ( #3069, #1521, #714, #3326 ) ) ;
#42 = DIRECTION ( 'NONE',  ( 0.000000000000000000, -6.982962677686266711E-15, 1.000000000000000000 ) ) ;
#43 = FACE_OUTER_BOUND ( 'NONE', #2989, .T. ) ;
#44 = ORIENTED_EDGE ( 'NONE', *, *, #731, .F. ) ;
#45 = CARTESIAN_POINT ( 'NONE',  ( 33.50000000000000000, 5.237222008264700033E-15, 0.4500000000000000666 ) ) ;
#46 = EDGE_LOOP ( 'NONE', ( #1292, #2129, #1995, #2952, #1874, #2931, #3353, #1460 ) ) ;
#47 = CARTESIAN_POINT ( 'NONE',  ( -5.139921410301636991E-16, -3.999999999999994227, 0.4499999999999720890 ) ) ;
#48 = ORIENTED_EDGE ( 'NONE', *, *, #3244, .T. ) ;
#49 = ADVANCED_FACE ( 'NONE', ( #2450 ), #162, .F. ) ;
#50 = CARTESIAN_POINT ( 'NONE',  ( 5.000000000000000000, 14.49999999999999645, 0.4500000000000996536 ) ) ;
#51 = ORIENTED_EDGE ( 'NONE', *, *, #1560, .T. ) ;
#52 = LINE ( 'NONE', #3476, #1882 ) ;
#53 = ADVANCED_FACE ( 'NONE', ( #1839 ), #795, .T. ) ;
#54 = CYLINDRICAL_SURFACE ( 'NONE', #2210, 1.149999999999998135 ) ;
#55 = CARTESIAN_POINT ( 'NONE',  ( 5.000000000000000000, 14.49999999999999467, 0.7500000000001012523 ) ) ;
#56 = ORIENTED_EDGE ( 'NONE', *, *, #1572, .T. ) ;
#57 = ORIENTED_EDGE ( 'NONE', *, *, #1835, .F. ) ;
#58 = AXIS2_PLACEMENT_3D ( 'NONE', #696, #1564, #87 ) ;
#59 = PERSON_AND_ORGANIZATION ( #1751, #1796 ) ;
#60 = DIRECTION ( 'NONE',  ( 0.000000000000000000, 0.000000000000000000, 1.000000000000000000 ) ) ;
#61 = DIRECTION ( 'NONE',  ( 0.000000000000000000, -6.983283950242307528E-15, 1.000000000000000000 ) ) ;
#62 = VERTEX_POINT ( 'NONE', #971 ) ;
#63 = VECTOR ( 'NONE', #3523, 1000.000000000000000 ) ;
#64 = CARTESIAN_POINT ( 'NONE',  ( -5.000000000000000000, 12.99999999999999645, 0.7500000000000908162 ) ) ;
#65 = ORIENTED_EDGE ( 'NONE', *, *, #2266, .F. ) ;
#66 = DIRECTION ( 'NONE',  ( 0.000000000000000000, 0.000000000000000000, -1.000000000000000000 ) ) ;
#67 = VECTOR ( 'NONE', #3612, 1000.000000000000114 ) ;
#68 = EDGE_LOOP ( 'NONE', ( #1019, #2297, #2366, #634 ) ) ;
#69 = VECTOR ( 'NONE', #148, 1000.000000000000000 ) ;
#70 = CARTESIAN_POINT ( 'NONE',  ( -12.83493649053864694, 27.23076211353326670, 0.7499999999999825695 ) ) ;
#71 = ORIENTED_EDGE ( 'NONE', *, *, #2981, .F. ) ;
#72 = LINE ( 'NONE', #89, #2973 ) ;
#73 = CARTESIAN_POINT ( 'NONE',  ( 31.49999999999998579, 4.000000000000000888, 0.4500000000000279887 ) ) ;
#74 = AXIS2_PLACEMENT_3D ( 'NONE', #1425, #18, #1146 ) ;
#75 = CARTESIAN_POINT ( 'NONE',  ( -26.00000000000000355, 28.86854811567260981, -0.7499999999997984945 ) ) ;
#76 = ADVANCED_FACE ( 'NONE', ( #3217 ), #2396, .T. ) ;
#77 = AXIS2_PLACEMENT_3D ( 'NONE', #3276, #140, #738 ) ;
#78 = ORIENTED_EDGE ( 'NONE', *, *, #81, .T. ) ;
#79 = CARTESIAN_POINT ( 'NONE',  ( -19.21410161513786363, -25.27980021920972220, 0.4499999999999720890 ) ) ;
#80 = AXIS2_PLACEMENT_3D ( 'NONE', #895, #3159, #235 ) ;
#81 = EDGE_CURVE ( 'NONE', #558, #1771, #1069, .T. ) ;
#82 = ORIENTED_EDGE ( 'NONE', *, *, #3303, .F. ) ;
#83 = DIRECTION ( 'NONE',  ( 1.000000000000000000, 0.000000000000000000, 0.000000000000000000 ) ) ;
#84 = ORIENTED_EDGE ( 'NONE', *, *, #2409, .T. ) ;
#85 = CARTESIAN_POINT ( 'NONE',  ( -26.00000000000000355, 15.50000000000000711, -0.7500000000000000000 ) ) ;
#86 = ORIENTED_EDGE ( 'NONE', *, *, #3221, .T. ) ;
#87 = DIRECTION ( 'NONE',  ( 0.000000000000000000, -1.000000000000000000, -6.975033976323413699E-15 ) ) ;
#88 = VERTEX_POINT ( 'NONE', #1541 ) ;
#89 = CARTESIAN_POINT ( 'NONE',  ( 31.60991487455629922, -9.832289439411965759, 0.7499999999999127365 ) ) ;
#90 = LINE ( 'NONE', #2976, #1903 ) ;
#91 = CC_DESIGN_DATE_AND_TIME_ASSIGNMENT ( #2635, #928, ( #3273 ) ) ;
#92 = CARTESIAN_POINT ( 'NONE',  ( -13.49999999999999822, 15.50000000000000355, -0.7500000000000000000 ) ) ;
#93 = APPROVAL_STATUS ( 'not_yet_approved' ) ;
#94 = CARTESIAN_POINT ( 'NONE',  ( -25.96410161513740178, 36.97114317029996755, 0.7500000000000279776 ) ) ;
#95 = VERTEX_POINT ( 'NONE', #728 ) ;
#96 = EDGE_CURVE ( 'NONE', #2511, #3336, #3530, .T. ) ;
#97 = DIRECTION ( 'NONE',  ( 0.000000000000000000, 1.000000000000000000, 6.982962677686266711E-15 ) ) ;
#98 = VERTEX_POINT ( 'NONE', #1924 ) ;
#99 = CARTESIAN_POINT ( 'NONE',  ( 5.000000000000000000, 14.50000000000000533, -0.7500000000005071499 ) ) ;
#100 = ORIENTED_EDGE ( 'NONE', *, *, #870, .T. ) ;
#101 = DIRECTION ( 'NONE',  ( -0.8660254037844370423, 0.5000000000000027756, -7.011174048739595077E-15 ) ) ;
#102 = ORIENTED_EDGE ( 'NONE', *, *, #1579, .T. ) ;
#103 = FACE_OUTER_BOUND ( 'NONE', #1435, .T. ) ;
#104 = DIRECTION ( 'NONE',  ( 0.000000000000000000, 1.000000000000000000, 6.982962677686266711E-15 ) ) ;
#105 = DIRECTION ( 'NONE',  ( -0.000000000000000000, -6.982962677686266711E-15, 1.000000000000000000 ) ) ;
#106 = PERSON_AND_ORGANIZATION ( #1751, #1796 ) ;
#107 = FACE_BOUND ( 'NONE', #2485, .T. ) ;
#108 = ORIENTED_EDGE ( 'NONE', *, *, #2796, .F. ) ;
#109 = CARTESIAN_POINT ( 'NONE',  ( 44.99999999999998579, -10.29013772833546447, 0.7499999999999281686 ) ) ;
#110 = DIRECTION ( 'NONE',  ( -0.000000000000000000, -6.982962677686266711E-15, 1.000000000000000000 ) ) ;
#111 = DIRECTION ( 'NONE',  ( 0.000000000000000000, 0.000000000000000000, 1.000000000000000000 ) ) ;
#112 = ORIENTED_EDGE ( 'NONE', *, *, #3599, .F. ) ;
#113 = EDGE_CURVE ( 'NONE', #2947, #133, #2789, .T. ) ;
#114 = CIRCLE ( 'NONE', #2191, 2.999999999999999112 ) ;
#115 = DIRECTION ( 'NONE',  ( 0.000000000000000000, 0.000000000000000000, 1.000000000000000000 ) ) ;
#116 = CIRCLE ( 'NONE', #2625, 2.999999999999999112 ) ;
#117 = EDGE_LOOP ( 'NONE', ( #1251, #3060, #2509, #3586 ) ) ;
#118 = CIRCLE ( 'NONE', #364, 1.500000000000001332 ) ;
#119 = LINE ( 'NONE', #885, #2187 ) ;
#120 = ORIENTED_EDGE ( 'NONE', *, *, #2071, .T. ) ;
#121 = EDGE_CURVE ( 'NONE', #322, #1372, #1548, .T. ) ;
#122 = CARTESIAN_POINT ( 'NONE',  ( 3.464101615137768153, 1.999999999999964473, 0.7499999999999720224 ) ) ;
#123 = DIRECTION ( 'NONE',  ( 0.000000000000000000, -1.000000000000000000, -6.975033976323413699E-15 ) ) ;
#124 = CIRCLE ( 'NONE', #3262, 1.149999999999998135 ) ;
#125 = ADVANCED_FACE ( 'NONE', ( #3234 ), #131, .F. ) ;
#126 = PERSON_AND_ORGANIZATION ( #1751, #1796 ) ;
#127 = FACE_BOUND ( 'NONE', #149, .T. ) ;
#128 = ORIENTED_EDGE ( 'NONE', *, *, #2309, .F. ) ;
#129 = CIRCLE ( 'NONE', #2093, 1.500000000000001332 ) ;
#130 = CARTESIAN_POINT ( 'NONE',  ( -16.49999999999999645, -15.49999999999999822, -0.7500000000001082467 ) ) ;
#131 = CYLINDRICAL_SURFACE ( 'NONE', #430, 1.500000000000001332 ) ;
#132 = DIRECTION ( 'NONE',  ( 0.000000000000000000, -6.982962677686266711E-15, 1.000000000000000000 ) ) ;
#133 = VERTEX_POINT ( 'NONE', #147 ) ;
#134 = AXIS2_PLACEMENT_3D ( 'NONE', #2172, #1286, #481 ) ;
#135 = LINE ( 'NONE', #3487, #2857 ) ;
#136 = ORIENTED_EDGE ( 'NONE', *, *, #839, .F. ) ;
#137 = AXIS2_PLACEMENT_3D ( 'NONE', #2913, #2363, #1803 ) ;
#138 = LINE ( 'NONE', #816, #1120 ) ;
#139 = EDGE_LOOP ( 'NONE', ( #3597, #1738, #628, #630, #1825, #2777, #3121, #204 ) ) ;
#140 = DIRECTION ( 'NONE',  ( -0.000000000000000000, 0.000000000000000000, 1.000000000000000000 ) ) ;
#141 = EDGE_CURVE ( 'NONE', #2375, #2276, #3620, .T. ) ;
#142 = ADVANCED_FACE ( 'NONE', ( #1002 ), #2141, .F. ) ;
#143 = DIRECTION ( 'NONE',  ( 0.000000000000000000, 0.000000000000000000, -1.000000000000000000 ) ) ;
#144 = DIRECTION ( 'NONE',  ( 0.000000000000000000, -6.982962677686266711E-15, 1.000000000000000000 ) ) ;
#145 = ORIENTED_EDGE ( 'NONE', *, *, #1224, .F. ) ;
#146 = CARTESIAN_POINT ( 'NONE',  ( 14.00000000000000178, -22.16999999999999460, -0.7500000000000000000 ) ) ;
#147 = CARTESIAN_POINT ( 'NONE',  ( 38.87220946160392998, 19.61111310662574070, -0.7499999999998631095 ) ) ;
#148 = DIRECTION ( 'NONE',  ( 1.000000000000000000, -0.000000000000000000, 0.000000000000000000 ) ) ;
#149 = EDGE_LOOP ( 'NONE', ( #2638, #3003, #724, #3145, #2956, #1105 ) ) ;
#150 = EDGE_CURVE ( 'NONE', #3342, #1698, #693, .T. ) ;
#151 = FACE_OUTER_BOUND ( 'NONE', #2689, .T. ) ;
#152 = ORIENTED_EDGE ( 'NONE', *, *, #2958, .F. ) ;
#153 = VERTEX_POINT ( 'NONE', #1821 ) ;
#154 = EDGE_CURVE ( 'NONE', #2740, #2823, #1066, .T. ) ;
#155 = DIRECTION ( 'NONE',  ( 0.000000000000000000, 6.982962677686266711E-15, -1.000000000000000000 ) ) ;
#156 = DIRECTION ( 'NONE',  ( 1.000000000000000000, 0.000000000000000000, 0.000000000000000000 ) ) ;
#157 = EDGE_CURVE ( 'NONE', #3456, #2799, #1789, .T. ) ;
#158 = FACE_OUTER_BOUND ( 'NONE', #1172, .T. ) ;
#159 = ORIENTED_EDGE ( 'NONE', *, *, #839, .T. ) ;
#160 = EDGE_CURVE ( 'NONE', #759, #1958, #1721, .T. ) ;
#161 = LINE ( 'NONE', #211, #2651 ) ;
#162 = CYLINDRICAL_SURFACE ( 'NONE', #721, 1.149999999999998135 ) ;
#163 = CARTESIAN_POINT ( 'NONE',  ( 44.99999999999998579, 4.000000000000000000, 0.4500000000000279887 ) ) ;
#164 = ORIENTED_EDGE ( 'NONE', *, *, #988, .F. ) ;
#165 = LINE ( 'NONE', #1932, #1117 ) ;
#166 = VECTOR ( 'NONE', #3568, 1000.000000000000114 ) ;
#167 = ORIENTED_EDGE ( 'NONE', *, *, #2829, .F. ) ;
#168 = AXIS2_PLACEMENT_3D ( 'NONE', #698, #716, #2423 ) ;
#169 = ORIENTED_EDGE ( 'NONE', *, *, #381, .F. ) ;
#170 = AXIS2_PLACEMENT_3D ( 'NONE', #75, #638, #2372 ) ;
#171 = CARTESIAN_POINT ( 'NONE',  ( 5.000000000000003553, 3.500000000000009326, 0.7500000000000244249 ) ) ;
#172 = ADVANCED_FACE ( 'NONE', ( #3666 ), #830, .F. ) ;
#173 = CARTESIAN_POINT ( 'NONE',  ( 38.85000000000000142, 1.150000000000005240, 0.4500000000000080602 ) ) ;
#174 = CIRCLE ( 'NONE', #1009, 5.000000000000000000 ) ;
#175 = LINE ( 'NONE', #2445, #1897 ) ;
#176 = ORIENTED_EDGE ( 'NONE', *, *, #2923, .F. ) ;
#177 = AXIS2_PLACEMENT_3D ( 'NONE', #985, #3267, #3248 ) ;
#178 = VECTOR ( 'NONE', #3395, 1000.000000000000000 ) ;
#179 = DIRECTION ( 'NONE',  ( 0.000000000000000000, -1.000000000000000000, -6.975033976323415277E-15 ) ) ;
#180 = LINE ( 'NONE', #2468, #896 ) ;
#181 = VERTEX_POINT ( 'NONE', #3436 ) ;
#182 = AXIS2_PLACEMENT_3D ( 'NONE', #549, #222, #3626 ) ;
#183 = DIRECTION ( 'NONE',  ( -0.000000000000000000, -0.000000000000000000, 1.000000000000000000 ) ) ;
#184 = ORIENTED_EDGE ( 'NONE', *, *, #2342, .T. ) ;
#185 = CARTESIAN_POINT ( 'NONE',  ( -4.000000000000000000, -31.75000000000001421, 0.7499999999997782885 ) ) ;
#186 = AXIS2_PLACEMENT_3D ( 'NONE', #560, #579, #273 ) ;
#187 = ORIENTED_EDGE ( 'NONE', *, *, #2730, .T. ) ;
#188 = CIRCLE ( 'NONE', #254, 1.500000000000001332 ) ;
#189 = DIRECTION ( 'NONE',  ( 1.000000000000000000, 0.000000000000000000, 0.000000000000000000 ) ) ;
#190 = DIRECTION ( 'NONE',  ( 0.000000000000000000, 0.000000000000000000, -1.000000000000000000 ) ) ;
#191 = CARTESIAN_POINT ( 'NONE',  ( -0.9959292143521142338, -0.5749999999999934053, 0.4500000000000080602 ) ) ;
#192 = DIRECTION ( 'NONE',  ( -0.000000000000000000, 0.000000000000000000, 1.000000000000000000 ) ) ;
#193 = ORIENTED_EDGE ( 'NONE', *, *, #394, .T. ) ;
#194 = ORIENTED_EDGE ( 'NONE', *, *, #2235, .T. ) ;
#195 = EDGE_CURVE ( 'NONE', #1958, #2572, #1743, .T. ) ;
#196 = LINE ( 'NONE', #3009, #3629 ) ;
#197 = DIRECTION ( 'NONE',  ( -1.000000000000000000, 0.000000000000000000, -6.033820786006295184E-15 ) ) ;
#198 = LINE ( 'NONE', #2031, #1300 ) ;
#199 = ORIENTED_EDGE ( 'NONE', *, *, #2807, .T. ) ;
#200 = EDGE_CURVE ( 'NONE', #22, #2488, #2870, .T. ) ;
#201 = FACE_OUTER_BOUND ( 'NONE', #3329, .T. ) ;
#202 = ORIENTED_EDGE ( 'NONE', *, *, #740, .T. ) ;
#203 = CARTESIAN_POINT ( 'NONE',  ( 18.36197149921865446, -19.94746451117870123, -0.7500000000000000000 ) ) ;
#204 = ORIENTED_EDGE ( 'NONE', *, *, #3393, .T. ) ;
#205 = EDGE_CURVE ( 'NONE', #2375, #1688, #2533, .T. ) ;
#206 = LINE ( 'NONE', #171, #1498 ) ;
#207 = DIRECTION ( 'NONE',  ( -1.000000000000000000, 0.000000000000000000, 0.000000000000000000 ) ) ;
#208 = LINE ( 'NONE', #1349, #2207 ) ;
#209 = DIRECTION ( 'NONE',  ( 0.000000000000000000, -1.000000000000000000, -6.976605283819768280E-15 ) ) ;
#210 = EDGE_LOOP ( 'NONE', ( #907, #358, #1972, #2937 ) ) ;
#211 = CARTESIAN_POINT ( 'NONE',  ( -5.000000000000000000, 12.25000000000000000, 0.7500000000000855982 ) ) ;
#212 = CARTESIAN_POINT ( 'NONE',  ( 29.99999999999998934, -2.499999999999998224, 0.4499999999999825806 ) ) ;
#213 = EDGE_CURVE ( 'NONE', #1150, #1648, #2869, .T. ) ;
#214 = LINE ( 'NONE', #800, #825 ) ;
#215 = ORIENTED_EDGE ( 'NONE', *, *, #3147, .F. ) ;
#216 = CARTESIAN_POINT ( 'NONE',  ( -12.83493649053902530, -27.23076211353309617, 0.7500000000000174305 ) ) ;
#217 = ORIENTED_EDGE ( 'NONE', *, *, #351, .F. ) ;
#218 = CARTESIAN_POINT ( 'NONE',  ( 44.99999999999998579, 10.28248894235993127, -0.7499999999999282796 ) ) ;
#219 = EDGE_CURVE ( 'NONE', #1057, #62, #531, .T. ) ;
#220 = ORIENTED_EDGE ( 'NONE', *, *, #1813, .T. ) ;
#221 = AXIS2_PLACEMENT_3D ( 'NONE', #2434, #2092, #388 ) ;
#222 = DIRECTION ( 'NONE',  ( -0.000000000000000000, -6.982962677686266711E-15, 1.000000000000000000 ) ) ;
#223 = VERTEX_POINT ( 'NONE', #1685 ) ;
#224 = EDGE_CURVE ( 'NONE', #31, #2863, #1259, .T. ) ;
#225 = FACE_OUTER_BOUND ( 'NONE', #282, .T. ) ;
#226 = AXIS2_PLACEMENT_3D ( 'NONE', #3445, #3141, #898 ) ;
#227 = CARTESIAN_POINT ( 'NONE',  ( -22.50000000000018119, -38.97114317029962649, 0.4500000000000000666 ) ) ;
#228 = CARTESIAN_POINT ( 'NONE',  ( 36.99999999999998579, -6.789454371962289514, -0.7500000000000474065 ) ) ;
#229 = AXIS2_PLACEMENT_3D ( 'NONE', #650, #3508, #3526 ) ;
#230 = PLANE ( 'NONE',  #300 ) ;
#231 = VECTOR ( 'NONE', #3638, 1000.000000000000000 ) ;
#232 = ORIENTED_EDGE ( 'NONE', *, *, #1779, .T. ) ;
#233 = ORIENTED_EDGE ( 'NONE', *, *, #2975, .F. ) ;
#234 = AXIS2_PLACEMENT_3D ( 'NONE', #3245, #144, #1833 ) ;
#235 = DIRECTION ( 'NONE',  ( 1.000000000000000000, -0.000000000000000000, 0.000000000000000000 ) ) ;
#236 = FACE_OUTER_BOUND ( 'NONE', #1395, .T. ) ;
#237 = CARTESIAN_POINT ( 'NONE',  ( 11.04795907958597923, 31.65161701291976115, 0.7500000000002210454 ) ) ;
#238 = EDGE_LOOP ( 'NONE', ( #2472, #3029 ) ) ;
#239 = ADVANCED_FACE ( 'NONE', ( #1086 ), #1405, .F. ) ;
#240 = DIRECTION ( 'NONE',  ( -1.000000000000000000, 0.000000000000000000, 0.000000000000000000 ) ) ;
#241 = EDGE_LOOP ( 'NONE', ( #1515, #705 ) ) ;
#242 = DIRECTION ( 'NONE',  ( 1.000000000000000000, -2.926568495954124030E-16, -2.043611858094008055E-30 ) ) ;
#243 = ORIENTED_EDGE ( 'NONE', *, *, #1262, .F. ) ;
#244 = CIRCLE ( 'NONE', #2934, 1.500000000000003553 ) ;
#245 = FACE_OUTER_BOUND ( 'NONE', #1530, .T. ) ;
#246 = ORIENTED_EDGE ( 'NONE', *, *, #1224, .T. ) ;
#247 = CIRCLE ( 'NONE', #186, 1.149999999999998135 ) ;
#248 = CARTESIAN_POINT ( 'NONE',  ( -23.00000000000000355, -15.49999999999999645, 0.7499999999998918643 ) ) ;
#249 = LOCAL_TIME ( 12, 45, 1.000000000000000000, #1190 ) ;
#250 = EDGE_CURVE ( 'NONE', #1046, #847, #2570, .T. ) ;
#251 = CARTESIAN_POINT ( 'NONE',  ( 27.29951150590041564, -1.360408930085525103, 0.7510000000003037579 ) ) ;
#252 = CARTESIAN_POINT ( 'NONE',  ( -16.28193760082773878, 42.56217782649107306, -0.7499999999997027933 ) ) ;
#253 = DIRECTION ( 'NONE',  ( 0.000000000000000000, -6.982962677686266711E-15, 1.000000000000000000 ) ) ;
#254 = AXIS2_PLACEMENT_3D ( 'NONE', #1731, #2541, #879 ) ;
#255 = VERTEX_POINT ( 'NONE', #252 ) ;
#256 = ORIENTED_EDGE ( 'NONE', *, *, #3178, .F. ) ;
#257 = LINE ( 'NONE', #2578, #2022 ) ;
#258 = CARTESIAN_POINT ( 'NONE',  ( -17.91506350946084680, 26.02980021920997089, 0.7500000000000174305 ) ) ;
#259 = ORIENTED_EDGE ( 'NONE', *, *, #1092, .T. ) ;
#260 = DIRECTION ( 'NONE',  ( 0.000000000000000000, -1.000000000000000000, -6.987080667128821429E-15 ) ) ;
#261 = ORIENTED_EDGE ( 'NONE', *, *, #1262, .T. ) ;
#262 = DIRECTION ( 'NONE',  ( 0.000000000000000000, -1.000000000000000000, -6.982261990806648555E-15 ) ) ;
#263 = ORIENTED_EDGE ( 'NONE', *, *, #2361, .F. ) ;
#264 = CARTESIAN_POINT ( 'NONE',  ( 4.000000000000000000, -33.99999999999999289, -0.7500000000008458789 ) ) ;
#265 = ORIENTED_EDGE ( 'NONE', *, *, #2348, .F. ) ;
#266 = DIRECTION ( 'NONE',  ( 0.000000000000000000, 0.000000000000000000, 1.000000000000000000 ) ) ;
#267 = DIRECTION ( 'NONE',  ( -0.5000000000000038858, -0.8660254037844362651, 0.000000000000000000 ) ) ;
#268 = DIRECTION ( 'NONE',  ( 0.000000000000000000, -1.000000000000000000, -6.987080667128821429E-15 ) ) ;
#269 = LINE ( 'NONE', #594, #1593 ) ;
#270 = ADVANCED_FACE ( 'NONE', ( #1940 ), #3350, .F. ) ;
#271 = ADVANCED_FACE ( 'NONE', ( #2274 ), #2249, .T. ) ;
#272 = ORIENTED_EDGE ( 'NONE', *, *, #327, .F. ) ;
#273 = DIRECTION ( 'NONE',  ( -1.000000000000000000, 0.000000000000000000, -6.033820786006295184E-15 ) ) ;
#274 = CARTESIAN_POINT ( 'NONE',  ( -4.000000000000000000, -34.00000000000000711, 0.7499999999997625233 ) ) ;
#275 = CARTESIAN_POINT ( 'NONE',  ( 9.052418052154427741, -43.50000000000000000, -0.7500000000003037570 ) ) ;
#276 = VERTEX_POINT ( 'NONE', #1701 ) ;
#277 = DIRECTION ( 'NONE',  ( 0.000000000000000000, 0.000000000000000000, 1.000000000000000000 ) ) ;
#278 = ORIENTED_EDGE ( 'NONE', *, *, #3188, .T. ) ;
#279 = FACE_OUTER_BOUND ( 'NONE', #2674, .T. ) ;
#280 = EDGE_LOOP ( 'NONE', ( #1082, #2914 ) ) ;
#281 = CARTESIAN_POINT ( 'NONE',  ( 14.00000000000000178, -22.16999999999999460, 0.7499999999998452349 ) ) ;
#282 = EDGE_LOOP ( 'NONE', ( #2921, #3513, #1025, #2459 ) ) ;
#283 = CARTESIAN_POINT ( 'NONE',  ( 5.000000000000000000, 12.25000000000000000, 0.7500000000000855982 ) ) ;
#284 = VECTOR ( 'NONE', #635, 1000.000000000000000 ) ;
#285 = PLANE ( 'NONE',  #2513 ) ;
#286 = CARTESIAN_POINT ( 'NONE',  ( 4.000000000000000000, -34.00000000000000711, 0.7499999999997625233 ) ) ;
#287 = VECTOR ( 'NONE', #32, 1000.000000000000000 ) ;
#288 = DIRECTION ( 'NONE',  ( -0.000000000000000000, -6.982962677686266711E-15, 1.000000000000000000 ) ) ;
#289 = ORIENTED_EDGE ( 'NONE', *, *, #1600, .F. ) ;
#290 = CIRCLE ( 'NONE', #2918, 1.500000000000000666 ) ;
#291 = VECTOR ( 'NONE', #372, 1000.000000000000114 ) ;
#292 = DIRECTION ( 'NONE',  ( 0.000000000000000000, 1.000000000000000000, 6.982962677686266711E-15 ) ) ;
#293 = DIRECTION ( 'NONE',  ( -0.4999999999999919509, 0.8660254037844432595, 0.000000000000000000 ) ) ;
#294 = VERTEX_POINT ( 'NONE', #2849 ) ;
#295 = VECTOR ( 'NONE', #2797, 1000.000000000000000 ) ;
#296 = EDGE_CURVE ( 'NONE', #22, #2740, #367, .T. ) ;
#297 = DIRECTION ( 'NONE',  ( 1.000000000000000000, 9.912705577010326536E-16, 0.000000000000000000 ) ) ;
#298 = ORIENTED_EDGE ( 'NONE', *, *, #1064, .F. ) ;
#299 = LINE ( 'NONE', #47, #2749 ) ;
#300 = AXIS2_PLACEMENT_3D ( 'NONE', #1018, #3540, #796 ) ;
#301 = VERTEX_POINT ( 'NONE', #2294 ) ;
#302 = EDGE_CURVE ( 'NONE', #3627, #3503, #1967, .T. ) ;
#303 = DIRECTION ( 'NONE',  ( -0.000000000000000000, -6.982962677686266711E-15, 1.000000000000000000 ) ) ;
#304 = ORIENTED_EDGE ( 'NONE', *, *, #555, .F. ) ;
#305 = DIRECTION ( 'NONE',  ( 0.8910065241883659004, -0.4539904997395505792, 0.000000000000000000 ) ) ;
#306 = VECTOR ( 'NONE', #2461, 1000.000000000000000 ) ;
#307 = DIRECTION ( 'NONE',  ( 0.8660254037844434816, 0.4999999999999915623, -6.975033976323416855E-15 ) ) ;
#308 = CIRCLE ( 'NONE', #1849, 5.000000000000000000 ) ;
#309 = DIRECTION ( 'NONE',  ( 0.000000000000000000, 1.000000000000000000, 6.982962677686266711E-15 ) ) ;
#310 = CARTESIAN_POINT ( 'NONE',  ( 14.00000000000000178, 22.17000000000000881, 0.7500000000001548761 ) ) ;
#311 = VERTEX_POINT ( 'NONE', #1165 ) ;
#312 = CC_DESIGN_APPROVAL ( #362, ( #2582 ) ) ;
#313 = ORIENTED_EDGE ( 'NONE', *, *, #2158, .F. ) ;
#314 = AXIS2_PLACEMENT_3D ( 'NONE', #45, #319, #1396 ) ;
#315 = CYLINDRICAL_SURFACE ( 'NONE', #2630, 2.999999999999999112 ) ;
#316 = DIRECTION ( 'NONE',  ( -0.000000000000000000, 0.000000000000000000, 1.000000000000000000 ) ) ;
#317 = ORIENTED_EDGE ( 'NONE', *, *, #701, .T. ) ;
#318 = CIRCLE ( 'NONE', #1084, 3.000000000000000888 ) ;
#319 = DIRECTION ( 'NONE',  ( -0.000000000000000000, 6.983283950242307528E-15, -1.000000000000000000 ) ) ;
#320 = ORIENTED_EDGE ( 'NONE', *, *, #1001, .T. ) ;
#321 = CARTESIAN_POINT ( 'NONE',  ( -29.50000000000000355, -34.93072594216368287, -0.7500000000002439160 ) ) ;
#322 = VERTEX_POINT ( 'NONE', #2311 ) ;
#323 = ADVANCED_FACE ( 'NONE', ( #889 ), #2024, .F. ) ;
#324 = DIRECTION ( 'NONE',  ( -1.000000000000000000, 0.000000000000000000, 0.000000000000000000 ) ) ;
#325 = VERTEX_POINT ( 'NONE', #2457 ) ;
#326 = DIRECTION ( 'NONE',  ( -0.000000000000000000, -6.982962677686266711E-15, 1.000000000000000000 ) ) ;
#327 = EDGE_CURVE ( 'NONE', #1643, #322, #804, .T. ) ;
#328 = DIRECTION ( 'NONE',  ( -0.4999999999999919509, 0.8660254037844432595, -0.000000000000000000 ) ) ;
#329 = CARTESIAN_POINT ( 'NONE',  ( -4.000000000000000000, -35.50000000000001421, 0.7499999999997520872 ) ) ;
#330 = FACE_OUTER_BOUND ( 'NONE', #1906, .T. ) ;
#331 = ORIENTED_EDGE ( 'NONE', *, *, #1462, .F. ) ;
#332 = ORIENTED_EDGE ( 'NONE', *, *, #3647, .F. ) ;
#333 = CALENDAR_DATE ( 2025, 21, 1 ) ;
#334 = DIRECTION ( 'NONE',  ( 0.8660254037844363761, -0.5000000000000041078, 0.000000000000000000 ) ) ;
#335 = CARTESIAN_POINT ( 'NONE',  ( 36.01577397041587147, 21.57358993794218094, -0.7499999999998494538 ) ) ;
#336 = VERTEX_POINT ( 'NONE', #203 ) ;
#337 = CARTESIAN_POINT ( 'NONE',  ( -5.000000000000000000, -22.99999999999999289, -0.7500000000001606493 ) ) ;
#338 = EDGE_CURVE ( 'NONE', #3345, #1095, #3343, .T. ) ;
#339 = ORIENTED_EDGE ( 'NONE', *, *, #1369, .F. ) ;
#340 = LINE ( 'NONE', #1475, #3216 ) ;
#341 = ORIENTED_EDGE ( 'NONE', *, *, #916, .T. ) ;
#342 = CARTESIAN_POINT ( 'NONE',  ( 29.97332667208964807, 6.071532165918824830E-15, 0.7500000000000000000 ) ) ;
#343 = EDGE_CURVE ( 'NONE', #2360, #682, #1596, .T. ) ;
#344 = VERTEX_POINT ( 'NONE', #218 ) ;
#345 = DIRECTION ( 'NONE',  ( 0.4999999999999918399, -0.8660254037844433705, 8.973382672516580840E-31 ) ) ;
#346 = DIRECTION ( 'NONE',  ( 1.000000000000000000, -1.734723475976806848E-16, -1.211350928885223303E-30 ) ) ;
#347 = ADVANCED_FACE ( 'NONE', ( #1893 ), #3068, .F. ) ;
#348 = CARTESIAN_POINT ( 'NONE',  ( -5.000000000000000000, 15.99999999999999645, 0.4500000000001100897 ) ) ;
#349 = AXIS2_PLACEMENT_3D ( 'NONE', #2810, #3628, #2847 ) ;
#350 = AXIS2_PLACEMENT_3D ( 'NONE', #954, #2645, #1275 ) ;
#351 = EDGE_CURVE ( 'NONE', #3627, #322, #2508, .T. ) ;
#352 = CALENDAR_DATE ( 2025, 21, 1 ) ;
#353 = VECTOR ( 'NONE', #1749, 999.9999999999998863 ) ;
#354 = FACE_OUTER_BOUND ( 'NONE', #2110, .T. ) ;
#355 = ORIENTED_EDGE ( 'NONE', *, *, #3041, .F. ) ;
#356 = CIRCLE ( 'NONE', #1, 5.000000000000000888 ) ;
#357 = CARTESIAN_POINT ( 'NONE',  ( -4.000000000000000000, -36.25000000000000711, 0.7499999999997468692 ) ) ;
#358 = ORIENTED_EDGE ( 'NONE', *, *, #141, .F. ) ;
#359 = CARTESIAN_POINT ( 'NONE',  ( -17.16506350946086101, 24.73076211353330933, 0.4500000000000174971 ) ) ;
#360 = ORIENTED_EDGE ( 'NONE', *, *, #1364, .F. ) ;
#361 = VECTOR ( 'NONE', #1991, 1000.000000000000000 ) ;
#362 = APPROVAL ( #1765, 'UNSPECIFIED' ) ;
#363 = CYLINDRICAL_SURFACE ( 'NONE', #3143, 8.000000000000000000 ) ;
#364 = AXIS2_PLACEMENT_3D ( 'NONE', #539, #3105, #24 ) ;
#365 = ORIENTED_EDGE ( 'NONE', *, *, #2288, .T. ) ;
#366 = DIRECTION ( 'NONE',  ( 0.000000000000000000, 0.000000000000000000, -1.000000000000000000 ) ) ;
#367 = CIRCLE ( 'NONE', #74, 1.500000000000001332 ) ;
#368 = ADVANCED_FACE ( 'NONE', ( #786 ), #3585, .F. ) ;
#369 = AXIS2_PLACEMENT_3D ( 'NONE', #2273, #591, #871 ) ;
#370 = CARTESIAN_POINT ( 'NONE',  ( -20.57499999999967599, 35.63694536572984362, 0.4500000000000000666 ) ) ;
#371 = VECTOR ( 'NONE', #3643, 1000.000000000000000 ) ;
#372 = DIRECTION ( 'NONE',  ( 0.7345235379616992244, 0.6785832094741427456, 4.738521225462499790E-15 ) ) ;
#373 = VECTOR ( 'NONE', #2608, 1000.000000000000000 ) ;
#374 = EDGE_CURVE ( 'NONE', #2551, #311, #3623, .T. ) ;
#375 = EDGE_CURVE ( 'NONE', #1755, #2528, #1675, .T. ) ;
#376 = AXIS2_PLACEMENT_3D ( 'NONE', #3146, #608, #1733 ) ;
#377 = PERSON_AND_ORGANIZATION_ROLE ( 'design_supplier' ) ;
#378 = FACE_BOUND ( 'NONE', #2872, .T. ) ;
#379 = AXIS2_PLACEMENT_3D ( 'NONE', #1726, #1151, #1169 ) ;
#380 = VERTEX_POINT ( 'NONE', #3052 ) ;
#381 = EDGE_CURVE ( 'NONE', #918, #1694, #3392, .T. ) ;
#382 = VECTOR ( 'NONE', #2471, 1000.000000000000000 ) ;
#383 = CARTESIAN_POINT ( 'NONE',  ( -5.000000000000000000, 14.49999999999999467, 0.7500000000001012523 ) ) ;
#384 = CARTESIAN_POINT ( 'NONE',  ( -4.000000000000000000, -35.50000000000000000, -0.7500000000008564260 ) ) ;
#385 = CARTESIAN_POINT ( 'NONE',  ( -19.21410161513751547, 25.27980021920998510, 0.4500000000000279887 ) ) ;
#386 = AXIS2_PLACEMENT_3D ( 'NONE', #2417, #2640, #3483 ) ;
#387 = ORIENTED_EDGE ( 'NONE', *, *, #3178, .T. ) ;
#388 = DIRECTION ( 'NONE',  ( -0.5000000000000014433, -0.8660254037844377084, 0.000000000000000000 ) ) ;
#389 = ORIENTED_EDGE ( 'NONE', *, *, #420, .F. ) ;
#390 = LINE ( 'NONE', #1236, #2439 ) ;
#391 = LINE ( 'NONE', #3525, #3327 ) ;
#392 = EDGE_CURVE ( 'NONE', #311, #1143, #504, .T. ) ;
#393 = PLANE ( 'NONE',  #229 ) ;
#394 = EDGE_CURVE ( 'NONE', #759, #2768, #1077, .T. ) ;
#395 = CARTESIAN_POINT ( 'NONE',  ( -16.49999999999999645, 15.50000000000000355, 0.7500000000001082467 ) ) ;
#396 = VERTEX_POINT ( 'NONE', #2744 ) ;
#397 = LINE ( 'NONE', #109, #2824 ) ;
#398 = EDGE_CURVE ( 'NONE', #1692, #3340, #820, .T. ) ;
#399 = EDGE_CURVE ( 'NONE', #748, #2277, #909, .T. ) ;
#400 = CARTESIAN_POINT ( 'NONE',  ( -25.96410161513792403, -36.97114317029961228, 0.7499999999999720224 ) ) ;
#401 = DIRECTION ( 'NONE',  ( -0.000000000000000000, 6.982962677686266711E-15, -1.000000000000000000 ) ) ;
#402 = VERTEX_POINT ( 'NONE', #1096 ) ;
#403 = DIRECTION ( 'NONE',  ( 0.000000000000000000, -1.000000000000000000, -6.987080667128815906E-15 ) ) ;
#404 = ORIENTED_EDGE ( 'NONE', *, *, #528, .F. ) ;
#405 = DIRECTION ( 'NONE',  ( 0.000000000000000000, 6.982962677686266711E-15, -1.000000000000000000 ) ) ;
#406 = VERTEX_POINT ( 'NONE', #1633 ) ;
#407 = CARTESIAN_POINT ( 'NONE',  ( -19.57907078564806724, -36.21194536572957645, -0.7500000000002529088 ) ) ;
#408 = DIRECTION ( 'NONE',  ( 0.000000000000000000, -1.000000000000000000, -6.982261990806646977E-15 ) ) ;
#409 = SECURITY_CLASSIFICATION_LEVEL ( 'unclassified' ) ;
#410 = FACE_BOUND ( 'NONE', #1999, .T. ) ;
#411 = ORIENTED_EDGE ( 'NONE', *, *, #160, .F. ) ;
#412 = AXIS2_PLACEMENT_3D ( 'NONE', #1119, #1142, #906 ) ;
#413 = VECTOR ( 'NONE', #2677, 1000.000000000000000 ) ;
#414 = DIRECTION ( 'NONE',  ( 0.000000000000000000, -1.000000000000000000, -6.987080667128821429E-15 ) ) ;
#415 = CARTESIAN_POINT ( 'NONE',  ( -26.00000000000000355, -28.86854811567260981, -0.7500000000002016165 ) ) ;
#416 = CARTESIAN_POINT ( 'NONE',  ( 29.97332667208964807, 6.071532165918824830E-15, -0.7500000000000000000 ) ) ;
#417 = VECTOR ( 'NONE', #2988, 1000.000000000000000 ) ;
#418 = ORIENTED_EDGE ( 'NONE', *, *, #1001, .F. ) ;
#419 = VECTOR ( 'NONE', #2010, 1000.000000000000114 ) ;
#420 = EDGE_CURVE ( 'NONE', #98, #765, #2097, .T. ) ;
#421 = LINE ( 'NONE', #2953, #1299 ) ;
#422 = VECTOR ( 'NONE', #2754, 1000.000000000000000 ) ;
#423 = ORIENTED_EDGE ( 'NONE', *, *, #2362, .T. ) ;
#424 = VECTOR ( 'NONE', #42, 1000.000000000000000 ) ;
#425 = DIRECTION ( 'NONE',  ( 0.4534696433618433664, -0.8912717220630769210, 0.000000000000000000 ) ) ;
#426 = EDGE_LOOP ( 'NONE', ( #1268, #955, #1809, #2225 ) ) ;
#427 = AXIS2_PLACEMENT_3D ( 'NONE', #1226, #2945, #3467 ) ;
#428 = DIRECTION ( 'NONE',  ( 0.000000000000000000, 0.000000000000000000, 1.000000000000000000 ) ) ;
#429 = DIRECTION ( 'NONE',  ( 0.000000000000000000, -0.000000000000000000, -1.000000000000000000 ) ) ;
#430 = AXIS2_PLACEMENT_3D ( 'NONE', #1271, #110, #2708 ) ;
#431 = PLANE ( 'NONE',  #427 ) ;
#432 = VERTEX_POINT ( 'NONE', #2527 ) ;
#433 = VECTOR ( 'NONE', #1231, 1000.000000000000000 ) ;
#434 = CARTESIAN_POINT ( 'NONE',  ( 36.99999999999998579, -6.789454371962289514, -0.7500000000000474065 ) ) ;
#435 = CARTESIAN_POINT ( 'NONE',  ( -20.57499999999967599, 35.63694536572984362, -0.7500000000000000000 ) ) ;
#436 = DIRECTION ( 'NONE',  ( -0.000000000000000000, 6.982962677686266711E-15, -1.000000000000000000 ) ) ;
#437 = ORIENTED_EDGE ( 'NONE', *, *, #718, .T. ) ;
#438 = AXIS2_PLACEMENT_3D ( 'NONE', #3616, #1854, #1070 ) ;
#439 = CARTESIAN_POINT ( 'NONE',  ( -4.999999999999999112, 3.500000000000011102, 0.7500000000000244249 ) ) ;
#440 = ORIENTED_EDGE ( 'NONE', *, *, #195, .F. ) ;
#441 = EDGE_CURVE ( 'NONE', #3473, #2148, #1206, .T. ) ;
#442 = DIRECTION ( 'NONE',  ( -0.000000000000000000, 6.982962677686266711E-15, -1.000000000000000000 ) ) ;
#443 = EDGE_LOOP ( 'NONE', ( #567, #3463, #1864, #2246 ) ) ;
#444 = DIRECTION ( 'NONE',  ( 0.000000000000000000, 0.000000000000000000, -1.000000000000000000 ) ) ;
#445 = EDGE_CURVE ( 'NONE', #1578, #98, #2780, .T. ) ;
#446 = DIRECTION ( 'NONE',  ( -1.000000000000000000, 0.000000000000000000, 0.000000000000000000 ) ) ;
#447 = DIRECTION ( 'NONE',  ( -0.7077887089056293934, -0.7064241951870718905, -4.932933789605881521E-15 ) ) ;
#448 = EDGE_LOOP ( 'NONE', ( #3182, #559, #1935, #1099 ) ) ;
#449 = DIRECTION ( 'NONE',  ( 1.000000000000000000, -0.000000000000000000, 0.000000000000000000 ) ) ;
#450 = DIRECTION ( 'NONE',  ( 1.000000000000000000, 0.000000000000000000, 0.000000000000000000 ) ) ;
#451 = LINE ( 'NONE', #1888, #3026 ) ;
#452 = ORIENTED_EDGE ( 'NONE', *, *, #1042, .F. ) ;
#453 = DIRECTION ( 'NONE',  ( 0.000000000000000000, -1.000000000000000000, 0.000000000000000000 ) ) ;
#454 = VERTEX_POINT ( 'NONE', #1619 ) ;
#455 = VERTEX_POINT ( 'NONE', #1175 ) ;
#456 = DIRECTION ( 'NONE',  ( 1.000000000000000000, 0.000000000000000000, 0.000000000000000000 ) ) ;
#457 = CARTESIAN_POINT ( 'NONE',  ( 33.50000000000000000, 5.237222008264700033E-15, -0.7500000000000000000 ) ) ;
#458 = ADVANCED_FACE ( 'NONE', ( #2843, #279, #1976 ), #2036, .T. ) ;
#459 = FACE_OUTER_BOUND ( 'NONE', #3500, .T. ) ;
#460 = ORIENTED_EDGE ( 'NONE', *, *, #3206, .F. ) ;
#461 = ADVANCED_FACE ( 'NONE', ( #3110 ), #1114, .F. ) ;
#462 = CARTESIAN_POINT ( 'NONE',  ( 31.49999999999998579, 2.500000000000000000, 0.4500000000000174971 ) ) ;
#463 = CARTESIAN_POINT ( 'NONE',  ( -12.78193760082772279, -43.49999999999999289, -0.7500000000003037570 ) ) ;
#464 = ORIENTED_EDGE ( 'NONE', *, *, #1954, .F. ) ;
#465 = VECTOR ( 'NONE', #266, 1000.000000000000000 ) ;
#466 = CARTESIAN_POINT ( 'NONE',  ( -19.42499999999969162, 33.64508693702562425, -0.7500000000000000000 ) ) ;
#467 = AXIS2_PLACEMENT_3D ( 'NONE', #3237, #1772, #101 ) ;
#468 = ORIENTED_EDGE ( 'NONE', *, *, #2145, .F. ) ;
#469 = DIRECTION ( 'NONE',  ( 0.000000000000000000, 0.000000000000000000, -1.000000000000000000 ) ) ;
#470 = AXIS2_PLACEMENT_3D ( 'NONE', #1431, #2579, #267 ) ;
#471 = EDGE_LOOP ( 'NONE', ( #2456, #1869 ) ) ;
#472 = AXIS2_PLACEMENT_3D ( 'NONE', #2534, #3134, #2312 ) ;
#473 = CARTESIAN_POINT ( 'NONE',  ( 10.00000000000000000, -27.99999999999998934, 0.7510000000003037579 ) ) ;
#474 = DIRECTION ( 'NONE',  ( -0.5000000000000041078, -0.8660254037844363761, 0.000000000000000000 ) ) ;
#475 = AXIS2_PLACEMENT_3D ( 'NONE', #3338, #3355, #1591 ) ;
#476 = CARTESIAN_POINT ( 'NONE',  ( -18.24999999999973710, 29.01185102677884942, 0.4500000000000091149 ) ) ;
#477 = VECTOR ( 'NONE', #763, 1000.000000000000000 ) ;
#478 = VECTOR ( 'NONE', #1067, 1000.000000000000000 ) ;
#479 = ORIENTED_EDGE ( 'NONE', *, *, #1296, .F. ) ;
#480 = VECTOR ( 'NONE', #1787, 1000.000000000000000 ) ;
#481 = DIRECTION ( 'NONE',  ( 1.000000000000000000, -1.734723475976806848E-16, 0.000000000000000000 ) ) ;
#482 = DIRECTION ( 'NONE',  ( -6.047701302749968920E-15, 3.491641975121182558E-15, 1.000000000000000000 ) ) ;
#483 = ADVANCED_FACE ( 'NONE', ( #566 ), #2052, .T. ) ;
#484 = ORIENTED_EDGE ( 'NONE', *, *, #2145, .T. ) ;
#485 = CIRCLE ( 'NONE', #2083, 8.000000000000000000 ) ;
#486 = DIRECTION ( 'NONE',  ( -0.000000000000000000, 0.000000000000000000, 1.000000000000000000 ) ) ;
#487 = ORIENTED_EDGE ( 'NONE', *, *, #1336, .F. ) ;
#488 = CARTESIAN_POINT ( 'NONE',  ( -29.50000000000000355, 34.93072594216368287, -0.7499999999997560840 ) ) ;
#489 = LOCAL_TIME ( 12, 45, 1.000000000000000000, #2961 ) ;
#490 = ORIENTED_EDGE ( 'NONE', *, *, #1980, .F. ) ;
#491 = DIRECTION ( 'NONE',  ( -0.000000000000000000, -6.982962677686266711E-15, 1.000000000000000000 ) ) ;
#492 = CYLINDRICAL_SURFACE ( 'NONE', #3194, 1.499999999999999556 ) ;
#493 = CARTESIAN_POINT ( 'NONE',  ( -5.000000000000000000, -22.99999999999999289, 0.7499999999998394618 ) ) ;
#494 = CARTESIAN_POINT ( 'NONE',  ( 41.15000000000000568, 5.237222008264700033E-15, 0.7510000000003037579 ) ) ;
#495 = ORIENTED_EDGE ( 'NONE', *, *, #2975, .T. ) ;
#496 = EDGE_CURVE ( 'NONE', #1258, #1143, #3660, .T. ) ;
#497 = EDGE_CURVE ( 'NONE', #3619, #735, #2562, .T. ) ;
#498 = DIRECTION ( 'NONE',  ( -0.4534696433618433664, -0.8912717220630769210, 0.000000000000000000 ) ) ;
#499 = PLANE ( 'NONE',  #2080 ) ;
#500 = CARTESIAN_POINT ( 'NONE',  ( 31.49999999999998579, 2.500000000000000000, 0.7500000000000174305 ) ) ;
#501 = ORIENTED_EDGE ( 'NONE', *, *, #1683, .F. ) ;
#502 = DIRECTION ( 'NONE',  ( 1.000000000000000000, 4.999203100797714779E-16, 3.490924867104389822E-30 ) ) ;
#503 = VERTEX_POINT ( 'NONE', #3167 ) ;
#504 = LINE ( 'NONE', #1361, #1907 ) ;
#505 = EDGE_LOOP ( 'NONE', ( #3572, #3324, #3214, #2566 ) ) ;
#506 = CARTESIAN_POINT ( 'NONE',  ( -16.75000000000013500, -29.01185102677862560, 0.7510000000003037579 ) ) ;
#507 = EDGE_LOOP ( 'NONE', ( #1193, #320, #3360, #48, #313, #78, #3274, #3151, #2125, #1140, #3534, #1652, #2522, #625, #2902, #3663, #521, #2542, #2336, #2899 ) ) ;
#508 = LINE ( 'NONE', #3094, #3017 ) ;
#509 = CARTESIAN_POINT ( 'NONE',  ( -5.000000000000000000, 14.49999999999999467, 0.7500000000001012523 ) ) ;
#510 = DIRECTION ( 'NONE',  ( -0.4999999999999920619, 0.8660254037844432595, 0.000000000000000000 ) ) ;
#511 = FACE_OUTER_BOUND ( 'NONE', #2490, .T. ) ;
#512 = ORIENTED_EDGE ( 'NONE', *, *, #2098, .T. ) ;
#513 = ADVANCED_FACE ( 'NONE', ( #2263 ), #865, .F. ) ;
#514 = CARTESIAN_POINT ( 'NONE',  ( 5.000000000000000000, 16.00000000000000711, -0.7500000000004967138 ) ) ;
#515 = LINE ( 'NONE', #212, #3315 ) ;
#516 = LINE ( 'NONE', #237, #3501 ) ;
#517 = ORIENTED_EDGE ( 'NONE', *, *, #1819, .T. ) ;
#518 = FACE_OUTER_BOUND ( 'NONE', #2089, .T. ) ;
#519 = EDGE_LOOP ( 'NONE', ( #1978, #1134, #589, #3407, #2051, #3015 ) ) ;
#520 = DIRECTION ( 'NONE',  ( 0.000000000000000000, -1.000000000000000000, -6.987080667128815906E-15 ) ) ;
#521 = ORIENTED_EDGE ( 'NONE', *, *, #113, .F. ) ;
#522 = VECTOR ( 'NONE', #1959, 1000.000000000000000 ) ;
#523 = CIRCLE ( 'NONE', #3549, 1.499999999999999556 ) ;
#524 = FACE_OUTER_BOUND ( 'NONE', #2615, .T. ) ;
#525 = CIRCLE ( 'NONE', #596, 1.499999999999999334 ) ;
#526 = ORIENTED_EDGE ( 'NONE', *, *, #1317, .T. ) ;
#527 = DIRECTION ( 'NONE',  ( 0.000000000000000000, 0.000000000000000000, -1.000000000000000000 ) ) ;
#528 = EDGE_CURVE ( 'NONE', #1688, #95, #244, .T. ) ;
#529 = CIRCLE ( 'NONE', #3079, 1.149999999999998135 ) ;
#530 = DIRECTION ( 'NONE',  ( -1.000000000000000000, 0.000000000000000000, -6.035392093502621365E-15 ) ) ;
#531 = LINE ( 'NONE', #3631, #3561 ) ;
#532 = CIRCLE ( 'NONE', #947, 1.500000000000000000 ) ;
#533 = FACE_OUTER_BOUND ( 'NONE', #1494, .T. ) ;
#534 = CIRCLE ( 'NONE', #1837, 8.000000000000000000 ) ;
#535 = ORIENTED_EDGE ( 'NONE', *, *, #1194, .T. ) ;
#536 = PRODUCT ( 'PEN-L', 'PEN-L', '', ( #3654 ) ) ;
#537 = AXIS2_PLACEMENT_3D ( 'NONE', #997, #2428, #1573 ) ;
#538 = APPROVAL ( #93, 'UNSPECIFIED' ) ;
#539 = CARTESIAN_POINT ( 'NONE',  ( 5.000000000000000000, 14.50000000000000533, -0.7500000000005071499 ) ) ;
#540 = CARTESIAN_POINT ( 'NONE',  ( 10.00000000000000000, -27.99999999999998934, 0.7499999999998044897 ) ) ;
#541 = ORIENTED_EDGE ( 'NONE', *, *, #250, .T. ) ;
#542 = AXIS2_PLACEMENT_3D ( 'NONE', #3368, #3118, #1986 ) ;
#543 = LINE ( 'NONE', #1215, #677 ) ;
#544 = VECTOR ( 'NONE', #242, 1000.000000000000000 ) ;
#545 = ORIENTED_EDGE ( 'NONE', *, *, #3289, .T. ) ;
#546 = DIRECTION ( 'NONE',  ( 0.000000000000000000, -0.000000000000000000, -1.000000000000000000 ) ) ;
#547 = CIRCLE ( 'NONE', #963, 1.499999999999999112 ) ;
#548 = EDGE_LOOP ( 'NONE', ( #1115, #1767, #3566, #501 ) ) ;
#549 = CARTESIAN_POINT ( 'NONE',  ( -4.000000000000000000, -34.00000000000000711, 0.4499999999997609246 ) ) ;
#550 = EDGE_CURVE ( 'NONE', #1046, #1920, #299, .T. ) ;
#551 = VERTEX_POINT ( 'NONE', #3383 ) ;
#552 = CARTESIAN_POINT ( 'NONE',  ( -19.57907078564806724, -36.21194536572957645, 0.4500000000000080602 ) ) ;
#553 = AXIS2_PLACEMENT_3D ( 'NONE', #818, #2859, #297 ) ;
#554 = CYLINDRICAL_SURFACE ( 'NONE', #722, 1.499999999999999556 ) ;
#555 = EDGE_CURVE ( 'NONE', #2540, #2580, #644, .T. ) ;
#556 = DIRECTION ( 'NONE',  ( 1.000000000000000000, 0.000000000000000000, 0.000000000000000000 ) ) ;
#557 = CARTESIAN_POINT ( 'NONE',  ( -13.49999999999999645, -15.49999999999999822, -0.7500000000000000000 ) ) ;
#558 = VERTEX_POINT ( 'NONE', #321 ) ;
#559 = ORIENTED_EDGE ( 'NONE', *, *, #3038, .T. ) ;
#560 = CARTESIAN_POINT ( 'NONE',  ( -19.42500000000015703, -33.64508693702535425, 0.4500000000000000666 ) ) ;
#561 = DIRECTION ( 'NONE',  ( 6.047701302750016252E-15, 3.491641975121097361E-15, 1.000000000000000000 ) ) ;
#562 = CARTESIAN_POINT ( 'NONE',  ( -22.49999999999962697, 38.97114317029993202, 0.4500000000000000666 ) ) ;
#563 = EDGE_LOOP ( 'NONE', ( #1581, #2251, #1076, #411, #112 ) ) ;
#564 = CYLINDRICAL_SURFACE ( 'NONE', #3168, 1.500000000000004885 ) ;
#565 = VERTEX_POINT ( 'NONE', #1139 ) ;
#566 = FACE_OUTER_BOUND ( 'NONE', #3129, .T. ) ;
#567 = ORIENTED_EDGE ( 'NONE', *, *, #445, .F. ) ;
#568 = DIRECTION ( 'NONE',  ( 0.000000000000000000, -1.000000000000000000, -6.975033976323412122E-15 ) ) ;
#569 = ORIENTED_EDGE ( 'NONE', *, *, #752, .T. ) ;
#570 = DIRECTION ( 'NONE',  ( 0.000000000000000000, -6.982962677686266711E-15, 1.000000000000000000 ) ) ;
#571 = EDGE_CURVE ( 'NONE', #697, #1381, #308, .T. ) ;
#572 = CARTESIAN_POINT ( 'NONE',  ( 38.85000000000000142, 5.237222008264700033E-15, 0.7510000000003037579 ) ) ;
#573 = DIRECTION ( 'NONE',  ( 0.000000000000000000, -6.982962677686266711E-15, 1.000000000000000000 ) ) ;
#574 = CARTESIAN_POINT ( 'NONE',  ( -19.57907078564756986, 36.21194536572983225, -0.7500000000000000000 ) ) ;
#575 = VERTEX_POINT ( 'NONE', #3451 ) ;
#576 = ORIENTED_EDGE ( 'NONE', *, *, #3041, .T. ) ;
#577 = EDGE_CURVE ( 'NONE', #2171, #133, #485, .T. ) ;
#578 = EDGE_CURVE ( 'NONE', #826, #1764, #2862, .T. ) ;
#579 = DIRECTION ( 'NONE',  ( -6.047701302749968920E-15, 3.491641975121182558E-15, 1.000000000000000000 ) ) ;
#580 = LINE ( 'NONE', #1748, #3087 ) ;
#581 = DIRECTION ( 'NONE',  ( -0.8660254037844363761, 0.5000000000000039968, -0.000000000000000000 ) ) ;
#582 = ORIENTED_EDGE ( 'NONE', *, *, #2139, .F. ) ;
#583 = EDGE_CURVE ( 'NONE', #3364, #1496, #340, .T. ) ;
#584 = DIRECTION ( 'NONE',  ( -0.000000000000000000, 6.982962677686266711E-15, -1.000000000000000000 ) ) ;
#585 = ORIENTED_EDGE ( 'NONE', *, *, #157, .F. ) ;
#586 = CARTESIAN_POINT ( 'NONE',  ( -33.00000000000000000, 9.004133183226824941E-16, -0.7500000000000000000 ) ) ;
#587 = ORIENTED_EDGE ( 'NONE', *, *, #2623, .T. ) ;
#588 = CARTESIAN_POINT ( 'NONE',  ( 41.15000000000000568, -1.149999999999994804, 0.7510000000003037579 ) ) ;
#589 = ORIENTED_EDGE ( 'NONE', *, *, #392, .F. ) ;
#590 = LINE ( 'NONE', #808, #2616 ) ;
#591 = DIRECTION ( 'NONE',  ( -0.000000000000000000, 6.982962677686266711E-15, -1.000000000000000000 ) ) ;
#592 = DIRECTION ( 'NONE',  ( -0.4999999999999898415, 0.8660254037844445918, 0.000000000000000000 ) ) ;
#593 = VECTOR ( 'NONE', #2801, 1000.000000000000000 ) ;
#594 = CARTESIAN_POINT ( 'NONE',  ( 5.000000000000000000, 16.74999999999998934, 0.7500000000001170175 ) ) ;
#595 = ORIENTED_EDGE ( 'NONE', *, *, #3461, .F. ) ;
#596 = AXIS2_PLACEMENT_3D ( 'NONE', #500, #1671, #2194 ) ;
#597 = ORIENTED_EDGE ( 'NONE', *, *, #2229, .T. ) ;
#598 = FACE_BOUND ( 'NONE', #2382, .T. ) ;
#599 = AXIS2_PLACEMENT_3D ( 'NONE', #416, #401, #934 ) ;
#600 = EDGE_CURVE ( 'NONE', #826, #3142, #1598, .T. ) ;
#601 = ADVANCED_FACE ( 'NONE', ( #1456 ), #2602, .F. ) ;
#602 = FACE_OUTER_BOUND ( 'NONE', #3560, .T. ) ;
#603 = FACE_OUTER_BOUND ( 'NONE', #3238, .T. ) ;
#604 = ORIENTED_EDGE ( 'NONE', *, *, #1163, .T. ) ;
#605 = FACE_OUTER_BOUND ( 'NONE', #41, .T. ) ;
#606 = EDGE_CURVE ( 'NONE', #29, #565, #2347, .T. ) ;
#607 = VERTEX_POINT ( 'NONE', #359 ) ;
#608 = DIRECTION ( 'NONE',  ( -0.000000000000000000, -6.982962677686266711E-15, 1.000000000000000000 ) ) ;
#609 = EDGE_LOOP ( 'NONE', ( #2198, #3071, #3240, #3577 ) ) ;
#610 = LINE ( 'NONE', #588, #3441 ) ;
#611 = EDGE_CURVE ( 'NONE', #301, #1078, #3384, .T. ) ;
#612 = EDGE_LOOP ( 'NONE', ( #2840, #3103, #2661, #2120 ) ) ;
#613 = CARTESIAN_POINT ( 'NONE',  ( 10.00000000000000355, -1.499999999999991562, -0.7500000000000000000 ) ) ;
#614 = AXIS2_PLACEMENT_3D ( 'NONE', #2665, #155, #104 ) ;
#615 = CARTESIAN_POINT ( 'NONE',  ( 5.500000000000000000, -34.00000000000000711, 0.4499999999997609246 ) ) ;
#616 = CARTESIAN_POINT ( 'NONE',  ( -21.57092921435227240, -35.06194536572957077, 0.7510000000003037579 ) ) ;
#617 = DIRECTION ( 'NONE',  ( 0.000000000000000000, -1.000000000000000000, -6.987080667128821429E-15 ) ) ;
#618 = ORIENTED_EDGE ( 'NONE', *, *, #113, .T. ) ;
#619 = AXIS2_PLACEMENT_3D ( 'NONE', #2279, #1669, #3080 ) ;
#620 = ORIENTED_EDGE ( 'NONE', *, *, #2106, .T. ) ;
#621 = VECTOR ( 'NONE', #1559, 1000.000000000000000 ) ;
#622 = DIRECTION ( 'NONE',  ( 1.000000000000000000, -0.000000000000000000, 0.000000000000000000 ) ) ;
#623 = CARTESIAN_POINT ( 'NONE',  ( 5.922644626206826857, -35.50000000000000000, -0.7500000000002479128 ) ) ;
#624 = PLANE ( 'NONE',  #226 ) ;
#625 = ORIENTED_EDGE ( 'NONE', *, *, #777, .T. ) ;
#626 = AXIS2_PLACEMENT_3D ( 'NONE', #383, #2933, #1510 ) ;
#627 = DIRECTION ( 'NONE',  ( -0.000000000000000000, -6.982962677686266711E-15, 1.000000000000000000 ) ) ;
#628 = ORIENTED_EDGE ( 'NONE', *, *, #250, .F. ) ;
#629 = CARTESIAN_POINT ( 'NONE',  ( -16.74999999999973355, 29.01185102677884942, -0.7500000000000000000 ) ) ;
#630 = ORIENTED_EDGE ( 'NONE', *, *, #2505, .T. ) ;
#631 = EDGE_CURVE ( 'NONE', #3438, #1455, #2692, .T. ) ;
#632 = EDGE_CURVE ( 'NONE', #336, #3336, #3218, .T. ) ;
#633 = PLANE ( 'NONE',  #2620 ) ;
#634 = ORIENTED_EDGE ( 'NONE', *, *, #931, .T. ) ;
#635 = DIRECTION ( 'NONE',  ( -0.000000000000000000, -6.982962677686266711E-15, 1.000000000000000000 ) ) ;
#636 = EDGE_CURVE ( 'NONE', #697, #817, #2123, .T. ) ;
#637 = LINE ( 'NONE', #2023, #2402 ) ;
#638 = DIRECTION ( 'NONE',  ( -0.000000000000000000, 6.982962677686266711E-15, -1.000000000000000000 ) ) ;
#639 = ORIENTED_EDGE ( 'NONE', *, *, #2654, .F. ) ;
#640 = CARTESIAN_POINT ( 'NONE',  ( -26.00000000000000355, 28.86854811567259560, 0.7500000000002016165 ) ) ;
#641 = EDGE_LOOP ( 'NONE', ( #2561, #1783, #3175, #2265 ) ) ;
#642 = LINE ( 'NONE', #678, #2886 ) ;
#643 = ORIENTED_EDGE ( 'NONE', *, *, #988, .T. ) ;
#644 = LINE ( 'NONE', #2585, #1141 ) ;
#645 = ORIENTED_EDGE ( 'NONE', *, *, #783, .T. ) ;
#646 = FACE_OUTER_BOUND ( 'NONE', #3272, .T. ) ;
#647 = ORIENTED_EDGE ( 'NONE', *, *, #2412, .F. ) ;
#648 = FACE_OUTER_BOUND ( 'NONE', #443, .T. ) ;
#649 = CARTESIAN_POINT ( 'NONE',  ( -12.78193760082773167, 36.50000000000000000, -0.7499999999997450928 ) ) ;
#650 = CARTESIAN_POINT ( 'NONE',  ( 2.569960705150830822E-16, 4.000000000000002665, 0.4500000000000279887 ) ) ;
#651 = CIRCLE ( 'NONE', #1180, 8.000000000000000000 ) ;
#652 = AXIS2_PLACEMENT_3D ( 'NONE', #2069, #1514, #2400 ) ;
#653 = APPROVAL_ROLE ( '' ) ;
#654 = AXIS2_PLACEMENT_3D ( 'NONE', #3376, #61, #2538 ) ;
#655 = CARTESIAN_POINT ( 'NONE',  ( -4.999999999999999112, -1.499999999999989120, 0.7510000000003037579 ) ) ;
#656 = ORIENTED_EDGE ( 'NONE', *, *, #981, .T. ) ;
#657 = VECTOR ( 'NONE', #670, 1000.000000000000000 ) ;
#658 = CC_DESIGN_PERSON_AND_ORGANIZATION_ASSIGNMENT ( #126, #3212, ( #2647 ) ) ;
#659 = CARTESIAN_POINT ( 'NONE',  ( 0.000000000000000000, 1.150000000000005240, -0.7500000000000000000 ) ) ;
#660 = CARTESIAN_POINT ( 'NONE',  ( -26.00000000000000355, 15.50000000000000711, 0.7500000000001292300 ) ) ;
#661 = DIRECTION ( 'NONE',  ( 4.688441826964343065E-17, -1.000000000000000000, -6.982962677686266711E-15 ) ) ;
#662 = VERTEX_POINT ( 'NONE', #85 ) ;
#663 = CYLINDRICAL_SURFACE ( 'NONE', #3307, 1.499999999999999556 ) ;
#664 = ORIENTED_EDGE ( 'NONE', *, *, #777, .F. ) ;
#665 = LINE ( 'NONE', #613, #2678 ) ;
#666 = CIRCLE ( 'NONE', #177, 2.249999999999995115 ) ;
#667 = EDGE_CURVE ( 'NONE', #153, #3419, #3208, .T. ) ;
#668 = EDGE_CURVE ( 'NONE', #2939, #2379, #3319, .T. ) ;
#669 = FACE_OUTER_BOUND ( 'NONE', #1278, .T. ) ;
#670 = DIRECTION ( 'NONE',  ( 1.000000000000000000, -0.000000000000000000, 0.000000000000000000 ) ) ;
#671 = AXIS2_PLACEMENT_3D ( 'NONE', #919, #1695, #1416 ) ;
#672 = EDGE_CURVE ( 'NONE', #31, #2474, #2365, .T. ) ;
#673 = SHAPE_DEFINITION_REPRESENTATION ( #1894, #772 ) ;
#674 = CYLINDRICAL_SURFACE ( 'NONE', #2026, 5.000000000000000000 ) ;
#675 = CIRCLE ( 'NONE', #2879, 1.499999999999999334 ) ;
#676 = EDGE_LOOP ( 'NONE', ( #2258, #1340, #2552, #3475 ) ) ;
#677 = VECTOR ( 'NONE', #2690, 1000.000000000000000 ) ;
#678 = CARTESIAN_POINT ( 'NONE',  ( 12.56227054268196319, 31.04037922572215891, 0.7500000000002167155 ) ) ;
#679 = DIRECTION ( 'NONE',  ( 0.8660254037844363761, -0.5000000000000039968, 6.983283950242306739E-15 ) ) ;
#680 = CARTESIAN_POINT ( 'NONE',  ( 5.922644626206825080, -43.50000000000001421, 0.7499999999996962430 ) ) ;
#681 = VERTEX_POINT ( 'NONE', #2673 ) ;
#682 = VERTEX_POINT ( 'NONE', #680 ) ;
#683 = PLANE ( 'NONE',  #3366 ) ;
#684 = ORIENTED_EDGE ( 'NONE', *, *, #1570, .F. ) ;
#685 = LINE ( 'NONE', #3258, #1604 ) ;
#686 = DIRECTION ( 'NONE',  ( 2.108445428109154604E-16, -1.000000000000000000, -6.982962677686266711E-15 ) ) ;
#687 = EDGE_CURVE ( 'NONE', #2536, #325, #2865, .T. ) ;
#688 = PERSON_AND_ORGANIZATION ( #1751, #1796 ) ;
#689 = FACE_OUTER_BOUND ( 'NONE', #117, .T. ) ;
#690 = EDGE_CURVE ( 'NONE', #957, #3550, #833, .T. ) ;
#691 = VERTEX_POINT ( 'NONE', #1495 ) ;
#692 = DIRECTION ( 'NONE',  ( 0.000000000000000000, 1.000000000000000000, 6.982962677686266711E-15 ) ) ;
#693 = LINE ( 'NONE', #2720, #2982 ) ;
#694 = DIRECTION ( 'NONE',  ( 0.7064241951870718905, -0.7077887089056293934, -4.942462137975759112E-15 ) ) ;
#695 = ORIENTED_EDGE ( 'NONE', *, *, #1917, .T. ) ;
#696 = CARTESIAN_POINT ( 'NONE',  ( -23.00000000000000355, -15.49999999999999645, -0.7500000000001082467 ) ) ;
#697 = VERTEX_POINT ( 'NONE', #3249 ) ;
#698 = CARTESIAN_POINT ( 'NONE',  ( 28.93609970836706324, -11.19269836949749575, 0.7499999999999218403 ) ) ;
#699 = ORIENTED_EDGE ( 'NONE', *, *, #1462, .T. ) ;
#700 = CYLINDRICAL_SURFACE ( 'NONE', #3514, 2.999999999999999112 ) ;
#701 = EDGE_CURVE ( 'NONE', #3336, #3364, #1310, .T. ) ;
#702 = LINE ( 'NONE', #1209, #1423 ) ;
#703 = ADVANCED_FACE ( 'NONE', ( #1562 ), #3531, .F. ) ;
#704 = FACE_BOUND ( 'NONE', #519, .T. ) ;
#705 = ORIENTED_EDGE ( 'NONE', *, *, #2783, .T. ) ;
#706 = EDGE_CURVE ( 'NONE', #1089, #3528, #2985, .T. ) ;
#707 = CARTESIAN_POINT ( 'NONE',  ( 32.00000000000000000, 5.053524988392523947E-15, 0.4500000000000000666 ) ) ;
#708 = DIRECTION ( 'NONE',  ( 0.000000000000000000, 6.982962677686266711E-15, -1.000000000000000000 ) ) ;
#709 = CARTESIAN_POINT ( 'NONE',  ( -0.7775819478455965328, 43.49999999999999289, 0.7500000000003037570 ) ) ;
#710 = VERTEX_POINT ( 'NONE', #951 ) ;
#711 = VECTOR ( 'NONE', #2896, 1000.000000000000227 ) ;
#712 = LINE ( 'NONE', #1843, #417 ) ;
#713 = VECTOR ( 'NONE', #686, 1000.000000000000000 ) ;
#714 = ORIENTED_EDGE ( 'NONE', *, *, #3466, .T. ) ;
#715 = AXIS2_PLACEMENT_3D ( 'NONE', #2950, #2087, #1525 ) ;
#716 = DIRECTION ( 'NONE',  ( -0.000000000000000000, 6.982962677686266711E-15, -1.000000000000000000 ) ) ;
#717 = ORIENTED_EDGE ( 'NONE', *, *, #2380, .F. ) ;
#718 = EDGE_CURVE ( 'NONE', #2277, #1230, #972, .T. ) ;
#719 = FACE_OUTER_BOUND ( 'NONE', #805, .T. ) ;
#720 = CARTESIAN_POINT ( 'NONE',  ( -23.00000000000000355, -18.49999999999999289, 0.7499999999998707700 ) ) ;
#721 = AXIS2_PLACEMENT_3D ( 'NONE', #2949, #1370, #2086 ) ;
#722 = AXIS2_PLACEMENT_3D ( 'NONE', #1684, #2832, #2293 ) ;
#723 = DIRECTION ( 'NONE',  ( 6.047701302750016252E-15, 3.491641975121097361E-15, 1.000000000000000000 ) ) ;
#724 = ORIENTED_EDGE ( 'NONE', *, *, #1747, .F. ) ;
#725 = EDGE_CURVE ( 'NONE', #2804, #3518, #1252, .T. ) ;
#726 = APPROVAL_PERSON_ORGANIZATION ( #2687, #1353, #653 ) ;
#727 = CARTESIAN_POINT ( 'NONE',  ( -16.74999999999973355, 29.01185102677884942, -0.7500000000000000000 ) ) ;
#728 = CARTESIAN_POINT ( 'NONE',  ( -18.24999999999973710, 29.01185102677884942, -0.7500000000000000000 ) ) ;
#729 = DIRECTION ( 'NONE',  ( 0.5000000000000041078, 0.8660254037844362651, 8.973382672516580840E-31 ) ) ;
#730 = ORIENTED_EDGE ( 'NONE', *, *, #3147, .T. ) ;
#731 = EDGE_CURVE ( 'NONE', #2947, #344, #1539, .T. ) ;
#732 = VECTOR ( 'NONE', #7, 1000.000000000000000 ) ;
#733 = CYLINDRICAL_SURFACE ( 'NONE', #1741, 2.249999999999995115 ) ;
#734 = ORIENTED_EDGE ( 'NONE', *, *, #668, .F. ) ;
#735 = VERTEX_POINT ( 'NONE', #3235 ) ;
#736 = EDGE_CURVE ( 'NONE', #1618, #1926, #3485, .T. ) ;
#737 = EDGE_CURVE ( 'NONE', #2289, #2032, #534, .T. ) ;
#738 = DIRECTION ( 'NONE',  ( -1.000000000000000000, 0.000000000000000000, 0.000000000000000000 ) ) ;
#739 = CYLINDRICAL_SURFACE ( 'NONE', #1182, 1.499999999999997780 ) ;
#740 = EDGE_CURVE ( 'NONE', #1694, #1648, #1003, .T. ) ;
#741 = CYLINDRICAL_SURFACE ( 'NONE', #2330, 8.000000000000000000 ) ;
#742 = EDGE_LOOP ( 'NONE', ( #2241, #2601, #2178, #1750, #243 ) ) ;
#743 = DIRECTION ( 'NONE',  ( 2.108445428109154604E-16, -1.000000000000000000, -6.982962677686266711E-15 ) ) ;
#744 = CC_DESIGN_PERSON_AND_ORGANIZATION_ASSIGNMENT ( #106, #2652, ( #3273 ) ) ;
#745 = CARTESIAN_POINT ( 'NONE',  ( -19.42500000000015703, -33.64508693702535425, 0.4500000000000000666 ) ) ;
#746 = EDGE_LOOP ( 'NONE', ( #256, #246, #821, #2005 ) ) ;
#747 = PLANE ( 'NONE',  #3522 ) ;
#748 = VERTEX_POINT ( 'NONE', #1375 ) ;
#749 = DIRECTION ( 'NONE',  ( -1.000000000000000000, -0.000000000000000000, 0.000000000000000000 ) ) ;
#750 = ORIENTED_EDGE ( 'NONE', *, *, #2348, .T. ) ;
#751 = DIRECTION ( 'NONE',  ( 0.000000000000000000, 0.000000000000000000, -1.000000000000000000 ) ) ;
#752 = EDGE_CURVE ( 'NONE', #1817, #62, #451, .T. ) ;
#753 = CARTESIAN_POINT ( 'NONE',  ( -4.000000000000000000, -31.75000000000001421, 0.4499999999997766342 ) ) ;
#754 = DIRECTION ( 'NONE',  ( 0.8660254037844363761, -0.5000000000000041078, 0.000000000000000000 ) ) ;
#755 = CARTESIAN_POINT ( 'NONE',  ( -13.49999999999999645, -18.50000000000000000, 0.7510000000003037579 ) ) ;
#756 = ORIENTED_EDGE ( 'NONE', *, *, #1063, .T. ) ;
#757 = DIRECTION ( 'NONE',  ( -0.000000000000000000, 6.982962677686266711E-15, -1.000000000000000000 ) ) ;
#758 = DIRECTION ( 'NONE',  ( 1.284980352575412453E-16, 1.000000000000000000, 0.000000000000000000 ) ) ;
#759 = VERTEX_POINT ( 'NONE', #2738 ) ;
#760 = LINE ( 'NONE', #3299, #1777 ) ;
#761 = AXIS2_PLACEMENT_3D ( 'NONE', #974, #2146, #2111 ) ;
#762 = ORIENTED_EDGE ( 'NONE', *, *, #2885, .T. ) ;
#763 = DIRECTION ( 'NONE',  ( 0.000000000000000000, 0.000000000000000000, -1.000000000000000000 ) ) ;
#764 = AXIS2_PLACEMENT_3D ( 'NONE', #861, #1992, #581 ) ;
#765 = VERTEX_POINT ( 'NONE', #3010 ) ;
#766 = EDGE_CURVE ( 'NONE', #1474, #3409, #2504, .T. ) ;
#767 = AXIS2_PLACEMENT_3D ( 'NONE', #494, #3559, #3293 ) ;
#768 = DIRECTION ( 'NONE',  ( -1.000000000000000000, 0.000000000000000000, 0.000000000000000000 ) ) ;
#769 = CARTESIAN_POINT ( 'NONE',  ( -13.49999999999999822, 18.50000000000000711, 0.7500000000001292300 ) ) ;
#770 = EDGE_CURVE ( 'NONE', #276, #1216, #1613, .T. ) ;
#771 = ADVANCED_FACE ( 'NONE', ( #3296 ), #499, .T. ) ;
#772 = ADVANCED_BREP_SHAPE_REPRESENTATION ( 'PEN-L', ( #2058, #80 ), #3220 ) ;
#773 = LINE ( 'NONE', #191, #1186 ) ;
#774 = DIRECTION ( 'NONE',  ( 1.000000000000000000, 0.000000000000000000, 0.000000000000000000 ) ) ;
#775 = VERTEX_POINT ( 'NONE', #463 ) ;
#776 = EDGE_LOOP ( 'NONE', ( #684, #880, #803, #2243 ) ) ;
#777 = EDGE_CURVE ( 'NONE', #819, #2717, #1488, .T. ) ;
#778 = AXIS2_PLACEMENT_3D ( 'NONE', #1101, #2248, #3367 ) ;
#779 = DIRECTION ( 'NONE',  ( -0.4999999999999922839, 0.8660254037844431485, 0.000000000000000000 ) ) ;
#780 = CARTESIAN_POINT ( 'NONE',  ( 38.85000000000000142, -1.149999999999994804, 0.7510000000003037579 ) ) ;
#781 = DIRECTION ( 'NONE',  ( -0.4534696433618433109, -0.8912717220630769210, -6.223717170843633691E-15 ) ) ;
#782 = ORIENTED_EDGE ( 'NONE', *, *, #2901, .F. ) ;
#783 = EDGE_CURVE ( 'NONE', #455, #2379, #515, .T. ) ;
#784 = DIRECTION ( 'NONE',  ( 0.000000000000000000, 0.000000000000000000, 1.000000000000000000 ) ) ;
#785 = ORIENTED_EDGE ( 'NONE', *, *, #606, .F. ) ;
#786 = FACE_OUTER_BOUND ( 'NONE', #2974, .T. ) ;
#787 = EDGE_LOOP ( 'NONE', ( #3602, #1036, #3584, #2045 ) ) ;
#788 = AXIS2_PLACEMENT_3D ( 'NONE', #1752, #277, #1454 ) ;
#789 = CYLINDRICAL_SURFACE ( 'NONE', #1481, 1.500000000000004885 ) ;
#790 = ORIENTED_EDGE ( 'NONE', *, *, #3112, .F. ) ;
#791 = EDGE_CURVE ( 'NONE', #2479, #3386, #2565, .T. ) ;
#792 = DIRECTION ( 'NONE',  ( 0.8660254037844363761, -0.5000000000000041078, 0.000000000000000000 ) ) ;
#793 = LINE ( 'NONE', #251, #1243 ) ;
#794 = ADVANCED_FACE ( 'NONE', ( #2998 ), #1090, .F. ) ;
#795 = CYLINDRICAL_SURFACE ( 'NONE', #1602, 8.000000000000000000 ) ;
#796 = DIRECTION ( 'NONE',  ( 0.5000000000000041078, 0.8660254037844363761, 0.000000000000000000 ) ) ;
#797 = ORIENTED_EDGE ( 'NONE', *, *, #3647, .T. ) ;
#798 = CARTESIAN_POINT ( 'NONE',  ( -19.21410161513751547, 25.27980021920998510, 0.4500000000000279887 ) ) ;
#799 = LINE ( 'NONE', #780, #1060 ) ;
#800 = CARTESIAN_POINT ( 'NONE',  ( -14.99999999999974776, 25.98076211353329157, 0.7500000000000000000 ) ) ;
#801 = VERTEX_POINT ( 'NONE', #2500 ) ;
#802 = DIRECTION ( 'NONE',  ( 0.000000000000000000, -1.000000000000000000, -6.987080667128821429E-15 ) ) ;
#803 = ORIENTED_EDGE ( 'NONE', *, *, #3020, .T. ) ;
#804 = LINE ( 'NONE', #1343, #961 ) ;
#805 = EDGE_LOOP ( 'NONE', ( #1458, #2082, #440, #1746 ) ) ;
#806 = CARTESIAN_POINT ( 'NONE',  ( 31.49999999999998579, -2.499999999999998224, 0.4499999999999825806 ) ) ;
#807 = ORIENTED_EDGE ( 'NONE', *, *, #3461, .T. ) ;
#808 = CARTESIAN_POINT ( 'NONE',  ( -18.24999999999973710, 29.01185102677884942, 0.7510000000003037579 ) ) ;
#809 = EDGE_CURVE ( 'NONE', #255, #1563, #2686, .T. ) ;
#810 = LINE ( 'NONE', #3649, #3308 ) ;
#811 = CARTESIAN_POINT ( 'NONE',  ( -13.58493649053863273, 28.52980021920993181, 0.7499999999999825695 ) ) ;
#812 = DIRECTION ( 'NONE',  ( -0.000000000000000000, 6.982962677686266711E-15, -1.000000000000000000 ) ) ;
#813 = ORIENTED_EDGE ( 'NONE', *, *, #672, .F. ) ;
#814 = APPLICATION_PROTOCOL_DEFINITION ( 'international standard', 'config_control_design', 1994, #3459 ) ;
#815 = CARTESIAN_POINT ( 'NONE',  ( -14.99999999999974776, 25.98076211353329157, 0.4500000000000000666 ) ) ;
#816 = CARTESIAN_POINT ( 'NONE',  ( 26.60734980360364688, 5.237222008264700033E-15, -0.7500000000000000000 ) ) ;
#817 = VERTEX_POINT ( 'NONE', #3565 ) ;
#818 = CARTESIAN_POINT ( 'NONE',  ( -12.78193760082772101, -36.49999999999999289, -0.7500000000002549072 ) ) ;
#819 = VERTEX_POINT ( 'NONE', #1323 ) ;
#820 = LINE ( 'NONE', #488, #1439 ) ;
#821 = ORIENTED_EDGE ( 'NONE', *, *, #766, .T. ) ;
#822 = VECTOR ( 'NONE', #2270, 1000.000000000000000 ) ;
#823 = AXIS2_PLACEMENT_3D ( 'NONE', #3455, #1159, #324 ) ;
#824 = DIRECTION ( 'NONE',  ( 1.000000000000000000, 0.000000000000000000, 0.000000000000000000 ) ) ;
#825 = VECTOR ( 'NONE', #2822, 1000.000000000000000 ) ;
#826 = VERTEX_POINT ( 'NONE', #1577 ) ;
#827 = DIRECTION ( 'NONE',  ( 0.000000000000000000, 1.000000000000000000, 0.000000000000000000 ) ) ;
#828 = AXIS2_PLACEMENT_3D ( 'NONE', #39, #3100, #873 ) ;
#829 = CARTESIAN_POINT ( 'NONE',  ( 4.000000000000000000, -35.50000000000001421, 0.7499999999997520872 ) ) ;
#830 = CYLINDRICAL_SURFACE ( 'NONE', #1199, 1.149999999999998135 ) ;
#831 = AXIS2_PLACEMENT_3D ( 'NONE', #1263, #2410, #980 ) ;
#832 = FACE_OUTER_BOUND ( 'NONE', #1285, .T. ) ;
#833 = CIRCLE ( 'NONE', #2978, 1.500000000000001332 ) ;
#834 = ORIENTED_EDGE ( 'NONE', *, *, #1756, .T. ) ;
#835 = VECTOR ( 'NONE', #111, 1000.000000000000000 ) ;
#836 = CIRCLE ( 'NONE', #1842, 1.500000000000000222 ) ;
#837 = CARTESIAN_POINT ( 'NONE',  ( -16.49999999999999645, -18.50000000000000000, 0.7499999999998707700 ) ) ;
#838 = CARTESIAN_POINT ( 'NONE',  ( -0.9959292143520974694, 0.5750000000000021760, 0.7510000000003037579 ) ) ;
#839 = EDGE_CURVE ( 'NONE', #1351, #3456, #180, .T. ) ;
#840 = CYLINDRICAL_SURFACE ( 'NONE', #2327, 1.149999999999998135 ) ;
#841 = VERTEX_POINT ( 'NONE', #2721 ) ;
#842 = LINE ( 'NONE', #3426, #2819 ) ;
#843 = AXIS2_PLACEMENT_3D ( 'NONE', #1951, #3361, #1309 ) ;
#844 = ORIENTED_EDGE ( 'NONE', *, *, #3447, .T. ) ;
#845 = DIRECTION ( 'NONE',  ( 1.000000000000000000, -0.000000000000000000, 0.000000000000000000 ) ) ;
#846 = AXIS2_PLACEMENT_3D ( 'NONE', #473, #3037, #1346 ) ;
#847 = VERTEX_POINT ( 'NONE', #163 ) ;
#848 = CARTESIAN_POINT ( 'NONE',  ( -4.000000000000000000, -32.50000000000000711, 0.4499999999997713607 ) ) ;
#849 = VERTEX_POINT ( 'NONE', #2193 ) ;
#850 = ADVANCED_FACE ( 'NONE', ( #1071, #1646, #1303 ), #1871, .T. ) ;
#851 = CARTESIAN_POINT ( 'NONE',  ( -15.24999999999972822, 29.01185102677884942, -0.7500000000000000000 ) ) ;
#852 = VECTOR ( 'NONE', #1949, 1000.000000000000000 ) ;
#853 = CARTESIAN_POINT ( 'NONE',  ( -15.25000000000013145, -29.01185102677862560, -0.7500000000000000000 ) ) ;
#854 = CARTESIAN_POINT ( 'NONE',  ( -0.9959292143520974694, 0.5750000000000021760, 0.4499999999999920175 ) ) ;
#855 = EDGE_CURVE ( 'NONE', #2276, #2375, #1723, .T. ) ;
#856 = DIRECTION ( 'NONE',  ( 0.000000000000000000, -1.000000000000000000, -6.975033976323413699E-15 ) ) ;
#857 = ORIENTED_EDGE ( 'NONE', *, *, #154, .T. ) ;
#858 = EDGE_LOOP ( 'NONE', ( #3644, #1360, #1713, #3541, #2465, #317, #987, #2971, #2724, #750 ) ) ;
#859 = CARTESIAN_POINT ( 'NONE',  ( -13.49999999999999645, -18.50000000000000000, -0.7500000000000000000 ) ) ;
#860 = DIRECTION ( 'NONE',  ( 0.000000000000000000, -1.000000000000000000, -6.982261990806648555E-15 ) ) ;
#861 = CARTESIAN_POINT ( 'NONE',  ( -15.00000000000012257, -25.98076211353307841, 0.4500000000000000666 ) ) ;
#862 = ORIENTED_EDGE ( 'NONE', *, *, #1042, .T. ) ;
#863 = LINE ( 'NONE', #3126, #3275 ) ;
#864 = ORIENTED_EDGE ( 'NONE', *, *, #200, .F. ) ;
#865 = PLANE ( 'NONE',  #2152 ) ;
#866 = ORIENTED_EDGE ( 'NONE', *, *, #2968, .F. ) ;
#867 = DIRECTION ( 'NONE',  ( -0.8660254037844432595, -0.4999999999999919509, 6.983283950242307528E-15 ) ) ;
#868 = ORIENTED_EDGE ( 'NONE', *, *, #3046, .T. ) ;
#869 = PLANE ( 'NONE',  #2131 ) ;
#870 = EDGE_CURVE ( 'NONE', #1790, #2352, #799, .T. ) ;
#871 = DIRECTION ( 'NONE',  ( -1.156482317317871133E-15, -1.000000000000000000, -6.975033976323409755E-15 ) ) ;
#872 = DIRECTION ( 'NONE',  ( 0.8660254037844434816, 0.4999999999999915623, -7.011174048739600599E-15 ) ) ;
#873 = DIRECTION ( 'NONE',  ( -1.000000000000000000, 0.000000000000000000, 0.000000000000000000 ) ) ;
#874 = ORIENTED_EDGE ( 'NONE', *, *, #2455, .T. ) ;
#875 = PLANE ( 'NONE',  #619 ) ;
#876 = LINE ( 'NONE', #3081, #361 ) ;
#877 = DIRECTION ( 'NONE',  ( 0.000000000000000000, -0.000000000000000000, -1.000000000000000000 ) ) ;
#878 = ORIENTED_EDGE ( 'NONE', *, *, #1626, .T. ) ;
#879 = DIRECTION ( 'NONE',  ( 0.000000000000000000, -1.000000000000000000, -7.011174048739588766E-15 ) ) ;
#880 = ORIENTED_EDGE ( 'NONE', *, *, #1683, .T. ) ;
#881 = DIRECTION ( 'NONE',  ( 1.000000000000000000, 0.000000000000000000, 0.000000000000000000 ) ) ;
#882 = ORIENTED_EDGE ( 'NONE', *, *, #2007, .F. ) ;
#883 = CARTESIAN_POINT ( 'NONE',  ( -10.00000000000000000, -27.99999999999998934, 0.7499999999998044897 ) ) ;
#884 = ORIENTED_EDGE ( 'NONE', *, *, #224, .F. ) ;
#885 = CARTESIAN_POINT ( 'NONE',  ( -33.00000000000000000, 32.90999999999998948, -0.7499999999997701838 ) ) ;
#886 = CIRCLE ( 'NONE', #942, 1.500000000000001332 ) ;
#887 = AXIS2_PLACEMENT_3D ( 'NONE', #1775, #2955, #405 ) ;
#888 = FACE_OUTER_BOUND ( 'NONE', #2693, .T. ) ;
#889 = FACE_OUTER_BOUND ( 'NONE', #3294, .T. ) ;
#890 = CARTESIAN_POINT ( 'NONE',  ( -13.58493649053903063, -28.52980021920974707, 0.4500000000000174971 ) ) ;
#891 = ORIENTED_EDGE ( 'NONE', *, *, #1391, .F. ) ;
#892 = EDGE_CURVE ( 'NONE', #1811, #255, #1928, .T. ) ;
#893 = ORIENTED_EDGE ( 'NONE', *, *, #3504, .T. ) ;
#894 = CIRCLE ( 'NONE', #2138, 2.249999999999995115 ) ;
#895 = CARTESIAN_POINT ( 'NONE',  ( 0.000000000000000000, 0.000000000000000000, 0.000000000000000000 ) ) ;
#896 = VECTOR ( 'NONE', #1048, 1000.000000000000000 ) ;
#897 = DIRECTION ( 'NONE',  ( -1.000000000000000000, 0.000000000000000000, 0.000000000000000000 ) ) ;
#898 = DIRECTION ( 'NONE',  ( 0.000000000000000000, -1.000000000000000000, -6.983283950242307528E-15 ) ) ;
#899 = ADVANCED_FACE ( 'NONE', ( #236 ), #2895, .T. ) ;
#900 = ORIENTED_EDGE ( 'NONE', *, *, #2941, .F. ) ;
#901 = CARTESIAN_POINT ( 'NONE',  ( 29.99999999999998934, 2.500000000000000000, 0.4500000000000174971 ) ) ;
#902 = ORIENTED_EDGE ( 'NONE', *, *, #2658, .F. ) ;
#903 = DIRECTION ( 'NONE',  ( 0.000000000000000000, 0.000000000000000000, -1.000000000000000000 ) ) ;
#904 = AXIS2_PLACEMENT_3D ( 'NONE', #2672, #2431, #1576 ) ;
#905 = ORIENTED_EDGE ( 'NONE', *, *, #351, .T. ) ;
#906 = DIRECTION ( 'NONE',  ( 1.000000000000000000, 0.000000000000000000, 0.000000000000000000 ) ) ;
#907 = ORIENTED_EDGE ( 'NONE', *, *, #1760, .F. ) ;
#908 = CARTESIAN_POINT ( 'NONE',  ( -10.00000000000000000, -1.499999999999989120, -0.7500000000000000000 ) ) ;
#909 = CIRCLE ( 'NONE', #2281, 6.999999999999999112 ) ;
#910 = CARTESIAN_POINT ( 'NONE',  ( 38.85000000000000142, -1.149999999999994804, -0.7500000000000000000 ) ) ;
#911 = DIRECTION ( 'NONE',  ( 1.000000000000000000, -2.926568495954124030E-16, -2.043611858094008055E-30 ) ) ;
#912 = ORIENTED_EDGE ( 'NONE', *, *, #1931, .F. ) ;
#913 = AXIS2_PLACEMENT_3D ( 'NONE', #1873, #3641, #1094 ) ;
#914 = CARTESIAN_POINT ( 'NONE',  ( 32.00000000000000000, 5.053524988392596522E-15, -0.7500000000000000000 ) ) ;
#915 = EDGE_LOOP ( 'NONE', ( #1823, #1068 ) ) ;
#916 = EDGE_CURVE ( 'NONE', #454, #1558, #3444, .T. ) ;
#917 = CARTESIAN_POINT ( 'NONE',  ( -5.000000000000000000, 14.49999999999999467, 0.7500000000001012523 ) ) ;
#918 = VERTEX_POINT ( 'NONE', #2854 ) ;
#919 = CARTESIAN_POINT ( 'NONE',  ( 37.99999999999998579, 10.28248894235993127, -0.7499999999999282796 ) ) ;
#920 = ORIENTED_EDGE ( 'NONE', *, *, #2119, .T. ) ;
#921 = EDGE_CURVE ( 'NONE', #1753, #1698, #1670, .T. ) ;
#922 = FACE_OUTER_BOUND ( 'NONE', #3125, .T. ) ;
#923 = ORIENTED_EDGE ( 'NONE', *, *, #2681, .F. ) ;
#924 = LINE ( 'NONE', #1257, #2325 ) ;
#925 = DIRECTION ( 'NONE',  ( 0.000000000000000000, 1.000000000000000000, 6.982962677686266711E-15 ) ) ;
#926 = DIRECTION ( 'NONE',  ( -0.5000000000000039968, -0.8660254037844363761, 0.000000000000000000 ) ) ;
#927 = ADVANCED_FACE ( 'NONE', ( #1410 ), #2555, .F. ) ;
#928 = DATE_TIME_ROLE ( 'classification_date' ) ;
#929 = DIRECTION ( 'NONE',  ( 0.000000000000000000, -6.982962677686266711E-15, 1.000000000000000000 ) ) ;
#930 = VERTEX_POINT ( 'NONE', #1152 ) ;
#931 = EDGE_CURVE ( 'NONE', #2360, #775, #1451, .T. ) ;
#932 = CARTESIAN_POINT ( 'NONE',  ( 14.00000000000000178, -17.27444493861360186, 0.7499999999998793188 ) ) ;
#933 = ORIENTED_EDGE ( 'NONE', *, *, #583, .F. ) ;
#934 = DIRECTION ( 'NONE',  ( 2.312964634635742661E-15, -1.000000000000000000, -6.975033976323412122E-15 ) ) ;
#935 = EDGE_LOOP ( 'NONE', ( #3569, #2048 ) ) ;
#936 = DIRECTION ( 'NONE',  ( -0.5000000000000041078, -0.8660254037844363761, -3.944304526105059027E-31 ) ) ;
#937 = ORIENTED_EDGE ( 'NONE', *, *, #1092, .F. ) ;
#938 = PLANE ( 'NONE',  #1358 ) ;
#939 = DIRECTION ( 'NONE',  ( 0.000000000000000000, 0.000000000000000000, -1.000000000000000000 ) ) ;
#940 = DIRECTION ( 'NONE',  ( -0.000000000000000000, -6.982962677686266711E-15, 1.000000000000000000 ) ) ;
#941 = CIRCLE ( 'NONE', #3138, 1.500000000000001332 ) ;
#942 = AXIS2_PLACEMENT_3D ( 'NONE', #1998, #3130, #1440 ) ;
#943 = DATE_AND_TIME ( #352, #249 ) ;
#944 = AXIS2_PLACEMENT_3D ( 'NONE', #2209, #754, #3609 ) ;
#945 = DIRECTION ( 'NONE',  ( 1.000000000000000000, 0.000000000000000000, 0.000000000000000000 ) ) ;
#946 = VERTEX_POINT ( 'NONE', #1706 ) ;
#947 = AXIS2_PLACEMENT_3D ( 'NONE', #890, #1686, #1406 ) ;
#948 = CARTESIAN_POINT ( 'NONE',  ( -18.27500000000015845, -33.64508693702535425, 0.4500000000000070055 ) ) ;
#949 = ADVANCED_FACE ( 'NONE', ( #602 ), #1690, .T. ) ;
#950 = DIRECTION ( 'NONE',  ( 0.000000000000000000, 0.000000000000000000, 1.000000000000000000 ) ) ;
#951 = CARTESIAN_POINT ( 'NONE',  ( -23.00000000000000355, 18.50000000000000711, -0.7500000000000000000 ) ) ;
#952 = ORIENTED_EDGE ( 'NONE', *, *, #578, .F. ) ;
#953 = AXIS2_PLACEMENT_3D ( 'NONE', #3268, #436, #2109 ) ;
#954 = CARTESIAN_POINT ( 'NONE',  ( -16.49999999999999645, -15.49999999999999822, 0.7499999999998918643 ) ) ;
#955 = ORIENTED_EDGE ( 'NONE', *, *, #2288, .F. ) ;
#956 = CARTESIAN_POINT ( 'NONE',  ( 10.00000000000000355, 3.500000000000008438, -0.7500000000000000000 ) ) ;
#957 = VERTEX_POINT ( 'NONE', #1132 ) ;
#958 = VECTOR ( 'NONE', #2814, 1000.000000000000000 ) ;
#959 = CYLINDRICAL_SURFACE ( 'NONE', #1074, 1.149999999999998135 ) ;
#960 = EDGE_CURVE ( 'NONE', #3470, #344, #257, .T. ) ;
#961 = VECTOR ( 'NONE', #1653, 1000.000000000000000 ) ;
#962 = LINE ( 'NONE', #3228, #713 ) ;
#963 = AXIS2_PLACEMENT_3D ( 'NONE', #806, #1877, #3070 ) ;
#964 = ADVANCED_FACE ( 'NONE', ( #2613 ), #315, .F. ) ;
#965 = CALENDAR_DATE ( 2025, 21, 1 ) ;
#966 = FACE_BOUND ( 'NONE', #46, .T. ) ;
#967 = APPROVAL_PERSON_ORGANIZATION ( #59, #362, #2373 ) ;
#968 = ORIENTED_EDGE ( 'NONE', *, *, #2266, .T. ) ;
#969 = AXIS2_PLACEMENT_3D ( 'NONE', #3165, #2825, #2285 ) ;
#970 = CARTESIAN_POINT ( 'NONE',  ( -29.50000000000000711, 34.93072594216366156, 0.7500000000002439160 ) ) ;
#971 = CARTESIAN_POINT ( 'NONE',  ( -10.00000000000000000, -1.499999999999989120, 0.7499999999999894529 ) ) ;
#972 = LINE ( 'NONE', #2936, #6 ) ;
#973 = ORIENTED_EDGE ( 'NONE', *, *, #1960, .T. ) ;
#974 = CARTESIAN_POINT ( 'NONE',  ( -33.00000000000000000, 32.90999999999998948, -0.7499999999997701838 ) ) ;
#975 = ORIENTED_EDGE ( 'NONE', *, *, #1747, .T. ) ;
#976 = CARTESIAN_POINT ( 'NONE',  ( -21.57092921435227240, -35.06194536572957077, 0.4499999999999931277 ) ) ;
#977 = ORIENTED_EDGE ( 'NONE', *, *, #1212, .T. ) ;
#978 = EDGE_CURVE ( 'NONE', #62, #2909, #174, .T. ) ;
#979 = FACE_BOUND ( 'NONE', #280, .T. ) ;
#980 = DIRECTION ( 'NONE',  ( 0.000000000000000000, -1.000000000000000000, -6.975033976323405811E-15 ) ) ;
#981 = EDGE_CURVE ( 'NONE', #2364, #3473, #3423, .T. ) ;
#982 = DIRECTION ( 'NONE',  ( -0.000000000000000000, 0.000000000000000000, 1.000000000000000000 ) ) ;
#983 = ORIENTED_EDGE ( 'NONE', *, *, #3021, .F. ) ;
#984 = CARTESIAN_POINT ( 'NONE',  ( 4.999999999999999112, -27.99999999999998934, -0.7500000000000000000 ) ) ;
#985 = CARTESIAN_POINT ( 'NONE',  ( 4.000000000000000000, -34.00000000000000711, 0.4499999999997609246 ) ) ;
#986 = DIRECTION ( 'NONE',  ( 0.000000000000000000, -1.000000000000000000, -6.975033976323413699E-15 ) ) ;
#987 = ORIENTED_EDGE ( 'NONE', *, *, #2758, .T. ) ;
#988 = EDGE_CURVE ( 'NONE', #801, #3503, #876, .T. ) ;
#989 = DIRECTION ( 'NONE',  ( 0.000000000000000000, -1.000000000000000000, -6.987080667128821429E-15 ) ) ;
#990 = ORIENTED_EDGE ( 'NONE', *, *, #1457, .F. ) ;
#991 = CARTESIAN_POINT ( 'NONE',  ( -16.75000000000013500, -29.01185102677862560, -0.7500000000000000000 ) ) ;
#992 = EDGE_LOOP ( 'NONE', ( #762, #1872 ) ) ;
#993 = LINE ( 'NONE', #2426, #1203 ) ;
#994 = ADVANCED_FACE ( 'NONE', ( #1969 ), #2256, .F. ) ;
#995 = CARTESIAN_POINT ( 'NONE',  ( -10.00000000000000000, 3.500000000000011990, 0.7510000000003037579 ) ) ;
#996 = EDGE_CURVE ( 'NONE', #3550, #957, #118, .T. ) ;
#997 = CARTESIAN_POINT ( 'NONE',  ( 0.000000000000000000, -5.237222008264700033E-15, 0.7500000000000000000 ) ) ;
#998 = ORIENTED_EDGE ( 'NONE', *, *, #1519, .T. ) ;
#999 = CIRCLE ( 'NONE', #168, 2.999999999999999112 ) ;
#1000 = DIRECTION ( 'NONE',  ( 0.000000000000000000, -1.000000000000000000, -6.982261990806648555E-15 ) ) ;
#1001 = EDGE_CURVE ( 'NONE', #380, #930, #3209, .T. ) ;
#1002 = FACE_OUTER_BOUND ( 'NONE', #676, .T. ) ;
#1003 = LINE ( 'NONE', #1628, #2736 ) ;
#1004 = VERTEX_POINT ( 'NONE', #2838 ) ;
#1005 = AXIS2_PLACEMENT_3D ( 'NONE', #1814, #1762, #2609 ) ;
#1006 = FACE_OUTER_BOUND ( 'NONE', #2143, .T. ) ;
#1007 = AXIS2_PLACEMENT_3D ( 'NONE', #2116, #3243, #1829 ) ;
#1008 = ORIENTED_EDGE ( 'NONE', *, *, #2946, .F. ) ;
#1009 = AXIS2_PLACEMENT_3D ( 'NONE', #2009, #1945, #860 ) ;
#1010 = ORIENTED_EDGE ( 'NONE', *, *, #1863, .T. ) ;
#1011 = VECTOR ( 'NONE', #2688, 1000.000000000000114 ) ;
#1012 = CARTESIAN_POINT ( 'NONE',  ( 44.99999999999998579, 4.000000000000000000, 0.7500000000000279776 ) ) ;
#1013 = PLANE ( 'NONE',  #2793 ) ;
#1014 = AXIS2_PLACEMENT_3D ( 'NONE', #3349, #1902, #3074 ) ;
#1015 = CC_DESIGN_DATE_AND_TIME_ASSIGNMENT ( #3230, #1225, ( #2647 ) ) ;
#1016 = AXIS2_PLACEMENT_3D ( 'NONE', #3325, #749, #546 ) ;
#1017 = AXIS2_PLACEMENT_3D ( 'NONE', #1330, #3346, #2202 ) ;
#1018 = CARTESIAN_POINT ( 'NONE',  ( 3.464101615137748169, -2.000000000000018208, 0.4500000000000279887 ) ) ;
#1019 = ORIENTED_EDGE ( 'NONE', *, *, #1545, .T. ) ;
#1020 = EDGE_CURVE ( 'NONE', #396, #801, #1544, .T. ) ;
#1021 = DIRECTION ( 'NONE',  ( 1.000000000000000000, 0.000000000000000000, 0.000000000000000000 ) ) ;
#1022 = CARTESIAN_POINT ( 'NONE',  ( 35.00000000000000000, 5.237222008264700033E-15, 0.7510000000003037579 ) ) ;
#1023 = ORIENTED_EDGE ( 'NONE', *, *, #2342, .F. ) ;
#1024 = CARTESIAN_POINT ( 'NONE',  ( -5.000000000000000000, 12.25000000000000000, 0.4500000000000838885 ) ) ;
#1025 = ORIENTED_EDGE ( 'NONE', *, *, #1802, .F. ) ;
#1026 = DIRECTION ( 'NONE',  ( 1.000000000000000000, 0.000000000000000000, 0.000000000000000000 ) ) ;
#1027 = ORIENTED_EDGE ( 'NONE', *, *, #3183, .F. ) ;
#1028 = EDGE_CURVE ( 'NONE', #817, #2725, #580, .T. ) ;
#1029 = VECTOR ( 'NONE', #2449, 1000.000000000000000 ) ;
#1030 = DIRECTION ( 'NONE',  ( 0.000000000000000000, 6.982962677686266711E-15, -1.000000000000000000 ) ) ;
#1031 = DIRECTION ( 'NONE',  ( -0.000000000000000000, 6.983283950242307528E-15, -1.000000000000000000 ) ) ;
#1032 = LINE ( 'NONE', #3059, #478 ) ;
#1033 = ORIENTED_EDGE ( 'NONE', *, *, #2214, .F. ) ;
#1034 = FACE_BOUND ( 'NONE', #1861, .T. ) ;
#1035 = DIRECTION ( 'NONE',  ( -6.047701302750016252E-15, -3.491641975121097361E-15, -1.000000000000000000 ) ) ;
#1036 = ORIENTED_EDGE ( 'NONE', *, *, #1885, .T. ) ;
#1037 = CARTESIAN_POINT ( 'NONE',  ( 31.49999999999998579, -3.999999999999998224, 0.4499999999999720890 ) ) ;
#1038 = ORIENTED_EDGE ( 'NONE', *, *, #1020, .T. ) ;
#1039 = CARTESIAN_POINT ( 'NONE',  ( -4.000000000000000000, -34.00000000000000711, 0.7499999999997625233 ) ) ;
#1040 = ORIENTED_EDGE ( 'NONE', *, *, #1444, .F. ) ;
#1041 = DIRECTION ( 'NONE',  ( -0.000000000000000000, 0.000000000000000000, 1.000000000000000000 ) ) ;
#1042 = EDGE_CURVE ( 'NONE', #1618, #2037, #1393, .T. ) ;
#1043 = CARTESIAN_POINT ( 'NONE',  ( 5.000000000000000000, 14.49999999999999467, 0.7500000000001012523 ) ) ;
#1044 = LINE ( 'NONE', #3630, #2636 ) ;
#1045 = DIRECTION ( 'NONE',  ( -1.000000000000000000, 0.000000000000000000, 6.033820786006295184E-15 ) ) ;
#1046 = VERTEX_POINT ( 'NONE', #2637 ) ;
#1047 = CARTESIAN_POINT ( 'NONE',  ( -17.16506350946120563, -24.73076211353307485, 0.4499999999999825806 ) ) ;
#1048 = DIRECTION ( 'NONE',  ( 0.000000000000000000, 0.000000000000000000, 1.000000000000000000 ) ) ;
#1049 = LINE ( 'NONE', #3339, #2075 ) ;
#1050 = EDGE_LOOP ( 'NONE', ( #937, #2701, #2779, #923 ) ) ;
#1051 = CIRCLE ( 'NONE', #3305, 2.249999999999995115 ) ;
#1052 = ADVANCED_FACE ( 'NONE', ( #3213 ), #674, .F. ) ;
#1053 = CARTESIAN_POINT ( 'NONE',  ( -33.00000000000000711, 28.86854811567259560, 0.7500000000002016165 ) ) ;
#1054 = ORIENTED_EDGE ( 'NONE', *, *, #672, .T. ) ;
#1055 = CARTESIAN_POINT ( 'NONE',  ( -19.57907078564806724, -36.21194536572957645, 0.7510000000003037579 ) ) ;
#1056 = VECTOR ( 'NONE', #2598, 1000.000000000000000 ) ;
#1057 = VERTEX_POINT ( 'NONE', #2047 ) ;
#1058 = AXIS2_PLACEMENT_3D ( 'NONE', #3156, #3370, #3632 ) ;
#1059 = CARTESIAN_POINT ( 'NONE',  ( 12.56227054268196319, 31.04037922572216956, -0.7499999999997832845 ) ) ;
#1060 = VECTOR ( 'NONE', #1910, 1000.000000000000000 ) ;
#1061 = ORIENTED_EDGE ( 'NONE', *, *, #1570, .T. ) ;
#1062 = LINE ( 'NONE', #2441, #3555 ) ;
#1063 = EDGE_CURVE ( 'NONE', #3340, #3109, #3385, .T. ) ;
#1064 = EDGE_CURVE ( 'NONE', #1308, #223, #1505, .T. ) ;
#1065 = FACE_OUTER_BOUND ( 'NONE', #1933, .T. ) ;
#1066 = LINE ( 'NONE', #2211, #958 ) ;
#1067 = DIRECTION ( 'NONE',  ( -0.000000000000000000, -6.982962677686266711E-15, 1.000000000000000000 ) ) ;
#1068 = ORIENTED_EDGE ( 'NONE', *, *, #2581, .T. ) ;
#1069 = CIRCLE ( 'NONE', #2454, 6.999999999999999112 ) ;
#1070 = DIRECTION ( 'NONE',  ( 1.000000000000000000, 0.000000000000000000, 0.000000000000000000 ) ) ;
#1071 = FACE_BOUND ( 'NONE', #2773, .T. ) ;
#1072 = CARTESIAN_POINT ( 'NONE',  ( 4.000000000000000000, -31.75000000000001421, 0.7499999999997782885 ) ) ;
#1073 = ORIENTED_EDGE ( 'NONE', *, *, #2367, .F. ) ;
#1074 = AXIS2_PLACEMENT_3D ( 'NONE', #2099, #939, #456 ) ;
#1075 = CYLINDRICAL_SURFACE ( 'NONE', #2680, 1.500000000000001332 ) ;
#1076 = ORIENTED_EDGE ( 'NONE', *, *, #1321, .T. ) ;
#1077 = LINE ( 'NONE', #2803, #477 ) ;
#1078 = VERTEX_POINT ( 'NONE', #3176 ) ;
#1079 = CC_DESIGN_PERSON_AND_ORGANIZATION_ASSIGNMENT ( #2234, #3354, ( #536 ) ) ;
#1080 = CIRCLE ( 'NONE', #3633, 8.000000000000000000 ) ;
#1081 = FACE_OUTER_BOUND ( 'NONE', #787, .T. ) ;
#1082 = ORIENTED_EDGE ( 'NONE', *, *, #2763, .F. ) ;
#1083 = CARTESIAN_POINT ( 'NONE',  ( 5.922644626206825080, -43.50000000000000000, -0.7500000000003037570 ) ) ;
#1084 = AXIS2_PLACEMENT_3D ( 'NONE', #130, #2671, #3529 ) ;
#1085 = LINE ( 'NONE', #2169, #2858 ) ;
#1086 = FACE_OUTER_BOUND ( 'NONE', #1667, .T. ) ;
#1087 = CARTESIAN_POINT ( 'NONE',  ( -29.50000000000000000, -34.93072594216368287, -0.7500000000002439160 ) ) ;
#1088 = ORIENTED_EDGE ( 'NONE', *, *, #3416, .F. ) ;
#1089 = VERTEX_POINT ( 'NONE', #3493 ) ;
#1090 = PLANE ( 'NONE',  #3261 ) ;
#1091 = CARTESIAN_POINT ( 'NONE',  ( -16.49999999999999645, 18.50000000000000711, -0.7500000000000000000 ) ) ;
#1092 = EDGE_CURVE ( 'NONE', #1417, #1089, #3321, .T. ) ;
#1093 = ORIENTED_EDGE ( 'NONE', *, *, #1106, .F. ) ;
#1094 = DIRECTION ( 'NONE',  ( 1.000000000000000000, 0.000000000000000000, 0.000000000000000000 ) ) ;
#1095 = VERTEX_POINT ( 'NONE', #914 ) ;
#1096 = CARTESIAN_POINT ( 'NONE',  ( 31.60991487455629212, 9.832289439411972864, 0.7500000000000686118 ) ) ;
#1097 = ORIENTED_EDGE ( 'NONE', *, *, #550, .F. ) ;
#1098 = DIRECTION ( 'NONE',  ( 0.000000000000000000, -1.000000000000000000, -6.987080667128821429E-15 ) ) ;
#1099 = ORIENTED_EDGE ( 'NONE', *, *, #3242, .T. ) ;
#1100 = CARTESIAN_POINT ( 'NONE',  ( 14.00000000000000178, 22.17000000000000881, -0.7500000000000000000 ) ) ;
#1101 = CARTESIAN_POINT ( 'NONE',  ( 17.00000000000000000, 17.27444493861361607, 0.7500000000001206812 ) ) ;
#1102 = ADVANCED_FACE ( 'NONE', ( #354 ), #431, .F. ) ;
#1103 = DIRECTION ( 'NONE',  ( -0.000000000000000000, -6.982962677686266711E-15, 1.000000000000000000 ) ) ;
#1104 = CARTESIAN_POINT ( 'NONE',  ( 0.9959292143521063512, -0.5750000000000073941, -0.7500000000000000000 ) ) ;
#1105 = ORIENTED_EDGE ( 'NONE', *, *, #38, .T. ) ;
#1106 = EDGE_CURVE ( 'NONE', #3642, #2013, #3527, .T. ) ;
#1107 = FACE_OUTER_BOUND ( 'NONE', #507, .T. ) ;
#1108 = DIRECTION ( 'NONE',  ( -1.000000000000000000, 0.000000000000000000, 0.000000000000000000 ) ) ;
#1109 = CARTESIAN_POINT ( 'NONE',  ( -19.03589838486242769, -40.97114317029964070, 0.4500000000000279887 ) ) ;
#1110 = VERTEX_POINT ( 'NONE', #1816 ) ;
#1111 = EDGE_CURVE ( 'NONE', #565, #3352, #836, .T. ) ;
#1112 = DIRECTION ( 'NONE',  ( 0.000000000000000000, -6.982962677686266711E-15, 1.000000000000000000 ) ) ;
#1113 = ORIENTED_EDGE ( 'NONE', *, *, #399, .T. ) ;
#1114 = CYLINDRICAL_SURFACE ( 'NONE', #1130, 1.500000000000004885 ) ;
#1115 = ORIENTED_EDGE ( 'NONE', *, *, #1572, .F. ) ;
#1116 = AXIS2_PLACEMENT_3D ( 'NONE', #3330, #792, #474 ) ;
#1117 = VECTOR ( 'NONE', #486, 1000.000000000000000 ) ;
#1118 = ADVANCED_FACE ( 'NONE', ( #2081 ), #2655, .T. ) ;
#1119 = CARTESIAN_POINT ( 'NONE',  ( -26.00000000000000355, 28.86854811567260981, -0.7499999999997984945 ) ) ;
#1120 = VECTOR ( 'NONE', #425, 1000.000000000000000 ) ;
#1121 = ORIENTED_EDGE ( 'NONE', *, *, #3411, .F. ) ;
#1122 = CARTESIAN_POINT ( 'NONE',  ( -4.999999999999999112, 3.500000000000011102, -0.7500000000000000000 ) ) ;
#1123 = VECTOR ( 'NONE', #2834, 999.9999999999998863 ) ;
#1124 = CARTESIAN_POINT ( 'NONE',  ( -17.91506350946084680, 26.02980021920997089, 0.4500000000000174971 ) ) ;
#1125 = DIRECTION ( 'NONE',  ( 0.000000000000000000, -1.000000000000000000, -6.987080667128821429E-15 ) ) ;
#1126 = CARTESIAN_POINT ( 'NONE',  ( 14.00000000000000178, 17.27444493861361607, -0.7500000000000000000 ) ) ;
#1127 = AXIS2_PLACEMENT_3D ( 'NONE', #2966, #2660, #1822 ) ;
#1128 = ORIENTED_EDGE ( 'NONE', *, *, #1955, .T. ) ;
#1129 = VERTEX_POINT ( 'NONE', #2910 ) ;
#1130 = AXIS2_PLACEMENT_3D ( 'NONE', #30, #903, #881 ) ;
#1131 = CARTESIAN_POINT ( 'NONE',  ( 27.29951150590041564, -1.360408930085525769, 0.7499999999999904521 ) ) ;
#1132 = CARTESIAN_POINT ( 'NONE',  ( 5.000000000000000000, 13.00000000000000533, -0.7500000000005176970 ) ) ;
#1133 = DIRECTION ( 'NONE',  ( 1.000000000000000000, 0.000000000000000000, 0.000000000000000000 ) ) ;
#1134 = ORIENTED_EDGE ( 'NONE', *, *, #2981, .T. ) ;
#1135 = AXIS2_PLACEMENT_3D ( 'NONE', #2122, #950, #2965 ) ;
#1136 = EDGE_CURVE ( 'NONE', #2735, #565, #1489, .T. ) ;
#1137 = DIRECTION ( 'NONE',  ( 0.000000000000000000, 0.000000000000000000, -1.000000000000000000 ) ) ;
#1138 = EDGE_LOOP ( 'NONE', ( #2954, #874, #2710, #1853 ) ) ;
#1139 = CARTESIAN_POINT ( 'NONE',  ( -19.21410161513786363, -25.27980021920972220, 0.7499999999999720224 ) ) ;
#1140 = ORIENTED_EDGE ( 'NONE', *, *, #809, .T. ) ;
#1141 = VECTOR ( 'NONE', #9, 1000.000000000000000 ) ;
#1142 = DIRECTION ( 'NONE',  ( 0.000000000000000000, -6.982962677686266711E-15, 1.000000000000000000 ) ) ;
#1143 = VERTEX_POINT ( 'NONE', #94 ) ;
#1144 = DIRECTION ( 'NONE',  ( -0.000000000000000000, 6.982962677686266711E-15, -1.000000000000000000 ) ) ;
#1145 = CARTESIAN_POINT ( 'NONE',  ( 0.9959292143521052409, 0.5749999999999881872, 0.7510000000003037579 ) ) ;
#1146 = DIRECTION ( 'NONE',  ( 0.000000000000000000, -1.000000000000000000, -7.011174048739588766E-15 ) ) ;
#1147 = CARTESIAN_POINT ( 'NONE',  ( -20.57500000000016982, -35.63694536572956650, 0.4500000000000000666 ) ) ;
#1148 = EDGE_LOOP ( 'NONE', ( #1273, #2856, #2422, #1412 ) ) ;
#1149 = EDGE_CURVE ( 'NONE', #735, #3171, #1213, .T. ) ;
#1150 = VERTEX_POINT ( 'NONE', #2374 ) ;
#1151 = DIRECTION ( 'NONE',  ( 0.000000000000000000, -6.982962677686266711E-15, 1.000000000000000000 ) ) ;
#1152 = CARTESIAN_POINT ( 'NONE',  ( 5.922644626206825080, -43.50000000000000000, -0.7500000000003037570 ) ) ;
#1153 = CARTESIAN_POINT ( 'NONE',  ( -23.00000000000000355, -18.49999999999999289, 0.7499999999998707700 ) ) ;
#1154 = ORIENTED_EDGE ( 'NONE', *, *, #870, .F. ) ;
#1155 = DIRECTION ( 'NONE',  ( 0.000000000000000000, 0.000000000000000000, -1.000000000000000000 ) ) ;
#1156 = EDGE_LOOP ( 'NONE', ( #2917, #11, #797, #3521 ) ) ;
#1157 = DIRECTION ( 'NONE',  ( -0.000000000000000000, -6.982962677686266711E-15, 1.000000000000000000 ) ) ;
#1158 = ORIENTED_EDGE ( 'NONE', *, *, #1635, .T. ) ;
#1159 = DIRECTION ( 'NONE',  ( -0.000000000000000000, 0.000000000000000000, 1.000000000000000000 ) ) ;
#1160 = ORIENTED_EDGE ( 'NONE', *, *, #1409, .F. ) ;
#1161 = CARTESIAN_POINT ( 'NONE',  ( 5.000000000000000000, 12.25000000000000000, 0.4500000000000838885 ) ) ;
#1162 = DIRECTION ( 'NONE',  ( 0.000000000000000000, 0.000000000000000000, -1.000000000000000000 ) ) ;
#1163 = EDGE_CURVE ( 'NONE', #2393, #1845, #124, .T. ) ;
#1164 = ADVANCED_FACE ( 'NONE', ( #689 ), #2962, .F. ) ;
#1165 = CARTESIAN_POINT ( 'NONE',  ( -19.03589838486185926, 40.97114317029990360, 0.7499999999999720224 ) ) ;
#1166 = DIRECTION ( 'NONE',  ( 0.000000000000000000, 0.000000000000000000, -1.000000000000000000 ) ) ;
#1167 = ORIENTED_EDGE ( 'NONE', *, *, #2229, .F. ) ;
#1168 = ORIENTED_EDGE ( 'NONE', *, *, #2067, .T. ) ;
#1169 = DIRECTION ( 'NONE',  ( 1.000000000000000000, 0.000000000000000000, 0.000000000000000000 ) ) ;
#1170 = CARTESIAN_POINT ( 'NONE',  ( -12.78193760082772279, -43.49999999999999289, -0.7500000000003037570 ) ) ;
#1171 = DIRECTION ( 'NONE',  ( 0.8660254037844432595, 0.4999999999999919509, 0.000000000000000000 ) ) ;
#1172 = EDGE_LOOP ( 'NONE', ( #418, #40, #3157, #2127 ) ) ;
#1173 = DIRECTION ( 'NONE',  ( -1.000000000000000000, 0.000000000000000000, 0.000000000000000000 ) ) ;
#1174 = ORIENTED_EDGE ( 'NONE', *, *, #555, .T. ) ;
#1175 = CARTESIAN_POINT ( 'NONE',  ( 29.99999999999998934, -2.499999999999998224, 0.4499999999999825806 ) ) ;
#1176 = VERTEX_POINT ( 'NONE', #2930 ) ;
#1177 = CARTESIAN_POINT ( 'NONE',  ( -5.000000000000000000, 14.49999999999999645, 0.4500000000000996536 ) ) ;
#1178 = ORIENTED_EDGE ( 'NONE', *, *, #1483, .T. ) ;
#1179 = DIRECTION ( 'NONE',  ( 0.000000000000000000, 0.000000000000000000, 1.000000000000000000 ) ) ;
#1180 = AXIS2_PLACEMENT_3D ( 'NONE', #2770, #3290, #1347 ) ;
#1181 = CIRCLE ( 'NONE', #350, 3.000000000000000888 ) ;
#1182 = AXIS2_PLACEMENT_3D ( 'NONE', #1584, #2729, #207 ) ;
#1183 = CARTESIAN_POINT ( 'NONE',  ( 29.99999999999998934, -5.237462962681730252E-15, 0.7500000000000000000 ) ) ;
#1184 = FACE_OUTER_BOUND ( 'NONE', #1793, .T. ) ;
#1185 = ORIENTED_EDGE ( 'NONE', *, *, #1660, .F. ) ;
#1186 = VECTOR ( 'NONE', #3310, 1000.000000000000114 ) ;
#1187 = ADVANCED_FACE ( 'NONE', ( #378, #410, #1536, #107, #2392, #3512, #966, #127, #704, #511 ), #1904, .T. ) ;
#1188 = EDGE_CURVE ( 'NONE', #1892, #1811, #1662, .T. ) ;
#1189 = AXIS2_PLACEMENT_3D ( 'NONE', #1532, #2684, #123 ) ;
#1190 = COORDINATED_UNIVERSAL_TIME_OFFSET ( 1, 0, .AHEAD. ) ;
#1191 = AXIS2_PLACEMENT_3D ( 'NONE', #3047, #2237, #2520 ) ;
#1192 = DIRECTION ( 'NONE',  ( -0.000000000000000000, 6.982962677686266711E-15, -1.000000000000000000 ) ) ;
#1193 = ORIENTED_EDGE ( 'NONE', *, *, #2102, .F. ) ;
#1194 = EDGE_CURVE ( 'NONE', #1926, #1004, #1312, .T. ) ;
#1195 = VECTOR ( 'NONE', #2359, 1000.000000000000000 ) ;
#1196 = LINE ( 'NONE', #3469, #1858 ) ;
#1197 = ORIENTED_EDGE ( 'NONE', *, *, #667, .F. ) ;
#1198 = DIRECTION ( 'NONE',  ( 1.000000000000000000, 0.000000000000000000, 0.000000000000000000 ) ) ;
#1199 = AXIS2_PLACEMENT_3D ( 'NONE', #1664, #3417, #556 ) ;
#1200 = VERTEX_POINT ( 'NONE', #1295 ) ;
#1201 = CIRCLE ( 'NONE', #1666, 5.000000000000000888 ) ;
#1202 = DIRECTION ( 'NONE',  ( -0.000000000000000000, -6.982962677686266711E-15, 1.000000000000000000 ) ) ;
#1203 = VECTOR ( 'NONE', #2407, 1000.000000000000000 ) ;
#1204 = ORIENTED_EDGE ( 'NONE', *, *, #2029, .F. ) ;
#1205 = CARTESIAN_POINT ( 'NONE',  ( 38.85000000000000142, -1.149999999999994804, 0.4499999999999920175 ) ) ;
#1206 = CIRCLE ( 'NONE', #2271, 8.000000000000000000 ) ;
#1207 = DIRECTION ( 'NONE',  ( -6.047701302750016252E-15, -3.491641975121097361E-15, -1.000000000000000000 ) ) ;
#1208 = ADVANCED_FACE ( 'NONE', ( #1624 ), #2494, .F. ) ;
#1209 = CARTESIAN_POINT ( 'NONE',  ( -33.00000000000000000, 32.90999999999997527, 0.7500000000002298162 ) ) ;
#1210 = ORIENTED_EDGE ( 'NONE', *, *, #2581, .F. ) ;
#1211 = DATE_AND_TIME ( #2103, #2040 ) ;
#1212 = EDGE_CURVE ( 'NONE', #691, #2939, #2734, .T. ) ;
#1213 = LINE ( 'NONE', #1520, #1195 ) ;
#1214 = ORIENTED_EDGE ( 'NONE', *, *, #2119, .F. ) ;
#1215 = CARTESIAN_POINT ( 'NONE',  ( -26.00000000000000355, 18.50000000000000711, -0.7500000000000000000 ) ) ;
#1216 = VERTEX_POINT ( 'NONE', #1605 ) ;
#1217 = CARTESIAN_POINT ( 'NONE',  ( 14.00000000000000178, -22.16999999999999460, 0.7510000000003037579 ) ) ;
#1218 = ORIENTED_EDGE ( 'NONE', *, *, #2046, .F. ) ;
#1219 = LINE ( 'NONE', #2368, #1714 ) ;
#1220 = ORIENTED_EDGE ( 'NONE', *, *, #2214, .T. ) ;
#1221 = CARTESIAN_POINT ( 'NONE',  ( 31.49999999999998579, -3.999999999999998224, 0.4499999999999720890 ) ) ;
#1222 = CARTESIAN_POINT ( 'NONE',  ( 28.93609970836706324, -11.19269836949749575, 0.7510000000003037579 ) ) ;
#1223 = CARTESIAN_POINT ( 'NONE',  ( -19.21410161513751191, 25.27980021920998510, 0.7500000000001765255 ) ) ;
#1224 = EDGE_CURVE ( 'NONE', #8, #1474, #1032, .T. ) ;
#1225 = DATE_TIME_ROLE ( 'creation_date' ) ;
#1226 = CARTESIAN_POINT ( 'NONE',  ( 26.60734980360364688, 5.237222008264700033E-15, 0.7510000000003037579 ) ) ;
#1227 = ORIENTED_EDGE ( 'NONE', *, *, #3482, .T. ) ;
#1228 = EDGE_CURVE ( 'NONE', #3386, #2307, #175, .T. ) ;
#1229 = PLANE ( 'NONE',  #137 ) ;
#1230 = VERTEX_POINT ( 'NONE', #2186 ) ;
#1231 = DIRECTION ( 'NONE',  ( -1.101411730778925171E-16, -1.000000000000000000, 0.000000000000000000 ) ) ;
#1232 = ORIENTED_EDGE ( 'NONE', *, *, #2658, .T. ) ;
#1233 = ADVANCED_FACE ( 'NONE', ( #459 ), #230, .T. ) ;
#1234 = CARTESIAN_POINT ( 'NONE',  ( -4.095812952314146216, 35.50000000000000711, -0.7499999999997521982 ) ) ;
#1235 = ORIENTED_EDGE ( 'NONE', *, *, #1773, .T. ) ;
#1236 = CARTESIAN_POINT ( 'NONE',  ( 43.11947591133416324, 15.05647746279743693, -0.7499999999998948619 ) ) ;
#1237 = EDGE_CURVE ( 'NONE', #2032, #819, #2212, .T. ) ;
#1238 = CARTESIAN_POINT ( 'NONE',  ( 4.000000000000000000, -36.25000000000000711, 0.4499999999997452149 ) ) ;
#1239 = DIRECTION ( 'NONE',  ( -0.4999999999999919509, 0.8660254037844432595, -0.000000000000000000 ) ) ;
#1240 = VECTOR ( 'NONE', #305, 1000.000000000000114 ) ;
#1241 = VECTOR ( 'NONE', #2887, 1000.000000000000000 ) ;
#1242 = APPROVAL_ROLE ( '' ) ;
#1243 = VECTOR ( 'NONE', #3665, 1000.000000000000000 ) ;
#1244 = DIRECTION ( 'NONE',  ( -0.8660254037844357100, 0.5000000000000049960, -7.011174048739594288E-15 ) ) ;
#1245 = ADVANCED_FACE ( 'NONE', ( #3576 ), #2170, .F. ) ;
#1246 = ORIENTED_EDGE ( 'NONE', *, *, #1064, .T. ) ;
#1247 = VECTOR ( 'NONE', #812, 1000.000000000000000 ) ;
#1248 = CARTESIAN_POINT ( 'NONE',  ( 31.60991487455629212, 9.832289439411972864, -0.7500000000000000000 ) ) ;
#1249 = DIRECTION ( 'NONE',  ( 0.000000000000000000, 0.000000000000000000, -1.000000000000000000 ) ) ;
#1250 = DIRECTION ( 'NONE',  ( -0.000000000000000000, 6.982962677686266711E-15, -1.000000000000000000 ) ) ;
#1251 = ORIENTED_EDGE ( 'NONE', *, *, #978, .F. ) ;
#1252 = CIRCLE ( 'NONE', #715, 1.499999999999999556 ) ;
#1253 = CARTESIAN_POINT ( 'NONE',  ( 41.15000000000000568, 1.150000000000005240, -0.7499999999999920064 ) ) ;
#1254 = ORIENTED_EDGE ( 'NONE', *, *, #2818, .F. ) ;
#1255 = EDGE_CURVE ( 'NONE', #3581, #3352, #1925, .T. ) ;
#1256 = EDGE_CURVE ( 'NONE', #1324, #3528, #2136, .T. ) ;
#1257 = CARTESIAN_POINT ( 'NONE',  ( -14.65758194784559620, 43.50000000000000000, -0.7499999999996962430 ) ) ;
#1258 = VERTEX_POINT ( 'NONE', #2478 ) ;
#1259 = CIRCLE ( 'NONE', #3323, 8.000000000000000000 ) ;
#1260 = CARTESIAN_POINT ( 'NONE',  ( -4.000000000000000000, -33.99999999999999289, -0.7500000000008458789 ) ) ;
#1261 = AXIS2_PLACEMENT_3D ( 'NONE', #2767, #2222, #1026 ) ;
#1262 = EDGE_CURVE ( 'NONE', #801, #841, #529, .T. ) ;
#1263 = CARTESIAN_POINT ( 'NONE',  ( -4.000000000000000000, -34.00000000000000711, 0.4499999999997609246 ) ) ;
#1264 = AXIS2_PLACEMENT_3D ( 'NONE', #2649, #36, #1778 ) ;
#1265 = APPROVAL_DATE_TIME ( #2667, #538 ) ;
#1266 = CARTESIAN_POINT ( 'NONE',  ( -5.000000000000000000, -22.99999999999999289, 0.7510000000003037579 ) ) ;
#1267 = AXIS2_PLACEMENT_3D ( 'NONE', #1990, #1705, #2298 ) ;
#1268 = ORIENTED_EDGE ( 'NONE', *, *, #2455, .F. ) ;
#1269 = AXIS2_PLACEMENT_3D ( 'NONE', #1413, #3658, #1973 ) ;
#1270 = CARTESIAN_POINT ( 'NONE',  ( -17.16506350946120563, -24.73076211353307485, 0.7499999999999825695 ) ) ;
#1271 = CARTESIAN_POINT ( 'NONE',  ( 4.000000000000000000, -34.00000000000000711, 0.7499999999997625233 ) ) ;
#1272 = DIRECTION ( 'NONE',  ( 0.000000000000000000, -1.000000000000000000, -7.011174048739588766E-15 ) ) ;
#1273 = ORIENTED_EDGE ( 'NONE', *, *, #3244, .F. ) ;
#1274 = ADVANCED_FACE ( 'NONE', ( #1851 ), #2994, .F. ) ;
#1275 = DIRECTION ( 'NONE',  ( 0.000000000000000000, -1.000000000000000000, -6.975033976323409755E-15 ) ) ;
#1276 = ORIENTED_EDGE ( 'NONE', *, *, #636, .F. ) ;
#1277 = DIRECTION ( 'NONE',  ( -1.000000000000000000, 0.000000000000000000, 0.000000000000000000 ) ) ;
#1278 = EDGE_LOOP ( 'NONE', ( #3546, #1674, #1197, #1528 ) ) ;
#1279 = ADVANCED_FACE ( 'NONE', ( #158 ), #741, .T. ) ;
#1280 = LINE ( 'NONE', #2748, #2150 ) ;
#1281 = PLANE ( 'NONE',  #1116 ) ;
#1282 = EDGE_CURVE ( 'NONE', #3254, #3464, #2871, .T. ) ;
#1283 = EDGE_CURVE ( 'NONE', #1753, #558, #2004, .T. ) ;
#1284 = CARTESIAN_POINT ( 'NONE',  ( 14.00000000000000178, 17.27444493861361607, 0.7500000000001548761 ) ) ;
#1285 = EDGE_LOOP ( 'NONE', ( #2817, #1499, #1334, #3246 ) ) ;
#1286 = DIRECTION ( 'NONE',  ( 1.734723475976806848E-16, 1.000000000000000000, 0.000000000000000000 ) ) ;
#1287 = FACE_OUTER_BOUND ( 'NONE', #2157, .T. ) ;
#1288 = CARTESIAN_POINT ( 'NONE',  ( -4.095812952314146216, 35.50000000000000711, -0.7499999999997521982 ) ) ;
#1289 = ORIENTED_EDGE ( 'NONE', *, *, #3406, .T. ) ;
#1290 = CARTESIAN_POINT ( 'NONE',  ( -5.000000000000000000, 14.49999999999999645, 0.4500000000000996536 ) ) ;
#1291 = EDGE_LOOP ( 'NONE', ( #365, #1319 ) ) ;
#1292 = ORIENTED_EDGE ( 'NONE', *, *, #1943, .T. ) ;
#1293 = DIRECTION ( 'NONE',  ( -1.000000000000000000, 0.000000000000000000, 0.000000000000000000 ) ) ;
#1294 = FACE_OUTER_BOUND ( 'NONE', #2634, .T. ) ;
#1295 = CARTESIAN_POINT ( 'NONE',  ( -5.000000000000000000, 12.25000000000000000, 0.7500000000000855982 ) ) ;
#1296 = EDGE_CURVE ( 'NONE', #1496, #336, #116, .T. ) ;
#1297 = VECTOR ( 'NONE', #2095, 1000.000000000000000 ) ;
#1298 = ORIENTED_EDGE ( 'NONE', *, *, #2612, .F. ) ;
#1299 = VECTOR ( 'NONE', #936, 1000.000000000000000 ) ;
#1300 = VECTOR ( 'NONE', #2614, 1000.000000000000000 ) ;
#1301 = DIRECTION ( 'NONE',  ( -0.000000000000000000, -6.982962677686266711E-15, 1.000000000000000000 ) ) ;
#1302 = DIRECTION ( 'NONE',  ( 1.000000000000000000, 0.000000000000000000, 0.000000000000000000 ) ) ;
#1303 = FACE_BOUND ( 'NONE', #742, .T. ) ;
#1304 = VERTEX_POINT ( 'NONE', #3418 ) ;
#1305 = AXIS2_PLACEMENT_3D ( 'NONE', #3667, #1426, #2025 ) ;
#1306 = CARTESIAN_POINT ( 'NONE',  ( -15.25000000000013145, -29.01185102677862560, 0.7510000000003037579 ) ) ;
#1307 = AXIS2_PLACEMENT_3D ( 'NONE', #1571, #2977, #446 ) ;
#1308 = VERTEX_POINT ( 'NONE', #1126 ) ;
#1309 = DIRECTION ( 'NONE',  ( -1.000000000000000000, 0.000000000000000000, 0.000000000000000000 ) ) ;
#1310 = CIRCLE ( 'NONE', #3454, 2.999999999999999112 ) ;
#1311 = ORIENTED_EDGE ( 'NONE', *, *, #3229, .T. ) ;
#1312 = CIRCLE ( 'NONE', #2741, 1.149999999999999911 ) ;
#1313 = CYLINDRICAL_SURFACE ( 'NONE', #1968, 1.499999999999997780 ) ;
#1314 = FACE_OUTER_BOUND ( 'NONE', #3162, .T. ) ;
#1315 = AXIS2_PLACEMENT_3D ( 'NONE', #435, #2691, #510 ) ;
#1316 = VECTOR ( 'NONE', #469, 1000.000000000000000 ) ;
#1317 = EDGE_CURVE ( 'NONE', #710, #662, #2444, .T. ) ;
#1318 = AXIS2_PLACEMENT_3D ( 'NONE', #3603, #491, #1098 ) ;
#1319 = ORIENTED_EDGE ( 'NONE', *, *, #2341, .T. ) ;
#1320 = ADVANCED_FACE ( 'NONE', ( #832 ), #1447, .F. ) ;
#1321 = EDGE_CURVE ( 'NONE', #1755, #1958, #1890, .T. ) ;
#1322 = CARTESIAN_POINT ( 'NONE',  ( 0.000000000000000000, -1.149999999999994804, -0.7500000000000000000 ) ) ;
#1323 = CARTESIAN_POINT ( 'NONE',  ( 9.894354993202226112, 32.80744937604203670, -0.7499999999997709610 ) ) ;
#1324 = VERTEX_POINT ( 'NONE', #557 ) ;
#1325 = CARTESIAN_POINT ( 'NONE',  ( 2.569960705150830822E-16, 4.000000000000002665, 0.4500000000000279887 ) ) ;
#1326 = ORIENTED_EDGE ( 'NONE', *, *, #1212, .F. ) ;
#1327 = DIRECTION ( 'NONE',  ( -0.4999999999999919509, 0.8660254037844432595, -0.000000000000000000 ) ) ;
#1328 = ORIENTED_EDGE ( 'NONE', *, *, #2553, .F. ) ;
#1329 = EDGE_CURVE ( 'NONE', #1578, #1362, #2264, .T. ) ;
#1330 = CARTESIAN_POINT ( 'NONE',  ( -4.000000000000000000, -34.00000000000000711, 0.4499999999997609246 ) ) ;
#1331 = CARTESIAN_POINT ( 'NONE',  ( 5.000000000000000000, 12.99999999999999645, 0.7500000000000908162 ) ) ;
#1332 = CYLINDRICAL_SURFACE ( 'NONE', #1014, 2.249999999999995115 ) ;
#1333 = DIRECTION ( 'NONE',  ( 0.000000000000000000, 0.000000000000000000, -1.000000000000000000 ) ) ;
#1334 = ORIENTED_EDGE ( 'NONE', *, *, #3578, .T. ) ;
#1335 = ORIENTED_EDGE ( 'NONE', *, *, #213, .F. ) ;
#1336 = EDGE_CURVE ( 'NONE', #2433, #2039, #894, .T. ) ;
#1337 = LINE ( 'NONE', #3281, #1739 ) ;
#1338 = DIRECTION ( 'NONE',  ( -0.000000000000000000, -6.982962677686266711E-15, 1.000000000000000000 ) ) ;
#1339 = CARTESIAN_POINT ( 'NONE',  ( 32.96952889997031377, 12.50454226054497830, 0.7500000000000872635 ) ) ;
#1340 = ORIENTED_EDGE ( 'NONE', *, *, #121, .T. ) ;
#1341 = DIRECTION ( 'NONE',  ( 0.000000000000000000, 0.000000000000000000, 1.000000000000000000 ) ) ;
#1342 = EDGE_LOOP ( 'NONE', ( #2826, #3285, #884, #3049 ) ) ;
#1343 = CARTESIAN_POINT ( 'NONE',  ( -21.57092921435178923, 35.06194536572985498, 0.7510000000003037579 ) ) ;
#1344 = ORIENTED_EDGE ( 'NONE', *, *, #1188, .T. ) ;
#1345 = ADVANCED_FACE ( 'NONE', ( #533 ), #2275, .F. ) ;
#1346 = DIRECTION ( 'NONE',  ( -1.101411730778925294E-16, -1.000000000000000000, 0.000000000000000000 ) ) ;
#1347 = DIRECTION ( 'NONE',  ( 1.000000000000000000, 0.000000000000000000, 0.000000000000000000 ) ) ;
#1348 = EDGE_CURVE ( 'NONE', #918, #1150, #269, .T. ) ;
#1349 = CARTESIAN_POINT ( 'NONE',  ( -17.16506350946086101, 24.73076211353330933, 0.4500000000000174971 ) ) ;
#1350 = DIRECTION ( 'NONE',  ( -0.000000000000000000, 6.983283950242307528E-15, -1.000000000000000000 ) ) ;
#1351 = VERTEX_POINT ( 'NONE', #1665 ) ;
#1352 = DIRECTION ( 'NONE',  ( 0.000000000000000000, -6.982962677686266711E-15, 1.000000000000000000 ) ) ;
#1353 = APPROVAL ( #3492, 'UNSPECIFIED' ) ;
#1354 = CARTESIAN_POINT ( 'NONE',  ( -0.9959292143521142338, -0.5749999999999934053, 0.7510000000003037579 ) ) ;
#1355 = DIRECTION ( 'NONE',  ( 0.000000000000000000, -0.000000000000000000, -1.000000000000000000 ) ) ;
#1356 = ORIENTED_EDGE ( 'NONE', *, *, #3020, .F. ) ;
#1357 = AXIS2_PLACEMENT_3D ( 'NONE', #1290, #1808, #403 ) ;
#1358 = AXIS2_PLACEMENT_3D ( 'NONE', #3204, #1529, #1394 ) ;
#1359 = CARTESIAN_POINT ( 'NONE',  ( -4.000000000000000000, -34.00000000000000711, 0.7499999999997625233 ) ) ;
#1360 = ORIENTED_EDGE ( 'NONE', *, *, #2764, .T. ) ;
#1361 = CARTESIAN_POINT ( 'NONE',  ( -22.49999999999962697, 38.97114317029993202, 0.7500000000000000000 ) ) ;
#1362 = VERTEX_POINT ( 'NONE', #1702 ) ;
#1363 = DIRECTION ( 'NONE',  ( 0.000000000000000000, -6.982962677686266711E-15, 1.000000000000000000 ) ) ;
#1364 = EDGE_CURVE ( 'NONE', #2551, #1258, #3652, .T. ) ;
#1365 = EDGE_CURVE ( 'NONE', #3659, #3008, #2815, .T. ) ;
#1366 = ORIENTED_EDGE ( 'NONE', *, *, #2091, .F. ) ;
#1367 = CARTESIAN_POINT ( 'NONE',  ( -29.50000000000000355, -34.93072594216369708, 0.7499999999997560840 ) ) ;
#1368 = DIRECTION ( 'NONE',  ( -0.8660254037844363761, 0.5000000000000039968, -0.000000000000000000 ) ) ;
#1369 = EDGE_CURVE ( 'NONE', #88, #2528, #3077, .T. ) ;
#1370 = DIRECTION ( 'NONE',  ( 0.000000000000000000, 0.000000000000000000, -1.000000000000000000 ) ) ;
#1371 = CARTESIAN_POINT ( 'NONE',  ( 5.000000000000003553, 3.500000000000009326, -0.7500000000000000000 ) ) ;
#1372 = VERTEX_POINT ( 'NONE', #574 ) ;
#1373 = ORIENTED_EDGE ( 'NONE', *, *, #706, .T. ) ;
#1374 = DIRECTION ( 'NONE',  ( 4.688441826964343065E-17, -1.000000000000000000, 0.000000000000000000 ) ) ;
#1375 = CARTESIAN_POINT ( 'NONE',  ( 44.99999999999998579, 10.28248894235992061, 0.7500000000000718314 ) ) ;
#1376 = CARTESIAN_POINT ( 'NONE',  ( 41.15000000000000568, 1.150000000000005240, 0.4500000000000080602 ) ) ;
#1377 = EDGE_LOOP ( 'NONE', ( #145, #2105, #3107, #2429 ) ) ;
#1378 = PLANE ( 'NONE',  #2101 ) ;
#1379 = ORIENTED_EDGE ( 'NONE', *, *, #3440, .T. ) ;
#1380 = DIRECTION ( 'NONE',  ( -0.000000000000000000, -6.982962677686266711E-15, 1.000000000000000000 ) ) ;
#1381 = VERTEX_POINT ( 'NONE', #1371 ) ;
#1382 = DIRECTION ( 'NONE',  ( 0.000000000000000000, 1.000000000000000000, 6.982962677686266711E-15 ) ) ;
#1383 = VERTEX_POINT ( 'NONE', #2250 ) ;
#1384 = FACE_OUTER_BOUND ( 'NONE', #426, .T. ) ;
#1385 = VECTOR ( 'NONE', #97, 1000.000000000000000 ) ;
#1386 = CARTESIAN_POINT ( 'NONE',  ( -4.095812952314149769, 43.50000000000000711, -0.7499999999996962430 ) ) ;
#1387 = DIRECTION ( 'NONE',  ( 0.000000000000000000, 0.000000000000000000, -1.000000000000000000 ) ) ;
#1388 = CARTESIAN_POINT ( 'NONE',  ( -4.000000000000000000, -34.00000000000000711, 0.4499999999997609246 ) ) ;
#1389 = ORIENTED_EDGE ( 'NONE', *, *, #374, .F. ) ;
#1390 = EDGE_CURVE ( 'NONE', #2893, #2393, #1836, .T. ) ;
#1391 = EDGE_CURVE ( 'NONE', #551, #681, #532, .T. ) ;
#1392 =( LENGTH_UNIT ( ) NAMED_UNIT ( * ) SI_UNIT ( .MILLI., .METRE. ) );
#1393 = LINE ( 'NONE', #2537, #2633 ) ;
#1394 = DIRECTION ( 'NONE',  ( 0.000000000000000000, 1.000000000000000000, 6.982962677686266711E-15 ) ) ;
#1395 = EDGE_LOOP ( 'NONE', ( #1607, #2318, #3177, #3622 ) ) ;
#1396 = DIRECTION ( 'NONE',  ( 0.000000000000000000, -1.000000000000000000, -6.975033976323393189E-15 ) ) ;
#1397 = EDGE_LOOP ( 'NONE', ( #164, #261, #545, #355 ) ) ;
#1398 = DIRECTION ( 'NONE',  ( 0.000000000000000000, -0.000000000000000000, -1.000000000000000000 ) ) ;
#1399 = EDGE_LOOP ( 'NONE', ( #2595, #2935 ) ) ;
#1400 = DIRECTION ( 'NONE',  ( 0.000000000000000000, 0.000000000000000000, -1.000000000000000000 ) ) ;
#1401 = VERTEX_POINT ( 'NONE', #2550 ) ;
#1402 = CARTESIAN_POINT ( 'NONE',  ( 44.99999999999998579, 4.000000000000000000, 0.4500000000000279887 ) ) ;
#1403 = DIRECTION ( 'NONE',  ( -0.000000000000000000, -6.982962677686266711E-15, 1.000000000000000000 ) ) ;
#1404 = EDGE_CURVE ( 'NONE', #2528, #2572, #3202, .T. ) ;
#1405 = PLANE ( 'NONE',  #3265 ) ;
#1406 = DIRECTION ( 'NONE',  ( -0.8660254037844370423, 0.5000000000000027756, -6.975033976323412122E-15 ) ) ;
#1407 = ORIENTED_EDGE ( 'NONE', *, *, #2466, .F. ) ;
#1408 = FACE_BOUND ( 'NONE', #3320, .T. ) ;
#1409 = EDGE_CURVE ( 'NONE', #3488, #3473, #1744, .T. ) ;
#1410 = FACE_OUTER_BOUND ( 'NONE', #2743, .T. ) ;
#1411 = FACE_BOUND ( 'NONE', #2530, .T. ) ;
#1412 = ORIENTED_EDGE ( 'NONE', *, *, #150, .F. ) ;
#1413 = CARTESIAN_POINT ( 'NONE',  ( 4.999999999999999112, -22.99999999999998934, -0.7500000000001606493 ) ) ;
#1414 = ADVANCED_FACE ( 'NONE', ( #1184 ), #2908, .T. ) ;
#1415 = ORIENTED_EDGE ( 'NONE', *, *, #3545, .F. ) ;
#1416 = DIRECTION ( 'NONE',  ( 1.000000000000000000, 0.000000000000000000, 0.000000000000000000 ) ) ;
#1417 = VERTEX_POINT ( 'NONE', #1780 ) ;
#1418 = AXIS2_PLACEMENT_3D ( 'NONE', #50, #303, #3662 ) ;
#1419 = DIRECTION ( 'NONE',  ( 0.000000000000000000, -1.000000000000000000, -7.011174048739588766E-15 ) ) ;
#1420 = VECTOR ( 'NONE', #3596, 1000.000000000000000 ) ;
#1421 = ORIENTED_EDGE ( 'NONE', *, *, #2253, .T. ) ;
#1422 = CARTESIAN_POINT ( 'NONE',  ( -5.000000000000000000, 16.74999999999998934, 0.7500000000001170175 ) ) ;
#1423 = VECTOR ( 'NONE', #2666, 1000.000000000000114 ) ;
#1424 = CARTESIAN_POINT ( 'NONE',  ( -16.75000000000013500, -29.01185102677862560, 0.4500000000000000666 ) ) ;
#1425 = CARTESIAN_POINT ( 'NONE',  ( -4.000000000000000000, -33.99999999999999289, -0.7500000000008458789 ) ) ;
#1426 = DIRECTION ( 'NONE',  ( 0.000000000000000000, -0.000000000000000000, -1.000000000000000000 ) ) ;
#1427 = AXIS2_PLACEMENT_3D ( 'NONE', #745, #482, #197 ) ;
#1428 = ORIENTED_EDGE ( 'NONE', *, *, #1482, .F. ) ;
#1429 = VERTEX_POINT ( 'NONE', #92 ) ;
#1430 = DIRECTION ( 'NONE',  ( -0.5000000000000041078, -0.8660254037844363761, 0.000000000000000000 ) ) ;
#1431 = CARTESIAN_POINT ( 'NONE',  ( -16.75000000000013500, -29.01185102677862560, -0.7500000000000000000 ) ) ;
#1432 = EDGE_LOOP ( 'NONE', ( #332, #998, #1356, #526, #82, #2114, #3450, #1912 ) ) ;
#1433 = CIRCLE ( 'NONE', #3563, 1.500000000000004885 ) ;
#1434 = CYLINDRICAL_SURFACE ( 'NONE', #2883, 8.000000000000000000 ) ;
#1435 = EDGE_LOOP ( 'NONE', ( #1160, #120, #3180, #656 ) ) ;
#1436 = CARTESIAN_POINT ( 'NONE',  ( 33.02137984865057518, 14.15512622612573423, -0.7499999999999011902 ) ) ;
#1437 = CIRCLE ( 'NONE', #182, 1.500000000000001332 ) ;
#1438 = ORIENTED_EDGE ( 'NONE', *, *, #2190, .F. ) ;
#1439 = VECTOR ( 'NONE', #1934, 1000.000000000000000 ) ;
#1440 = DIRECTION ( 'NONE',  ( 0.000000000000000000, -1.000000000000000000, -6.975033976323405811E-15 ) ) ;
#1441 = EDGE_LOOP ( 'NONE', ( #169, #1687, #3404, #1543 ) ) ;
#1442 = VECTOR ( 'NONE', #2759, 1000.000000000000000 ) ;
#1443 = DIRECTION ( 'NONE',  ( 1.000000000000000000, 0.000000000000000000, 0.000000000000000000 ) ) ;
#1444 = EDGE_CURVE ( 'NONE', #1790, #2201, #2926, .T. ) ;
#1445 = DIRECTION ( 'NONE',  ( -0.000000000000000000, -6.982962677686266711E-15, 1.000000000000000000 ) ) ;
#1446 = CARTESIAN_POINT ( 'NONE',  ( -4.095812952314146216, 35.49999999999999289, 0.7500000000002479128 ) ) ;
#1447 = CYLINDRICAL_SURFACE ( 'NONE', #828, 1.499999999999997780 ) ;
#1448 = EDGE_LOOP ( 'NONE', ( #866, #1023, #1724, #3131, #2321, #1942 ) ) ;
#1449 = ORIENTED_EDGE ( 'NONE', *, *, #3406, .F. ) ;
#1450 =( NAMED_UNIT ( * ) SI_UNIT ( $, .STERADIAN. ) SOLID_ANGLE_UNIT ( ) );
#1451 = LINE ( 'NONE', #1170, #2448 ) ;
#1452 = CARTESIAN_POINT ( 'NONE',  ( 0.9959292143521052409, 0.5749999999999881872, -0.7500000000000000000 ) ) ;
#1453 = ORIENTED_EDGE ( 'NONE', *, *, #3393, .F. ) ;
#1454 = DIRECTION ( 'NONE',  ( -1.000000000000000000, 0.000000000000000000, 0.000000000000000000 ) ) ;
#1455 = VERTEX_POINT ( 'NONE', #1223 ) ;
#1456 = FACE_OUTER_BOUND ( 'NONE', #1634, .T. ) ;
#1457 = EDGE_CURVE ( 'NONE', #575, #1692, #3023, .T. ) ;
#1458 = ORIENTED_EDGE ( 'NONE', *, *, #375, .T. ) ;
#1459 = DIRECTION ( 'NONE',  ( -0.000000000000000000, 0.000000000000000000, 1.000000000000000000 ) ) ;
#1460 = ORIENTED_EDGE ( 'NONE', *, *, #611, .T. ) ;
#1461 = EDGE_CURVE ( 'NONE', #765, #98, #3611, .T. ) ;
#1462 = EDGE_CURVE ( 'NONE', #2768, #2572, #1485, .T. ) ;
#1463 = FACE_OUTER_BOUND ( 'NONE', #139, .T. ) ;
#1464 = DIRECTION ( 'NONE',  ( 1.000000000000000000, 0.000000000000000000, 0.000000000000000000 ) ) ;
#1465 = DIRECTION ( 'NONE',  ( -0.5000000000000041078, -0.8660254037844363761, -3.944304526105059027E-31 ) ) ;
#1466 = ADVANCED_FACE ( 'NONE', ( #330 ), #2959, .F. ) ;
#1467 = LINE ( 'NONE', #3462, #1487 ) ;
#1468 = ORIENTED_EDGE ( 'NONE', *, *, #921, .T. ) ;
#1469 = ORIENTED_EDGE ( 'NONE', *, *, #2208, .F. ) ;
#1470 = CARTESIAN_POINT ( 'NONE',  ( -23.00000000000000355, -15.49999999999999645, 0.7510000000003037579 ) ) ;
#1471 = LINE ( 'NONE', #1452, #1056 ) ;
#1472 = VERTEX_POINT ( 'NONE', #3174 ) ;
#1473 = LINE ( 'NONE', #2320, #1504 ) ;
#1474 = VERTEX_POINT ( 'NONE', #348 ) ;
#1475 = CARTESIAN_POINT ( 'NONE',  ( 14.00000000000000178, -17.27444493861360186, -0.7500000000001548761 ) ) ;
#1476 = ORIENTED_EDGE ( 'NONE', *, *, #583, .T. ) ;
#1477 = FACE_OUTER_BOUND ( 'NONE', #2416, .T. ) ;
#1478 = ORIENTED_EDGE ( 'NONE', *, *, #96, .F. ) ;
#1479 = DIRECTION ( 'NONE',  ( -0.000000000000000000, -6.982962677686266711E-15, 1.000000000000000000 ) ) ;
#1480 = VECTOR ( 'NONE', #2476, 1000.000000000000000 ) ;
#1481 = AXIS2_PLACEMENT_3D ( 'NONE', #506, #2529, #3645 ) ;
#1482 = EDGE_CURVE ( 'NONE', #2725, #294, #356, .T. ) ;
#1483 = EDGE_CURVE ( 'NONE', #3340, #1811, #702, .T. ) ;
#1484 = CARTESIAN_POINT ( 'NONE',  ( 29.99999999999998934, -2.499999999999998224, 0.7499999999999825695 ) ) ;
#1485 = LINE ( 'NONE', #3478, #1952 ) ;
#1486 = EDGE_LOOP ( 'NONE', ( #2303, #1185 ) ) ;
#1487 = VECTOR ( 'NONE', #911, 1000.000000000000000 ) ;
#1488 = CIRCLE ( 'NONE', #475, 7.999999999999998224 ) ;
#1489 = LINE ( 'NONE', #79, #2334 ) ;
#1490 = ORIENTED_EDGE ( 'NONE', *, *, #1756, .F. ) ;
#1491 = AXIS2_PLACEMENT_3D ( 'NONE', #640, #929, #1766 ) ;
#1492 = EDGE_CURVE ( 'NONE', #841, #849, #2943, .T. ) ;
#1493 = LINE ( 'NONE', #659, #621 ) ;
#1494 = EDGE_LOOP ( 'NONE', ( #2713, #920, #1537, #3169 ) ) ;
#1495 = CARTESIAN_POINT ( 'NONE',  ( 44.99999999999998579, -3.999999999999999112, 0.7499999999999720224 ) ) ;
#1496 = VERTEX_POINT ( 'NONE', #2632 ) ;
#1497 = DIRECTION ( 'NONE',  ( -0.4999999999999918954, 0.8660254037844432595, -4.486691336258291296E-31 ) ) ;
#1498 = VECTOR ( 'NONE', #1041, 1000.000000000000000 ) ;
#1499 = ORIENTED_EDGE ( 'NONE', *, *, #3292, .F. ) ;
#1500 = PLANE ( 'NONE',  #887 ) ;
#1501 = ADVANCED_FACE ( 'NONE', ( #2357 ), #2333, .F. ) ;
#1502 = DIRECTION ( 'NONE',  ( 0.000000000000000000, -6.982962677686266711E-15, 1.000000000000000000 ) ) ;
#1503 = DIRECTION ( 'NONE',  ( 0.000000000000000000, -1.000000000000000000, -6.987080667128821429E-15 ) ) ;
#1504 = VECTOR ( 'NONE', #1155, 1000.000000000000000 ) ;
#1505 = LINE ( 'NONE', #1284, #1785 ) ;
#1506 = ADVANCED_FACE ( 'NONE', ( #2389 ), #393, .T. ) ;
#1507 = EDGE_CURVE ( 'NONE', #575, #1771, #962, .T. ) ;
#1508 = ORIENTED_EDGE ( 'NONE', *, *, #1781, .T. ) ;
#1509 = AXIS2_PLACEMENT_3D ( 'NONE', #1644, #757, #1021 ) ;
#1510 = DIRECTION ( 'NONE',  ( 0.000000000000000000, -1.000000000000000000, -7.011174048739597444E-15 ) ) ;
#1511 = ORIENTED_EDGE ( 'NONE', *, *, #1682, .T. ) ;
#1512 = CARTESIAN_POINT ( 'NONE',  ( 18.36197149921865446, -19.94746451117870123, 0.7499999999998452349 ) ) ;
#1513 = ORIENTED_EDGE ( 'NONE', *, *, #1538, .T. ) ;
#1514 = DIRECTION ( 'NONE',  ( 0.8660254037844433705, 0.4999999999999918954, 0.000000000000000000 ) ) ;
#1515 = ORIENTED_EDGE ( 'NONE', *, *, #3206, .T. ) ;
#1516 = LINE ( 'NONE', #2383, #284 ) ;
#1517 = CARTESIAN_POINT ( 'NONE',  ( -18.42907078564805445, -34.22008693702536419, 0.4500000000000080602 ) ) ;
#1518 = CARTESIAN_POINT ( 'NONE',  ( 0.000000000000000000, -1.149999999999994804, 0.4499999999999920175 ) ) ;
#1519 = EDGE_CURVE ( 'NONE', #1429, #1989, #2800, .T. ) ;
#1520 = CARTESIAN_POINT ( 'NONE',  ( -26.00000000000000355, -18.49999999999999289, -0.7500000000000000000 ) ) ;
#1521 = ORIENTED_EDGE ( 'NONE', *, *, #1760, .T. ) ;
#1522 = EDGE_CURVE ( 'NONE', #2488, #2823, #3260, .T. ) ;
#1523 = CARTESIAN_POINT ( 'NONE',  ( -5.000000000000000000, 12.99999999999999822, 0.4500000000000891620 ) ) ;
#1524 = DIRECTION ( 'NONE',  ( -0.000000000000000000, 6.982962677686266711E-15, -1.000000000000000000 ) ) ;
#1525 = DIRECTION ( 'NONE',  ( 0.000000000000000000, -1.000000000000000000, -6.975033976323413699E-15 ) ) ;
#1526 = ORIENTED_EDGE ( 'NONE', *, *, #1862, .T. ) ;
#1527 = FACE_OUTER_BOUND ( 'NONE', #2794, .T. ) ;
#1528 = ORIENTED_EDGE ( 'NONE', *, *, #1779, .F. ) ;
#1529 = DIRECTION ( 'NONE',  ( 0.000000000000000000, 6.982962677686266711E-15, -1.000000000000000000 ) ) ;
#1530 = EDGE_LOOP ( 'NONE', ( #1806, #3078 ) ) ;
#1531 = DIRECTION ( 'NONE',  ( -0.8660254037844357100, 0.5000000000000049960, -6.975033976323410544E-15 ) ) ;
#1532 = CARTESIAN_POINT ( 'NONE',  ( -16.49999999999999645, 15.50000000000000355, -0.7499999999998918643 ) ) ;
#1533 = VECTOR ( 'NONE', #1737, 1000.000000000000000 ) ;
#1534 = COORDINATED_UNIVERSAL_TIME_OFFSET ( 1, 0, .AHEAD. ) ;
#1535 = VECTOR ( 'NONE', #781, 1000.000000000000114 ) ;
#1536 = FACE_BOUND ( 'NONE', #471, .T. ) ;
#1537 = ORIENTED_EDGE ( 'NONE', *, *, #2440, .F. ) ;
#1538 = EDGE_CURVE ( 'NONE', #3425, #2164, #2629, .T. ) ;
#1539 = CIRCLE ( 'NONE', #953, 6.999999999999999112 ) ;
#1540 = DIRECTION ( 'NONE',  ( 0.000000000000000000, -6.982962677686266711E-15, 1.000000000000000000 ) ) ;
#1541 = CARTESIAN_POINT ( 'NONE',  ( -18.42907078564805445, -34.22008693702536419, -0.7500000000000000000 ) ) ;
#1542 = CARTESIAN_POINT ( 'NONE',  ( -3.464101615137740620, 2.000000000000013767, 0.7499999999999720224 ) ) ;
#1543 = ORIENTED_EDGE ( 'NONE', *, *, #740, .F. ) ;
#1544 = CIRCLE ( 'NONE', #3615, 1.149999999999998135 ) ;
#1545 = EDGE_CURVE ( 'NONE', #775, #930, #1467, .T. ) ;
#1546 = ADVANCED_FACE ( 'NONE', ( #2044 ), #3006, .F. ) ;
#1547 = CYLINDRICAL_SURFACE ( 'NONE', #2189, 2.249999999999995115 ) ;
#1548 = CIRCLE ( 'NONE', #1315, 1.150000000000002576 ) ;
#1549 = VERTEX_POINT ( 'NONE', #720 ) ;
#1550 = CYLINDRICAL_SURFACE ( 'NONE', #3608, 2.999999999999999112 ) ;
#1551 = ORIENTED_EDGE ( 'NONE', *, *, #1736, .T. ) ;
#1552 = EDGE_CURVE ( 'NONE', #396, #3627, #1062, .T. ) ;
#1553 = ADVANCED_FACE ( 'NONE', ( #1555 ), #1850, .T. ) ;
#1554 = FACE_OUTER_BOUND ( 'NONE', #3484, .T. ) ;
#1555 = FACE_OUTER_BOUND ( 'NONE', #1574, .T. ) ;
#1556 = AXIS2_PLACEMENT_3D ( 'NONE', #1145, #3435, #328 ) ;
#1557 = DIRECTION ( 'NONE',  ( 0.000000000000000000, -1.000000000000000000, -6.975033976323413699E-15 ) ) ;
#1558 = VERTEX_POINT ( 'NONE', #3606 ) ;
#1559 = DIRECTION ( 'NONE',  ( 1.000000000000000000, -0.000000000000000000, 0.000000000000000000 ) ) ;
#1560 = EDGE_CURVE ( 'NONE', #3225, #1401, #2447, .T. ) ;
#1561 = CARTESIAN_POINT ( 'NONE',  ( -15.00000000000012257, -25.98076211353307841, 0.7500000000000000000 ) ) ;
#1562 = FACE_OUTER_BOUND ( 'NONE', #2928, .T. ) ;
#1563 = VERTEX_POINT ( 'NONE', #1899 ) ;
#1564 = DIRECTION ( 'NONE',  ( 0.000000000000000000, -6.982962677686266711E-15, 1.000000000000000000 ) ) ;
#1565 = ADVANCED_FACE ( 'NONE', ( #1314 ), #1281, .F. ) ;
#1566 = ORIENTED_EDGE ( 'NONE', *, *, #3314, .T. ) ;
#1567 = ORIENTED_EDGE ( 'NONE', *, *, #3184, .T. ) ;
#1568 = DIRECTION ( 'NONE',  ( 0.000000000000000000, 0.000000000000000000, -1.000000000000000000 ) ) ;
#1569 = EDGE_CURVE ( 'NONE', #1095, #1216, #941, .T. ) ;
#1570 = EDGE_CURVE ( 'NONE', #2195, #1417, #1601, .T. ) ;
#1571 = CARTESIAN_POINT ( 'NONE',  ( 33.02137984865057518, 14.15512622612573423, -0.7499999999999011902 ) ) ;
#1572 = EDGE_CURVE ( 'NONE', #1558, #2195, #1586, .T. ) ;
#1573 = DIRECTION ( 'NONE',  ( 1.000000000000000000, -0.000000000000000000, 0.000000000000000000 ) ) ;
#1574 = EDGE_LOOP ( 'NONE', ( #1950, #152, #790, #2398 ) ) ;
#1575 = DIRECTION ( 'NONE',  ( -0.000000000000000000, 6.983283950242307528E-15, -1.000000000000000000 ) ) ;
#1576 = DIRECTION ( 'NONE',  ( -1.000000000000000000, 0.000000000000000000, 6.035392093502621365E-15 ) ) ;
#1577 = CARTESIAN_POINT ( 'NONE',  ( -5.000000000000000000, 16.74999999999999289, 0.4500000000001153633 ) ) ;
#1578 = VERTEX_POINT ( 'NONE', #753 ) ;
#1579 = EDGE_CURVE ( 'NONE', #276, #3345, #1645, .T. ) ;
#1580 = LINE ( 'NONE', #1325, #382 ) ;
#1581 = ORIENTED_EDGE ( 'NONE', *, *, #791, .F. ) ;
#1582 = ORIENTED_EDGE ( 'NONE', *, *, #2796, .T. ) ;
#1583 = DIRECTION ( 'NONE',  ( 0.8660254037844363761, -0.5000000000000039968, 6.983283950242306739E-15 ) ) ;
#1584 = CARTESIAN_POINT ( 'NONE',  ( 31.49999999999998579, -2.499999999999998224, 0.4499999999999825806 ) ) ;
#1585 = DIRECTION ( 'NONE',  ( 0.000000000000000000, -6.982962677686266711E-15, 1.000000000000000000 ) ) ;
#1586 = CIRCLE ( 'NONE', #3604, 2.999999999999999112 ) ;
#1587 = EDGE_LOOP ( 'NONE', ( #734, #215, #587, #645 ) ) ;
#1588 = VECTOR ( 'NONE', #2969, 1000.000000000000000 ) ;
#1589 = AXIS2_PLACEMENT_3D ( 'NONE', #991, #1355, #1826 ) ;
#1590 = FACE_OUTER_BOUND ( 'NONE', #3044, .T. ) ;
#1591 = DIRECTION ( 'NONE',  ( 1.000000000000000000, 0.000000000000000000, 0.000000000000000000 ) ) ;
#1592 = ORIENTED_EDGE ( 'NONE', *, *, #3229, .F. ) ;
#1593 = VECTOR ( 'NONE', #2892, 1000.000000000000000 ) ;
#1594 = DIRECTION ( 'NONE',  ( 0.8912717220630769210, -0.4534696433618433109, 0.000000000000000000 ) ) ;
#1595 = ORIENTED_EDGE ( 'NONE', *, *, #2574, .T. ) ;
#1596 = LINE ( 'NONE', #3601, #544 ) ;
#1597 = ORIENTED_EDGE ( 'NONE', *, *, #3242, .F. ) ;
#1598 = CIRCLE ( 'NONE', #376, 2.249999999999996891 ) ;
#1599 = CYLINDRICAL_SURFACE ( 'NONE', #3095, 1.149999999999998135 ) ;
#1600 = EDGE_CURVE ( 'NONE', #1216, #1095, #1831, .T. ) ;
#1601 = LINE ( 'NONE', #769, #3256 ) ;
#1602 = AXIS2_PLACEMENT_3D ( 'NONE', #228, #3058, #3516 ) ;
#1603 = DIRECTION ( 'NONE',  ( -0.000000000000000000, -6.982962677686266711E-15, 1.000000000000000000 ) ) ;
#1604 = VECTOR ( 'NONE', #1848, 1000.000000000000000 ) ;
#1605 = CARTESIAN_POINT ( 'NONE',  ( 35.00000000000000000, 5.237222008264700033E-15, -0.7500000000000000000 ) ) ;
#1606 = ORIENTED_EDGE ( 'NONE', *, *, #302, .T. ) ;
#1607 = ORIENTED_EDGE ( 'NONE', *, *, #2001, .F. ) ;
#1608 = VECTOR ( 'NONE', #3181, 1000.000000000000000 ) ;
#1609 = LOCAL_TIME ( 12, 45, 1.000000000000000000, #2894 ) ;
#1610 = LINE ( 'NONE', #3027, #2816 ) ;
#1611 = ADVANCED_FACE ( 'NONE', ( #1294 ), #1013, .T. ) ;
#1612 = ADVANCED_FACE ( 'NONE', ( #1878 ), #739, .F. ) ;
#1613 = LINE ( 'NONE', #1022, #231 ) ;
#1614 = CARTESIAN_POINT ( 'NONE',  ( -5.000000000000000000, 14.50000000000000533, -0.7500000000005071499 ) ) ;
#1615 = ORIENTED_EDGE ( 'NONE', *, *, #296, .F. ) ;
#1616 = AXIS2_PLACEMENT_3D ( 'NONE', #3621, #1341, #240 ) ;
#1617 = DIRECTION ( 'NONE',  ( -0.000000000000000000, -6.982962677686266711E-15, 1.000000000000000000 ) ) ;
#1618 = VERTEX_POINT ( 'NONE', #173 ) ;
#1619 = CARTESIAN_POINT ( 'NONE',  ( -26.00000000000000355, -15.49999999999999645, 0.7499999999998918643 ) ) ;
#1620 = VERTEX_POINT ( 'NONE', #2168 ) ;
#1621 = PLANE ( 'NONE',  #2747 ) ;
#1622 = DIRECTION ( 'NONE',  ( 0.000000000000000000, -1.000000000000000000, -7.011174048739597444E-15 ) ) ;
#1623 = DIRECTION ( 'NONE',  ( 0.000000000000000000, 1.000000000000000000, 0.000000000000000000 ) ) ;
#1624 = FACE_OUTER_BOUND ( 'NONE', #1156, .T. ) ;
#1625 = ORIENTED_EDGE ( 'NONE', *, *, #2951, .F. ) ;
#1626 = EDGE_CURVE ( 'NONE', #682, #3488, #651, .T. ) ;
#1627 = LINE ( 'NONE', #146, #1029 ) ;
#1628 = CARTESIAN_POINT ( 'NONE',  ( 5.000000000000000000, 12.25000000000000000, 0.7500000000000855982 ) ) ;
#1629 = PLANE ( 'NONE',  #2134 ) ;
#1630 = ORIENTED_EDGE ( 'NONE', *, *, #690, .F. ) ;
#1631 = LINE ( 'NONE', #1891, #166 ) ;
#1632 = VERTEX_POINT ( 'NONE', #3018 ) ;
#1633 = CARTESIAN_POINT ( 'NONE',  ( -10.00000000000000000, -22.99999999999999289, -0.7500000000000000000 ) ) ;
#1634 = EDGE_LOOP ( 'NONE', ( #3640, #3399, #193, #782 ) ) ;
#1635 = EDGE_CURVE ( 'NONE', #957, #2804, #2750, .T. ) ;
#1636 = CARTESIAN_POINT ( 'NONE',  ( 10.00000000000000000, -22.99999999999998934, 0.7499999999998394618 ) ) ;
#1637 = ORIENTED_EDGE ( 'NONE', *, *, #3344, .F. ) ;
#1638 = DIRECTION ( 'NONE',  ( 0.000000000000000000, 0.000000000000000000, 1.000000000000000000 ) ) ;
#1639 = ADVANCED_FACE ( 'NONE', ( #3588 ), #492, .F. ) ;
#1640 = PLANE ( 'NONE',  #944 ) ;
#1641 = CARTESIAN_POINT ( 'NONE',  ( 44.99999999999998579, 13.03986227166454270, -0.7499999999999089617 ) ) ;
#1642 = DIRECTION ( 'NONE',  ( 4.688441826964343065E-17, -1.000000000000000000, 0.000000000000000000 ) ) ;
#1643 = VERTEX_POINT ( 'NONE', #2491 ) ;
#1644 = CARTESIAN_POINT ( 'NONE',  ( 15.55666466444725415, 38.45884293753860561, 0.7500000000002685629 ) ) ;
#1645 = CIRCLE ( 'NONE', #2853, 1.500000000000003997 ) ;
#1646 = FACE_OUTER_BOUND ( 'NONE', #1448, .T. ) ;
#1647 = CARTESIAN_POINT ( 'NONE',  ( 4.000000000000000000, -34.00000000000000711, 0.7499999999997625233 ) ) ;
#1648 = VERTEX_POINT ( 'NONE', #283 ) ;
#1649 = CIRCLE ( 'NONE', #2558, 1.150000000000001910 ) ;
#1650 = AXIS2_PLACEMENT_3D ( 'NONE', #1647, #2776, #3618 ) ;
#1651 = CYLINDRICAL_SURFACE ( 'NONE', #1616, 2.999999999999999112 ) ;
#1652 = ORIENTED_EDGE ( 'NONE', *, *, #737, .T. ) ;
#1653 = DIRECTION ( 'NONE',  ( 0.000000000000000000, 0.000000000000000000, -1.000000000000000000 ) ) ;
#1654 = EDGE_CURVE ( 'NONE', #930, #682, #3072, .T. ) ;
#1655 = ORIENTED_EDGE ( 'NONE', *, *, #2177, .T. ) ;
#1656 = VECTOR ( 'NONE', #3119, 999.9999999999998863 ) ;
#1657 = CARTESIAN_POINT ( 'NONE',  ( -19.57907078564756986, 36.21194536572983225, 0.7510000000003037579 ) ) ;
#1658 = AXIS2_PLACEMENT_3D ( 'NONE', #838, #334, #1430 ) ;
#1659 = ORIENTED_EDGE ( 'NONE', *, *, #1404, .F. ) ;
#1660 = EDGE_CURVE ( 'NONE', #3008, #2233, #2073, .T. ) ;
#1661 = DIRECTION ( 'NONE',  ( 0.000000000000000000, 0.000000000000000000, 1.000000000000000000 ) ) ;
#1662 = CIRCLE ( 'NONE', #3558, 7.000000000000000000 ) ;
#1663 = DIRECTION ( 'NONE',  ( -0.000000000000000000, 6.982962677686266711E-15, -1.000000000000000000 ) ) ;
#1664 = CARTESIAN_POINT ( 'NONE',  ( 41.15000000000000568, 5.237222008264700033E-15, 0.7510000000003037579 ) ) ;
#1665 = CARTESIAN_POINT ( 'NONE',  ( -12.28589838486196939, 29.27980021920991760, 0.4499999999999720890 ) ) ;
#1666 = AXIS2_PLACEMENT_3D ( 'NONE', #493, #1663, #3022 ) ;
#1667 = EDGE_LOOP ( 'NONE', ( #3668, #2019, #3468, #3236 ) ) ;
#1668 = AXIS2_PLACEMENT_3D ( 'NONE', #649, #1502, #2890 ) ;
#1669 = DIRECTION ( 'NONE',  ( -2.926568495954124030E-16, -1.000000000000000000, -6.982962677686266711E-15 ) ) ;
#1670 = LINE ( 'NONE', #3139, #1957 ) ;
#1671 = DIRECTION ( 'NONE',  ( -0.000000000000000000, 6.983283950242307528E-15, -1.000000000000000000 ) ) ;
#1672 = EDGE_LOOP ( 'NONE', ( #5, #2563, #1801, #2663 ) ) ;
#1673 = DIRECTION ( 'NONE',  ( 1.000000000000000000, 0.000000000000000000, 0.000000000000000000 ) ) ;
#1674 = ORIENTED_EDGE ( 'NONE', *, *, #1917, .F. ) ;
#1675 = LINE ( 'NONE', #1055, #1316 ) ;
#1676 = CIRCLE ( 'NONE', #553, 7.000000000000000000 ) ;
#1677 = ORIENTED_EDGE ( 'NONE', *, *, #1600, .T. ) ;
#1678 = DIRECTION ( 'NONE',  ( -0.4999999999999918399, 0.8660254037844432595, -0.000000000000000000 ) ) ;
#1679 = ORIENTED_EDGE ( 'NONE', *, *, #921, .F. ) ;
#1680 = DIRECTION ( 'NONE',  ( 0.000000000000000000, -1.000000000000000000, -6.975033976323405811E-15 ) ) ;
#1681 = CIRCLE ( 'NONE', #1509, 7.999999999999998224 ) ;
#1682 = EDGE_CURVE ( 'NONE', #847, #2580, #3414, .T. ) ;
#1683 = EDGE_CURVE ( 'NONE', #2195, #710, #3056, .T. ) ;
#1684 = CARTESIAN_POINT ( 'NONE',  ( -5.000000000000000000, 14.49999999999999467, 0.7500000000001012523 ) ) ;
#1685 = CARTESIAN_POINT ( 'NONE',  ( 14.00000000000000178, 17.27444493861361607, 0.7500000000001205702 ) ) ;
#1686 = DIRECTION ( 'NONE',  ( 6.047701302749968920E-15, -3.491641975121182558E-15, -1.000000000000000000 ) ) ;
#1687 = ORIENTED_EDGE ( 'NONE', *, *, #1348, .T. ) ;
#1688 = VERTEX_POINT ( 'NONE', #851 ) ;
#1689 = ADVANCED_FACE ( 'NONE', ( #2567 ), #2308, .F. ) ;
#1690 = PLANE ( 'NONE',  #1658 ) ;
#1691 = DIRECTION ( 'NONE',  ( -0.000000000000000000, -0.000000000000000000, 1.000000000000000000 ) ) ;
#1692 = VERTEX_POINT ( 'NONE', #2831 ) ;
#1693 = CARTESIAN_POINT ( 'NONE',  ( -5.000000000000000000, -27.99999999999998934, 0.7499999999998044897 ) ) ;
#1694 = VERTEX_POINT ( 'NONE', #1161 ) ;
#1695 = DIRECTION ( 'NONE',  ( 0.000000000000000000, -6.982962677686266711E-15, 1.000000000000000000 ) ) ;
#1696 = ORIENTED_EDGE ( 'NONE', *, *, #2206, .F. ) ;
#1697 = CARTESIAN_POINT ( 'NONE',  ( -20.42092921435225961, -33.07008693702535851, -0.7500000000000000000 ) ) ;
#1698 = VERTEX_POINT ( 'NONE', #1699 ) ;
#1699 = CARTESIAN_POINT ( 'NONE',  ( -16.28193760082771746, -42.56217782649108017, 0.7499999999997027933 ) ) ;
#1700 = CARTESIAN_POINT ( 'NONE',  ( -25.96410161513792403, -36.97114317029961228, 0.4499999999999720890 ) ) ;
#1701 = CARTESIAN_POINT ( 'NONE',  ( 35.00000000000000000, 5.237222008264626669E-15, 0.4500000000000000666 ) ) ;
#1702 = CARTESIAN_POINT ( 'NONE',  ( -4.000000000000000000, -36.25000000000000711, 0.4499999999997452149 ) ) ;
#1703 = ORIENTED_EDGE ( 'NONE', *, *, #1492, .T. ) ;
#1704 = EDGE_LOOP ( 'NONE', ( #2053, #3605, #2213, #2881 ) ) ;
#1705 = DIRECTION ( 'NONE',  ( -0.000000000000000000, -6.982962677686266711E-15, 1.000000000000000000 ) ) ;
#1706 = CARTESIAN_POINT ( 'NONE',  ( 29.99999999999998934, 2.500000000000000000, 0.4500000000000174971 ) ) ;
#1707 = CARTESIAN_POINT ( 'NONE',  ( -32.99999999999999289, -28.86854811567262402, 0.7499999999997984945 ) ) ;
#1708 = ADVANCED_FACE ( 'NONE', ( #3391 ), #869, .T. ) ;
#1709 = ORIENTED_EDGE ( 'NONE', *, *, #3314, .F. ) ;
#1710 = CARTESIAN_POINT ( 'NONE',  ( -16.74999999999973355, 29.01185102677884942, 0.7510000000003037579 ) ) ;
#1711 = ORIENTED_EDGE ( 'NONE', *, *, #2046, .T. ) ;
#1712 = CARTESIAN_POINT ( 'NONE',  ( -4.535775977062476493E-15, 2.618731481340886820E-15, 0.4500000000000000666 ) ) ;
#1713 = ORIENTED_EDGE ( 'NONE', *, *, #1106, .T. ) ;
#1714 = VECTOR ( 'NONE', #1497, 1000.000000000000227 ) ;
#1715 = DIRECTION ( 'NONE',  ( -0.000000000000000000, -6.982962677686266711E-15, 1.000000000000000000 ) ) ;
#1716 = AXIS2_PLACEMENT_3D ( 'NONE', #227, #1880, #1368 ) ;
#1717 = ORIENTED_EDGE ( 'NONE', *, *, #374, .T. ) ;
#1718 = DIRECTION ( 'NONE',  ( 0.000000000000000000, 0.000000000000000000, -1.000000000000000000 ) ) ;
#1719 = VECTOR ( 'NONE', #1722, 1000.000000000000000 ) ;
#1720 = DIRECTION ( 'NONE',  ( -6.047701302750016252E-15, -3.491641975121097361E-15, -1.000000000000000000 ) ) ;
#1721 = LINE ( 'NONE', #854, #2338 ) ;
#1722 = DIRECTION ( 'NONE',  ( -0.000000000000000000, -6.982962677686266711E-15, 1.000000000000000000 ) ) ;
#1723 = CIRCLE ( 'NONE', #3506, 1.500000000000004885 ) ;
#1724 = ORIENTED_EDGE ( 'NONE', *, *, #2846, .F. ) ;
#1725 = EDGE_LOOP ( 'NONE', ( #3592, #220, #1508, #868 ) ) ;
#1726 = CARTESIAN_POINT ( 'NONE',  ( -26.00000000000000355, -28.86854811567262402, 0.7499999999997984945 ) ) ;
#1727 = DIRECTION ( 'NONE',  ( 0.8660254037844432595, 0.4999999999999919509, 0.000000000000000000 ) ) ;
#1728 = LINE ( 'NONE', #4, #353 ) ;
#1729 = ORIENTED_EDGE ( 'NONE', *, *, #398, .T. ) ;
#1730 = ADVANCED_FACE ( 'NONE', ( #225 ), #3664, .F. ) ;
#1731 = CARTESIAN_POINT ( 'NONE',  ( 4.000000000000000000, -33.99999999999999289, -0.7500000000008458789 ) ) ;
#1732 = ORIENTED_EDGE ( 'NONE', *, *, #1390, .F. ) ;
#1733 = DIRECTION ( 'NONE',  ( 0.000000000000000000, -1.000000000000000000, -6.987080667128815906E-15 ) ) ;
#1734 = AXIS2_PLACEMENT_3D ( 'NONE', #2683, #2371, #1531 ) ;
#1735 = EDGE_LOOP ( 'NONE', ( #620, #100, #2963, #452 ) ) ;
#1736 = EDGE_CURVE ( 'NONE', #2032, #31, #2247, .T. ) ;
#1737 = DIRECTION ( 'NONE',  ( -0.8910065241883660114, -0.4539904997395504682, 0.000000000000000000 ) ) ;
#1738 = ORIENTED_EDGE ( 'NONE', *, *, #1682, .F. ) ;
#1739 = VECTOR ( 'NONE', #743, 1000.000000000000000 ) ;
#1740 = CARTESIAN_POINT ( 'NONE',  ( 5.000000000000000000, 14.49999999999999467, 0.7500000000001012523 ) ) ;
#1741 = AXIS2_PLACEMENT_3D ( 'NONE', #1359, #1617, #802 ) ;
#1742 = CYLINDRICAL_SURFACE ( 'NONE', #1668, 7.000000000000000000 ) ;
#1743 = LINE ( 'NONE', #616, #2805 ) ;
#1744 = LINE ( 'NONE', #3351, #291 ) ;
#1745 = ORIENTED_EDGE ( 'NONE', *, *, #687, .F. ) ;
#1746 = ORIENTED_EDGE ( 'NONE', *, *, #1321, .F. ) ;
#1747 = EDGE_CURVE ( 'NONE', #29, #1383, #508, .T. ) ;
#1748 = CARTESIAN_POINT ( 'NONE',  ( 10.00000000000000000, -22.99999999999998934, 0.7499999999998044897 ) ) ;
#1749 = DIRECTION ( 'NONE',  ( 0.5000000000000041078, 0.8660254037844362651, 8.973382672516580840E-31 ) ) ;
#1750 = ORIENTED_EDGE ( 'NONE', *, *, #1492, .F. ) ;
#1751 = PERSON ( 'UNSPECIFIED', 'UNSPECIFIED', 'UNSPECIFIED', ('UNSPECIFIED'), ('UNSPECIFIED'), ('UNSPECIFIED') ) ;
#1752 = CARTESIAN_POINT ( 'NONE',  ( 28.93609970836706324, 11.19269836949750463, 0.7510000000003037579 ) ) ;
#1753 = VERTEX_POINT ( 'NONE', #1367 ) ;
#1754 = DIRECTION ( 'NONE',  ( -1.000000000000000000, 1.284980352575412699E-16, 8.973382672516580840E-31 ) ) ;
#1755 = VERTEX_POINT ( 'NONE', #552 ) ;
#1756 = EDGE_CURVE ( 'NONE', #3581, #551, #2547, .T. ) ;
#1757 = DIRECTION ( 'NONE',  ( -0.000000000000000000, -6.982962677686266711E-15, 1.000000000000000000 ) ) ;
#1758 = VERTEX_POINT ( 'NONE', #1122 ) ;
#1759 = DIRECTION ( 'NONE',  ( 0.6785832094741426346, -0.7345235379616992244, -5.129150451468617663E-15 ) ) ;
#1760 = EDGE_CURVE ( 'NONE', #2276, #95, #590, .T. ) ;
#1761 = FACE_OUTER_BOUND ( 'NONE', #2011, .T. ) ;
#1762 = DIRECTION ( 'NONE',  ( -0.4999999999999995004, -0.8660254037844390407, -6.047423072554917145E-15 ) ) ;
#1763 = ADVANCED_FACE ( 'NONE', ( #1384 ), #3115, .F. ) ;
#1764 = VERTEX_POINT ( 'NONE', #1422 ) ;
#1765 = APPROVAL_STATUS ( 'not_yet_approved' ) ;
#1766 = DIRECTION ( 'NONE',  ( 1.000000000000000000, 0.000000000000000000, 0.000000000000000000 ) ) ;
#1767 = ORIENTED_EDGE ( 'NONE', *, *, #12, .F. ) ;
#1768 = CARTESIAN_POINT ( 'NONE',  ( 31.60991487455629922, -9.832289439411965759, -0.7500000000000000000 ) ) ;
#1769 = ORIENTED_EDGE ( 'NONE', *, *, #1813, .F. ) ;
#1770 = DIRECTION ( 'NONE',  ( -6.047701302749967342E-15, 3.491641975121181374E-15, 1.000000000000000000 ) ) ;
#1771 = VERTEX_POINT ( 'NONE', #15 ) ;
#1772 = DIRECTION ( 'NONE',  ( 6.047701302749968920E-15, -3.491641975121182558E-15, -1.000000000000000000 ) ) ;
#1773 = EDGE_CURVE ( 'NONE', #1549, #454, #3547, .T. ) ;
#1774 = ORIENTED_EDGE ( 'NONE', *, *, #3421, .T. ) ;
#1775 = CARTESIAN_POINT ( 'NONE',  ( 44.99999999999998579, -10.29013772833545382, -0.7500000000000719425 ) ) ;
#1776 = VECTOR ( 'NONE', #3348, 999.9999999999998863 ) ;
#1777 = VECTOR ( 'NONE', #502, 1000.000000000000000 ) ;
#1778 = DIRECTION ( 'NONE',  ( -1.000000000000000000, 0.000000000000000000, 0.000000000000000000 ) ) ;
#1779 = EDGE_CURVE ( 'NONE', #2511, #153, #2292, .T. ) ;
#1780 = CARTESIAN_POINT ( 'NONE',  ( -16.49999999999999645, 18.50000000000000711, 0.7500000000001292300 ) ) ;
#1781 = EDGE_CURVE ( 'NONE', #181, #2164, #2867, .T. ) ;
#1782 = DIRECTION ( 'NONE',  ( -1.000000000000000000, 0.000000000000000000, 0.000000000000000000 ) ) ;
#1783 = ORIENTED_EDGE ( 'NONE', *, *, #2367, .T. ) ;
#1784 = VECTOR ( 'NONE', #2378, 1000.000000000000000 ) ;
#1785 = VECTOR ( 'NONE', #2705, 1000.000000000000000 ) ;
#1786 = DIRECTION ( 'NONE',  ( -0.000000000000000000, 0.000000000000000000, 1.000000000000000000 ) ) ;
#1787 = DIRECTION ( 'NONE',  ( -0.000000000000000000, -0.000000000000000000, 1.000000000000000000 ) ) ;
#1788 = DIRECTION ( 'NONE',  ( -1.000000000000000000, 0.000000000000000000, 0.000000000000000000 ) ) ;
#1789 = CIRCLE ( 'NONE', #1844, 1.499999999999998890 ) ;
#1790 = VERTEX_POINT ( 'NONE', #1205 ) ;
#1791 = ADVANCED_FACE ( 'NONE', ( #103 ), #683, .T. ) ;
#1792 = CARTESIAN_POINT ( 'NONE',  ( 43.11947591133416324, 15.05647746279743693, -0.7499999999998948619 ) ) ;
#1793 = EDGE_LOOP ( 'NONE', ( #2712, #3297, #1679, #2618 ) ) ;
#1794 = DIRECTION ( 'NONE',  ( -0.000000000000000000, 0.000000000000000000, 1.000000000000000000 ) ) ;
#1795 = AXIS2_PLACEMENT_3D ( 'NONE', #1712, #1770, #2882 ) ;
#1796 = ORGANIZATION ( 'UNSPECIFIED', 'UNSPECIFIED', '' ) ;
#1797 = LINE ( 'NONE', #3507, #3270 ) ;
#1798 = CARTESIAN_POINT ( 'NONE',  ( 4.999999999999999112, -22.99999999999998934, 0.7499999999998394618 ) ) ;
#1799 = VECTOR ( 'NONE', #2983, 1000.000000000000000 ) ;
#1800 = DIRECTION ( 'NONE',  ( -1.000000000000000000, 0.000000000000000000, 0.000000000000000000 ) ) ;
#1801 = ORIENTED_EDGE ( 'NONE', *, *, #916, .F. ) ;
#1802 = EDGE_CURVE ( 'NONE', #1563, #2289, #924, .T. ) ;
#1803 = DIRECTION ( 'NONE',  ( -0.8910065241883660114, -0.4539904997395504127, 0.000000000000000000 ) ) ;
#1804 = CARTESIAN_POINT ( 'NONE',  ( -26.00000000000000355, -28.86854811567260981, -0.7500000000002016165 ) ) ;
#1805 = DIRECTION ( 'NONE',  ( -0.6819983600625005860, 0.7313537016191685725, 5.107015602594352013E-15 ) ) ;
#1806 = ORIENTED_EDGE ( 'NONE', *, *, #2639, .T. ) ;
#1807 = EDGE_CURVE ( 'NONE', #1110, #2799, #52, .T. ) ;
#1808 = DIRECTION ( 'NONE',  ( -0.000000000000000000, -6.982962677686266711E-15, 1.000000000000000000 ) ) ;
#1809 = ORIENTED_EDGE ( 'NONE', *, *, #3140, .T. ) ;
#1810 = CYLINDRICAL_SURFACE ( 'NONE', #2496, 2.249999999999995115 ) ;
#1811 = VERTEX_POINT ( 'NONE', #2020 ) ;
#1812 = LINE ( 'NONE', #122, #2460 ) ;
#1813 = EDGE_CURVE ( 'NONE', #3254, #181, #2057, .T. ) ;
#1814 = CARTESIAN_POINT ( 'NONE',  ( -32.99999999999999289, -32.91000000000000369, -0.7500000000002298162 ) ) ;
#1815 = PERSON_AND_ORGANIZATION ( #1751, #1796 ) ;
#1816 = CARTESIAN_POINT ( 'NONE',  ( -12.83493649053864694, 27.23076211353326670, 0.4499999999999825806 ) ) ;
#1817 = VERTEX_POINT ( 'NONE', #908 ) ;
#1818 = CYLINDRICAL_SURFACE ( 'NONE', #2161, 2.249999999999995115 ) ;
#1819 = EDGE_CURVE ( 'NONE', #2277, #2947, #390, .T. ) ;
#1820 = ADVANCED_FACE ( 'NONE', ( #2664 ), #2041, .F. ) ;
#1821 = CARTESIAN_POINT ( 'NONE',  ( 30.29807120758571415, -13.86571794206259334, -0.7500000000000000000 ) ) ;
#1822 = DIRECTION ( 'NONE',  ( 0.000000000000000000, -1.000000000000000000, -7.011174048739599810E-15 ) ) ;
#1823 = ORIENTED_EDGE ( 'NONE', *, *, #296, .T. ) ;
#1824 = CARTESIAN_POINT ( 'NONE',  ( -3.464101615137775259, -1.999999999999968914, 0.7500000000000279776 ) ) ;
#1825 = ORIENTED_EDGE ( 'NONE', *, *, #3387, .F. ) ;
#1826 = DIRECTION ( 'NONE',  ( -0.5000000000000038858, -0.8660254037844362651, 0.000000000000000000 ) ) ;
#1827 = ORIENTED_EDGE ( 'NONE', *, *, #1369, .T. ) ;
#1828 = CARTESIAN_POINT ( 'NONE',  ( 27.29951150590041564, -1.360408930085525325, -0.7500000000000000000 ) ) ;
#1829 = DIRECTION ( 'NONE',  ( 0.000000000000000000, -1.000000000000000000, -6.975033976323409755E-15 ) ) ;
#1830 = AXIS2_PLACEMENT_3D ( 'NONE', #342, #3113, #568 ) ;
#1831 = CIRCLE ( 'NONE', #2255, 1.500000000000001332 ) ;
#1832 = VECTOR ( 'NONE', #442, 1000.000000000000000 ) ;
#1833 = DIRECTION ( 'NONE',  ( 1.000000000000000000, 0.000000000000000000, 0.000000000000000000 ) ) ;
#1834 = EDGE_LOOP ( 'NONE', ( #1326, #2149, #2643, #730 ) ) ;
#1835 = EDGE_CURVE ( 'NONE', #2433, #3225, #1516, .T. ) ;
#1836 = CIRCLE ( 'NONE', #2920, 1.149999999999998135 ) ;
#1837 = AXIS2_PLACEMENT_3D ( 'NONE', #1288, #2432, #3544 ) ;
#1838 = DIRECTION ( 'NONE',  ( 0.000000000000000000, 0.000000000000000000, -1.000000000000000000 ) ) ;
#1839 = FACE_OUTER_BOUND ( 'NONE', #612, .T. ) ;
#1840 = CARTESIAN_POINT ( 'NONE',  ( 17.00000000000000000, -17.27444493861360186, 0.7499999999998793188 ) ) ;
#1841 = ORIENTED_EDGE ( 'NONE', *, *, #1365, .T. ) ;
#1842 = AXIS2_PLACEMENT_3D ( 'NONE', #2118, #2979, #1244 ) ;
#1843 = CARTESIAN_POINT ( 'NONE',  ( 44.99999999999998579, -6.789454371962289514, -0.7500000000000474065 ) ) ;
#1844 = AXIS2_PLACEMENT_3D ( 'NONE', #811, #3098, #872 ) ;
#1845 = VERTEX_POINT ( 'NONE', #3505 ) ;
#1846 = CARTESIAN_POINT ( 'NONE',  ( 11.35131030199996971, -41.37618830369359557, -0.7500000000002889911 ) ) ;
#1847 = ORIENTED_EDGE ( 'NONE', *, *, #1552, .T. ) ;
#1848 = DIRECTION ( 'NONE',  ( -0.000000000000000000, 0.000000000000000000, 1.000000000000000000 ) ) ;
#1849 = AXIS2_PLACEMENT_3D ( 'NONE', #2322, #1996, #262 ) ;
#1850 = CYLINDRICAL_SURFACE ( 'NONE', #1307, 8.000000000000000000 ) ;
#1851 = FACE_OUTER_BOUND ( 'NONE', #3302, .T. ) ;
#1852 = APPROVAL_PERSON_ORGANIZATION ( #3510, #538, #1242 ) ;
#1853 = ORIENTED_EDGE ( 'NONE', *, *, #3140, .F. ) ;
#1854 = DIRECTION ( 'NONE',  ( 0.000000000000000000, 0.000000000000000000, -1.000000000000000000 ) ) ;
#1855 = CYLINDRICAL_SURFACE ( 'NONE', #1135, 5.000000000000000000 ) ;
#1856 = DIRECTION ( 'NONE',  ( 0.8660254037844432595, 0.4999999999999919509, -6.983283950242307528E-15 ) ) ;
#1857 = EDGE_CURVE ( 'NONE', #1758, #1381, #2940, .T. ) ;
#1858 = VECTOR ( 'NONE', #1786, 1000.000000000000000 ) ;
#1859 = ORIENTED_EDGE ( 'NONE', *, *, #3184, .F. ) ;
#1860 = FACE_OUTER_BOUND ( 'NONE', #2980, .T. ) ;
#1861 = EDGE_LOOP ( 'NONE', ( #2544, #387 ) ) ;
#1862 = EDGE_CURVE ( 'NONE', #2551, #1351, #2404, .T. ) ;
#1863 = EDGE_CURVE ( 'NONE', #1648, #1150, #1051, .T. ) ;
#1864 = ORIENTED_EDGE ( 'NONE', *, *, #3434, .T. ) ;
#1865 = CARTESIAN_POINT ( 'NONE',  ( -5.000000000000000000, -27.99999999999998934, -0.7500000000000000000 ) ) ;
#1866 = CARTESIAN_POINT ( 'NONE',  ( 4.000000000000000000, -34.00000000000000711, 0.7499999999997625233 ) ) ;
#1867 = EDGE_CURVE ( 'NONE', #1692, #255, #119, .T. ) ;
#1868 = CARTESIAN_POINT ( 'NONE',  ( 5.922644626206826857, -35.50000000000000000, -0.7500000000002479128 ) ) ;
#1869 = ORIENTED_EDGE ( 'NONE', *, *, #1985, .F. ) ;
#1870 = CARTESIAN_POINT ( 'NONE',  ( 44.99999999999998579, -6.789454371962289514, -0.7500000000000474065 ) ) ;
#1871 = PLANE ( 'NONE',  #1895 ) ;
#1872 = ORIENTED_EDGE ( 'NONE', *, *, #600, .T. ) ;
#1873 = CARTESIAN_POINT ( 'NONE',  ( 33.02137984865057518, 14.15512622612572535, 0.7500000000000989209 ) ) ;
#1874 = ORIENTED_EDGE ( 'NONE', *, *, #219, .T. ) ;
#1875 = DIRECTION ( 'NONE',  ( 0.000000000000000000, -6.982962677686266711E-15, 1.000000000000000000 ) ) ;
#1876 = EDGE_LOOP ( 'NONE', ( #71, #2188, #2056, #3111 ) ) ;
#1877 = DIRECTION ( 'NONE',  ( -0.000000000000000000, 6.983283950242307528E-15, -1.000000000000000000 ) ) ;
#1878 = FACE_OUTER_BOUND ( 'NONE', #1587, .T. ) ;
#1879 = ADVANCED_FACE ( 'NONE', ( #648 ), #1810, .F. ) ;
#1880 = DIRECTION ( 'NONE',  ( -0.5000000000000039968, -0.8660254037844363761, 0.000000000000000000 ) ) ;
#1881 = DIRECTION ( 'NONE',  ( 1.000000000000000000, 4.688441826964343065E-17, 0.000000000000000000 ) ) ;
#1882 = VECTOR ( 'NONE', #3457, 1000.000000000000000 ) ;
#1883 = ORIENTED_EDGE ( 'NONE', *, *, #2177, .F. ) ;
#1884 = AXIS2_PLACEMENT_3D ( 'NONE', #2784, #1363, #824 ) ;
#1885 = EDGE_CURVE ( 'NONE', #1078, #697, #665, .T. ) ;
#1886 = CIRCLE ( 'NONE', #1650, 2.249999999999995115 ) ;
#1887 = CARTESIAN_POINT ( 'NONE',  ( -13.49999999999999645, -15.49999999999999822, 0.7499999999998917533 ) ) ;
#1888 = CARTESIAN_POINT ( 'NONE',  ( -10.00000000000000000, -1.499999999999989120, 0.7500000000000244249 ) ) ;
#1889 = EDGE_LOOP ( 'NONE', ( #3067, #2305, #479, #933 ) ) ;
#1890 = CIRCLE ( 'NONE', #2135, 1.149999999999998135 ) ;
#1891 = CARTESIAN_POINT ( 'NONE',  ( 11.04795907958597923, 31.65161701291977536, -0.7499999999997789546 ) ) ;
#1892 = VERTEX_POINT ( 'NONE', #2329 ) ;
#1893 = FACE_OUTER_BOUND ( 'NONE', #1672, .T. ) ;
#1894 = PRODUCT_DEFINITION_SHAPE ( 'NONE', 'NONE',  #2647 ) ;
#1895 = AXIS2_PLACEMENT_3D ( 'NONE', #3580, #2451, #1856 ) ;
#1896 = ORIENTED_EDGE ( 'NONE', *, *, #3046, .F. ) ;
#1897 = VECTOR ( 'NONE', #1333, 1000.000000000000000 ) ;
#1898 = DIRECTION ( 'NONE',  ( 0.000000000000000000, 0.000000000000000000, -1.000000000000000000 ) ) ;
#1899 = CARTESIAN_POINT ( 'NONE',  ( -12.78193760082773522, 43.50000000000000000, -0.7499999999996962430 ) ) ;
#1900 = VECTOR ( 'NONE', #1387, 1000.000000000000000 ) ;
#1901 = AXIS2_PLACEMENT_3D ( 'NONE', #2002, #1720, #307 ) ;
#1902 = DIRECTION ( 'NONE',  ( -0.000000000000000000, -6.982962677686266711E-15, 1.000000000000000000 ) ) ;
#1903 = VECTOR ( 'NONE', #444, 1000.000000000000000 ) ;
#1904 = PLANE ( 'NONE',  #537 ) ;
#1905 = ADVANCED_FACE ( 'NONE', ( #1463 ), #1500, .T. ) ;
#1906 = EDGE_LOOP ( 'NONE', ( #2495, #1841, #3199, #1469 ) ) ;
#1907 = VECTOR ( 'NONE', #2165, 1000.000000000000000 ) ;
#1908 = LOCAL_TIME ( 12, 45, 1.000000000000000000, #1534 ) ;
#1909 = CARTESIAN_POINT ( 'NONE',  ( -15.25000000000013145, -29.01185102677862560, 0.4500000000000091149 ) ) ;
#1910 = DIRECTION ( 'NONE',  ( 0.000000000000000000, 0.000000000000000000, -1.000000000000000000 ) ) ;
#1911 = CARTESIAN_POINT ( 'NONE',  ( 31.60991487455629922, -9.832289439411971088, 0.7499999999999313882 ) ) ;
#1912 = ORIENTED_EDGE ( 'NONE', *, *, #3344, .T. ) ;
#1913 = VECTOR ( 'NONE', #3322, 1000.000000000000000 ) ;
#1914 = DIRECTION ( 'NONE',  ( 1.000000000000000000, 0.000000000000000000, 0.000000000000000000 ) ) ;
#1915 = ORIENTED_EDGE ( 'NONE', *, *, #571, .F. ) ;
#1916 = CARTESIAN_POINT ( 'NONE',  ( -19.03589838486185926, 40.97114317029990360, 0.4499999999999720890 ) ) ;
#1917 = EDGE_CURVE ( 'NONE', #3419, #2013, #72, .T. ) ;
#1918 = ORIENTED_EDGE ( 'NONE', *, *, #3221, .F. ) ;
#1919 = CARTESIAN_POINT ( 'NONE',  ( -2.500000000000000444, -34.00000000000000711, 0.4499999999997609246 ) ) ;
#1920 = VERTEX_POINT ( 'NONE', #1221 ) ;
#1921 = CARTESIAN_POINT ( 'NONE',  ( 1.566496718930888488, 41.15139356149658312, -0.7499999999997126743 ) ) ;
#1922 = CARTESIAN_POINT ( 'NONE',  ( 4.000000000000000000, -35.50000000000001421, 0.4499999999997504330 ) ) ;
#1923 = ADVANCED_FACE ( 'NONE', ( #2370, #3489 ), #938, .F. ) ;
#1924 = CARTESIAN_POINT ( 'NONE',  ( -4.000000000000000000, -31.75000000000001421, 0.7499999999997782885 ) ) ;
#1925 = LINE ( 'NONE', #3024, #422 ) ;
#1926 = VERTEX_POINT ( 'NONE', #1376 ) ;
#1927 = CARTESIAN_POINT ( 'NONE',  ( 30.29807120758572125, 13.86571794206259867, 0.7500000000000968114 ) ) ;
#1928 = LINE ( 'NONE', #3062, #295 ) ;
#1929 = CARTESIAN_POINT ( 'NONE',  ( -23.00000000000000355, 15.50000000000000711, 0.7510000000003037579 ) ) ;
#1930 = ORIENTED_EDGE ( 'NONE', *, *, #3183, .T. ) ;
#1931 = EDGE_CURVE ( 'NONE', #402, #3136, #3048, .T. ) ;
#1932 = CARTESIAN_POINT ( 'NONE',  ( 30.29807120758571415, 13.86571794206260222, 0.7500000000000872635 ) ) ;
#1933 = EDGE_LOOP ( 'NONE', ( #785, #2679, #3427, #2313 ) ) ;
#1934 = DIRECTION ( 'NONE',  ( 0.000000000000000000, -6.982962677686266711E-15, 1.000000000000000000 ) ) ;
#1935 = ORIENTED_EDGE ( 'NONE', *, *, #3557, .F. ) ;
#1936 = CARTESIAN_POINT ( 'NONE',  ( -26.00000000000000355, -15.49999999999999645, -0.7500000000000000000 ) ) ;
#1937 = ORIENTED_EDGE ( 'NONE', *, *, #736, .F. ) ;
#1938 = CARTESIAN_POINT ( 'NONE',  ( -16.75000000000013500, -29.01185102677862560, 0.7510000000003037579 ) ) ;
#1939 = CARTESIAN_POINT ( 'NONE',  ( 4.999999999999999112, -27.99999999999998934, -0.7500000000000000000 ) ) ;
#1940 = FACE_OUTER_BOUND ( 'NONE', #3313, .T. ) ;
#1941 = DIRECTION ( 'NONE',  ( -0.000000000000000000, -6.982962677686266711E-15, 1.000000000000000000 ) ) ;
#1942 = ORIENTED_EDGE ( 'NONE', *, *, #1364, .T. ) ;
#1943 = EDGE_CURVE ( 'NONE', #1078, #2725, #2482, .T. ) ;
#1944 = VECTOR ( 'NONE', #1718, 1000.000000000000000 ) ;
#1945 = DIRECTION ( 'NONE',  ( -0.000000000000000000, 6.982962677686266711E-15, -1.000000000000000000 ) ) ;
#1946 = CARTESIAN_POINT ( 'NONE',  ( 41.15000000000000568, 5.237222008264700033E-15, 0.4500000000000000666 ) ) ;
#1947 = EDGE_LOOP ( 'NONE', ( #2911, #1567, #604, #2861 ) ) ;
#1948 = VECTOR ( 'NONE', #316, 1000.000000000000000 ) ;
#1949 = DIRECTION ( 'NONE',  ( -0.000000000000000000, -6.982962677686266711E-15, 1.000000000000000000 ) ) ;
#1950 = ORIENTED_EDGE ( 'NONE', *, *, #577, .F. ) ;
#1951 = CARTESIAN_POINT ( 'NONE',  ( 4.999999999999999112, -22.99999999999998934, 0.7510000000003037579 ) ) ;
#1952 = VECTOR ( 'NONE', #926, 999.9999999999998863 ) ;
#1953 = EDGE_LOOP ( 'NONE', ( #304, #2706, #2507, #1511 ) ) ;
#1954 = EDGE_CURVE ( 'NONE', #2039, #1401, #2990, .T. ) ;
#1955 = EDGE_CURVE ( 'NONE', #551, #3064, #1049, .T. ) ;
#1956 = CARTESIAN_POINT ( 'NONE',  ( -19.21410161513786363, -25.27980021920972220, 0.4499999999999720890 ) ) ;
#1957 = VECTOR ( 'NONE', #2821, 1000.000000000000227 ) ;
#1958 = VERTEX_POINT ( 'NONE', #976 ) ;
#1959 = DIRECTION ( 'NONE',  ( 0.000000000000000000, -6.982962677686266711E-15, 1.000000000000000000 ) ) ;
#1960 = EDGE_CURVE ( 'NONE', #1304, #2540, #525, .T. ) ;
#1961 = DIRECTION ( 'NONE',  ( 0.000000000000000000, -1.000000000000000000, -6.975033976323413699E-15 ) ) ;
#1962 = VECTOR ( 'NONE', #2549, 1000.000000000000000 ) ;
#1963 = DIRECTION ( 'NONE',  ( 0.9273079639770559490, -0.3742992652206614812, -2.613717799321272952E-15 ) ) ;
#1964 = DIRECTION ( 'NONE',  ( 1.000000000000000000, 0.000000000000000000, 0.000000000000000000 ) ) ;
#1965 = AXIS2_PLACEMENT_3D ( 'NONE', #1124, #2592, #3415 ) ;
#1966 = EDGE_LOOP ( 'NONE', ( #341, #56, #1061, #259, #1373, #495, #2785, #1235 ) ) ;
#1967 = CIRCLE ( 'NONE', #2875, 1.150000000000000799 ) ;
#1968 = AXIS2_PLACEMENT_3D ( 'NONE', #3304, #3587, #768 ) ;
#1969 = FACE_OUTER_BOUND ( 'NONE', #14, .T. ) ;
#1970 = VECTOR ( 'NONE', #1157, 1000.000000000000000 ) ;
#1971 = CARTESIAN_POINT ( 'NONE',  ( -32.99999999999999289, -32.91000000000000369, -0.7500000000002298162 ) ) ;
#1972 = ORIENTED_EDGE ( 'NONE', *, *, #205, .T. ) ;
#1973 = DIRECTION ( 'NONE',  ( 0.000000000000000000, -1.000000000000000000, -6.982261990806646977E-15 ) ) ;
#1974 = ADVANCED_FACE ( 'NONE', ( #2521 ), #1629, .F. ) ;
#1975 = ORIENTED_EDGE ( 'NONE', *, *, #2412, .T. ) ;
#1976 = FACE_BOUND ( 'NONE', #563, .T. ) ;
#1977 = AXIS2_PLACEMENT_3D ( 'NONE', #2302, #627, #260 ) ;
#1978 = ORIENTED_EDGE ( 'NONE', *, *, #2007, .T. ) ;
#1979 = DIRECTION ( 'NONE',  ( 0.000000000000000000, -6.982962677686266711E-15, 1.000000000000000000 ) ) ;
#1980 = EDGE_CURVE ( 'NONE', #1176, #1620, #516, .T. ) ;
#1981 = ORIENTED_EDGE ( 'NONE', *, *, #1255, .T. ) ;
#1982 = DIRECTION ( 'NONE',  ( 0.000000000000000000, 0.000000000000000000, -1.000000000000000000 ) ) ;
#1983 = AXIS2_PLACEMENT_3D ( 'NONE', #727, #2499, #779 ) ;
#1984 = CARTESIAN_POINT ( 'NONE',  ( 42.30000000000000426, 5.237222008264700033E-15, -0.7500000000000000000 ) ) ;
#1985 = EDGE_CURVE ( 'NONE', #1401, #3225, #1886, .T. ) ;
#1986 = DIRECTION ( 'NONE',  ( 0.000000000000000000, 0.000000000000000000, 1.000000000000000000 ) ) ;
#1987 = DIRECTION ( 'NONE',  ( -0.8660254037844432595, -0.4999999999999919509, 6.983283950242307528E-15 ) ) ;
#1988 = ORIENTED_EDGE ( 'NONE', *, *, #2704, .F. ) ;
#1989 = VERTEX_POINT ( 'NONE', #1091 ) ;
#1990 = CARTESIAN_POINT ( 'NONE',  ( -4.000000000000000000, -34.00000000000000711, 0.7499999999997625233 ) ) ;
#1991 = DIRECTION ( 'NONE',  ( 0.000000000000000000, 0.000000000000000000, -1.000000000000000000 ) ) ;
#1992 = DIRECTION ( 'NONE',  ( -0.5000000000000039968, -0.8660254037844363761, 0.000000000000000000 ) ) ;
#1993 = ORIENTED_EDGE ( 'NONE', *, *, #1569, .T. ) ;
#1994 = CARTESIAN_POINT ( 'NONE',  ( -10.00000000000000000, -27.99999999999998934, -0.7500000000000000000 ) ) ;
#1995 = ORIENTED_EDGE ( 'NONE', *, *, #2757, .T. ) ;
#1996 = DIRECTION ( 'NONE',  ( 0.000000000000000000, -6.982962677686266711E-15, 1.000000000000000000 ) ) ;
#1997 = ORIENTED_EDGE ( 'NONE', *, *, #892, .F. ) ;
#1998 = CARTESIAN_POINT ( 'NONE',  ( 4.000000000000000000, -34.00000000000000711, 0.4499999999997609246 ) ) ;
#1999 = EDGE_LOOP ( 'NONE', ( #1033, #1988 ) ) ;
#2000 = DIRECTION ( 'NONE',  ( 0.000000000000000000, -1.000000000000000000, -6.975033976323413699E-15 ) ) ;
#2001 = EDGE_CURVE ( 'NONE', #2799, #2405, #214, .T. ) ;
#2002 = CARTESIAN_POINT ( 'NONE',  ( -13.58493649053863273, 28.52980021920993181, 0.4499999999999825806 ) ) ;
#2003 = DIRECTION ( 'NONE',  ( -0.000000000000000000, 0.000000000000000000, 1.000000000000000000 ) ) ;
#2004 = LINE ( 'NONE', #1087, #1247 ) ;
#2005 = ORIENTED_EDGE ( 'NONE', *, *, #3298, .F. ) ;
#2006 = EDGE_CURVE ( 'NONE', #2013, #2511, #999, .T. ) ;
#2007 = EDGE_CURVE ( 'NONE', #2405, #1455, #290, .T. ) ;
#2008 =( NAMED_UNIT ( * ) PLANE_ANGLE_UNIT ( ) SI_UNIT ( $, .RADIAN. ) );
#2009 = CARTESIAN_POINT ( 'NONE',  ( -4.999999999999999112, -1.499999999999989120, 0.7499999999999894529 ) ) ;
#2010 = DIRECTION ( 'NONE',  ( 0.7345235379616992244, 0.6785832094741427456, 4.738521225462499790E-15 ) ) ;
#2011 = EDGE_LOOP ( 'NONE', ( #2845, #298, #2180, #1769 ) ) ;
#2012 = FACE_OUTER_BOUND ( 'NONE', #2967, .T. ) ;
#2013 = VERTEX_POINT ( 'NONE', #1911 ) ;
#2014 = DIRECTION ( 'NONE',  ( 0.000000000000000000, -0.000000000000000000, -1.000000000000000000 ) ) ;
#2015 = CIRCLE ( 'NONE', #2916, 1.500000000000001332 ) ;
#2016 = ORIENTED_EDGE ( 'NONE', *, *, #399, .F. ) ;
#2017 = AXIS2_PLACEMENT_3D ( 'NONE', #248, #1144, #2000 ) ;
#2018 = CIRCLE ( 'NONE', #221, 1.150000000000001910 ) ;
#2019 = ORIENTED_EDGE ( 'NONE', *, *, #2958, .T. ) ;
#2020 = CARTESIAN_POINT ( 'NONE',  ( -16.28193760082773878, 42.56217782649105885, 0.7500000000002972067 ) ) ;
#2021 = VECTOR ( 'NONE', #1239, 1000.000000000000114 ) ;
#2022 = VECTOR ( 'NONE', #2876, 1000.000000000000000 ) ;
#2023 = CARTESIAN_POINT ( 'NONE',  ( 10.00000000000000355, 3.500000000000008438, 0.7500000000000244249 ) ) ;
#2024 = CYLINDRICAL_SURFACE ( 'NONE', #1261, 1.500000000000001332 ) ;
#2025 = DIRECTION ( 'NONE',  ( -0.5000000000000036637, -0.8660254037844363761, 0.000000000000000000 ) ) ;
#2026 = AXIS2_PLACEMENT_3D ( 'NONE', #1266, #2415, #1800 ) ;
#2027 = ORIENTED_EDGE ( 'NONE', *, *, #2698, .T. ) ;
#2028 = FACE_OUTER_BOUND ( 'NONE', #2497, .T. ) ;
#2029 = EDGE_CURVE ( 'NONE', #2369, #503, #3669, .T. ) ;
#2030 = DIRECTION ( 'NONE',  ( 1.000000000000000000, 0.000000000000000000, 0.000000000000000000 ) ) ;
#2031 = CARTESIAN_POINT ( 'NONE',  ( 3.464101615137748169, -2.000000000000018208, 0.7500000000000279776 ) ) ;
#2032 = VERTEX_POINT ( 'NONE', #2501 ) ;
#2033 = DIRECTION ( 'NONE',  ( 0.000000000000000000, 0.000000000000000000, 1.000000000000000000 ) ) ;
#2034 = AXIS2_PLACEMENT_3D ( 'NONE', #2915, #2066, #2642 ) ;
#2035 = ORIENTED_EDGE ( 'NONE', *, *, #1985, .T. ) ;
#2036 = PLANE ( 'NONE',  #1795 ) ;
#2037 = VERTEX_POINT ( 'NONE', #3356 ) ;
#2038 = LINE ( 'NONE', #2545, #1241 ) ;
#2039 = VERTEX_POINT ( 'NONE', #2972 ) ;
#2040 = LOCAL_TIME ( 12, 45, 1.000000000000000000, #2339 ) ;
#2041 = CYLINDRICAL_SURFACE ( 'NONE', #2384, 2.999999999999999112 ) ;
#2042 = VECTOR ( 'NONE', #3405, 1000.000000000000000 ) ;
#2043 = CARTESIAN_POINT ( 'NONE',  ( 42.42866567579311976, -12.66564267565588153, -0.7500000000000884848 ) ) ;
#2044 = FACE_OUTER_BOUND ( 'NONE', #3051, .T. ) ;
#2045 = ORIENTED_EDGE ( 'NONE', *, *, #1028, .T. ) ;
#2046 = EDGE_CURVE ( 'NONE', #2536, #3419, #138, .T. ) ;
#2047 = CARTESIAN_POINT ( 'NONE',  ( -10.00000000000000000, -22.99999999999999289, 0.7499999999998393507 ) ) ;
#2048 = ORIENTED_EDGE ( 'NONE', *, *, #25, .T. ) ;
#2049 = ADVANCED_FACE ( 'NONE', ( #3318 ), #1550, .F. ) ;
#2050 = LINE ( 'NONE', #357, #3278 ) ;
#2051 = ORIENTED_EDGE ( 'NONE', *, *, #157, .T. ) ;
#2052 = CYLINDRICAL_SURFACE ( 'NONE', #671, 6.999999999999999112 ) ;
#2053 = ORIENTED_EDGE ( 'NONE', *, *, #791, .T. ) ;
#2054 = EDGE_CURVE ( 'NONE', #1129, #8, #3372, .T. ) ;
#2055 = LINE ( 'NONE', #281, #287 ) ;
#2056 = ORIENTED_EDGE ( 'NONE', *, *, #2968, .T. ) ;
#2057 = LINE ( 'NONE', #3224, #413 ) ;
#2058 = MANIFOLD_SOLID_BREP ( 'CBORE for M5 Hex Head Bolt1', #2205 ) ;
#2059 = CARTESIAN_POINT ( 'NONE',  ( -15.24999999999972822, 29.01185102677884942, 0.4499999999999909628 ) ) ;
#2060 = DIRECTION ( 'NONE',  ( -0.000000000000000000, -6.982962677686266711E-15, 1.000000000000000000 ) ) ;
#2061 = DIRECTION ( 'NONE',  ( 0.000000000000000000, 0.000000000000000000, -1.000000000000000000 ) ) ;
#2062 = CC_DESIGN_PERSON_AND_ORGANIZATION_ASSIGNMENT ( #1815, #377, ( #2582 ) ) ;
#2063 = ORIENTED_EDGE ( 'NONE', *, *, #1390, .T. ) ;
#2064 = LINE ( 'NONE', #3195, #1385 ) ;
#2065 = CARTESIAN_POINT ( 'NONE',  ( -5.000000000000000000, 16.00000000000000711, -0.7500000000004967138 ) ) ;
#2066 = DIRECTION ( 'NONE',  ( -0.000000000000000000, 6.982962677686266711E-15, -1.000000000000000000 ) ) ;
#2067 = EDGE_CURVE ( 'NONE', #1004, #2201, #2387, .T. ) ;
#2068 = ORIENTED_EDGE ( 'NONE', *, *, #302, .F. ) ;
#2069 = CARTESIAN_POINT ( 'NONE',  ( -3.464101615137775259, -1.999999999999968914, 0.4500000000000279887 ) ) ;
#2070 = ORIENTED_EDGE ( 'NONE', *, *, #200, .T. ) ;
#2071 = EDGE_CURVE ( 'NONE', #3488, #380, #3255, .T. ) ;
#2072 = DIRECTION ( 'NONE',  ( -1.000000000000000000, 0.000000000000000000, 0.000000000000000000 ) ) ;
#2073 = CIRCLE ( 'NONE', #2912, 1.500000000000001332 ) ;
#2074 = VECTOR ( 'NONE', #867, 1000.000000000000000 ) ;
#2075 = VECTOR ( 'NONE', #2798, 1000.000000000000000 ) ;
#2076 = DIRECTION ( 'NONE',  ( -0.000000000000000000, -6.982962677686266711E-15, 1.000000000000000000 ) ) ;
#2077 = CARTESIAN_POINT ( 'NONE',  ( 4.000000000000000000, -34.00000000000000711, 0.7499999999997625233 ) ) ;
#2078 = AXIS2_PLACEMENT_3D ( 'NONE', #55, #2060, #3190 ) ;
#2079 = CALENDAR_DATE ( 2025, 21, 1 ) ;
#2080 = AXIS2_PLACEMENT_3D ( 'NONE', #2760, #758, #2775 ) ;
#2081 = FACE_OUTER_BOUND ( 'NONE', #1148, .T. ) ;
#2082 = ORIENTED_EDGE ( 'NONE', *, *, #1404, .T. ) ;
#2083 = AXIS2_PLACEMENT_3D ( 'NONE', #1436, #3128, #2900 ) ;
#2084 = VECTOR ( 'NONE', #2463, 1000.000000000000000 ) ;
#2085 = FACE_OUTER_BOUND ( 'NONE', #746, .T. ) ;
#2086 = DIRECTION ( 'NONE',  ( 1.000000000000000000, 0.000000000000000000, 0.000000000000000000 ) ) ;
#2087 = DIRECTION ( 'NONE',  ( -0.000000000000000000, -6.982962677686266711E-15, 1.000000000000000000 ) ) ;
#2088 = AXIS2_PLACEMENT_3D ( 'NONE', #1804, #708, #2997 ) ;
#2089 = EDGE_LOOP ( 'NONE', ( #86, #2232, #2269, #3614 ) ) ;
#2090 = CIRCLE ( 'NONE', #369, 3.000000000000000888 ) ;
#2091 = EDGE_CURVE ( 'NONE', #432, #1383, #198, .T. ) ;
#2092 = DIRECTION ( 'NONE',  ( -0.000000000000000000, 0.000000000000000000, 1.000000000000000000 ) ) ;
#2093 = AXIS2_PLACEMENT_3D ( 'NONE', #1260, #2076, #2702 ) ;
#2094 = EDGE_LOOP ( 'NONE', ( #1732, #1709, #2175, #893, #2884 ) ) ;
#2095 = DIRECTION ( 'NONE',  ( 1.000000000000000000, -1.734723475976806848E-16, 0.000000000000000000 ) ) ;
#2096 = EDGE_LOOP ( 'NONE', ( #2656, #3362, #2621, #1154 ) ) ;
#2097 = CIRCLE ( 'NONE', #3465, 2.249999999999995115 ) ;
#2098 = EDGE_CURVE ( 'NONE', #2909, #1758, #3161, .T. ) ;
#2099 = CARTESIAN_POINT ( 'NONE',  ( -20.57500000000016982, -35.63694536572956650, 0.7510000000003037579 ) ) ;
#2100 = CARTESIAN_POINT ( 'NONE',  ( 0.9959292143521052409, 0.5749999999999881872, 0.4499999999999920175 ) ) ;
#2101 = AXIS2_PLACEMENT_3D ( 'NONE', #2453, #1594, #2742 ) ;
#2102 = EDGE_CURVE ( 'NONE', #380, #2364, #3124, .T. ) ;
#2103 = CALENDAR_DATE ( 2025, 21, 1 ) ;
#2104 = DIRECTION ( 'NONE',  ( -0.000000000000000000, 6.982962677686266711E-15, -1.000000000000000000 ) ) ;
#2105 = ORIENTED_EDGE ( 'NONE', *, *, #2054, .F. ) ;
#2106 = EDGE_CURVE ( 'NONE', #1618, #1790, #2498, .T. ) ;
#2107 = CYLINDRICAL_SURFACE ( 'NONE', #386, 1.499999999999999556 ) ;
#2108 = CARTESIAN_POINT ( 'NONE',  ( 32.96952889997031377, -12.50454226054496765, 0.7499999999999127365 ) ) ;
#2109 = DIRECTION ( 'NONE',  ( 1.000000000000000000, -9.912705577010326536E-16, 0.000000000000000000 ) ) ;
#2110 = EDGE_LOOP ( 'NONE', ( #1093, #597, #1711, #695 ) ) ;
#2111 = DIRECTION ( 'NONE',  ( 0.8660254037844383745, 0.5000000000000004441, 3.491481338843136116E-15 ) ) ;
#2112 = ORIENTED_EDGE ( 'NONE', *, *, #770, .F. ) ;
#2113 = CARTESIAN_POINT ( 'NONE',  ( -13.49999999999999822, 18.50000000000000711, 0.7510000000003037579 ) ) ;
#2114 = ORIENTED_EDGE ( 'NONE', *, *, #2923, .T. ) ;
#2115 = DIRECTION ( 'NONE',  ( 0.000000000000000000, 0.000000000000000000, 1.000000000000000000 ) ) ;
#2116 = CARTESIAN_POINT ( 'NONE',  ( 28.93609970836706324, 11.19269836949750463, -0.7499999999999219513 ) ) ;
#2117 = ADVANCED_FACE ( 'NONE', ( #3424, #1411, #3656 ), #624, .T. ) ;
#2118 = CARTESIAN_POINT ( 'NONE',  ( -17.91506350946121273, -26.02980021920972931, 0.7499999999999825695 ) ) ;
#2119 = EDGE_CURVE ( 'NONE', #3171, #1549, #2300, .T. ) ;
#2120 = ORIENTED_EDGE ( 'NONE', *, *, #981, .F. ) ;
#2121 = FACE_OUTER_BOUND ( 'NONE', #2424, .T. ) ;
#2122 = CARTESIAN_POINT ( 'NONE',  ( 5.000000000000002665, -1.499999999999990896, 0.7510000000003037579 ) ) ;
#2123 = LINE ( 'NONE', #2397, #433 ) ;
#2124 = ADVANCED_FACE ( 'NONE', ( #603 ), #840, .F. ) ;
#2125 = ORIENTED_EDGE ( 'NONE', *, *, #1867, .T. ) ;
#2126 = DIRECTION ( 'NONE',  ( 0.000000000000000000, 0.000000000000000000, -1.000000000000000000 ) ) ;
#2127 = ORIENTED_EDGE ( 'NONE', *, *, #1654, .F. ) ;
#2128 = DIRECTION ( 'NONE',  ( -0.000000000000000000, 6.983283950242307528E-15, -1.000000000000000000 ) ) ;
#2129 = ORIENTED_EDGE ( 'NONE', *, *, #1482, .T. ) ;
#2130 = LINE ( 'NONE', #3205, #3158 ) ;
#2131 = AXIS2_PLACEMENT_3D ( 'NONE', #3433, #2227, #1638 ) ;
#2132 = DIRECTION ( 'NONE',  ( 0.000000000000000000, -1.000000000000000000, -6.975033976323413699E-15 ) ) ;
#2133 = CIRCLE ( 'NONE', #58, 2.999999999999999112 ) ;
#2134 = AXIS2_PLACEMENT_3D ( 'NONE', #2113, #3239, #2761 ) ;
#2135 = AXIS2_PLACEMENT_3D ( 'NONE', #1147, #19, #2850 ) ;
#2136 = LINE ( 'NONE', #3263, #2733 ) ;
#2137 = ORIENTED_EDGE ( 'NONE', *, *, #445, .T. ) ;
#2138 = AXIS2_PLACEMENT_3D ( 'NONE', #3398, #1941, #617 ) ;
#2139 = EDGE_CURVE ( 'NONE', #2403, #2735, #1728, .T. ) ;
#2140 = FACE_BOUND ( 'NONE', #915, .T. ) ;
#2141 = CYLINDRICAL_SURFACE ( 'NONE', #3458, 1.149999999999998135 ) ;
#2142 = CARTESIAN_POINT ( 'NONE',  ( -13.49999999999999645, -18.50000000000000000, 0.7499999999998707700 ) ) ;
#2143 = EDGE_LOOP ( 'NONE', ( #3287, #3524, #3371, #1677 ) ) ;
#2144 = AXIS2_PLACEMENT_3D ( 'NONE', #395, #2104, #1557 ) ;
#2145 = EDGE_CURVE ( 'NONE', #3035, #1383, #26, .T. ) ;
#2146 = DIRECTION ( 'NONE',  ( 0.5000000000000004441, -0.8660254037844383745, -6.047423072554913200E-15 ) ) ;
#2147 = AXIS2_PLACEMENT_3D ( 'NONE', #286, #3651, #1125 ) ;
#2148 = VERTEX_POINT ( 'NONE', #2317 ) ;
#2149 = ORIENTED_EDGE ( 'NONE', *, *, #2505, .F. ) ;
#2150 = VECTOR ( 'NONE', #2489, 1000.000000000000000 ) ;
#2151 = CYLINDRICAL_SURFACE ( 'NONE', #77, 1.499999999999997780 ) ;
#2152 = AXIS2_PLACEMENT_3D ( 'NONE', #586, #845, #3408 ) ;
#2153 = DIRECTION ( 'NONE',  ( 0.7313537016191685725, 0.6819983600625005860, 4.762369094559681786E-15 ) ) ;
#2154 = AXIS2_PLACEMENT_3D ( 'NONE', #3579, #1352, #1000 ) ;
#2155 = CARTESIAN_POINT ( 'NONE',  ( -0.7775819478455965328, 43.50000000000000711, -0.7499999999996962430 ) ) ;
#2156 = CIRCLE ( 'NONE', #913, 8.000000000000000000 ) ;
#2157 = EDGE_LOOP ( 'NONE', ( #3219, #639, #1915, #3653 ) ) ;
#2158 = EDGE_CURVE ( 'NONE', #558, #3342, #2877, .T. ) ;
#2159 = CARTESIAN_POINT ( 'NONE',  ( 11.35131030199996793, -41.37618830369360978, 0.7499999999997111200 ) ) ;
#2160 = DIRECTION ( 'NONE',  ( 0.000000000000000000, 0.000000000000000000, 1.000000000000000000 ) ) ;
#2161 = AXIS2_PLACEMENT_3D ( 'NONE', #917, #2964, #414 ) ;
#2162 = EDGE_LOOP ( 'NONE', ( #1328, #1389, #1526, #159 ) ) ;
#2163 = CARTESIAN_POINT ( 'NONE',  ( -19.03589838486242769, -40.97114317029964070, 0.4500000000000279887 ) ) ;
#2164 = VERTEX_POINT ( 'NONE', #2257 ) ;
#2165 = DIRECTION ( 'NONE',  ( -0.8660254037844432595, -0.4999999999999919509, 6.983283950242307528E-15 ) ) ;
#2166 = VERTEX_POINT ( 'NONE', #1707 ) ;
#2167 = CARTESIAN_POINT ( 'NONE',  ( -4.000000000000000000, -32.49999999999999289, -0.7500000000008354428 ) ) ;
#2168 = CARTESIAN_POINT ( 'NONE',  ( 36.01577397041587147, 21.57358993794216673, 0.7500000000001506573 ) ) ;
#2169 = CARTESIAN_POINT ( 'NONE',  ( 29.99999999999998934, -5.237462962681730252E-15, 0.4500000000000000666 ) ) ;
#2170 = CYLINDRICAL_SURFACE ( 'NONE', #767, 1.149999999999998135 ) ;
#2171 = VERTEX_POINT ( 'NONE', #335 ) ;
#2172 = CARTESIAN_POINT ( 'NONE',  ( 10.00000000000000355, 3.500000000000008438, 0.7510000000003037579 ) ) ;
#2173 = PRODUCT_RELATED_PRODUCT_CATEGORY ( 'detail', '', ( #536 ) ) ;
#2174 = DIRECTION ( 'NONE',  ( -0.000000000000000000, -0.000000000000000000, 1.000000000000000000 ) ) ;
#2175 = ORIENTED_EDGE ( 'NONE', *, *, #3116, .T. ) ;
#2176 = DIRECTION ( 'NONE',  ( -0.4999999999999757416, 0.8660254037844525854, 0.000000000000000000 ) ) ;
#2177 = EDGE_CURVE ( 'NONE', #1632, #1372, #1471, .T. ) ;
#2178 = ORIENTED_EDGE ( 'NONE', *, *, #2358, .T. ) ;
#2179 = DIRECTION ( 'NONE',  ( 1.000000000000000000, 0.000000000000000000, 0.000000000000000000 ) ) ;
#2180 = ORIENTED_EDGE ( 'NONE', *, *, #2253, .F. ) ;
#2181 = CARTESIAN_POINT ( 'NONE',  ( -12.78193760082773522, 43.50000000000000000, -0.7499999999996962430 ) ) ;
#2182 = ADVANCED_FACE ( 'NONE', ( #3403 ), #3106, .T. ) ;
#2183 = DIRECTION ( 'NONE',  ( -1.000000000000000000, -0.000000000000000000, 0.000000000000000000 ) ) ;
#2184 = CARTESIAN_POINT ( 'NONE',  ( -16.75000000000013500, -29.01185102677862560, 0.4500000000000000666 ) ) ;
#2185 = ADVANCED_FACE ( 'NONE', ( #43 ), #2855, .F. ) ;
#2186 = CARTESIAN_POINT ( 'NONE',  ( 38.87220946160392998, 19.61111310662573004, 0.7500000000001370015 ) ) ;
#2187 = VECTOR ( 'NONE', #2627, 1000.000000000000114 ) ;
#2188 = ORIENTED_EDGE ( 'NONE', *, *, #631, .F. ) ;
#2189 = AXIS2_PLACEMENT_3D ( 'NONE', #3548, #2696, #989 ) ;
#2190 = EDGE_CURVE ( 'NONE', #503, #2369, #2795, .T. ) ;
#2191 = AXIS2_PLACEMENT_3D ( 'NONE', #2514, #3040, #1961 ) ;
#2192 = FACE_BOUND ( 'NONE', #241, .T. ) ;
#2193 = CARTESIAN_POINT ( 'NONE',  ( -19.57907078564756986, 36.21194536572983225, 0.4500000000000070055 ) ) ;
#2194 = DIRECTION ( 'NONE',  ( 0.000000000000000000, -1.000000000000000000, -7.011174048739598232E-15 ) ) ;
#2195 = VERTEX_POINT ( 'NONE', #2492 ) ;
#2196 = AXIS2_PLACEMENT_3D ( 'NONE', #1217, #1788, #3517 ) ;
#2197 = DIRECTION ( 'NONE',  ( 1.000000000000000000, 0.000000000000000000, 0.000000000000000000 ) ) ;
#2198 = ORIENTED_EDGE ( 'NONE', *, *, #2409, .F. ) ;
#2199 = DIRECTION ( 'NONE',  ( 0.000000000000000000, 0.000000000000000000, -1.000000000000000000 ) ) ;
#2200 = VECTOR ( 'NONE', #694, 1000.000000000000114 ) ;
#2201 = VERTEX_POINT ( 'NONE', #3291 ) ;
#2202 = DIRECTION ( 'NONE',  ( 0.000000000000000000, -1.000000000000000000, -6.987080667128821429E-15 ) ) ;
#2203 = ORIENTED_EDGE ( 'NONE', *, *, #2946, .T. ) ;
#2204 = CARTESIAN_POINT ( 'NONE',  ( 33.50000000000000000, 5.237222008264700033E-15, 0.4500000000000000666 ) ) ;
#2205 = CLOSED_SHELL ( 'NONE', ( #1501, #3358, #3430, #3412, #270, #1466, #3065, #3650, #2628, #2124, #3164, #2718, #1245, #323, #850, #458, #1905, #513, #2944, #1730, #1274, #239, #1611, #1791, #3594, #1414, #3582, #1187, #1118, #76, #2813, #2390, #483, #1279, #53, #1553, #2960, #3253, #1506, #771, #1612, #1708, #1320, #2117, #3005, #1689, #2401, #271, #172, #2924, #2185, #2753, #2905, #899, #2670, #1233, #2236, #2219, #2591, #2182, #2782, #1763, #461, #794, #49, #2408, #142, #1565, #601, #949, #2539, #3088, #2699, #3511, #1546, #3309, #1102, #3099, #3636, #703, #1974, #347, #1345, #1208, #2049, #964, #994, #3093, #3562, #2385, #1820, #3211, #2535, #1164, #34, #1052, #368, #927, #2714, #1879, #125, #2335, #3196, #2319, #2487, #2282, #1639, #1923, #2987 ) ) ;
#2206 = EDGE_CURVE ( 'NONE', #396, #1643, #773, .T. ) ;
#2207 = VECTOR ( 'NONE', #2532, 1000.000000000000000 ) ;
#2208 = EDGE_CURVE ( 'NONE', #1472, #2233, #2477, .T. ) ;
#2209 = CARTESIAN_POINT ( 'NONE',  ( -3.464101615137740620, 2.000000000000013767, 0.4499999999999720890 ) ) ;
#2210 = AXIS2_PLACEMENT_3D ( 'NONE', #572, #1162, #1464 ) ;
#2211 = CARTESIAN_POINT ( 'NONE',  ( -4.000000000000000000, -32.50000000000000711, 0.7499999999997730704 ) ) ;
#2212 = LINE ( 'NONE', #3334, #67 ) ;
#2213 = ORIENTED_EDGE ( 'NONE', *, *, #2808, .F. ) ;
#2214 = EDGE_CURVE ( 'NONE', #1200, #1764, #2732, .T. ) ;
#2215 = FACE_BOUND ( 'NONE', #238, .T. ) ;
#2216 = DIRECTION ( 'NONE',  ( -1.000000000000000000, 0.000000000000000000, 6.035392093502621365E-15 ) ) ;
#2217 = DIRECTION ( 'NONE',  ( 0.8660254037844424824, 0.4999999999999932832, -7.011174048739591922E-15 ) ) ;
#2218 = VERTEX_POINT ( 'NONE', #1939 ) ;
#2219 = ADVANCED_FACE ( 'NONE', ( #1065 ), #1640, .T. ) ;
#2220 = CARTESIAN_POINT ( 'NONE',  ( 4.000000000000000000, -32.50000000000000711, 0.4499999999997713607 ) ) ;
#2221 = ORIENTED_EDGE ( 'NONE', *, *, #892, .T. ) ;
#2222 = DIRECTION ( 'NONE',  ( 0.000000000000000000, 0.000000000000000000, -1.000000000000000000 ) ) ;
#2223 = ORIENTED_EDGE ( 'NONE', *, *, #3466, .F. ) ;
#2224 = LINE ( 'NONE', #3363, #306 ) ;
#2225 = ORIENTED_EDGE ( 'NONE', *, *, #2029, .T. ) ;
#2226 = EDGE_CURVE ( 'NONE', #455, #946, #1085, .T. ) ;
#2227 = DIRECTION ( 'NONE',  ( 1.000000000000000000, -0.000000000000000000, 0.000000000000000000 ) ) ;
#2228 = CARTESIAN_POINT ( 'NONE',  ( 43.11947591133416324, 15.05647746279742627, 0.7500000000001051381 ) ) ;
#2229 = EDGE_CURVE ( 'NONE', #3642, #2536, #793, .T. ) ;
#2230 = CARTESIAN_POINT ( 'NONE',  ( 44.99999999999998579, -5.237462962681730252E-15, 0.4500000000000000666 ) ) ;
#2231 = CARTESIAN_POINT ( 'NONE',  ( 17.00000000000000000, -17.27444493861360186, -0.7500000000001205702 ) ) ;
#2232 = ORIENTED_EDGE ( 'NONE', *, *, #2361, .T. ) ;
#2233 = VERTEX_POINT ( 'NONE', #1922 ) ;
#2234 = PERSON_AND_ORGANIZATION ( #1751, #1796 ) ;
#2235 = EDGE_CURVE ( 'NONE', #406, #1817, #810, .T. ) ;
#2236 = ADVANCED_FACE ( 'NONE', ( #3057 ), #2788, .F. ) ;
#2237 = DIRECTION ( 'NONE',  ( -0.000000000000000000, -6.982962677686266711E-15, 1.000000000000000000 ) ) ;
#2238 = DIRECTION ( 'NONE',  ( -6.047701302750016252E-15, -3.491641975121097361E-15, -1.000000000000000000 ) ) ;
#2239 = ORIENTED_EDGE ( 'NONE', *, *, #2836, .T. ) ;
#2240 = FACE_OUTER_BOUND ( 'NONE', #3092, .T. ) ;
#2241 = ORIENTED_EDGE ( 'NONE', *, *, #1020, .F. ) ;
#2242 = CARTESIAN_POINT ( 'NONE',  ( -0.9959292143521142338, -0.5749999999999934053, -0.7500000000000000000 ) ) ;
#2243 = ORIENTED_EDGE ( 'NONE', *, *, #3519, .T. ) ;
#2244 = CARTESIAN_POINT ( 'NONE',  ( 41.15000000000000568, 1.150000000000005240, 0.7510000000003037579 ) ) ;
#2245 = APPLICATION_CONTEXT ( 'configuration controlled 3d designs of mechanical parts and assemblies' ) ;
#2246 = ORIENTED_EDGE ( 'NONE', *, *, #1461, .T. ) ;
#2247 = LINE ( 'NONE', #1921, #522 ) ;
#2248 = DIRECTION ( 'NONE',  ( -0.000000000000000000, 6.982962677686266711E-15, -1.000000000000000000 ) ) ;
#2249 = PLANE ( 'NONE',  #542 ) ;
#2250 = CARTESIAN_POINT ( 'NONE',  ( -19.03589838486242769, -40.97114317029964070, 0.7500000000000279776 ) ) ;
#2251 = ORIENTED_EDGE ( 'NONE', *, *, #2941, .T. ) ;
#2252 = ORIENTED_EDGE ( 'NONE', *, *, #1283, .F. ) ;
#2253 = EDGE_CURVE ( 'NONE', #181, #1308, #114, .T. ) ;
#2254 = CARTESIAN_POINT ( 'NONE',  ( -20.42092921435180486, 33.07008693702562852, -0.7500000000000000000 ) ) ;
#2255 = AXIS2_PLACEMENT_3D ( 'NONE', #2993, #2716, #156 ) ;
#2256 = CYLINDRICAL_SURFACE ( 'NONE', #2268, 2.999999999999999112 ) ;
#2257 = CARTESIAN_POINT ( 'NONE',  ( 30.29807120758571415, 13.86571794206260222, -0.7500000000000000000 ) ) ;
#2258 = ORIENTED_EDGE ( 'NONE', *, *, #327, .T. ) ;
#2259 = CIRCLE ( 'NONE', #2731, 1.149999999999998357 ) ;
#2260 = AXIS2_PLACEMENT_3D ( 'NONE', #1614, #3063, #3535 ) ;
#2261 = CARTESIAN_POINT ( 'NONE',  ( 42.30000000000000426, 5.237222008264700033E-15, 0.7510000000003037579 ) ) ;
#2262 = ORIENTED_EDGE ( 'NONE', *, *, #1256, .F. ) ;
#2263 = FACE_OUTER_BOUND ( 'NONE', #448, .T. ) ;
#2264 = CIRCLE ( 'NONE', #3311, 2.249999999999995115 ) ;
#2265 = ORIENTED_EDGE ( 'NONE', *, *, #1635, .F. ) ;
#2266 = EDGE_CURVE ( 'NONE', #2474, #819, #1044, .T. ) ;
#2267 = CARTESIAN_POINT ( 'NONE',  ( 38.87220946160392998, 19.61111310662573004, 0.7500000000001370015 ) ) ;
#2268 = AXIS2_PLACEMENT_3D ( 'NONE', #1470, #60, #897 ) ;
#2269 = ORIENTED_EDGE ( 'NONE', *, *, #2757, .F. ) ;
#2270 = DIRECTION ( 'NONE',  ( 0.000000000000000000, -0.000000000000000000, -1.000000000000000000 ) ) ;
#2271 = AXIS2_PLACEMENT_3D ( 'NONE', #3086, #2827, #3014 ) ;
#2272 = EDGE_CURVE ( 'NONE', #3191, #1057, #1201, .T. ) ;
#2273 = CARTESIAN_POINT ( 'NONE',  ( 28.93609970836706324, 11.19269836949750463, 0.7500000000000781597 ) ) ;
#2274 = FACE_OUTER_BOUND ( 'NONE', #2096, .T. ) ;
#2275 = PLANE ( 'NONE',  #472 ) ;
#2276 = VERTEX_POINT ( 'NONE', #476 ) ;
#2277 = VERTEX_POINT ( 'NONE', #2228 ) ;
#2278 = VECTOR ( 'NONE', #2475, 1000.000000000000000 ) ;
#2279 = CARTESIAN_POINT ( 'NONE',  ( -14.65758194784557311, -43.49999999999999289, -0.7500000000003037570 ) ) ;
#2280 = DIRECTION ( 'NONE',  ( -0.4999999999999919509, 0.8660254037844432595, 0.000000000000000000 ) ) ;
#2281 = AXIS2_PLACEMENT_3D ( 'NONE', #3286, #1875, #2179 ) ;
#2282 = ADVANCED_FACE ( 'NONE', ( #2752 ), #1332, .F. ) ;
#2283 = CARTESIAN_POINT ( 'NONE',  ( -19.42499999999969162, 33.64508693702562425, 0.7510000000003037579 ) ) ;
#2284 = ORIENTED_EDGE ( 'NONE', *, *, #3411, .T. ) ;
#2285 = DIRECTION ( 'NONE',  ( 0.000000000000000000, -1.000000000000000000, -7.011174048739588766E-15 ) ) ;
#2286 = ORIENTED_EDGE ( 'NONE', *, *, #2235, .F. ) ;
#2287 = DIRECTION ( 'NONE',  ( -0.4999999999999922839, 0.8660254037844431485, 0.000000000000000000 ) ) ;
#2288 = EDGE_CURVE ( 'NONE', #3453, #3085, #2811, .T. ) ;
#2289 = VERTEX_POINT ( 'NONE', #1386 ) ;
#2290 = LINE ( 'NONE', #3410, #2074 ) ;
#2291 = ORIENTED_EDGE ( 'NONE', *, *, #394, .F. ) ;
#2292 = LINE ( 'NONE', #2531, #1944 ) ;
#2293 = DIRECTION ( 'NONE',  ( 0.000000000000000000, -1.000000000000000000, -7.011174048739597444E-15 ) ) ;
#2294 = CARTESIAN_POINT ( 'NONE',  ( 5.000000000000003553, 3.500000000000009326, 0.7500000000000244249 ) ) ;
#2295 = CARTESIAN_POINT ( 'NONE',  ( 4.000000000000000000, -32.50000000000000711, 0.7499999999997730704 ) ) ;
#2296 = ORIENTED_EDGE ( 'NONE', *, *, #1461, .F. ) ;
#2297 = ORIENTED_EDGE ( 'NONE', *, *, #1654, .T. ) ;
#2298 = DIRECTION ( 'NONE',  ( 0.000000000000000000, -1.000000000000000000, -7.011174048739588766E-15 ) ) ;
#2299 = DIRECTION ( 'NONE',  ( -1.000000000000000000, 0.000000000000000000, 6.033820786006295184E-15 ) ) ;
#2300 = LINE ( 'NONE', #1153, #2682 ) ;
#2301 = ORIENTED_EDGE ( 'NONE', *, *, #3378, .F. ) ;
#2302 = CARTESIAN_POINT ( 'NONE',  ( 4.000000000000000000, -34.00000000000000711, 0.7499999999997625233 ) ) ;
#2303 = ORIENTED_EDGE ( 'NONE', *, *, #2860, .F. ) ;
#2304 = CARTESIAN_POINT ( 'NONE',  ( -25.96410161513740178, 36.97114317029996755, 0.4500000000000279887 ) ) ;
#2305 = ORIENTED_EDGE ( 'NONE', *, *, #632, .F. ) ;
#2306 = DIRECTION ( 'NONE',  ( -0.5000000000000014433, -0.8660254037844377084, 0.000000000000000000 ) ) ;
#2307 = VERTEX_POINT ( 'NONE', #2812 ) ;
#2308 = PLANE ( 'NONE',  #3251 ) ;
#2309 = EDGE_CURVE ( 'NONE', #607, #2405, #208, .T. ) ;
#2310 = PLANE ( 'NONE',  #1556 ) ;
#2311 = CARTESIAN_POINT ( 'NONE',  ( -21.57092921435178567, 35.06194536572985498, -0.7499999999997550848 ) ) ;
#2312 = DIRECTION ( 'NONE',  ( -1.000000000000000000, 5.551115123125780730E-16, -0.000000000000000000 ) ) ;
#2313 = ORIENTED_EDGE ( 'NONE', *, *, #1136, .T. ) ;
#2314 = EDGE_CURVE ( 'NONE', #223, #3254, #2694, .T. ) ;
#2315 = LINE ( 'NONE', #859, #3102 ) ;
#2316 = DIRECTION ( 'NONE',  ( 0.000000000000000000, 0.000000000000000000, 1.000000000000000000 ) ) ;
#2317 = CARTESIAN_POINT ( 'NONE',  ( 44.99999999999998579, -6.789454371962300172, 0.7499999999999525935 ) ) ;
#2318 = ORIENTED_EDGE ( 'NONE', *, *, #1807, .F. ) ;
#2319 = ADVANCED_FACE ( 'NONE', ( #3096 ), #554, .F. ) ;
#2320 = CARTESIAN_POINT ( 'NONE',  ( -18.42907078564758550, 34.22008693702560578, 0.7510000000003037579 ) ) ;
#2321 = ORIENTED_EDGE ( 'NONE', *, *, #1862, .F. ) ;
#2322 = CARTESIAN_POINT ( 'NONE',  ( 5.000000000000002665, -1.499999999999990896, -0.7500000000000104361 ) ) ;
#2323 = VECTOR ( 'NONE', #1979, 1000.000000000000000 ) ;
#2324 = EDGE_LOOP ( 'NONE', ( #952, #2483, #1379, #1220 ) ) ;
#2325 = VECTOR ( 'NONE', #2906, 1000.000000000000000 ) ;
#2326 = LINE ( 'NONE', #2351, #1533 ) ;
#2327 = AXIS2_PLACEMENT_3D ( 'NONE', #2283, #2556, #1133 ) ;
#2328 = ORIENTED_EDGE ( 'NONE', *, *, #2470, .T. ) ;
#2329 = CARTESIAN_POINT ( 'NONE',  ( -12.78193760082773522, 43.49999999999998579, 0.7500000000003037570 ) ) ;
#2330 = AXIS2_PLACEMENT_3D ( 'NONE', #1868, #3007, #1964 ) ;
#2331 = AXIS2_PLACEMENT_3D ( 'NONE', #3617, #3282, #3595 ) ;
#2332 = DIRECTION ( 'NONE',  ( -1.000000000000000000, 6.033820786006295184E-15, 6.033820786006295184E-15 ) ) ;
#2333 = CYLINDRICAL_SURFACE ( 'NONE', #2078, 2.249999999999995115 ) ;
#2334 = VECTOR ( 'NONE', #982, 1000.000000000000000 ) ;
#2335 = ADVANCED_FACE ( 'NONE', ( #2868, #2631 ), #285, .F. ) ;
#2336 = ORIENTED_EDGE ( 'NONE', *, *, #960, .F. ) ;
#2337 = VERTEX_POINT ( 'NONE', #73 ) ;
#2338 = VECTOR ( 'NONE', #1465, 1000.000000000000000 ) ;
#2339 = COORDINATED_UNIVERSAL_TIME_OFFSET ( 1, 0, .AHEAD. ) ;
#2340 = DIRECTION ( 'NONE',  ( -0.000000000000000000, -0.000000000000000000, 1.000000000000000000 ) ) ;
#2341 = EDGE_CURVE ( 'NONE', #3085, #3453, #1433, .T. ) ;
#2342 = EDGE_CURVE ( 'NONE', #607, #3438, #2873, .T. ) ;
#2343 = ORIENTED_EDGE ( 'NONE', *, *, #1955, .F. ) ;
#2344 = LINE ( 'NONE', #2657, #1799 ) ;
#2345 = AXIS2_PLACEMENT_3D ( 'NONE', #2619, #66, #1198 ) ;
#2346 = ORIENTED_EDGE ( 'NONE', *, *, #1863, .F. ) ;
#2347 = LINE ( 'NONE', #1542, #2927 ) ;
#2348 = EDGE_CURVE ( 'NONE', #3464, #402, #2090, .T. ) ;
#2349 = ORIENTED_EDGE ( 'NONE', *, *, #1365, .F. ) ;
#2350 = AXIS2_PLACEMENT_3D ( 'NONE', #2554, #23, #2 ) ;
#2351 = CARTESIAN_POINT ( 'NONE',  ( 32.96952889997031377, -12.50454226054496765, -0.7500000000000000000 ) ) ;
#2352 = VERTEX_POINT ( 'NONE', #910 ) ;
#2353 = AXIS2_PLACEMENT_3D ( 'NONE', #337, #1112, #3381 ) ;
#2354 = DIRECTION ( 'NONE',  ( -0.000000000000000000, 6.982962677686266711E-15, -1.000000000000000000 ) ) ;
#2355 = CIRCLE ( 'NONE', #2353, 5.000000000000000888 ) ;
#2356 = CARTESIAN_POINT ( 'NONE',  ( 5.000000000000000000, 15.99999999999999645, 0.7500000000001117995 ) ) ;
#2357 = FACE_OUTER_BOUND ( 'NONE', #1441, .T. ) ;
#2358 = EDGE_CURVE ( 'NONE', #1643, #849, #2458, .T. ) ;
#2359 = DIRECTION ( 'NONE',  ( -1.000000000000000000, 5.551115123125780730E-16, 0.000000000000000000 ) ) ;
#2360 = VERTEX_POINT ( 'NONE', #3154 ) ;
#2361 = EDGE_CURVE ( 'NONE', #2420, #3191, #2568, .T. ) ;
#2362 = EDGE_CURVE ( 'NONE', #1351, #1110, #2745, .T. ) ;
#2363 = DIRECTION ( 'NONE',  ( 0.4539904997395504127, -0.8910065241883660114, 0.000000000000000000 ) ) ;
#2364 = VERTEX_POINT ( 'NONE', #2043 ) ;
#2365 = LINE ( 'NONE', #709, #2200 ) ;
#2366 = ORIENTED_EDGE ( 'NONE', *, *, #343, .F. ) ;
#2367 = EDGE_CURVE ( 'NONE', #3550, #3518, #3173, .T. ) ;
#2368 = CARTESIAN_POINT ( 'NONE',  ( -3.464101615137775259, -1.999999999999968914, 0.4500000000000279887 ) ) ;
#2369 = VERTEX_POINT ( 'NONE', #853 ) ;
#2370 = FACE_BOUND ( 'NONE', #2897, .T. ) ;
#2371 = DIRECTION ( 'NONE',  ( 6.047701302749968920E-15, -3.491641975121182558E-15, -1.000000000000000000 ) ) ;
#2372 = DIRECTION ( 'NONE',  ( 1.000000000000000000, 1.982541115402065307E-15, 0.000000000000000000 ) ) ;
#2373 = APPROVAL_ROLE ( '' ) ;
#2374 = CARTESIAN_POINT ( 'NONE',  ( 5.000000000000000000, 16.74999999999998934, 0.7500000000001170175 ) ) ;
#2375 = VERTEX_POINT ( 'NONE', #2059 ) ;
#2376 = FACE_OUTER_BOUND ( 'NONE', #641, .T. ) ;
#2377 = ORIENTED_EDGE ( 'NONE', *, *, #392, .T. ) ;
#2378 = DIRECTION ( 'NONE',  ( -0.000000000000000000, -0.000000000000000000, 1.000000000000000000 ) ) ;
#2379 = VERTEX_POINT ( 'NONE', #1484 ) ;
#2380 = EDGE_CURVE ( 'NONE', #2909, #301, #637, .T. ) ;
#2381 = DIRECTION ( 'NONE',  ( 1.000000000000000000, 0.000000000000000000, 0.000000000000000000 ) ) ;
#2382 = EDGE_LOOP ( 'NONE', ( #2781, #217, #1606, #576, #1655 ) ) ;
#2383 = CARTESIAN_POINT ( 'NONE',  ( 4.000000000000000000, -36.25000000000000711, 0.7499999999997468692 ) ) ;
#2384 = AXIS2_PLACEMENT_3D ( 'NONE', #3172, #1179, #2072 ) ;
#2385 = ADVANCED_FACE ( 'NONE', ( #1761 ), #3189, .F. ) ;
#2386 = AXIS2_PLACEMENT_3D ( 'NONE', #2564, #1715, #3388 ) ;
#2387 = CIRCLE ( 'NONE', #3448, 1.149999999999999911 ) ;
#2388 = LINE ( 'NONE', #2942, #3394 ) ;
#2389 = FACE_OUTER_BOUND ( 'NONE', #1953, .T. ) ;
#2390 = ADVANCED_FACE ( 'NONE', ( #888 ), #1742, .T. ) ;
#2391 = APPROVAL_DATE_TIME ( #943, #1353 ) ;
#2392 = FACE_BOUND ( 'NONE', #1966, .T. ) ;
#2393 = VERTEX_POINT ( 'NONE', #1984 ) ;
#2394 = AXIS2_PLACEMENT_3D ( 'NONE', #623, #1192, #2030 ) ;
#2395 = LINE ( 'NONE', #2707, #2413 ) ;
#2396 = CYLINDRICAL_SURFACE ( 'NONE', #2088, 6.999999999999999112 ) ;
#2397 = CARTESIAN_POINT ( 'NONE',  ( 10.00000000000000000, -27.99999999999998934, -0.7500000000000000000 ) ) ;
#2398 = ORIENTED_EDGE ( 'NONE', *, *, #2836, .F. ) ;
#2399 = AXIS2_PLACEMENT_3D ( 'NONE', #2184, #2771, #530 ) ;
#2400 = DIRECTION ( 'NONE',  ( 0.4999999999999918399, -0.8660254037844432595, 0.000000000000000000 ) ) ;
#2401 = ADVANCED_FACE ( 'NONE', ( #3117 ), #54, .F. ) ;
#2402 = VECTOR ( 'NONE', #346, 1000.000000000000000 ) ;
#2403 = VERTEX_POINT ( 'NONE', #1700 ) ;
#2404 = LINE ( 'NONE', #3187, #3443 ) ;
#2405 = VERTEX_POINT ( 'NONE', #2848 ) ;
#2406 = CC_DESIGN_SECURITY_CLASSIFICATION ( #3273, ( #2582 ) ) ;
#2407 = DIRECTION ( 'NONE',  ( 0.000000000000000000, 0.000000000000000000, 1.000000000000000000 ) ) ;
#2408 = ADVANCED_FACE ( 'NONE', ( #17 ), #2310, .T. ) ;
#2409 = EDGE_CURVE ( 'NONE', #2379, #1304, #2907, .T. ) ;
#2410 = DIRECTION ( 'NONE',  ( -0.000000000000000000, -6.982962677686266711E-15, 1.000000000000000000 ) ) ;
#2411 = CIRCLE ( 'NONE', #969, 1.500000000000001332 ) ;
#2412 = EDGE_CURVE ( 'NONE', #2403, #3035, #2130, .T. ) ;
#2413 = VECTOR ( 'NONE', #1540, 1000.000000000000000 ) ;
#2414 = PERSON_AND_ORGANIZATION_ROLE ( 'creator' ) ;
#2415 = DIRECTION ( 'NONE',  ( 0.000000000000000000, 0.000000000000000000, 1.000000000000000000 ) ) ;
#2416 = EDGE_LOOP ( 'NONE', ( #1625, #2343, #2802, #2284 ) ) ;
#2417 = CARTESIAN_POINT ( 'NONE',  ( 5.000000000000000000, 14.49999999999999467, 0.7500000000001012523 ) ) ;
#2418 = LINE ( 'NONE', #1561, #3210 ) ;
#2419 = DIRECTION ( 'NONE',  ( 0.000000000000000000, -1.000000000000000000, -6.975033976323413699E-15 ) ) ;
#2420 = VERTEX_POINT ( 'NONE', #1865 ) ;
#2421 = LINE ( 'NONE', #3252, #1588 ) ;
#2422 = ORIENTED_EDGE ( 'NONE', *, *, #2730, .F. ) ;
#2423 = DIRECTION ( 'NONE',  ( -2.312964634635743450E-15, -1.000000000000000000, -6.975033976323413699E-15 ) ) ;
#2424 = EDGE_LOOP ( 'NONE', ( #199, #2626, #1478, #232 ) ) ;
#2425 = EDGE_CURVE ( 'NONE', #2337, #2540, #993, .T. ) ;
#2426 = CARTESIAN_POINT ( 'NONE',  ( 31.49999999999998579, 4.000000000000000888, 0.4500000000000279887 ) ) ;
#2427 = DIRECTION ( 'NONE',  ( 1.000000000000000000, 0.000000000000000000, 0.000000000000000000 ) ) ;
#2428 = DIRECTION ( 'NONE',  ( -0.000000000000000000, -6.982962677686266711E-15, 1.000000000000000000 ) ) ;
#2429 = ORIENTED_EDGE ( 'NONE', *, *, #2763, .T. ) ;
#2430 = CARTESIAN_POINT ( 'NONE',  ( 31.60991487455629212, 9.832289439411974641, -0.7499999999999995559 ) ) ;
#2431 = DIRECTION ( 'NONE',  ( -6.047701302750016252E-15, -3.491641975121097361E-15, -1.000000000000000000 ) ) ;
#2432 = DIRECTION ( 'NONE',  ( -0.000000000000000000, 6.982962677686266711E-15, -1.000000000000000000 ) ) ;
#2433 = VERTEX_POINT ( 'NONE', #1238 ) ;
#2434 = CARTESIAN_POINT ( 'NONE',  ( -19.42500000000015703, -33.64508693702535425, -0.7500000000000000000 ) ) ;
#2435 = ORIENTED_EDGE ( 'NONE', *, *, #667, .T. ) ;
#2436 = ORIENTED_EDGE ( 'NONE', *, *, #3447, .F. ) ;
#2437 = PLANE ( 'NONE',  #614 ) ;
#2438 = DESIGN_CONTEXT ( 'detailed design', #3459, 'design' ) ;
#2439 = VECTOR ( 'NONE', #2354, 1000.000000000000000 ) ;
#2440 = EDGE_CURVE ( 'NONE', #3619, #1549, #2388, .T. ) ;
#2441 = CARTESIAN_POINT ( 'NONE',  ( -20.42092921435180486, 33.07008693702562852, 0.7510000000003037579 ) ) ;
#2442 = VECTOR ( 'NONE', #2524, 1000.000000000000000 ) ;
#2443 = AXIS2_PLACEMENT_3D ( 'NONE', #562, #293, #1171 ) ;
#2444 = CIRCLE ( 'NONE', #1058, 2.999999999999999112 ) ;
#2445 = CARTESIAN_POINT ( 'NONE',  ( -18.27500000000015845, -33.64508693702535425, 0.7510000000003037579 ) ) ;
#2446 = EDGE_LOOP ( 'NONE', ( #664, #65, #595, #1088 ) ) ;
#2447 = CIRCLE ( 'NONE', #3073, 2.249999999999995115 ) ;
#2448 = VECTOR ( 'NONE', #3375, 1000.000000000000000 ) ;
#2449 = DIRECTION ( 'NONE',  ( 0.000000000000000000, 1.000000000000000000, 0.000000000000000000 ) ) ;
#2450 = FACE_OUTER_BOUND ( 'NONE', #1397, .T. ) ;
#2451 = DIRECTION ( 'NONE',  ( 6.047701302750016252E-15, 3.491641975121096966E-15, 1.000000000000000000 ) ) ;
#2452 = ORIENTED_EDGE ( 'NONE', *, *, #343, .T. ) ;
#2453 = CARTESIAN_POINT ( 'NONE',  ( 32.96952889997031377, 12.50454226054497830, 0.7510000000003037579 ) ) ;
#2454 = AXIS2_PLACEMENT_3D ( 'NONE', #415, #1524, #1302 ) ;
#2455 = EDGE_CURVE ( 'NONE', #3085, #503, #391, .T. ) ;
#2456 = ORIENTED_EDGE ( 'NONE', *, *, #1560, .F. ) ;
#2457 = CARTESIAN_POINT ( 'NONE',  ( 27.29951150590041564, 1.360408930085535095, -0.7500000000000000000 ) ) ;
#2458 = CIRCLE ( 'NONE', #3389, 1.149999999999998135 ) ;
#2459 = ORIENTED_EDGE ( 'NONE', *, *, #2612, .T. ) ;
#2460 = VECTOR ( 'NONE', #3553, 1000.000000000000000 ) ;
#2461 = DIRECTION ( 'NONE',  ( 0.000000000000000000, -0.000000000000000000, -1.000000000000000000 ) ) ;
#2462 = DIRECTION ( 'NONE',  ( -0.000000000000000000, -6.982962677686266711E-15, 1.000000000000000000 ) ) ;
#2463 = DIRECTION ( 'NONE',  ( -1.000000000000000000, 1.284980352575412699E-16, 8.973382672516580840E-31 ) ) ;
#2464 = VECTOR ( 'NONE', #2033, 1000.000000000000000 ) ;
#2465 = ORIENTED_EDGE ( 'NONE', *, *, #96, .T. ) ;
#2466 = EDGE_CURVE ( 'NONE', #2735, #3581, #16, .T. ) ;
#2467 = FACE_OUTER_BOUND ( 'NONE', #3148, .T. ) ;
#2468 = CARTESIAN_POINT ( 'NONE',  ( -12.28589838486196939, 29.27980021920991760, 0.4499999999999720890 ) ) ;
#2469 = ORIENTED_EDGE ( 'NONE', *, *, #2807, .F. ) ;
#2470 = EDGE_CURVE ( 'NONE', #2403, #29, #685, .T. ) ;
#2471 = DIRECTION ( 'NONE',  ( 1.000000000000000000, -6.424901762877064728E-17, -4.486691336258291296E-31 ) ) ;
#2472 = ORIENTED_EDGE ( 'NONE', *, *, #690, .T. ) ;
#2473 = DIRECTION ( 'NONE',  ( -0.000000000000000000, -6.982962677686266711E-15, 1.000000000000000000 ) ) ;
#2474 = VERTEX_POINT ( 'NONE', #2715 ) ;
#2475 = DIRECTION ( 'NONE',  ( 0.000000000000000000, 0.000000000000000000, -1.000000000000000000 ) ) ;
#2476 = DIRECTION ( 'NONE',  ( -0.000000000000000000, -6.982962677686266711E-15, 1.000000000000000000 ) ) ;
#2477 = LINE ( 'NONE', #829, #3200 ) ;
#2478 = CARTESIAN_POINT ( 'NONE',  ( -25.96410161513740178, 36.97114317029996755, 0.4500000000000279887 ) ) ;
#2479 = VERTEX_POINT ( 'NONE', #1517 ) ;
#2480 = CYLINDRICAL_SURFACE ( 'NONE', #438, 3.000000000000002665 ) ;
#2481 = DIRECTION ( 'NONE',  ( -0.8660254037844432595, -0.4999999999999919509, 0.000000000000000000 ) ) ;
#2482 = LINE ( 'NONE', #540, #1420 ) ;
#2483 = ORIENTED_EDGE ( 'NONE', *, *, #2885, .F. ) ;
#2484 = CARTESIAN_POINT ( 'NONE',  ( -10.00000000000000000, -27.99999999999998934, 0.7510000000003037579 ) ) ;
#2485 = EDGE_LOOP ( 'NONE', ( #2296, #389 ) ) ;
#2486 = CARTESIAN_POINT ( 'NONE',  ( 32.00000000000000000, 5.053524988392596522E-15, 0.7510000000003037579 ) ) ;
#2487 = ADVANCED_FACE ( 'NONE', ( #979, #3004 ), #2437, .F. ) ;
#2488 = VERTEX_POINT ( 'NONE', #3490 ) ;
#2489 = DIRECTION ( 'NONE',  ( -0.000000000000000000, 6.982962677686266711E-15, -1.000000000000000000 ) ) ;
#2490 = EDGE_LOOP ( 'NONE', ( #973, #1174, #1774, #1113, #437, #3193, #490, #807, #813, #3114, #983, #1344, #2809, #756, #3025, #2878, #1468, #187, #2452, #878, #2766, #2851, #3634, #977, #2888, #84 ) ) ;
#2491 = CARTESIAN_POINT ( 'NONE',  ( -21.57092921435178567, 35.06194536572985498, 0.4500000000000080602 ) ) ;
#2492 = CARTESIAN_POINT ( 'NONE',  ( -23.00000000000000355, 18.50000000000000711, 0.7500000000001292300 ) ) ;
#2493 = CIRCLE ( 'NONE', #1418, 1.499999999999999556 ) ;
#2494 = PLANE ( 'NONE',  #10 ) ;
#2495 = ORIENTED_EDGE ( 'NONE', *, *, #2783, .F. ) ;
#2496 = AXIS2_PLACEMENT_3D ( 'NONE', #2922, #326, #3152 ) ;
#2497 = EDGE_LOOP ( 'NONE', ( #1210, #857, #3486, #864 ) ) ;
#2498 = CIRCLE ( 'NONE', #654, 1.149999999999999911 ) ;
#2499 = DIRECTION ( 'NONE',  ( 0.000000000000000000, -0.000000000000000000, -1.000000000000000000 ) ) ;
#2500 = CARTESIAN_POINT ( 'NONE',  ( -18.27499999999969305, 33.64508693702562425, 0.4499999999999931277 ) ) ;
#2501 = CARTESIAN_POINT ( 'NONE',  ( 1.566496718930888932, 41.15139356149658312, -0.7499999999997126743 ) ) ;
#2502 = ORIENTED_EDGE ( 'NONE', *, *, #1773, .F. ) ;
#2503 = AXIS2_PLACEMENT_3D ( 'NONE', #2155, #447, #3279 ) ;
#2504 = CIRCLE ( 'NONE', #1191, 1.499999999999999556 ) ;
#2505 = EDGE_CURVE ( 'NONE', #1046, #691, #1797, .T. ) ;
#2506 = DIRECTION ( 'NONE',  ( 0.000000000000000000, 0.000000000000000000, -1.000000000000000000 ) ) ;
#2507 = ORIENTED_EDGE ( 'NONE', *, *, #3135, .T. ) ;
#2508 = LINE ( 'NONE', #2242, #2575 ) ;
#2509 = ORIENTED_EDGE ( 'NONE', *, *, #3537, .F. ) ;
#2510 = LINE ( 'NONE', #2244, #2278 ) ;
#2511 = VERTEX_POINT ( 'NONE', #3241 ) ;
#2512 = CARTESIAN_POINT ( 'NONE',  ( -15.00000000000012257, -25.98076211353307841, 0.4500000000000000666 ) ) ;
#2513 = AXIS2_PLACEMENT_3D ( 'NONE', #615, #3460, #925 ) ;
#2514 = CARTESIAN_POINT ( 'NONE',  ( 17.00000000000000000, 17.27444493861361607, -0.7499999999998794298 ) ) ;
#2515 = AXIS2_PLACEMENT_3D ( 'NONE', #3498, #132, #986 ) ;
#2516 = CARTESIAN_POINT ( 'NONE',  ( 1.566496718930888932, 41.15139356149656891, 0.7500000000002873257 ) ) ;
#2517 = DIRECTION ( 'NONE',  ( 0.000000000000000000, -1.000000000000000000, -6.987080667128821429E-15 ) ) ;
#2518 = ORIENTED_EDGE ( 'NONE', *, *, #1857, .F. ) ;
#2519 = APPLICATION_PROTOCOL_DEFINITION ( 'international standard', 'config_control_design', 1994, #2245 ) ;
#2520 = DIRECTION ( 'NONE',  ( 0.000000000000000000, -1.000000000000000000, -6.975033976323413699E-15 ) ) ;
#2521 = FACE_OUTER_BOUND ( 'NONE', #776, .T. ) ;
#2522 = ORIENTED_EDGE ( 'NONE', *, *, #1237, .T. ) ;
#2523 = CIRCLE ( 'NONE', #3472, 1.149999999999998135 ) ;
#2524 = DIRECTION ( 'NONE',  ( 1.000000000000000000, 0.000000000000000000, 0.000000000000000000 ) ) ;
#2525 = EDGE_LOOP ( 'NONE', ( #1218, #3390, #1415, #1513, #3101, #1421, #2436, #3053, #2469, #2435 ) ) ;
#2527 = CARTESIAN_POINT ( 'NONE',  ( -12.28589838486237440, -29.27980021920975418, 0.7499999999997954969 ) ) ;
#2526 = VECTOR ( 'NONE', #1838, 1000.000000000000000 ) ;
#2528 = VERTEX_POINT ( 'NONE', #407 ) ;
#2529 = DIRECTION ( 'NONE',  ( 0.000000000000000000, 0.000000000000000000, -1.000000000000000000 ) ) ;
#2530 = EDGE_LOOP ( 'NONE', ( #102, #278 ) ) ;
#2531 = CARTESIAN_POINT ( 'NONE',  ( 30.29807120758571415, -13.86571794206259334, -0.7499999999999995559 ) ) ;
#2532 = DIRECTION ( 'NONE',  ( 0.000000000000000000, 0.000000000000000000, 1.000000000000000000 ) ) ;
#2533 = LINE ( 'NONE', #2891, #1900 ) ;
#2534 = CARTESIAN_POINT ( 'NONE',  ( -26.00000000000000355, -18.49999999999999289, 0.7510000000003037579 ) ) ;
#2535 = ADVANCED_FACE ( 'NONE', ( #669 ), #700, .F. ) ;
#2536 = VERTEX_POINT ( 'NONE', #1828 ) ;
#2537 = CARTESIAN_POINT ( 'NONE',  ( 38.85000000000000142, 1.150000000000005240, 0.7510000000003037579 ) ) ;
#2538 = DIRECTION ( 'NONE',  ( 0.000000000000000000, -1.000000000000000000, -6.976605283819768280E-15 ) ) ;
#2539 = ADVANCED_FACE ( 'NONE', ( #719 ), #959, .F. ) ;
#2540 = VERTEX_POINT ( 'NONE', #3227 ) ;
#2541 = DIRECTION ( 'NONE',  ( -0.000000000000000000, -6.982962677686266711E-15, 1.000000000000000000 ) ) ;
#2542 = ORIENTED_EDGE ( 'NONE', *, *, #731, .T. ) ;
#2543 = DIRECTION ( 'NONE',  ( 0.000000000000000000, 0.000000000000000000, 1.000000000000000000 ) ) ;
#2544 = ORIENTED_EDGE ( 'NONE', *, *, #2054, .T. ) ;
#2545 = CARTESIAN_POINT ( 'NONE',  ( -26.00000000000000355, -15.49999999999999645, -0.7500000000000000000 ) ) ;
#2546 = EDGE_LOOP ( 'NONE', ( #2349, #460, #2835, #3186 ) ) ;
#2547 = LINE ( 'NONE', #2512, #1776 ) ;
#2548 = DIRECTION ( 'NONE',  ( 0.000000000000000000, -1.000000000000000000, -6.987080667128821429E-15 ) ) ;
#2549 = DIRECTION ( 'NONE',  ( 0.000000000000000000, 1.000000000000000000, 6.983283950242307528E-15 ) ) ;
#2550 = CARTESIAN_POINT ( 'NONE',  ( 4.000000000000000000, -31.75000000000001421, 0.7499999999997782885 ) ) ;
#2551 = VERTEX_POINT ( 'NONE', #2992 ) ;
#2552 = ORIENTED_EDGE ( 'NONE', *, *, #2698, .F. ) ;
#2553 = EDGE_CURVE ( 'NONE', #311, #3456, #1812, .T. ) ;
#2554 = CARTESIAN_POINT ( 'NONE',  ( 14.00000000000000178, 22.17000000000000881, 0.7510000000003037579 ) ) ;
#2555 = CYLINDRICAL_SURFACE ( 'NONE', #3613, 1.500000000000001332 ) ;
#2556 = DIRECTION ( 'NONE',  ( 0.000000000000000000, 0.000000000000000000, -1.000000000000000000 ) ) ;
#2557 = ORIENTED_EDGE ( 'NONE', *, *, #1111, .F. ) ;
#2558 = AXIS2_PLACEMENT_3D ( 'NONE', #3474, #1459, #2306 ) ;
#2559 = AXIS2_PLACEMENT_3D ( 'NONE', #509, #1603, #2548 ) ;
#2560 = CARTESIAN_POINT ( 'NONE',  ( 4.000000000000000000, -36.25000000000000711, 0.7499999999997468692 ) ) ;
#2561 = ORIENTED_EDGE ( 'NONE', *, *, #996, .F. ) ;
#2562 = LINE ( 'NONE', #3471, #1608 ) ;
#2563 = ORIENTED_EDGE ( 'NONE', *, *, #12, .T. ) ;
#2564 = CARTESIAN_POINT ( 'NONE',  ( 5.000000000000000000, 14.49999999999999645, 0.4500000000000996536 ) ) ;
#2565 = CIRCLE ( 'NONE', #1427, 1.149999999999998135 ) ;
#2566 = ORIENTED_EDGE ( 'NONE', *, *, #3440, .F. ) ;
#2567 = FACE_OUTER_BOUND ( 'NONE', #2584, .T. ) ;
#2568 = LINE ( 'NONE', #3477, #178 ) ;
#2569 = VECTOR ( 'NONE', #3543, 1000.000000000000114 ) ;
#2570 = LINE ( 'NONE', #2230, #1962 ) ;
#2571 = CARTESIAN_POINT ( 'NONE',  ( 41.15000000000000568, 5.237222008264700033E-15, -0.7500000000000000000 ) ) ;
#2572 = VERTEX_POINT ( 'NONE', #2957 ) ;
#2573 = ORIENTED_EDGE ( 'NONE', *, *, #1194, .F. ) ;
#2574 = EDGE_CURVE ( 'NONE', #2479, #88, #90, .T. ) ;
#2575 = VECTOR ( 'NONE', #1327, 1000.000000000000000 ) ;
#2576 = VECTOR ( 'NONE', #3091, 1000.000000000000000 ) ;
#2577 = FACE_BOUND ( 'NONE', #2094, .T. ) ;
#2578 = CARTESIAN_POINT ( 'NONE',  ( 44.99999999999998579, -10.29013772833545382, -0.7500000000000719425 ) ) ;
#2579 = DIRECTION ( 'NONE',  ( 0.000000000000000000, -0.000000000000000000, -1.000000000000000000 ) ) ;
#2580 = VERTEX_POINT ( 'NONE', #1012 ) ;
#2581 = EDGE_CURVE ( 'NONE', #2740, #22, #129, .T. ) ;
#2582 = PRODUCT_DEFINITION_FORMATION_WITH_SPECIFIED_SOURCE ( 'ANY', '', #536, .NOT_KNOWN. ) ;
#2583 = CARTESIAN_POINT ( 'NONE',  ( 15.55666466444725415, 38.45884293753861272, -0.7499999999997314371 ) ) ;
#2584 = EDGE_LOOP ( 'NONE', ( #862, #1566, #902, #1937 ) ) ;
#2585 = CARTESIAN_POINT ( 'NONE',  ( 2.569960705150830822E-16, 4.000000000000002665, 0.7500000000000279776 ) ) ;
#2586 = VECTOR ( 'NONE', #784, 1000.000000000000000 ) ;
#2587 = EDGE_LOOP ( 'NONE', ( #1703, #2027, #1883, #27 ) ) ;
#2588 = CARTESIAN_POINT ( 'NONE',  ( -4.095812952314149769, 43.49999999999999289, 0.7500000000003037570 ) ) ;
#2589 = ORIENTED_EDGE ( 'NONE', *, *, #398, .F. ) ;
#2590 = CARTESIAN_POINT ( 'NONE',  ( 0.000000000000000000, 1.150000000000005240, 0.7510000000003037579 ) ) ;
#2591 = ADVANCED_FACE ( 'NONE', ( #1554 ), #2151, .F. ) ;
#2592 = DIRECTION ( 'NONE',  ( -6.047701302750016252E-15, -3.491641975121097361E-15, -1.000000000000000000 ) ) ;
#2593 = DIRECTION ( 'NONE',  ( 1.000000000000000000, 0.000000000000000000, 0.000000000000000000 ) ) ;
#2594 = CARTESIAN_POINT ( 'NONE',  ( -22.49999999999962697, 38.97114317029993202, 0.4500000000000000666 ) ) ;
#2595 = ORIENTED_EDGE ( 'NONE', *, *, #1522, .F. ) ;
#2596 = CYLINDRICAL_SURFACE ( 'NONE', #1267, 1.500000000000001332 ) ;
#2597 = CARTESIAN_POINT ( 'NONE',  ( 42.42866567579311976, -12.66564267565588509, -0.7500000000000884848 ) ) ;
#2598 = DIRECTION ( 'NONE',  ( -0.4999999999999919509, 0.8660254037844432595, -0.000000000000000000 ) ) ;
#2599 = ORIENTED_EDGE ( 'NONE', *, *, #38, .F. ) ;
#2600 = DIRECTION ( 'NONE',  ( -0.5000000000000041078, -0.8660254037844363761, -4.486691336258290420E-31 ) ) ;
#2601 = ORIENTED_EDGE ( 'NONE', *, *, #2206, .T. ) ;
#2602 = CYLINDRICAL_SURFACE ( 'NONE', #2345, 1.149999999999998135 ) ;
#2603 = ORIENTED_EDGE ( 'NONE', *, *, #3545, .T. ) ;
#2604 = LINE ( 'NONE', #2267, #2323 ) ;
#2605 = EDGE_CURVE ( 'NONE', #2863, #2289, #1280, .T. ) ;
#2606 = VERTEX_POINT ( 'NONE', #1936 ) ;
#2607 = DIRECTION ( 'NONE',  ( 0.7345235379616992244, 0.6785832094741426346, 4.738521225462499790E-15 ) ) ;
#2608 = DIRECTION ( 'NONE',  ( 0.000000000000000000, 1.000000000000000000, 6.983283950242307528E-15 ) ) ;
#2609 = DIRECTION ( 'NONE',  ( 0.8660254037844389297, -0.4999999999999994449, -3.491481338843129411E-15 ) ) ;
#2610 = ORIENTED_EDGE ( 'NONE', *, *, #1237, .F. ) ;
#2611 = ORIENTED_EDGE ( 'NONE', *, *, #2106, .F. ) ;
#2612 = EDGE_CURVE ( 'NONE', #1563, #1892, #3016, .T. ) ;
#2613 = FACE_OUTER_BOUND ( 'NONE', #1050, .T. ) ;
#2614 = DIRECTION ( 'NONE',  ( -0.5000000000000041078, -0.8660254037844363761, -4.486691336258290420E-31 ) ) ;
#2615 = EDGE_LOOP ( 'NONE', ( #882, #128, #184, #2746 ) ) ;
#2616 = VECTOR ( 'NONE', #1982, 1000.000000000000000 ) ;
#2617 = LINE ( 'NONE', #64, #852 ) ;
#2618 = ORIENTED_EDGE ( 'NONE', *, *, #1283, .T. ) ;
#2619 = CARTESIAN_POINT ( 'NONE',  ( -19.42500000000015703, -33.64508693702535425, 0.7510000000003037579 ) ) ;
#2620 = AXIS2_PLACEMENT_3D ( 'NONE', #3170, #3431, #1678 ) ;
#2621 = ORIENTED_EDGE ( 'NONE', *, *, #3504, .F. ) ;
#2622 = VECTOR ( 'NONE', #877, 1000.000000000000000 ) ;
#2623 = EDGE_CURVE ( 'NONE', #1920, #455, #547, .T. ) ;
#2624 = CYLINDRICAL_SURFACE ( 'NONE', #823, 1.499999999999999556 ) ;
#2625 = AXIS2_PLACEMENT_3D ( 'NONE', #2231, #253, #856 ) ;
#2626 = ORIENTED_EDGE ( 'NONE', *, *, #632, .T. ) ;
#2627 = DIRECTION ( 'NONE',  ( 0.8660254037844383745, 0.5000000000000004441, 3.491481338843136116E-15 ) ) ;
#2628 = ADVANCED_FACE ( 'NONE', ( #2726 ), #1599, .F. ) ;
#2629 = CIRCLE ( 'NONE', #1007, 3.000000000000000888 ) ;
#2630 = AXIS2_PLACEMENT_3D ( 'NONE', #3160, #2316, #1108 ) ;
#2631 = FACE_OUTER_BOUND ( 'NONE', #935, .T. ) ;
#2632 = CARTESIAN_POINT ( 'NONE',  ( 14.00000000000000178, -17.27444493861360186, -0.7500000000000000000 ) ) ;
#2633 = VECTOR ( 'NONE', #2061, 1000.000000000000000 ) ;
#2634 = EDGE_LOOP ( 'NONE', ( #618, #2239, #3413, #517 ) ) ;
#2635 = DATE_AND_TIME ( #2079, #1908 ) ;
#2636 = VECTOR ( 'NONE', #3589, 1000.000000000000000 ) ;
#2637 = CARTESIAN_POINT ( 'NONE',  ( 44.99999999999998579, -3.999999999999999112, 0.4499999999999720890 ) ) ;
#2638 = ORIENTED_EDGE ( 'NONE', *, *, #2951, .T. ) ;
#2639 = EDGE_CURVE ( 'NONE', #1362, #1578, #3036, .T. ) ;
#2640 = DIRECTION ( 'NONE',  ( -0.000000000000000000, -6.982962677686266711E-15, 1.000000000000000000 ) ) ;
#2641 = ORIENTED_EDGE ( 'NONE', *, *, #141, .T. ) ;
#2642 = DIRECTION ( 'NONE',  ( 0.000000000000000000, -1.000000000000000000, -6.982261990806648555E-15 ) ) ;
#2643 = ORIENTED_EDGE ( 'NONE', *, *, #550, .T. ) ;
#2644 = CIRCLE ( 'NONE', #379, 6.999999999999999112 ) ;
#2645 = DIRECTION ( 'NONE',  ( -0.000000000000000000, 6.982962677686266711E-15, -1.000000000000000000 ) ) ;
#2646 = EDGE_LOOP ( 'NONE', ( #1847, #905, #272, #1696 ) ) ;
#2647 = PRODUCT_DEFINITION ( 'UNKNOWN', '', #2582, #2438 ) ;
#2648 = CARTESIAN_POINT ( 'NONE',  ( 9.052418052154427741, -43.50000000000000000, -0.7500000000003037570 ) ) ;
#2649 = CARTESIAN_POINT ( 'NONE',  ( 17.00000000000000000, 17.27444493861361607, 0.7510000000003037579 ) ) ;
#2650 = DIRECTION ( 'NONE',  ( 0.000000000000000000, -1.000000000000000000, -7.011174048739588766E-15 ) ) ;
#2651 = VECTOR ( 'NONE', #1301, 1000.000000000000000 ) ;
#2652 = PERSON_AND_ORGANIZATION_ROLE ( 'classification_officer' ) ;
#2653 = EDGE_CURVE ( 'NONE', #2823, #2488, #1437, .T. ) ;
#2654 = EDGE_CURVE ( 'NONE', #1381, #301, #206, .T. ) ;
#2655 = CYLINDRICAL_SURFACE ( 'NONE', #234, 7.000000000000000000 ) ;
#2656 = ORIENTED_EDGE ( 'NONE', *, *, #1444, .T. ) ;
#2657 = CARTESIAN_POINT ( 'NONE',  ( 27.29951150590041564, 1.360408930085536872, 0.7510000000003037579 ) ) ;
#2658 = EDGE_CURVE ( 'NONE', #1926, #2893, #2510, .T. ) ;
#2659 = ORIENTED_EDGE ( 'NONE', *, *, #2654, .T. ) ;
#2660 = DIRECTION ( 'NONE',  ( -0.000000000000000000, 6.983283950242307528E-15, -1.000000000000000000 ) ) ;
#2661 = ORIENTED_EDGE ( 'NONE', *, *, #441, .F. ) ;
#2662 = CARTESIAN_POINT ( 'NONE',  ( -13.58493649053863273, 28.52980021920993181, 0.4499999999999825806 ) ) ;
#2663 = ORIENTED_EDGE ( 'NONE', *, *, #2818, .T. ) ;
#2664 = FACE_OUTER_BOUND ( 'NONE', #1889, .T. ) ;
#2665 = CARTESIAN_POINT ( 'NONE',  ( -3.500000000000000444, 14.49999999999999645, 0.4500000000000996536 ) ) ;
#2666 = DIRECTION ( 'NONE',  ( 0.8660254037844383745, 0.5000000000000004441, 3.491481338843136116E-15 ) ) ;
#2667 = DATE_AND_TIME ( #333, #1609 ) ;
#2668 = DIRECTION ( 'NONE',  ( 0.000000000000000000, 0.000000000000000000, 1.000000000000000000 ) ) ;
#2669 = ORIENTED_EDGE ( 'NONE', *, *, #1348, .F. ) ;
#2670 = ADVANCED_FACE ( 'NONE', ( #524 ), #1313, .F. ) ;
#2671 = DIRECTION ( 'NONE',  ( 0.000000000000000000, -6.982962677686266711E-15, 1.000000000000000000 ) ) ;
#2672 = CARTESIAN_POINT ( 'NONE',  ( -16.74999999999973355, 29.01185102677884942, 0.4500000000000000666 ) ) ;
#2673 = CARTESIAN_POINT ( 'NONE',  ( -12.28589838486237440, -29.27980021920975418, 0.4500000000000279887 ) ) ;
#2674 = EDGE_LOOP ( 'NONE', ( #1592, #891, #1490, #1407, #582, #1975 ) ) ;
#2675 = PLANE ( 'NONE',  #761 ) ;
#2676 = ORIENTED_EDGE ( 'NONE', *, *, #2764, .F. ) ;
#2677 = DIRECTION ( 'NONE',  ( 0.000000000000000000, -0.000000000000000000, -1.000000000000000000 ) ) ;
#2678 = VECTOR ( 'NONE', #366, 1000.000000000000000 ) ;
#2679 = ORIENTED_EDGE ( 'NONE', *, *, #2470, .F. ) ;
#2680 = AXIS2_PLACEMENT_3D ( 'NONE', #3271, #3012, #1914 ) ;
#2681 = EDGE_CURVE ( 'NONE', #1089, #1429, #2224, .T. ) ;
#2682 = VECTOR ( 'NONE', #1691, 1000.000000000000000 ) ;
#2683 = CARTESIAN_POINT ( 'NONE',  ( -17.91506350946121273, -26.02980021920972931, 0.4499999999999825806 ) ) ;
#2684 = DIRECTION ( 'NONE',  ( 0.000000000000000000, -6.982962677686266711E-15, 1.000000000000000000 ) ) ;
#2685 = AXIS2_PLACEMENT_3D ( 'NONE', #2077, #105, #2650 ) ;
#2686 = CIRCLE ( 'NONE', #2331, 7.000000000000000000 ) ;
#2687 = PERSON_AND_ORGANIZATION ( #1751, #1796 ) ;
#2688 = DIRECTION ( 'NONE',  ( 0.4534696433618433109, -0.8912717220630769210, -6.223717170843633691E-15 ) ) ;
#2689 = EDGE_LOOP ( 'NONE', ( #2669, #108, #202, #1010 ) ) ;
#2690 = DIRECTION ( 'NONE',  ( 0.000000000000000000, 1.000000000000000000, 0.000000000000000000 ) ) ;
#2691 = DIRECTION ( 'NONE',  ( 0.000000000000000000, -0.000000000000000000, -1.000000000000000000 ) ) ;
#2692 = LINE ( 'NONE', #385, #835 ) ;
#2693 = EDGE_LOOP ( 'NONE', ( #3400, #1997, #3377, #1298 ) ) ;
#2694 = CIRCLE ( 'NONE', #778, 2.999999999999999112 ) ;
#2695 = VECTOR ( 'NONE', #2199, 1000.000000000000000 ) ;
#2696 = DIRECTION ( 'NONE',  ( -0.000000000000000000, -6.982962677686266711E-15, 1.000000000000000000 ) ) ;
#2697 = ORIENTED_EDGE ( 'NONE', *, *, #3578, .F. ) ;
#2698 = EDGE_CURVE ( 'NONE', #849, #1372, #3573, .T. ) ;
#2699 = ADVANCED_FACE ( 'NONE', ( #1081 ), #2806, .F. ) ;
#2700 = DIRECTION ( 'NONE',  ( 0.000000000000000000, 0.000000000000000000, 1.000000000000000000 ) ) ;
#2701 = ORIENTED_EDGE ( 'NONE', *, *, #3519, .F. ) ;
#2702 = DIRECTION ( 'NONE',  ( 0.000000000000000000, -1.000000000000000000, -7.011174048739588766E-15 ) ) ;
#2703 = DIRECTION ( 'NONE',  ( 0.000000000000000000, -1.000000000000000000, -6.987080667128821429E-15 ) ) ;
#2704 = EDGE_CURVE ( 'NONE', #1764, #1200, #2932, .T. ) ;
#2705 = DIRECTION ( 'NONE',  ( -0.000000000000000000, 0.000000000000000000, 1.000000000000000000 ) ) ;
#2706 = ORIENTED_EDGE ( 'NONE', *, *, #2425, .F. ) ;
#2707 = CARTESIAN_POINT ( 'NONE',  ( 44.99999999999998579, 10.28248894235993127, -0.7499999999999282796 ) ) ;
#2708 = DIRECTION ( 'NONE',  ( 0.000000000000000000, -1.000000000000000000, -7.011174048739588766E-15 ) ) ;
#2709 = CARTESIAN_POINT ( 'NONE',  ( 0.000000000000000000, 1.150000000000005240, 0.4500000000000080602 ) ) ;
#2710 = ORIENTED_EDGE ( 'NONE', *, *, #2190, .T. ) ;
#2711 = DIRECTION ( 'NONE',  ( -0.4999999999999918954, 0.8660254037844432595, -4.486691336258291296E-31 ) ) ;
#2712 = ORIENTED_EDGE ( 'NONE', *, *, #2158, .T. ) ;
#2713 = ORIENTED_EDGE ( 'NONE', *, *, #1149, .T. ) ;
#2714 = ADVANCED_FACE ( 'NONE', ( #3054, #245 ), #1621, .F. ) ;
#2715 = CARTESIAN_POINT ( 'NONE',  ( 9.894354993202226112, 32.80744937604202960, 0.7500000000002291500 ) ) ;
#2716 = DIRECTION ( 'NONE',  ( 0.000000000000000000, 0.000000000000000000, -1.000000000000000000 ) ) ;
#2717 = VERTEX_POINT ( 'NONE', #1059 ) ;
#2718 = ADVANCED_FACE ( 'NONE', ( #3328 ), #789, .F. ) ;
#2719 = CARTESIAN_POINT ( 'NONE',  ( -12.28589838486196939, 29.27980021920991760, 0.7499999999999720224 ) ) ;
#2720 = CARTESIAN_POINT ( 'NONE',  ( -16.28193760082772101, -42.56217782649106596, -0.7500000000002972067 ) ) ;
#2721 = CARTESIAN_POINT ( 'NONE',  ( -18.42907078564758194, 34.22008693702560578, 0.4499999999999920175 ) ) ;
#2722 = EDGE_LOOP ( 'NONE', ( #975, #468, #647, #2328 ) ) ;
#2723 = CARTESIAN_POINT ( 'NONE',  ( 27.29951150590041564, 1.360408930085535095, 0.7500000000000094369 ) ) ;
#2724 = ORIENTED_EDGE ( 'NONE', *, *, #1282, .T. ) ;
#2725 = VERTEX_POINT ( 'NONE', #1636 ) ;
#2726 = FACE_OUTER_BOUND ( 'NONE', #1704, .T. ) ;
#2727 = UNCERTAINTY_MEASURE_WITH_UNIT (LENGTH_MEASURE( 1.000000000000000082E-05 ), #1392, 'distance_accuracy_value', 'NONE');
#2728 = VECTOR ( 'NONE', #570, 1000.000000000000000 ) ;
#2729 = DIRECTION ( 'NONE',  ( 0.000000000000000000, 0.000000000000000000, 1.000000000000000000 ) ) ;
#2730 = EDGE_CURVE ( 'NONE', #1698, #2360, #3499, .T. ) ;
#2731 = AXIS2_PLACEMENT_3D ( 'NONE', #466, #2778, #2176 ) ;
#2732 = CIRCLE ( 'NONE', #2559, 2.249999999999995115 ) ;
#2733 = VECTOR ( 'NONE', #192, 1000.000000000000000 ) ;
#2734 = LINE ( 'NONE', #2791, #2084 ) ;
#2735 = VERTEX_POINT ( 'NONE', #1956 ) ;
#2736 = VECTOR ( 'NONE', #1338, 1000.000000000000000 ) ;
#2737 = PLANE ( 'NONE',  #134 ) ;
#2738 = CARTESIAN_POINT ( 'NONE',  ( -20.42092921435225961, -33.07008693702535851, 0.4499999999999920175 ) ) ;
#2739 = VECTOR ( 'NONE', #2473, 1000.000000000000000 ) ;
#2740 = VERTEX_POINT ( 'NONE', #2167 ) ;
#2741 = AXIS2_PLACEMENT_3D ( 'NONE', #3042, #1350, #209 ) ;
#2742 = DIRECTION ( 'NONE',  ( -0.4534696433618433109, -0.8912717220630769210, 0.000000000000000000 ) ) ;
#2743 = EDGE_LOOP ( 'NONE', ( #3055, #1615, #2070, #3439 ) ) ;
#2744 = CARTESIAN_POINT ( 'NONE',  ( -20.42092921435180131, 33.07008693702562852, 0.4500000000000080602 ) ) ;
#2745 = CIRCLE ( 'NONE', #1901, 1.499999999999998890 ) ;
#2746 = ORIENTED_EDGE ( 'NONE', *, *, #631, .T. ) ;
#2747 = AXIS2_PLACEMENT_3D ( 'NONE', #1919, #1030, #1382 ) ;
#2748 = CARTESIAN_POINT ( 'NONE',  ( -4.095812952314149769, 43.50000000000000711, -0.7499999999996962430 ) ) ;
#2749 = VECTOR ( 'NONE', #1754, 1000.000000000000000 ) ;
#2750 = LINE ( 'NONE', #1331, #1480 ) ;
#2751 = VECTOR ( 'NONE', #449, 1000.000000000000000 ) ;
#2752 = FACE_OUTER_BOUND ( 'NONE', #2324, .T. ) ;
#2753 = ADVANCED_FACE ( 'NONE', ( #3288 ), #633, .T. ) ;
#2754 = DIRECTION ( 'NONE',  ( -0.000000000000000000, 0.000000000000000000, 1.000000000000000000 ) ) ;
#2755 = CIRCLE ( 'NONE', #1269, 5.000000000000000888 ) ;
#2756 = ORIENTED_EDGE ( 'NONE', *, *, #2272, .F. ) ;
#2757 = EDGE_CURVE ( 'NONE', #294, #3191, #3150, .T. ) ;
#2758 = EDGE_CURVE ( 'NONE', #3364, #223, #2055, .T. ) ;
#2759 = DIRECTION ( 'NONE',  ( 0.000000000000000000, 0.000000000000000000, -1.000000000000000000 ) ) ;
#2760 = CARTESIAN_POINT ( 'NONE',  ( -5.139921410301636991E-16, -3.999999999999994227, 0.4499999999999720890 ) ) ;
#2761 = DIRECTION ( 'NONE',  ( 0.000000000000000000, 0.000000000000000000, 1.000000000000000000 ) ) ;
#2762 = ORIENTED_EDGE ( 'NONE', *, *, #2623, .F. ) ;
#2763 = EDGE_CURVE ( 'NONE', #3409, #1474, #523, .T. ) ;
#2764 = EDGE_CURVE ( 'NONE', #3136, #3642, #3019, .T. ) ;
#2765 = CARTESIAN_POINT ( 'NONE',  ( -13.49999999999999822, 18.50000000000000711, -0.7500000000000000000 ) ) ;
#2766 = ORIENTED_EDGE ( 'NONE', *, *, #1409, .T. ) ;
#2767 = CARTESIAN_POINT ( 'NONE',  ( 33.50000000000000000, 5.237222008264700033E-15, 0.7510000000003037579 ) ) ;
#2768 = VERTEX_POINT ( 'NONE', #1697 ) ;
#2769 = CARTESIAN_POINT ( 'NONE',  ( -19.42500000000015703, -33.64508693702535425, 0.7510000000003037579 ) ) ;
#2770 = CARTESIAN_POINT ( 'NONE',  ( 5.922644626206826857, -35.50000000000001421, 0.7499999999997521982 ) ) ;
#2771 = DIRECTION ( 'NONE',  ( 6.047701302749968920E-15, -3.491641975121182558E-15, -1.000000000000000000 ) ) ;
#2772 = ORIENTED_EDGE ( 'NONE', *, *, #2808, .T. ) ;
#2773 = EDGE_LOOP ( 'NONE', ( #2641, #3661 ) ) ;
#2774 = CARTESIAN_POINT ( 'NONE',  ( 42.42866567579311976, -12.66564267565589219, 0.7499999999999115152 ) ) ;
#2775 = DIRECTION ( 'NONE',  ( 1.000000000000000000, -1.284980352575412453E-16, 0.000000000000000000 ) ) ;
#2776 = DIRECTION ( 'NONE',  ( -0.000000000000000000, -6.982962677686266711E-15, 1.000000000000000000 ) ) ;
#2777 = ORIENTED_EDGE ( 'NONE', *, *, #3001, .T. ) ;
#2778 = DIRECTION ( 'NONE',  ( -0.000000000000000000, 0.000000000000000000, 1.000000000000000000 ) ) ;
#2779 = ORIENTED_EDGE ( 'NONE', *, *, #1519, .F. ) ;
#2780 = LINE ( 'NONE', #185, #2739 ) ;
#2781 = ORIENTED_EDGE ( 'NONE', *, *, #121, .F. ) ;
#2782 = ADVANCED_FACE ( 'NONE', ( #1477 ), #2624, .F. ) ;
#2783 = EDGE_CURVE ( 'NONE', #3659, #1472, #2015, .T. ) ;
#2784 = CARTESIAN_POINT ( 'NONE',  ( -12.78193760082772101, -36.50000000000000711, 0.7499999999997450928 ) ) ;
#2785 = ORIENTED_EDGE ( 'NONE', *, *, #2440, .T. ) ;
#2786 = DIRECTION ( 'NONE',  ( -0.000000000000000000, -6.982962677686266711E-15, 1.000000000000000000 ) ) ;
#2787 = EDGE_CURVE ( 'NONE', #2201, #1845, #610, .T. ) ;
#2788 = PLANE ( 'NONE',  #1716 ) ;
#2789 = LINE ( 'NONE', #1641, #3153 ) ;
#2790 = CIRCLE ( 'NONE', #2386, 2.249999999999996891 ) ;
#2791 = CARTESIAN_POINT ( 'NONE',  ( -5.139921410301636991E-16, -3.999999999999994227, 0.7499999999999720224 ) ) ;
#2792 = ORIENTED_EDGE ( 'NONE', *, *, #1136, .F. ) ;
#2793 = AXIS2_PLACEMENT_3D ( 'NONE', #3039, #2153, #3277 ) ;
#2794 = EDGE_LOOP ( 'NONE', ( #3250, #1729, #1178, #2221 ) ) ;
#2795 = CIRCLE ( 'NONE', #470, 1.500000000000003331 ) ;
#2796 = EDGE_CURVE ( 'NONE', #1694, #918, #2790, .T. ) ;
#2797 = DIRECTION ( 'NONE',  ( -0.000000000000000000, 6.982962677686266711E-15, -1.000000000000000000 ) ) ;
#2798 = DIRECTION ( 'NONE',  ( -0.000000000000000000, 0.000000000000000000, 1.000000000000000000 ) ) ;
#2799 = VERTEX_POINT ( 'NONE', #70 ) ;
#2800 = CIRCLE ( 'NONE', #1189, 2.999999999999999112 ) ;
#2801 = DIRECTION ( 'NONE',  ( 0.000000000000000000, -6.982962677686266711E-15, 1.000000000000000000 ) ) ;
#2802 = ORIENTED_EDGE ( 'NONE', *, *, #1391, .T. ) ;
#2803 = CARTESIAN_POINT ( 'NONE',  ( -20.42092921435225961, -33.07008693702535851, 0.7510000000003037579 ) ) ;
#2804 = VERTEX_POINT ( 'NONE', #13 ) ;
#2805 = VECTOR ( 'NONE', #3397, 1000.000000000000000 ) ;
#2806 = PLANE ( 'NONE',  #846 ) ;
#2807 = EDGE_CURVE ( 'NONE', #153, #336, #2326, .T. ) ;
#2808 = EDGE_CURVE ( 'NONE', #88, #2307, #1649, .T. ) ;
#2809 = ORIENTED_EDGE ( 'NONE', *, *, #1483, .F. ) ;
#2810 = CARTESIAN_POINT ( 'NONE',  ( -14.65758194784559620, 43.50000000000000000, -0.7499999999996962430 ) ) ;
#2811 = CIRCLE ( 'NONE', #2399, 1.500000000000004885 ) ;
#2812 = CARTESIAN_POINT ( 'NONE',  ( -18.27500000000015845, -33.64508693702535425, -0.7500000000000000000 ) ) ;
#2813 = ADVANCED_FACE ( 'NONE', ( #922 ), #2864, .T. ) ;
#2814 = DIRECTION ( 'NONE',  ( -0.000000000000000000, -6.982962677686266711E-15, 1.000000000000000000 ) ) ;
#2815 = LINE ( 'NONE', #2295, #1719 ) ;
#2816 = VECTOR ( 'NONE', #3542, 1000.000000000000000 ) ;
#2817 = ORIENTED_EDGE ( 'NONE', *, *, #1960, .F. ) ;
#2818 = EDGE_CURVE ( 'NONE', #454, #2606, #2038, .T. ) ;
#2819 = VECTOR ( 'NONE', #2600, 1000.000000000000000 ) ;
#2820 = FACE_OUTER_BOUND ( 'NONE', #1725, .T. ) ;
#2821 = DIRECTION ( 'NONE',  ( 0.8660254037844389297, -0.4999999999999993894, -3.491481338843129017E-15 ) ) ;
#2822 = DIRECTION ( 'NONE',  ( -0.8660254037844432595, -0.4999999999999919509, 6.983283950242307528E-15 ) ) ;
#2823 = VERTEX_POINT ( 'NONE', #848 ) ;
#2824 = VECTOR ( 'NONE', #692, 1000.000000000000000 ) ;
#2825 = DIRECTION ( 'NONE',  ( -0.000000000000000000, -6.982962677686266711E-15, 1.000000000000000000 ) ) ;
#2826 = ORIENTED_EDGE ( 'NONE', *, *, #737, .F. ) ;
#2827 = DIRECTION ( 'NONE',  ( 0.000000000000000000, -6.982962677686266711E-15, 1.000000000000000000 ) ) ;
#2828 = ORIENTED_EDGE ( 'NONE', *, *, #1552, .F. ) ;
#2829 = EDGE_CURVE ( 'NONE', #3518, #2804, #2493, .T. ) ;
#2830 = ORIENTED_EDGE ( 'NONE', *, *, #420, .T. ) ;
#2831 = CARTESIAN_POINT ( 'NONE',  ( -29.50000000000000711, 34.93072594216367577, -0.7499999999997560840 ) ) ;
#2832 = DIRECTION ( 'NONE',  ( -0.000000000000000000, -6.982962677686266711E-15, 1.000000000000000000 ) ) ;
#2833 = CARTESIAN_POINT ( 'NONE',  ( 11.04795907958597923, 31.65161701291977536, -0.7499999999997789546 ) ) ;
#2834 = DIRECTION ( 'NONE',  ( 0.8910065241883660114, -0.4539904997395506348, -3.170198715705418705E-15 ) ) ;
#2835 = ORIENTED_EDGE ( 'NONE', *, *, #2208, .T. ) ;
#2836 = EDGE_CURVE ( 'NONE', #133, #1230, #2604, .T. ) ;
#2837 = DIRECTION ( 'NONE',  ( -0.000000000000000000, -6.982962677686266711E-15, 1.000000000000000000 ) ) ;
#2838 = CARTESIAN_POINT ( 'NONE',  ( 42.30000000000000426, 5.237222008264700033E-15, 0.4500000000000000666 ) ) ;
#2839 = CARTESIAN_POINT ( 'NONE',  ( -4.999999999999998224, 3.500000000000011102, -0.7500000000000000000 ) ) ;
#2840 = ORIENTED_EDGE ( 'NONE', *, *, #3335, .F. ) ;
#2841 = CYLINDRICAL_SURFACE ( 'NONE', #1977, 2.249999999999995115 ) ;
#2842 = ORIENTED_EDGE ( 'NONE', *, *, #2758, .F. ) ;
#2843 = FACE_BOUND ( 'NONE', #1291, .T. ) ;
#2844 = ORIENTED_EDGE ( 'NONE', *, *, #195, .T. ) ;
#2845 = ORIENTED_EDGE ( 'NONE', *, *, #2314, .F. ) ;
#2846 = EDGE_CURVE ( 'NONE', #1110, #607, #2290, .T. ) ;
#2847 = DIRECTION ( 'NONE',  ( 1.000000000000000000, 4.999203100797714779E-16, 3.490924867104389822E-30 ) ) ;
#2848 = CARTESIAN_POINT ( 'NONE',  ( -17.16506350946086101, 24.73076211353330933, 0.7500000000000174305 ) ) ;
#2849 = CARTESIAN_POINT ( 'NONE',  ( 4.999999999999999112, -27.99999999999998934, 0.7499999999998044897 ) ) ;
#2850 = DIRECTION ( 'NONE',  ( -1.000000000000000000, 0.000000000000000000, -6.033820786006295184E-15 ) ) ;
#2851 = ORIENTED_EDGE ( 'NONE', *, *, #441, .T. ) ;
#2852 = CARTESIAN_POINT ( 'NONE',  ( 4.000000000000000000, -32.49999999999999289, -0.7500000000008354428 ) ) ;
#2853 = AXIS2_PLACEMENT_3D ( 'NONE', #2204, #1031, #3259 ) ;
#2854 = CARTESIAN_POINT ( 'NONE',  ( 5.000000000000000000, 16.74999999999999289, 0.4500000000001153633 ) ) ;
#2855 = PLANE ( 'NONE',  #2443 ) ;
#2856 = ORIENTED_EDGE ( 'NONE', *, *, #931, .F. ) ;
#2857 = VECTOR ( 'NONE', #2126, 1000.000000000000000 ) ;
#2858 = VECTOR ( 'NONE', #3332, 1000.000000000000000 ) ;
#2859 = DIRECTION ( 'NONE',  ( -0.000000000000000000, 6.982962677686266711E-15, -1.000000000000000000 ) ) ;
#2860 = EDGE_CURVE ( 'NONE', #2233, #3008, #886, .T. ) ;
#2861 = ORIENTED_EDGE ( 'NONE', *, *, #2787, .F. ) ;
#2862 = LINE ( 'NONE', #3428, #1970 ) ;
#2863 = VERTEX_POINT ( 'NONE', #2588 ) ;
#2864 = CYLINDRICAL_SURFACE ( 'NONE', #412, 6.999999999999999112 ) ;
#2865 = CIRCLE ( 'NONE', #599, 3.000000000000000000 ) ;
#2866 = ORIENTED_EDGE ( 'NONE', *, *, #338, .T. ) ;
#2867 = LINE ( 'NONE', #1100, #1240 ) ;
#2868 = FACE_BOUND ( 'NONE', #1486, .T. ) ;
#2869 = CIRCLE ( 'NONE', #3090, 2.249999999999995115 ) ;
#2870 = LINE ( 'NONE', #329, #3032 ) ;
#2871 = LINE ( 'NONE', #310, #1123 ) ;
#2872 = EDGE_LOOP ( 'NONE', ( #2346, #1335 ) ) ;
#2873 = CIRCLE ( 'NONE', #1965, 1.500000000000000666 ) ;
#2874 = EDGE_LOOP ( 'NONE', ( #2756, #263, #2995, #1008 ) ) ;
#2875 = AXIS2_PLACEMENT_3D ( 'NONE', #37, #2003, #592 ) ;
#2876 = DIRECTION ( 'NONE',  ( 0.000000000000000000, 1.000000000000000000, 6.982962677686266711E-15 ) ) ;
#2877 = LINE ( 'NONE', #1971, #711 ) ;
#2878 = ORIENTED_EDGE ( 'NONE', *, *, #3637, .T. ) ;
#2879 = AXIS2_PLACEMENT_3D ( 'NONE', #462, #1575, #179 ) ;
#2880 = DIRECTION ( 'NONE',  ( 0.000000000000000000, 6.982962677686266711E-15, -1.000000000000000000 ) ) ;
#2881 = ORIENTED_EDGE ( 'NONE', *, *, #2574, .F. ) ;
#2882 = DIRECTION ( 'NONE',  ( -0.8660254037844363761, 0.5000000000000039968, -6.983283950242306739E-15 ) ) ;
#2883 = AXIS2_PLACEMENT_3D ( 'NONE', #2583, #2880, #1173 ) ;
#2884 = ORIENTED_EDGE ( 'NONE', *, *, #1163, .F. ) ;
#2885 = EDGE_CURVE ( 'NONE', #3142, #826, #3607, .T. ) ;
#2886 = VECTOR ( 'NONE', #2948, 1000.000000000000000 ) ;
#2887 = DIRECTION ( 'NONE',  ( 0.000000000000000000, 0.000000000000000000, -1.000000000000000000 ) ) ;
#2888 = ORIENTED_EDGE ( 'NONE', *, *, #668, .T. ) ;
#2889 = DIRECTION ( 'NONE',  ( 0.000000000000000000, -1.000000000000000000, -6.987080667128821429E-15 ) ) ;
#2890 = DIRECTION ( 'NONE',  ( 1.000000000000000000, 0.000000000000000000, 0.000000000000000000 ) ) ;
#2891 = CARTESIAN_POINT ( 'NONE',  ( -15.24999999999972822, 29.01185102677884942, 0.7510000000003037579 ) ) ;
#2892 = DIRECTION ( 'NONE',  ( -0.000000000000000000, -6.982962677686266711E-15, 1.000000000000000000 ) ) ;
#2893 = VERTEX_POINT ( 'NONE', #1253 ) ;
#2894 = COORDINATED_UNIVERSAL_TIME_OFFSET ( 1, 0, .AHEAD. ) ;
#2895 = PLANE ( 'NONE',  #3556 ) ;
#2896 = DIRECTION ( 'NONE',  ( 0.8660254037844389297, -0.4999999999999993894, -3.491481338843129017E-15 ) ) ;
#2897 = EDGE_LOOP ( 'NONE', ( #3232, #167 ) ) ;
#2898 = CARTESIAN_POINT ( 'NONE',  ( -23.00000000000000355, -18.49999999999999289, -0.7500000000000000000 ) ) ;
#2899 = ORIENTED_EDGE ( 'NONE', *, *, #3335, .T. ) ;
#2900 = DIRECTION ( 'NONE',  ( 1.000000000000000000, 1.734723475976807094E-15, 0.000000000000000000 ) ) ;
#2901 = EDGE_CURVE ( 'NONE', #2307, #2768, #2018, .T. ) ;
#2902 = ORIENTED_EDGE ( 'NONE', *, *, #3030, .T. ) ;
#2903 = DIRECTION ( 'NONE',  ( 0.000000000000000000, -1.000000000000000000, -6.975033976323413699E-15 ) ) ;
#2904 = ORIENTED_EDGE ( 'NONE', *, *, #1857, .T. ) ;
#2905 = ADVANCED_FACE ( 'NONE', ( #646 ), #663, .F. ) ;
#2906 = DIRECTION ( 'NONE',  ( 1.000000000000000000, 4.999203100797714779E-16, 3.490924867104389822E-30 ) ) ;
#2907 = LINE ( 'NONE', #1183, #373 ) ;
#2908 = PLANE ( 'NONE',  #1005 ) ;
#2909 = VERTEX_POINT ( 'NONE', #439 ) ;
#2910 = CARTESIAN_POINT ( 'NONE',  ( -5.000000000000000000, 13.00000000000000533, -0.7500000000005176970 ) ) ;
#2911 = ORIENTED_EDGE ( 'NONE', *, *, #2067, .F. ) ;
#2912 = AXIS2_PLACEMENT_3D ( 'NONE', #35, #2786, #1680 ) ;
#2913 = CARTESIAN_POINT ( 'NONE',  ( 32.96952889997031377, -12.50454226054496765, 0.7510000000003037579 ) ) ;
#2914 = ORIENTED_EDGE ( 'NONE', *, *, #766, .F. ) ;
#2915 = CARTESIAN_POINT ( 'NONE',  ( 5.000000000000002665, -1.499999999999990896, 0.7499999999999894529 ) ) ;
#2916 = AXIS2_PLACEMENT_3D ( 'NONE', #264, #1202, #1419 ) ;
#2917 = ORIENTED_EDGE ( 'NONE', *, *, #706, .F. ) ;
#2918 = AXIS2_PLACEMENT_3D ( 'NONE', #258, #2238, #2217 ) ;
#2919 = DIRECTION ( 'NONE',  ( 0.000000000000000000, -6.982962677686267499E-15, 1.000000000000000000 ) ) ;
#2920 = AXIS2_PLACEMENT_3D ( 'NONE', #2571, #1166, #3437 ) ;
#2921 = ORIENTED_EDGE ( 'NONE', *, *, #3021, .T. ) ;
#2922 = CARTESIAN_POINT ( 'NONE',  ( -4.000000000000000000, -34.00000000000000711, 0.7499999999997625233 ) ) ;
#2923 = EDGE_CURVE ( 'NONE', #2606, #3171, #2133, .T. ) ;
#2924 = ADVANCED_FACE ( 'NONE', ( #3201 ), #3502, .T. ) ;
#2925 = DIRECTION ( 'NONE',  ( 6.047701302749968920E-15, -3.491641975121182558E-15, -1.000000000000000000 ) ) ;
#2926 = LINE ( 'NONE', #1518, #657 ) ;
#2927 = VECTOR ( 'NONE', #729, 999.9999999999998863 ) ;
#2928 = EDGE_LOOP ( 'NONE', ( #844, #1246, #2842, #1476 ) ) ;
#2929 = APPROVAL_DATE_TIME ( #1211, #362 ) ;
#2930 = CARTESIAN_POINT ( 'NONE',  ( 12.56227054268196319, 31.04037922572215535, 0.7500000000002167155 ) ) ;
#2931 = ORIENTED_EDGE ( 'NONE', *, *, #978, .T. ) ;
#2932 = CIRCLE ( 'NONE', #1318, 2.249999999999995115 ) ;
#2933 = DIRECTION ( 'NONE',  ( -0.000000000000000000, -6.982962677686266711E-15, 1.000000000000000000 ) ) ;
#2934 = AXIS2_PLACEMENT_3D ( 'NONE', #629, #1398, #2287 ) ;
#2935 = ORIENTED_EDGE ( 'NONE', *, *, #2653, .F. ) ;
#2936 = CARTESIAN_POINT ( 'NONE',  ( 44.99999999999998579, 13.03986227166453205, 0.7500000000000910383 ) ) ;
#2937 = ORIENTED_EDGE ( 'NONE', *, *, #528, .T. ) ;
#2938 = FACE_OUTER_BOUND ( 'NONE', #1342, .T. ) ;
#2939 = VERTEX_POINT ( 'NONE', #3520 ) ;
#2940 = LINE ( 'NONE', #956, #1297 ) ;
#2941 = EDGE_CURVE ( 'NONE', #2479, #1755, #421, .T. ) ;
#2942 = CARTESIAN_POINT ( 'NONE',  ( -26.00000000000000355, -18.49999999999999289, 0.7499999999998707700 ) ) ;
#2943 = LINE ( 'NONE', #2100, #2021 ) ;
#2944 = ADVANCED_FACE ( 'NONE', ( #1527 ), #2675, .F. ) ;
#2945 = DIRECTION ( 'NONE',  ( 0.8912717220630769210, 0.4534696433618433109, 0.000000000000000000 ) ) ;
#2946 = EDGE_CURVE ( 'NONE', #1057, #406, #135, .T. ) ;
#2947 = VERTEX_POINT ( 'NONE', #1792 ) ;
#2948 = DIRECTION ( 'NONE',  ( 0.000000000000000000, -6.982962677686266711E-15, 1.000000000000000000 ) ) ;
#2949 = CARTESIAN_POINT ( 'NONE',  ( -19.42499999999969162, 33.64508693702562425, 0.7510000000003037579 ) ) ;
#2950 = CARTESIAN_POINT ( 'NONE',  ( 5.000000000000000000, 14.49999999999999645, 0.4500000000000996536 ) ) ;
#2951 = EDGE_CURVE ( 'NONE', #3064, #432, #3076, .T. ) ;
#2952 = ORIENTED_EDGE ( 'NONE', *, *, #2272, .T. ) ;
#2953 = CARTESIAN_POINT ( 'NONE',  ( 0.9959292143521063512, -0.5750000000000073941, 0.4500000000000080602 ) ) ;
#2954 = ORIENTED_EDGE ( 'NONE', *, *, #2341, .F. ) ;
#2955 = DIRECTION ( 'NONE',  ( 1.000000000000000000, -0.000000000000000000, 0.000000000000000000 ) ) ;
#2956 = ORIENTED_EDGE ( 'NONE', *, *, #1111, .T. ) ;
#2957 = CARTESIAN_POINT ( 'NONE',  ( -21.57092921435227240, -35.06194536572957077, -0.7500000000000000000 ) ) ;
#2958 = EDGE_CURVE ( 'NONE', #1620, #2171, #2421, .T. ) ;
#2959 = CYLINDRICAL_SURFACE ( 'NONE', #2685, 1.500000000000001332 ) ;
#2960 = ADVANCED_FACE ( 'NONE', ( #2938 ), #363, .T. ) ;
#2961 = COORDINATED_UNIVERSAL_TIME_OFFSET ( 1, 0, .AHEAD. ) ;
#2962 = CYLINDRICAL_SURFACE ( 'NONE', #3509, 4.999999999999999112 ) ;
#2963 = ORIENTED_EDGE ( 'NONE', *, *, #3116, .F. ) ;
#2964 = DIRECTION ( 'NONE',  ( -0.000000000000000000, -6.982962677686266711E-15, 1.000000000000000000 ) ) ;
#2965 = DIRECTION ( 'NONE',  ( -1.000000000000000000, 0.000000000000000000, 0.000000000000000000 ) ) ;
#2966 = CARTESIAN_POINT ( 'NONE',  ( 31.49999999999998579, -2.499999999999998224, 0.7499999999999825695 ) ) ;
#2967 = EDGE_LOOP ( 'NONE', ( #464, #487, #3373, #51 ) ) ;
#2968 = EDGE_CURVE ( 'NONE', #3438, #1258, #1219, .T. ) ;
#2969 = DIRECTION ( 'NONE',  ( -0.000000000000000000, 6.982962677686266711E-15, -1.000000000000000000 ) ) ;
#2970 = VECTOR ( 'NONE', #3185, 1000.000000000000000 ) ;
#2971 = ORIENTED_EDGE ( 'NONE', *, *, #2314, .T. ) ;
#2972 = CARTESIAN_POINT ( 'NONE',  ( 4.000000000000000000, -31.75000000000001421, 0.4499999999997766342 ) ) ;
#2973 = VECTOR ( 'NONE', #1794, 1000.000000000000000 ) ;
#2974 = EDGE_LOOP ( 'NONE', ( #1428, #3551, #1027, #2301 ) ) ;
#2975 = EDGE_CURVE ( 'NONE', #3528, #3619, #1181, .T. ) ;
#2976 = CARTESIAN_POINT ( 'NONE',  ( -18.42907078564805445, -34.22008693702536419, 0.7510000000003037579 ) ) ;
#2977 = DIRECTION ( 'NONE',  ( 0.000000000000000000, 6.982962677686266711E-15, -1.000000000000000000 ) ) ;
#2978 = AXIS2_PLACEMENT_3D ( 'NONE', #99, #3198, #1272 ) ;
#2979 = DIRECTION ( 'NONE',  ( 6.047701302749968920E-15, -3.491641975121182558E-15, -1.000000000000000000 ) ) ;
#2980 = EDGE_LOOP ( 'NONE', ( #233, #2262, #1637, #3083 ) ) ;
#2981 = EDGE_CURVE ( 'NONE', #1455, #1143, #3533, .T. ) ;
#2982 = VECTOR ( 'NONE', #3610, 1000.000000000000000 ) ;
#2983 = DIRECTION ( 'NONE',  ( -0.000000000000000000, 0.000000000000000000, 1.000000000000000000 ) ) ;
#2984 = DIRECTION ( 'NONE',  ( -0.6819983600625005860, 0.7313537016191685725, 5.107015602594352013E-15 ) ) ;
#2985 = LINE ( 'NONE', #2142, #3380 ) ;
#2986 = ORIENTED_EDGE ( 'NONE', *, *, #160, .T. ) ;
#2987 = ADVANCED_FACE ( 'NONE', ( #151 ), #1547, .F. ) ;
#2988 = DIRECTION ( 'NONE',  ( -0.000000000000000000, 6.982962677686266711E-15, -1.000000000000000000 ) ) ;
#2989 = EDGE_LOOP ( 'NONE', ( #2377, #3300, #360, #1717 ) ) ;
#2990 = LINE ( 'NONE', #1072, #63 ) ;
#2991 = EDGE_LOOP ( 'NONE', ( #3532, #535, #1168, #1040, #2611 ) ) ;
#2992 = CARTESIAN_POINT ( 'NONE',  ( -19.03589838486185926, 40.97114317029990360, 0.4499999999999720890 ) ) ;
#2993 = CARTESIAN_POINT ( 'NONE',  ( 33.50000000000000000, 5.237222008264700033E-15, -0.7500000000000000000 ) ) ;
#2994 = PLANE ( 'NONE',  #2503 ) ;
#2995 = ORIENTED_EDGE ( 'NONE', *, *, #3226, .F. ) ;
#2996 = FACE_BOUND ( 'NONE', #3481, .T. ) ;
#2997 = DIRECTION ( 'NONE',  ( -1.000000000000000000, 0.000000000000000000, 0.000000000000000000 ) ) ;
#2998 = FACE_OUTER_BOUND ( 'NONE', #2646, .T. ) ;
#2999 = ORIENTED_EDGE ( 'NONE', *, *, #1807, .T. ) ;
#3000 = CARTESIAN_POINT ( 'NONE',  ( 38.85000000000000142, 5.237222008264700033E-15, -0.7500000000000000000 ) ) ;
#3001 = EDGE_CURVE ( 'NONE', #2148, #3470, #712, .T. ) ;
#3002 = EDGE_LOOP ( 'NONE', ( #2599, #3011, #834, #1128 ) ) ;
#3003 = ORIENTED_EDGE ( 'NONE', *, *, #2091, .T. ) ;
#3004 = FACE_OUTER_BOUND ( 'NONE', #992, .T. ) ;
#3005 = ADVANCED_FACE ( 'NONE', ( #1006 ), #1075, .F. ) ;
#3006 = PLANE ( 'NONE',  #3379 ) ;
#3007 = DIRECTION ( 'NONE',  ( 0.000000000000000000, -6.982962677686267499E-15, 1.000000000000000000 ) ) ;
#3008 = VERTEX_POINT ( 'NONE', #2220 ) ;
#3009 = CARTESIAN_POINT ( 'NONE',  ( 32.96952889997031377, 12.50454226054497830, -0.7500000000000000000 ) ) ;
#3010 = CARTESIAN_POINT ( 'NONE',  ( -4.000000000000000000, -36.25000000000000711, 0.7499999999997468692 ) ) ;
#3011 = ORIENTED_EDGE ( 'NONE', *, *, #1255, .F. ) ;
#3012 = DIRECTION ( 'NONE',  ( 0.000000000000000000, 0.000000000000000000, -1.000000000000000000 ) ) ;
#3013 = ORIENTED_EDGE ( 'NONE', *, *, #725, .T. ) ;
#3014 = DIRECTION ( 'NONE',  ( 1.000000000000000000, 0.000000000000000000, 0.000000000000000000 ) ) ;
#3015 = ORIENTED_EDGE ( 'NONE', *, *, #2001, .T. ) ;
#3016 = LINE ( 'NONE', #2181, #2576 ) ;
#3017 = VECTOR ( 'NONE', #3648, 999.9999999999998863 ) ;
#3018 = CARTESIAN_POINT ( 'NONE',  ( -18.42907078564758550, 34.22008693702560578, -0.7500000000000000000 ) ) ;
#3019 = CIRCLE ( 'NONE', #1830, 3.000000000000000000 ) ;
#3020 = EDGE_CURVE ( 'NONE', #710, #1989, #3050, .T. ) ;
#3021 = EDGE_CURVE ( 'NONE', #1892, #2863, #760, .T. ) ;
#3022 = DIRECTION ( 'NONE',  ( 0.000000000000000000, -1.000000000000000000, -6.982261990806646977E-15 ) ) ;
#3023 = CIRCLE ( 'NONE', #170, 6.999999999999999112 ) ;
#3024 = CARTESIAN_POINT ( 'NONE',  ( -17.16506350946120563, -24.73076211353307485, 0.4499999999999825806 ) ) ;
#3025 = ORIENTED_EDGE ( 'NONE', *, *, #3557, .T. ) ;
#3026 = VECTOR ( 'NONE', #2174, 1000.000000000000000 ) ;
#3027 = CARTESIAN_POINT ( 'NONE',  ( -16.49999999999999645, 18.50000000000000711, 0.7500000000001291189 ) ) ;
#3028 = DIRECTION ( 'NONE',  ( -0.4999999999999919509, 0.8660254037844432595, -0.000000000000000000 ) ) ;
#3029 = ORIENTED_EDGE ( 'NONE', *, *, #996, .T. ) ;
#3030 = EDGE_CURVE ( 'NONE', #2717, #2171, #1631, .T. ) ;
#3031 = LINE ( 'NONE', #3341, #593 ) ;
#3032 = VECTOR ( 'NONE', #3075, 1000.000000000000000 ) ;
#3033 = EDGE_LOOP ( 'NONE', ( #3382, #2697, #3624, #2762, #1097, #541 ) ) ;
#3034 = DIRECTION ( 'NONE',  ( 0.000000000000000000, -1.000000000000000000, -6.987080667128821429E-15 ) ) ;
#3035 = VERTEX_POINT ( 'NONE', #2163 ) ;
#3036 = CIRCLE ( 'NONE', #1017, 2.249999999999995115 ) ;
#3037 = DIRECTION ( 'NONE',  ( 1.000000000000000000, -1.101411730778925294E-16, 0.000000000000000000 ) ) ;
#3038 = EDGE_CURVE ( 'NONE', #1771, #2166, #3031, .T. ) ;
#3039 = CARTESIAN_POINT ( 'NONE',  ( 44.99999999999998579, 13.03986227166454270, -0.7499999999999089617 ) ) ;
#3040 = DIRECTION ( 'NONE',  ( 0.000000000000000000, -6.982962677686266711E-15, 1.000000000000000000 ) ) ;
#3041 = EDGE_CURVE ( 'NONE', #3503, #1632, #2259, .T. ) ;
#3042 = CARTESIAN_POINT ( 'NONE',  ( 41.15000000000000568, 5.237222008264700033E-15, 0.4500000000000000666 ) ) ;
#3043 = CIRCLE ( 'NONE', #314, 1.500000000000003997 ) ;
#3044 = EDGE_LOOP ( 'NONE', ( #717, #512, #2904, #2659 ) ) ;
#3045 = CARTESIAN_POINT ( 'NONE',  ( 5.000000000000000000, 15.99999999999999645, 0.4500000000001100897 ) ) ;
#3046 = EDGE_CURVE ( 'NONE', #2164, #3464, #165, .T. ) ;
#3047 = CARTESIAN_POINT ( 'NONE',  ( -5.000000000000000000, 14.49999999999999645, 0.4500000000000996536 ) ) ;
#3048 = LINE ( 'NONE', #1339, #1535 ) ;
#3049 = ORIENTED_EDGE ( 'NONE', *, *, #1736, .F. ) ;
#3050 = LINE ( 'NONE', #2765, #2442 ) ;
#3051 = EDGE_LOOP ( 'NONE', ( #194, #569, #3591, #2203 ) ) ;
#3052 = CARTESIAN_POINT ( 'NONE',  ( 11.35131030199996793, -41.37618830369359557, -0.7500000000002889911 ) ) ;
#3053 = ORIENTED_EDGE ( 'NONE', *, *, #1296, .T. ) ;
#3054 = FACE_BOUND ( 'NONE', #1399, .T. ) ;
#3055 = ORIENTED_EDGE ( 'NONE', *, *, #154, .F. ) ;
#3056 = LINE ( 'NONE', #3365, #822 ) ;
#3057 = FACE_OUTER_BOUND ( 'NONE', #2722, .T. ) ;
#3058 = DIRECTION ( 'NONE',  ( 0.000000000000000000, -6.982962677686266711E-15, 1.000000000000000000 ) ) ;
#3059 = CARTESIAN_POINT ( 'NONE',  ( -5.000000000000000000, 15.99999999999999645, 0.7500000000001117995 ) ) ;
#3060 = ORIENTED_EDGE ( 'NONE', *, *, #752, .F. ) ;
#3061 = FACE_BOUND ( 'NONE', #2525, .T. ) ;
#3062 = CARTESIAN_POINT ( 'NONE',  ( -16.28193760082773167, 42.56217782649107306, -0.7499999999997027933 ) ) ;
#3063 = DIRECTION ( 'NONE',  ( -0.000000000000000000, -6.982962677686266711E-15, 1.000000000000000000 ) ) ;
#3064 = VERTEX_POINT ( 'NONE', #216 ) ;
#3065 = ADVANCED_FACE ( 'NONE', ( #201 ), #733, .F. ) ;
#3066 = CARTESIAN_POINT ( 'NONE',  ( -18.25000000000014211, -29.01185102677862560, 0.4499999999999909628 ) ) ;
#3067 = ORIENTED_EDGE ( 'NONE', *, *, #701, .F. ) ;
#3068 = PLANE ( 'NONE',  #1016 ) ;
#3069 = ORIENTED_EDGE ( 'NONE', *, *, #855, .F. ) ;
#3070 = DIRECTION ( 'NONE',  ( 0.000000000000000000, -1.000000000000000000, -6.975033976323416066E-15 ) ) ;
#3071 = ORIENTED_EDGE ( 'NONE', *, *, #783, .F. ) ;
#3072 = LINE ( 'NONE', #1083, #2728 ) ;
#3073 = AXIS2_PLACEMENT_3D ( 'NONE', #1866, #2462, #2703 ) ;
#3074 = DIRECTION ( 'NONE',  ( 0.000000000000000000, -1.000000000000000000, -6.987080667128821429E-15 ) ) ;
#3075 = DIRECTION ( 'NONE',  ( -0.000000000000000000, -6.982962677686266711E-15, 1.000000000000000000 ) ) ;
#3076 = CIRCLE ( 'NONE', #467, 1.500000000000000000 ) ;
#3077 = LINE ( 'NONE', #1104, #1656 ) ;
#3078 = ORIENTED_EDGE ( 'NONE', *, *, #1329, .T. ) ;
#3079 = AXIS2_PLACEMENT_3D ( 'NONE', #3590, #723, #1045 ) ;
#3080 = DIRECTION ( 'NONE',  ( 1.000000000000000000, -2.926568495954124030E-16, -2.043611858094008055E-30 ) ) ;
#3081 = CARTESIAN_POINT ( 'NONE',  ( -18.27499999999969305, 33.64508693702562425, 0.7510000000003037579 ) ) ;
#3082 = DIRECTION ( 'NONE',  ( 0.000000000000000000, -1.000000000000000000, -6.976605283819768280E-15 ) ) ;
#3083 = ORIENTED_EDGE ( 'NONE', *, *, #497, .F. ) ;
#3084 = FACE_OUTER_BOUND ( 'NONE', #2446, .T. ) ;
#3085 = VERTEX_POINT ( 'NONE', #3066 ) ;
#3086 = CARTESIAN_POINT ( 'NONE',  ( 36.99999999999998579, -6.789454371962300172, 0.7499999999999525935 ) ) ;
#3087 = VECTOR ( 'NONE', #2340, 1000.000000000000000 ) ;
#3088 = ADVANCED_FACE ( 'NONE', ( #518 ), #747, .F. ) ;
#3089 = EDGE_LOOP ( 'NONE', ( #1582, #3347 ) ) ;
#3090 = AXIS2_PLACEMENT_3D ( 'NONE', #3133, #1103, #268 ) ;
#3091 = DIRECTION ( 'NONE',  ( 0.000000000000000000, -6.982962677686266711E-15, 1.000000000000000000 ) ) ;
#3092 = EDGE_LOOP ( 'NONE', ( #265, #1896, #3446, #3280 ) ) ;
#3093 = ADVANCED_FACE ( 'NONE', ( #1860 ), #1651, .F. ) ;
#3094 = CARTESIAN_POINT ( 'NONE',  ( -22.50000000000018119, -38.97114317029962649, 0.7500000000000000000 ) ) ;
#3095 = AXIS2_PLACEMENT_3D ( 'NONE', #2769, #751, #189 ) ;
#3096 = FACE_OUTER_BOUND ( 'NONE', #1377, .T. ) ;
#3097 = VECTOR ( 'NONE', #2543, 1000.000000000000000 ) ;
#3098 = DIRECTION ( 'NONE',  ( -6.047701302750016252E-15, -3.491641975121097361E-15, -1.000000000000000000 ) ) ;
#3099 = ADVANCED_FACE ( 'NONE', ( #3598 ), #1378, .F. ) ;
#3100 = DIRECTION ( 'NONE',  ( 0.000000000000000000, 0.000000000000000000, 1.000000000000000000 ) ) ;
#3101 = ORIENTED_EDGE ( 'NONE', *, *, #1781, .F. ) ;
#3102 = VECTOR ( 'NONE', #1374, 1000.000000000000000 ) ;
#3103 = ORIENTED_EDGE ( 'NONE', *, *, #3001, .F. ) ;
#3104 = PLANE ( 'NONE',  #3571 ) ;
#3105 = DIRECTION ( 'NONE',  ( -0.000000000000000000, -6.982962677686266711E-15, 1.000000000000000000 ) ) ;
#3106 = PLANE ( 'NONE',  #764 ) ;
#3107 = ORIENTED_EDGE ( 'NONE', *, *, #3298, .T. ) ;
#3108 = LINE ( 'NONE', #2261, #2042 ) ;
#3109 = VERTEX_POINT ( 'NONE', #1053 ) ;
#3110 = FACE_OUTER_BOUND ( 'NONE', #210, .T. ) ;
#3111 = ORIENTED_EDGE ( 'NONE', *, *, #496, .T. ) ;
#3112 = EDGE_CURVE ( 'NONE', #1230, #1620, #2156, .T. ) ;
#3113 = DIRECTION ( 'NONE',  ( 0.000000000000000000, -6.982962677686266711E-15, 1.000000000000000000 ) ) ;
#3114 = ORIENTED_EDGE ( 'NONE', *, *, #224, .T. ) ;
#3115 = CYLINDRICAL_SURFACE ( 'NONE', #3495, 1.500000000000004885 ) ;
#3116 = EDGE_CURVE ( 'NONE', #2037, #2352, #2523, .T. ) ;
#3117 = FACE_OUTER_BOUND ( 'NONE', #1735, .T. ) ;
#3118 = DIRECTION ( 'NONE',  ( 0.000000000000000000, 1.000000000000000000, 0.000000000000000000 ) ) ;
#3119 = DIRECTION ( 'NONE',  ( -0.5000000000000039968, -0.8660254037844363761, 0.000000000000000000 ) ) ;
#3120 = ORIENTED_EDGE ( 'NONE', *, *, #3188, .F. ) ;
#3121 = ORIENTED_EDGE ( 'NONE', *, *, #960, .T. ) ;
#3122 = CARTESIAN_POINT ( 'NONE',  ( 0.000000000000000000, 5.237222008264700033E-15, -0.7500000000000000000 ) ) ;
#3123 = CARTESIAN_POINT ( 'NONE',  ( -19.42499999999969162, 33.64508693702562425, 0.4500000000000000666 ) ) ;
#3124 = LINE ( 'NONE', #275, #419 ) ;
#3125 = EDGE_LOOP ( 'NONE', ( #990, #1597, #3600, #2589 ) ) ;
#3126 = CARTESIAN_POINT ( 'NONE',  ( -33.00000000000000000, 28.86854811567260981, -0.7499999999997984945 ) ) ;
#3127 = EDGE_LOOP ( 'NONE', ( #1859, #2573, #1232, #2063 ) ) ;
#3128 = DIRECTION ( 'NONE',  ( -0.000000000000000000, 6.982962677686266711E-15, -1.000000000000000000 ) ) ;
#3129 = EDGE_LOOP ( 'NONE', ( #44, #3646, #2016, #1453 ) ) ;
#3130 = DIRECTION ( 'NONE',  ( -0.000000000000000000, -6.982962677686266711E-15, 1.000000000000000000 ) ) ;
#3131 = ORIENTED_EDGE ( 'NONE', *, *, #2362, .F. ) ;
#3132 = DIRECTION ( 'NONE',  ( -1.000000000000000000, 0.000000000000000000, -6.035392093502621365E-15 ) ) ;
#3133 = CARTESIAN_POINT ( 'NONE',  ( 5.000000000000000000, 14.49999999999999467, 0.7500000000001012523 ) ) ;
#3134 = DIRECTION ( 'NONE',  ( -5.551115123125780730E-16, -1.000000000000000000, 0.000000000000000000 ) ) ;
#3135 = EDGE_CURVE ( 'NONE', #2337, #847, #1580, .T. ) ;
#3136 = VERTEX_POINT ( 'NONE', #2723 ) ;
#3137 = FACE_BOUND ( 'NONE', #33, .T. ) ;
#3138 = AXIS2_PLACEMENT_3D ( 'NONE', #457, #190, #2427 ) ;
#3139 = CARTESIAN_POINT ( 'NONE',  ( -32.99999999999999289, -32.91000000000001791, 0.7499999999997701838 ) ) ;
#3140 = EDGE_CURVE ( 'NONE', #3453, #2369, #3284, .T. ) ;
#3141 = DIRECTION ( 'NONE',  ( 0.000000000000000000, -6.983283950242307528E-15, 1.000000000000000000 ) ) ;
#3142 = VERTEX_POINT ( 'NONE', #1024 ) ;
#3143 = AXIS2_PLACEMENT_3D ( 'NONE', #1234, #2919, #2381 ) ;
#3144 = CYLINDRICAL_SURFACE ( 'NONE', #788, 2.999999999999999112 ) ;
#3145 = ORIENTED_EDGE ( 'NONE', *, *, #606, .T. ) ;
#3146 = CARTESIAN_POINT ( 'NONE',  ( -5.000000000000000000, 14.49999999999999645, 0.4500000000000996536 ) ) ;
#3147 = EDGE_CURVE ( 'NONE', #1920, #2939, #3583, .T. ) ;
#3148 = EDGE_LOOP ( 'NONE', ( #2676, #1449, #1745, #1167 ) ) ;
#3149 = VECTOR ( 'NONE', #292, 1000.000000000000000 ) ;
#3150 = LINE ( 'NONE', #883, #2970 ) ;
#3151 = ORIENTED_EDGE ( 'NONE', *, *, #1457, .T. ) ;
#3152 = DIRECTION ( 'NONE',  ( 0.000000000000000000, -1.000000000000000000, -6.987080667128821429E-15 ) ) ;
#3153 = VECTOR ( 'NONE', #2984, 1000.000000000000000 ) ;
#3154 = CARTESIAN_POINT ( 'NONE',  ( -12.78193760082772279, -43.50000000000000711, 0.7499999999996962430 ) ) ;
#3155 = DIRECTION ( 'NONE',  ( -0.3742992652206614812, -0.9273079639770559490, -6.475356903173022732E-15 ) ) ;
#3156 = CARTESIAN_POINT ( 'NONE',  ( -23.00000000000000355, 15.50000000000000711, -0.7499999999998918643 ) ) ;
#3157 = ORIENTED_EDGE ( 'NONE', *, *, #1626, .F. ) ;
#3158 = VECTOR ( 'NONE', #1583, 999.9999999999998863 ) ;
#3159 = DIRECTION ( 'NONE',  ( 0.000000000000000000, -0.000000000000000000, -1.000000000000000000 ) ) ;
#3160 = CARTESIAN_POINT ( 'NONE',  ( -16.49999999999999645, 15.50000000000000355, 0.7510000000003037579 ) ) ;
#3161 = LINE ( 'NONE', #2839, #2622 ) ;
#3162 = EDGE_LOOP ( 'NONE', ( #1595, #1827, #3357, #900 ) ) ;
#3163 = CC_DESIGN_APPROVAL ( #1353, ( #3273 ) ) ;
#3164 = ADVANCED_FACE ( 'NONE', ( #605 ), #564, .F. ) ;
#3165 = CARTESIAN_POINT ( 'NONE',  ( -5.000000000000000000, 14.50000000000000533, -0.7500000000005071499 ) ) ;
#3166 = ORIENTED_EDGE ( 'NONE', *, *, #3434, .F. ) ;
#3167 = CARTESIAN_POINT ( 'NONE',  ( -18.25000000000014211, -29.01185102677862560, -0.7500000000000000000 ) ) ;
#3168 = AXIS2_PLACEMENT_3D ( 'NONE', #1710, #1137, #1673 ) ;
#3169 = ORIENTED_EDGE ( 'NONE', *, *, #497, .T. ) ;
#3170 = CARTESIAN_POINT ( 'NONE',  ( 3.464101615137768153, 1.999999999999964473, 0.4499999999999720890 ) ) ;
#3171 = VERTEX_POINT ( 'NONE', #2898 ) ;
#3172 = CARTESIAN_POINT ( 'NONE',  ( 17.00000000000000000, -17.27444493861360186, 0.7510000000003037579 ) ) ;
#3173 = LINE ( 'NONE', #2356, #3625 ) ;
#3174 = CARTESIAN_POINT ( 'NONE',  ( 4.000000000000000000, -35.50000000000000000, -0.7500000000008564260 ) ) ;
#3175 = ORIENTED_EDGE ( 'NONE', *, *, #2829, .T. ) ;
#3176 = CARTESIAN_POINT ( 'NONE',  ( 10.00000000000000355, -1.499999999999990896, 0.7499999999999895639 ) ) ;
#3177 = ORIENTED_EDGE ( 'NONE', *, *, #2846, .T. ) ;
#3178 = EDGE_CURVE ( 'NONE', #8, #1129, #2411, .T. ) ;
#3179 = CARTESIAN_POINT ( 'NONE',  ( -16.28193760082771746, -42.56217782649106596, -0.7500000000002972067 ) ) ;
#3180 = ORIENTED_EDGE ( 'NONE', *, *, #2102, .T. ) ;
#3181 = DIRECTION ( 'NONE',  ( 0.000000000000000000, 0.000000000000000000, -1.000000000000000000 ) ) ;
#3182 = ORIENTED_EDGE ( 'NONE', *, *, #1507, .T. ) ;
#3183 = EDGE_CURVE ( 'NONE', #2218, #817, #2755, .T. ) ;
#3184 = EDGE_CURVE ( 'NONE', #1004, #2393, #3108, .T. ) ;
#3185 = DIRECTION ( 'NONE',  ( -1.000000000000000000, 0.000000000000000000, 0.000000000000000000 ) ) ;
#3186 = ORIENTED_EDGE ( 'NONE', *, *, #2860, .T. ) ;
#3187 = CARTESIAN_POINT ( 'NONE',  ( 3.464101615137768153, 1.999999999999964473, 0.4499999999999720890 ) ) ;
#3188 = EDGE_CURVE ( 'NONE', #3345, #276, #3043, .T. ) ;
#3189 = CYLINDRICAL_SURFACE ( 'NONE', #1264, 2.999999999999999112 ) ;
#3190 = DIRECTION ( 'NONE',  ( 0.000000000000000000, -1.000000000000000000, -6.987080667128821429E-15 ) ) ;
#3191 = VERTEX_POINT ( 'NONE', #1693 ) ;
#3192 = DIRECTION ( 'NONE',  ( 0.000000000000000000, 0.000000000000000000, -1.000000000000000000 ) ) ;
#3193 = ORIENTED_EDGE ( 'NONE', *, *, #3112, .T. ) ;
#3194 = AXIS2_PLACEMENT_3D ( 'NONE', #1043, #3306, #1622 ) ;
#3195 = CARTESIAN_POINT ( 'NONE',  ( 44.99999999999998579, -10.29013772833546447, 0.7499999999999281686 ) ) ;
#3196 = ADVANCED_FACE ( 'NONE', ( #2012 ), #2841, .F. ) ;
#3197 = LINE ( 'NONE', #660, #480 ) ;
#3198 = DIRECTION ( 'NONE',  ( -0.000000000000000000, -6.982962677686266711E-15, 1.000000000000000000 ) ) ;
#3199 = ORIENTED_EDGE ( 'NONE', *, *, #1660, .T. ) ;
#3200 = VECTOR ( 'NONE', #1403, 1000.000000000000000 ) ;
#3201 = FACE_OUTER_BOUND ( 'NONE', #1876, .T. ) ;
#3202 = CIRCLE ( 'NONE', #1305, 1.150000000000003686 ) ;
#3203 = ORIENTED_EDGE ( 'NONE', *, *, #25, .F. ) ;
#3204 = CARTESIAN_POINT ( 'NONE',  ( 6.500000000000000000, 14.49999999999999645, 0.4500000000000996536 ) ) ;
#3205 = CARTESIAN_POINT ( 'NONE',  ( -22.50000000000018119, -38.97114317029962649, 0.4500000000000000666 ) ) ;
#3206 = EDGE_CURVE ( 'NONE', #1472, #3659, #188, .T. ) ;
#3207 = DIRECTION ( 'NONE',  ( -0.000000000000000000, 6.982962677686266711E-15, -1.000000000000000000 ) ) ;
#3208 = CIRCLE ( 'NONE', #2515, 2.999999999999999112 ) ;
#3209 = CIRCLE ( 'NONE', #2394, 8.000000000000000000 ) ;
#3210 = VECTOR ( 'NONE', #679, 999.9999999999998863 ) ;
#3211 = ADVANCED_FACE ( 'NONE', ( #2240 ), #3144, .F. ) ;
#3212 = PERSON_AND_ORGANIZATION_ROLE ( 'creator' ) ;
#3213 = FACE_OUTER_BOUND ( 'NONE', #2874, .T. ) ;
#3214 = ORIENTED_EDGE ( 'NONE', *, *, #2704, .T. ) ;
#3215 = CYLINDRICAL_SURFACE ( 'NONE', #626, 1.499999999999999556 ) ;
#3216 = VECTOR ( 'NONE', #2014, 1000.000000000000000 ) ;
#3217 = FACE_OUTER_BOUND ( 'NONE', #3223, .T. ) ;
#3218 = LINE ( 'NONE', #1512, #1784 ) ;
#3219 = ORIENTED_EDGE ( 'NONE', *, *, #611, .F. ) ;
#3220 =( GEOMETRIC_REPRESENTATION_CONTEXT ( 3 ) GLOBAL_UNCERTAINTY_ASSIGNED_CONTEXT ( ( #2727 ) ) GLOBAL_UNIT_ASSIGNED_CONTEXT ( ( #1392, #2008, #1450 ) ) REPRESENTATION_CONTEXT ( 'NONE', 'WORKASPACE' ) );
#3221 = EDGE_CURVE ( 'NONE', #2218, #2420, #3359, .T. ) ;
#3222 = DIRECTION ( 'NONE',  ( -1.000000000000000000, 0.000000000000000000, 0.000000000000000000 ) ) ;
#3223 = EDGE_LOOP ( 'NONE', ( #3670, #2252, #3432, #3283 ) ) ;
#3224 = CARTESIAN_POINT ( 'NONE',  ( 18.36197149921865446, 19.94746451117871544, -0.7500000000000000000 ) ) ;
#3225 = VERTEX_POINT ( 'NONE', #2560 ) ;
#3226 = EDGE_CURVE ( 'NONE', #406, #2420, #2355, .T. ) ;
#3227 = CARTESIAN_POINT ( 'NONE',  ( 31.49999999999998579, 4.000000000000000000, 0.7500000000000279776 ) ) ;
#3228 = CARTESIAN_POINT ( 'NONE',  ( -33.00000000000000000, 9.004133183226824941E-16, -0.7500000000000000000 ) ) ;
#3229 = EDGE_CURVE ( 'NONE', #681, #3035, #842, .T. ) ;
#3230 = DATE_AND_TIME ( #965, #489 ) ;
#3231 = CARTESIAN_POINT ( 'NONE',  ( 26.60734980360364688, 5.242769031386876606E-15, 0.7500000000000000000 ) ) ;
#3232 = ORIENTED_EDGE ( 'NONE', *, *, #725, .F. ) ;
#3233 = FACE_OUTER_BOUND ( 'NONE', #505, .T. ) ;
#3234 = FACE_OUTER_BOUND ( 'NONE', #2546, .T. ) ;
#3235 = CARTESIAN_POINT ( 'NONE',  ( -16.50000000000000000, -18.50000000000000000, -0.7500000000000000000 ) ) ;
#3236 = ORIENTED_EDGE ( 'NONE', *, *, #3416, .T. ) ;
#3237 = CARTESIAN_POINT ( 'NONE',  ( -13.58493649053903063, -28.52980021920974707, 0.7500000000000174305 ) ) ;
#3238 = EDGE_LOOP ( 'NONE', ( #1038, #643, #2068, #2828 ) ) ;
#3239 = DIRECTION ( 'NONE',  ( 0.000000000000000000, 1.000000000000000000, 0.000000000000000000 ) ) ;
#3240 = ORIENTED_EDGE ( 'NONE', *, *, #2226, .T. ) ;
#3241 = CARTESIAN_POINT ( 'NONE',  ( 30.29807120758571415, -13.86571794206259334, 0.7499999999999031886 ) ) ;
#3242 = EDGE_CURVE ( 'NONE', #3109, #575, #863, .T. ) ;
#3243 = DIRECTION ( 'NONE',  ( 0.000000000000000000, -6.982962677686266711E-15, 1.000000000000000000 ) ) ;
#3244 = EDGE_CURVE ( 'NONE', #775, #3342, #1676, .T. ) ;
#3245 = CARTESIAN_POINT ( 'NONE',  ( -12.78193760082772101, -36.49999999999999289, -0.7500000000002549072 ) ) ;
#3246 = ORIENTED_EDGE ( 'NONE', *, *, #2425, .T. ) ;
#3247 = DIRECTION ( 'NONE',  ( -0.000000000000000000, 6.982962677686266711E-15, -1.000000000000000000 ) ) ;
#3248 = DIRECTION ( 'NONE',  ( 0.000000000000000000, -1.000000000000000000, -6.987080667128821429E-15 ) ) ;
#3249 = CARTESIAN_POINT ( 'NONE',  ( 10.00000000000000355, -1.499999999999990896, -0.7500000000000000000 ) ) ;
#3250 = ORIENTED_EDGE ( 'NONE', *, *, #1867, .F. ) ;
#3251 = AXIS2_PLACEMENT_3D ( 'NONE', #2590, #827, #1661 ) ;
#3252 = CARTESIAN_POINT ( 'NONE',  ( 36.01577397041586437, 21.57358993794218094, -0.7499999999998494538 ) ) ;
#3253 = ADVANCED_FACE ( 'NONE', ( #3084 ), #1434, .F. ) ;
#3254 = VERTEX_POINT ( 'NONE', #28 ) ;
#3255 = LINE ( 'NONE', #1846, #1832 ) ;
#3256 = VECTOR ( 'NONE', #3554, 1000.000000000000000 ) ;
#3257 = EDGE_LOOP ( 'NONE', ( #2286, #3536, #1918, #1930, #1276, #3420, #2518, #3657 ) ) ;
#3258 = CARTESIAN_POINT ( 'NONE',  ( -25.96410161513792403, -36.97114317029961228, 0.4499999999999720890 ) ) ;
#3259 = DIRECTION ( 'NONE',  ( 0.000000000000000000, -1.000000000000000000, -6.975033976323393189E-15 ) ) ;
#3260 = CIRCLE ( 'NONE', #831, 1.500000000000001332 ) ;
#3261 = AXIS2_PLACEMENT_3D ( 'NONE', #1354, #2481, #3028 ) ;
#3262 = AXIS2_PLACEMENT_3D ( 'NONE', #3480, #3192, #945 ) ;
#3263 = CARTESIAN_POINT ( 'NONE',  ( -13.49999999999999645, -15.49999999999999822, 0.7499999999998707700 ) ) ;
#3264 = ORIENTED_EDGE ( 'NONE', *, *, #1954, .T. ) ;
#3265 = AXIS2_PLACEMENT_3D ( 'NONE', #2833, #3155, #1963 ) ;
#3266 = FACE_BOUND ( 'NONE', #3257, .T. ) ;
#3267 = DIRECTION ( 'NONE',  ( -0.000000000000000000, -6.982962677686266711E-15, 1.000000000000000000 ) ) ;
#3268 = CARTESIAN_POINT ( 'NONE',  ( 37.99999999999998579, 10.28248894235993127, -0.7499999999999282796 ) ) ;
#3269 = ORIENTED_EDGE ( 'NONE', *, *, #1329, .F. ) ;
#3270 = VECTOR ( 'NONE', #2115, 1000.000000000000000 ) ;
#3271 = CARTESIAN_POINT ( 'NONE',  ( 33.50000000000000000, 5.237222008264700033E-15, 0.7510000000003037579 ) ) ;
#3272 = EDGE_LOOP ( 'NONE', ( #585, #136, #423, #2999 ) ) ;
#3273 = SECURITY_CLASSIFICATION ( '', '', #409 ) ;
#3274 = ORIENTED_EDGE ( 'NONE', *, *, #1507, .F. ) ;
#3275 = VECTOR ( 'NONE', #584, 1000.000000000000000 ) ;
#3276 = CARTESIAN_POINT ( 'NONE',  ( -17.91506350946121273, -26.02980021920972931, 0.4499999999999825806 ) ) ;
#3277 = DIRECTION ( 'NONE',  ( -0.6819983600625005860, 0.7313537016191685725, 5.107015602594352013E-15 ) ) ;
#3278 = VECTOR ( 'NONE', #3316, 1000.000000000000000 ) ;
#3279 = DIRECTION ( 'NONE',  ( 0.7064241951870718905, -0.7077887089056293934, -4.942462137975759112E-15 ) ) ;
#3280 = ORIENTED_EDGE ( 'NONE', *, *, #3482, .F. ) ;
#3281 = CARTESIAN_POINT ( 'NONE',  ( -33.00000000000000000, -9.574030698206717769E-15, 0.7500000000000000000 ) ) ;
#3282 = DIRECTION ( 'NONE',  ( -0.000000000000000000, 6.982962677686266711E-15, -1.000000000000000000 ) ) ;
#3283 = ORIENTED_EDGE ( 'NONE', *, *, #3038, .F. ) ;
#3284 = LINE ( 'NONE', #1306, #1913 ) ;
#3285 = ORIENTED_EDGE ( 'NONE', *, *, #2605, .F. ) ;
#3286 = CARTESIAN_POINT ( 'NONE',  ( 37.99999999999998579, 10.28248894235992061, 0.7500000000000718314 ) ) ;
#3287 = ORIENTED_EDGE ( 'NONE', *, *, #338, .F. ) ;
#3288 = FACE_OUTER_BOUND ( 'NONE', #2162, .T. ) ;
#3289 = EDGE_CURVE ( 'NONE', #841, #1632, #1473, .T. ) ;
#3290 = DIRECTION ( 'NONE',  ( 0.000000000000000000, -6.982962677686266711E-15, 1.000000000000000000 ) ) ;
#3291 = CARTESIAN_POINT ( 'NONE',  ( 41.15000000000000568, -1.149999999999994804, 0.4499999999999920175 ) ) ;
#3292 = EDGE_CURVE ( 'NONE', #946, #1304, #3449, .T. ) ;
#3293 = DIRECTION ( 'NONE',  ( 1.000000000000000000, 0.000000000000000000, 0.000000000000000000 ) ) ;
#3294 = EDGE_LOOP ( 'NONE', ( #3120, #2866, #1993, #2112 ) ) ;
#3295 = CARTESIAN_POINT ( 'NONE',  ( -18.27499999999969305, 33.64508693702562425, -0.7500000000000000000 ) ) ;
#3296 = FACE_OUTER_BOUND ( 'NONE', #1834, .T. ) ;
#3297 = ORIENTED_EDGE ( 'NONE', *, *, #150, .T. ) ;
#3298 = EDGE_CURVE ( 'NONE', #1129, #3409, #2617, .T. ) ;
#3299 = CARTESIAN_POINT ( 'NONE',  ( -14.65758194784559620, 43.49999999999998579, 0.7500000000003037570 ) ) ;
#3300 = ORIENTED_EDGE ( 'NONE', *, *, #496, .F. ) ;
#3301 = CARTESIAN_POINT ( 'NONE',  ( 5.000000000000000000, 14.49999999999999645, 0.4500000000000996536 ) ) ;
#3302 = EDGE_LOOP ( 'NONE', ( #2610, #1551, #1054, #968 ) ) ;
#3303 = EDGE_CURVE ( 'NONE', #2606, #662, #543, .T. ) ;
#3304 = CARTESIAN_POINT ( 'NONE',  ( -17.91506350946084680, 26.02980021920997089, 0.4500000000000174971 ) ) ;
#3305 = AXIS2_PLACEMENT_3D ( 'NONE', #1740, #1479, #2889 ) ;
#3306 = DIRECTION ( 'NONE',  ( -0.000000000000000000, -6.982962677686266711E-15, 1.000000000000000000 ) ) ;
#3307 = AXIS2_PLACEMENT_3D ( 'NONE', #2662, #115, #3222 ) ;
#3308 = VECTOR ( 'NONE', #1623, 1000.000000000000000 ) ;
#3309 = ADVANCED_FACE ( 'NONE', ( #2121 ), #1229, .F. ) ;
#3310 = DIRECTION ( 'NONE',  ( -0.4999999999999919509, 0.8660254037844432595, -0.000000000000000000 ) ) ;
#3311 = AXIS2_PLACEMENT_3D ( 'NONE', #1388, #288, #2517 ) ;
#3312 = CARTESIAN_POINT ( 'NONE',  ( -12.78193760082773167, 36.49999999999998579, 0.7500000000002549072 ) ) ;
#3313 = EDGE_LOOP ( 'NONE', ( #3203, #3264, #2035, #57 ) ) ;
#3314 = EDGE_CURVE ( 'NONE', #2037, #2893, #1493, .T. ) ;
#3315 = VECTOR ( 'NONE', #2160, 1000.000000000000000 ) ;
#3316 = DIRECTION ( 'NONE',  ( -0.000000000000000000, -6.982962677686266711E-15, 1.000000000000000000 ) ) ;
#3317 = CARTESIAN_POINT ( 'NONE',  ( -16.74999999999973355, 29.01185102677884942, 0.4500000000000000666 ) ) ;
#3318 = FACE_OUTER_BOUND ( 'NONE', #548, .T. ) ;
#3319 = CIRCLE ( 'NONE', #1127, 1.499999999999999112 ) ;
#3320 = EDGE_LOOP ( 'NONE', ( #1204, #1438 ) ) ;
#3321 = CIRCLE ( 'NONE', #2144, 2.999999999999999112 ) ;
#3322 = DIRECTION ( 'NONE',  ( 0.000000000000000000, 0.000000000000000000, -1.000000000000000000 ) ) ;
#3323 = AXIS2_PLACEMENT_3D ( 'NONE', #1446, #573, #2593 ) ;
#3324 = ORIENTED_EDGE ( 'NONE', *, *, #578, .T. ) ;
#3325 = CARTESIAN_POINT ( 'NONE',  ( -26.00000000000000355, 18.50000000000000711, 0.7510000000003037579 ) ) ;
#3326 = ORIENTED_EDGE ( 'NONE', *, *, #205, .F. ) ;
#3327 = VECTOR ( 'NONE', #1568, 1000.000000000000000 ) ;
#3328 = FACE_OUTER_BOUND ( 'NONE', #1138, .T. ) ;
#3329 = EDGE_LOOP ( 'NONE', ( #3269, #2137, #2830, #3166 ) ) ;
#3330 = CARTESIAN_POINT ( 'NONE',  ( 0.9959292143521063512, -0.5750000000000073941, 0.7510000000003037579 ) ) ;
#3331 = CIRCLE ( 'NONE', #2154, 5.000000000000000000 ) ;
#3332 = DIRECTION ( 'NONE',  ( 0.000000000000000000, 1.000000000000000000, 6.983283950242307528E-15 ) ) ;
#3333 = CARTESIAN_POINT ( 'NONE',  ( -20.57499999999967599, 35.63694536572984362, 0.7510000000003037579 ) ) ;
#3334 = CARTESIAN_POINT ( 'NONE',  ( -0.7775819478455965328, 43.50000000000000711, -0.7499999999996962430 ) ) ;
#3335 = EDGE_CURVE ( 'NONE', #3470, #2364, #1080, .T. ) ;
#3336 = VERTEX_POINT ( 'NONE', #3515 ) ;
#3337 = FACE_BOUND ( 'NONE', #1432, .T. ) ;
#3338 = CARTESIAN_POINT ( 'NONE',  ( 15.55666466444725415, 38.45884293753861272, -0.7499999999997314371 ) ) ;
#3339 = CARTESIAN_POINT ( 'NONE',  ( -12.83493649053902530, -27.23076211353309617, 0.4500000000000174971 ) ) ;
#3340 = VERTEX_POINT ( 'NONE', #970 ) ;
#3341 = CARTESIAN_POINT ( 'NONE',  ( -33.00000000000000000, -28.86854811567262402, 0.7499999999997984945 ) ) ;
#3342 = VERTEX_POINT ( 'NONE', #3179 ) ;
#3343 = LINE ( 'NONE', #2486, #2695 ) ;
#3344 = EDGE_CURVE ( 'NONE', #735, #1324, #318, .T. ) ;
#3345 = VERTEX_POINT ( 'NONE', #707 ) ;
#3346 = DIRECTION ( 'NONE',  ( -0.000000000000000000, -6.982962677686266711E-15, 1.000000000000000000 ) ) ;
#3347 = ORIENTED_EDGE ( 'NONE', *, *, #381, .T. ) ;
#3348 = DIRECTION ( 'NONE',  ( 0.8660254037844363761, -0.5000000000000039968, 6.983283950242306739E-15 ) ) ;
#3349 = CARTESIAN_POINT ( 'NONE',  ( -5.000000000000000000, 14.49999999999999467, 0.7500000000001012523 ) ) ;
#3350 = CYLINDRICAL_SURFACE ( 'NONE', #2147, 2.249999999999995115 ) ;
#3351 = CARTESIAN_POINT ( 'NONE',  ( 9.052418052154427741, -43.50000000000001421, 0.7499999999996962430 ) ) ;
#3352 = VERTEX_POINT ( 'NONE', #1270 ) ;
#3353 = ORIENTED_EDGE ( 'NONE', *, *, #2380, .T. ) ;
#3354 = PERSON_AND_ORGANIZATION_ROLE ( 'design_owner' ) ;
#3355 = DIRECTION ( 'NONE',  ( 0.000000000000000000, -6.982962677686266711E-15, 1.000000000000000000 ) ) ;
#3356 = CARTESIAN_POINT ( 'NONE',  ( 38.85000000000000142, 1.150000000000005240, -0.7500000000000000000 ) ) ;
#3357 = ORIENTED_EDGE ( 'NONE', *, *, #375, .F. ) ;
#3358 = ADVANCED_FACE ( 'NONE', ( #2376 ), #2107, .F. ) ;
#3359 = LINE ( 'NONE', #1994, #732 ) ;
#3360 = ORIENTED_EDGE ( 'NONE', *, *, #1545, .F. ) ;
#3361 = DIRECTION ( 'NONE',  ( 0.000000000000000000, 0.000000000000000000, 1.000000000000000000 ) ) ;
#3362 = ORIENTED_EDGE ( 'NONE', *, *, #2787, .T. ) ;
#3363 = CARTESIAN_POINT ( 'NONE',  ( -13.49999999999999822, 15.50000000000000355, -0.7499999999998707700 ) ) ;
#3364 = VERTEX_POINT ( 'NONE', #932 ) ;
#3365 = CARTESIAN_POINT ( 'NONE',  ( -23.00000000000000355, 18.50000000000000711, -0.7500000000000000000 ) ) ;
#3366 = AXIS2_PLACEMENT_3D ( 'NONE', #2648, #1759, #2607 ) ;
#3367 = DIRECTION ( 'NONE',  ( 0.000000000000000000, -1.000000000000000000, -6.975033976323413699E-15 ) ) ;
#3368 = CARTESIAN_POINT ( 'NONE',  ( 0.000000000000000000, -1.149999999999994804, 0.7510000000003037579 ) ) ;
#3369 = VECTOR ( 'NONE', #2711, 1000.000000000000227 ) ;
#3370 = DIRECTION ( 'NONE',  ( 0.000000000000000000, -6.982962677686266711E-15, 1.000000000000000000 ) ) ;
#3371 = ORIENTED_EDGE ( 'NONE', *, *, #770, .T. ) ;
#3372 = CIRCLE ( 'NONE', #2260, 1.500000000000001332 ) ;
#3373 = ORIENTED_EDGE ( 'NONE', *, *, #1835, .T. ) ;
#3374 = CC_DESIGN_PERSON_AND_ORGANIZATION_ASSIGNMENT ( #688, #2414, ( #2582 ) ) ;
#3375 = DIRECTION ( 'NONE',  ( -0.000000000000000000, 6.982962677686266711E-15, -1.000000000000000000 ) ) ;
#3376 = CARTESIAN_POINT ( 'NONE',  ( 38.85000000000000142, 5.237222008264700033E-15, 0.4500000000000000666 ) ) ;
#3377 = ORIENTED_EDGE ( 'NONE', *, *, #1188, .F. ) ;
#3378 = EDGE_CURVE ( 'NONE', #294, #2218, #3496, .T. ) ;
#3379 = AXIS2_PLACEMENT_3D ( 'NONE', #995, #2183, #429 ) ;
#3380 = VECTOR ( 'NONE', #661, 1000.000000000000000 ) ;
#3381 = DIRECTION ( 'NONE',  ( 0.000000000000000000, -1.000000000000000000, -6.982261990806646977E-15 ) ) ;
#3382 = ORIENTED_EDGE ( 'NONE', *, *, #3135, .F. ) ;
#3383 = CARTESIAN_POINT ( 'NONE',  ( -12.83493649053902530, -27.23076211353309617, 0.4500000000000174971 ) ) ;
#3384 = CIRCLE ( 'NONE', #2034, 5.000000000000000000 ) ;
#3385 = CIRCLE ( 'NONE', #1491, 6.999999999999999112 ) ;
#3386 = VERTEX_POINT ( 'NONE', #948 ) ;
#3387 = EDGE_CURVE ( 'NONE', #2148, #691, #2064, .T. ) ;
#3388 = DIRECTION ( 'NONE',  ( 0.000000000000000000, -1.000000000000000000, -6.987080667128815906E-15 ) ) ;
#3389 = AXIS2_PLACEMENT_3D ( 'NONE', #370, #1207, #2332 ) ;
#3390 = ORIENTED_EDGE ( 'NONE', *, *, #687, .T. ) ;
#3391 = FACE_OUTER_BOUND ( 'NONE', #609, .T. ) ;
#3392 = CIRCLE ( 'NONE', #3396, 2.249999999999996891 ) ;
#3393 = EDGE_CURVE ( 'NONE', #344, #748, #2395, .T. ) ;
#3394 = VECTOR ( 'NONE', #3538, 1000.000000000000000 ) ;
#3395 = DIRECTION ( 'NONE',  ( -0.000000000000000000, -0.000000000000000000, 1.000000000000000000 ) ) ;
#3396 = AXIS2_PLACEMENT_3D ( 'NONE', #3301, #3570, #520 ) ;
#3397 = DIRECTION ( 'NONE',  ( 0.000000000000000000, 0.000000000000000000, -1.000000000000000000 ) ) ;
#3398 = CARTESIAN_POINT ( 'NONE',  ( 4.000000000000000000, -34.00000000000000711, 0.4499999999997609246 ) ) ;
#3399 = ORIENTED_EDGE ( 'NONE', *, *, #3599, .T. ) ;
#3400 = ORIENTED_EDGE ( 'NONE', *, *, #809, .F. ) ;
#3401 = FACE_BOUND ( 'NONE', #3635, .T. ) ;
#3402 = CARTESIAN_POINT ( 'NONE',  ( -26.00000000000000355, 18.50000000000000711, 0.7500000000001292300 ) ) ;
#3403 = FACE_OUTER_BOUND ( 'NONE', #3002, .T. ) ;
#3404 = ORIENTED_EDGE ( 'NONE', *, *, #213, .T. ) ;
#3405 = DIRECTION ( 'NONE',  ( 0.000000000000000000, 0.000000000000000000, -1.000000000000000000 ) ) ;
#3406 = EDGE_CURVE ( 'NONE', #325, #3136, #2344, .T. ) ;
#3407 = ORIENTED_EDGE ( 'NONE', *, *, #2553, .T. ) ;
#3408 = DIRECTION ( 'NONE',  ( 0.000000000000000000, 6.982962677686266711E-15, -1.000000000000000000 ) ) ;
#3409 = VERTEX_POINT ( 'NONE', #1523 ) ;
#3410 = CARTESIAN_POINT ( 'NONE',  ( -14.99999999999974776, 25.98076211353329157, 0.4500000000000000666 ) ) ;
#3411 = EDGE_CURVE ( 'NONE', #681, #432, #1196, .T. ) ;
#3412 = ADVANCED_FACE ( 'NONE', ( #2085 ), #3215, .F. ) ;
#3413 = ORIENTED_EDGE ( 'NONE', *, *, #718, .F. ) ;
#3414 = LINE ( 'NONE', #1402, #465 ) ;
#3415 = DIRECTION ( 'NONE',  ( 0.8660254037844424824, 0.4999999999999932832, -6.975033976323408966E-15 ) ) ;
#3416 = EDGE_CURVE ( 'NONE', #2717, #1176, #642, .T. ) ;
#3417 = DIRECTION ( 'NONE',  ( 0.000000000000000000, 0.000000000000000000, -1.000000000000000000 ) ) ;
#3418 = CARTESIAN_POINT ( 'NONE',  ( 29.99999999999998934, 2.500000000000000000, 0.7500000000000174305 ) ) ;
#3419 = VERTEX_POINT ( 'NONE', #1768 ) ;
#3420 = ORIENTED_EDGE ( 'NONE', *, *, #571, .T. ) ;
#3421 = EDGE_CURVE ( 'NONE', #2580, #748, #397, .T. ) ;
#3422 = FACE_OUTER_BOUND ( 'NONE', #68, .T. ) ;
#3423 = LINE ( 'NONE', #2597, #424 ) ;
#3424 = FACE_BOUND ( 'NONE', #2991, .T. ) ;
#3425 = VERTEX_POINT ( 'NONE', #1248 ) ;
#3426 = CARTESIAN_POINT ( 'NONE',  ( 3.464101615137748169, -2.000000000000018208, 0.4500000000000279887 ) ) ;
#3427 = ORIENTED_EDGE ( 'NONE', *, *, #2139, .T. ) ;
#3428 = CARTESIAN_POINT ( 'NONE',  ( -5.000000000000000000, 16.74999999999998934, 0.7500000000001170175 ) ) ;
#3429 = EDGE_LOOP ( 'NONE', ( #1073, #1630, #1158, #3013 ) ) ;
#3430 = ADVANCED_FACE ( 'NONE', ( #3233 ), #1818, .F. ) ;
#3431 = DIRECTION ( 'NONE',  ( -0.8660254037844433705, -0.4999999999999918954, 0.000000000000000000 ) ) ;
#3432 = ORIENTED_EDGE ( 'NONE', *, *, #3637, .F. ) ;
#3433 = CARTESIAN_POINT ( 'NONE',  ( 29.99999999999998934, -5.237462962681730252E-15, 0.4500000000000000666 ) ) ;
#3434 = EDGE_CURVE ( 'NONE', #1362, #765, #2050, .T. ) ;
#3435 = DIRECTION ( 'NONE',  ( -0.8660254037844432595, -0.4999999999999919509, 0.000000000000000000 ) ) ;
#3436 = CARTESIAN_POINT ( 'NONE',  ( 18.36197149921865446, 19.94746451117871544, -0.7500000000000000000 ) ) ;
#3437 = DIRECTION ( 'NONE',  ( 1.000000000000000000, 0.000000000000000000, 0.000000000000000000 ) ) ;
#3438 = VERTEX_POINT ( 'NONE', #798 ) ;
#3439 = ORIENTED_EDGE ( 'NONE', *, *, #1522, .T. ) ;
#3440 = EDGE_CURVE ( 'NONE', #3142, #1200, #161, .T. ) ;
#3441 = VECTOR ( 'NONE', #1400, 1000.000000000000000 ) ;
#3442 = PLANE ( 'NONE',  #2350 ) ;
#3443 = VECTOR ( 'NONE', #345, 1000.000000000000000 ) ;
#3444 = LINE ( 'NONE', #3402, #3149 ) ;
#3445 = CARTESIAN_POINT ( 'NONE',  ( 0.000000000000000000, -5.237462962681730252E-15, 0.4500000000000000666 ) ) ;
#3446 = ORIENTED_EDGE ( 'NONE', *, *, #1538, .F. ) ;
#3447 = EDGE_CURVE ( 'NONE', #1496, #1308, #1627, .T. ) ;
#3448 = AXIS2_PLACEMENT_3D ( 'NONE', #1946, #2128, #3082 ) ;
#3449 = LINE ( 'NONE', #901, #2464 ) ;
#3450 = ORIENTED_EDGE ( 'NONE', *, *, #1149, .F. ) ;
#3451 = CARTESIAN_POINT ( 'NONE',  ( -33.00000000000000711, 28.86854811567260981, -0.7499999999997984945 ) ) ;
#3452 = VECTOR ( 'NONE', #1987, 1000.000000000000000 ) ;
#3453 = VERTEX_POINT ( 'NONE', #1909 ) ;
#3454 = AXIS2_PLACEMENT_3D ( 'NONE', #1840, #1250, #2419 ) ;
#3455 = CARTESIAN_POINT ( 'NONE',  ( -13.58493649053903063, -28.52980021920974707, 0.4500000000000174971 ) ) ;
#3456 = VERTEX_POINT ( 'NONE', #2719 ) ;
#3457 = DIRECTION ( 'NONE',  ( 0.000000000000000000, 0.000000000000000000, 1.000000000000000000 ) ) ;
#3458 = AXIS2_PLACEMENT_3D ( 'NONE', #3333, #1249, #450 ) ;
#3459 = APPLICATION_CONTEXT ( 'configuration controlled 3d designs of mechanical parts and assemblies' ) ;
#3460 = DIRECTION ( 'NONE',  ( 0.000000000000000000, 6.982962677686266711E-15, -1.000000000000000000 ) ) ;
#3461 = EDGE_CURVE ( 'NONE', #1176, #2474, #1681, .T. ) ;
#3462 = CARTESIAN_POINT ( 'NONE',  ( -14.65758194784557311, -43.49999999999999289, -0.7500000000003037570 ) ) ;
#3463 = ORIENTED_EDGE ( 'NONE', *, *, #2639, .F. ) ;
#3464 = VERTEX_POINT ( 'NONE', #1927 ) ;
#3465 = AXIS2_PLACEMENT_3D ( 'NONE', #1039, #1380, #3034 ) ;
#3466 = EDGE_CURVE ( 'NONE', #95, #1688, #3575, .T. ) ;
#3467 = DIRECTION ( 'NONE',  ( 0.4534696433618433109, -0.8912717220630769210, 0.000000000000000000 ) ) ;
#3468 = ORIENTED_EDGE ( 'NONE', *, *, #3030, .F. ) ;
#3469 = CARTESIAN_POINT ( 'NONE',  ( -12.28589838486237440, -29.27980021920975418, 0.4500000000000279887 ) ) ;
#3470 = VERTEX_POINT ( 'NONE', #1870 ) ;
#3471 = CARTESIAN_POINT ( 'NONE',  ( -16.49999999999999645, -18.50000000000000000, -0.7500000000000000000 ) ) ;
#3472 = AXIS2_PLACEMENT_3D ( 'NONE', #3000, #183, #2197 ) ;
#3473 = VERTEX_POINT ( 'NONE', #2774 ) ;
#3474 = CARTESIAN_POINT ( 'NONE',  ( -19.42500000000015703, -33.64508693702535425, -0.7500000000000000000 ) ) ;
#3475 = ORIENTED_EDGE ( 'NONE', *, *, #2358, .F. ) ;
#3476 = CARTESIAN_POINT ( 'NONE',  ( -12.83493649053864694, 27.23076211353326670, 0.4499999999999825806 ) ) ;
#3477 = CARTESIAN_POINT ( 'NONE',  ( -5.000000000000000000, -27.99999999999998934, 0.7499999999998043787 ) ) ;
#3478 = CARTESIAN_POINT ( 'NONE',  ( -0.9959292143520974694, 0.5750000000000021760, -0.7500000000000000000 ) ) ;
#3479 = ORIENTED_EDGE ( 'NONE', *, *, #2901, .T. ) ;
#3480 = CARTESIAN_POINT ( 'NONE',  ( 41.15000000000000568, 5.237222008264700033E-15, -0.7500000000000000000 ) ) ;
#3481 = EDGE_LOOP ( 'NONE', ( #1659, #339, #2772, #3479, #699 ) ) ;
#3482 = EDGE_CURVE ( 'NONE', #402, #3425, #3564, .T. ) ;
#3483 = DIRECTION ( 'NONE',  ( 0.000000000000000000, -1.000000000000000000, -7.011174048739597444E-15 ) ) ;
#3484 = EDGE_LOOP ( 'NONE', ( #2557, #2792, #3497, #1981 ) ) ;
#3485 = LINE ( 'NONE', #2709, #69 ) ;
#3486 = ORIENTED_EDGE ( 'NONE', *, *, #2653, .T. ) ;
#3487 = CARTESIAN_POINT ( 'NONE',  ( -10.00000000000000000, -22.99999999999999289, -0.7500000000001956213 ) ) ;
#3488 = VERTEX_POINT ( 'NONE', #2159 ) ;
#3489 = FACE_OUTER_BOUND ( 'NONE', #3089, .T. ) ;
#3490 = CARTESIAN_POINT ( 'NONE',  ( -4.000000000000000000, -35.50000000000001421, 0.4499999999997504330 ) ) ;
#3491 = CARTESIAN_POINT ( 'NONE',  ( -4.000000000000000000, -34.00000000000000711, 0.7499999999997625233 ) ) ;
#3492 = APPROVAL_STATUS ( 'not_yet_approved' ) ;
#3493 = CARTESIAN_POINT ( 'NONE',  ( -13.49999999999999822, 15.50000000000000355, 0.7500000000001082467 ) ) ;
#3494 = ORIENTED_EDGE ( 'NONE', *, *, #1569, .F. ) ;
#3495 = AXIS2_PLACEMENT_3D ( 'NONE', #1938, #527, #1443 ) ;
#3496 = LINE ( 'NONE', #984, #2526 ) ;
#3497 = ORIENTED_EDGE ( 'NONE', *, *, #2466, .T. ) ;
#3498 = CARTESIAN_POINT ( 'NONE',  ( 28.93609970836706324, -11.19269836949749575, -0.7500000000000780487 ) ) ;
#3499 = CIRCLE ( 'NONE', #1884, 7.000000000000000000 ) ;
#3500 = EDGE_LOOP ( 'NONE', ( #1366, #1121, #1311, #484 ) ) ;
#3501 = VECTOR ( 'NONE', #3639, 1000.000000000000114 ) ;
#3502 = PLANE ( 'NONE',  #652 ) ;
#3503 = VERTEX_POINT ( 'NONE', #3295 ) ;
#3504 = EDGE_CURVE ( 'NONE', #2352, #1845, #3593, .T. ) ;
#3505 = CARTESIAN_POINT ( 'NONE',  ( 41.15000000000000568, -1.149999999999994804, -0.7500000000000000000 ) ) ;
#3506 = AXIS2_PLACEMENT_3D ( 'NONE', #3317, #1035, #2216 ) ;
#3507 = CARTESIAN_POINT ( 'NONE',  ( 44.99999999999998579, -3.999999999999999112, 0.4499999999999720890 ) ) ;
#3508 = DIRECTION ( 'NONE',  ( -6.424901762877064728E-17, -1.000000000000000000, 0.000000000000000000 ) ) ;
#3509 = AXIS2_PLACEMENT_3D ( 'NONE', #655, #2668, #1782 ) ;
#3510 = PERSON_AND_ORGANIZATION ( #1751, #1796 ) ;
#3511 = ADVANCED_FACE ( 'NONE', ( #1590 ), #2737, .F. ) ;
#3512 = FACE_BOUND ( 'NONE', #858, .T. ) ;
#3513 = ORIENTED_EDGE ( 'NONE', *, *, #2605, .T. ) ;
#3514 = AXIS2_PLACEMENT_3D ( 'NONE', #1222, #428, #1293 ) ;
#3515 = CARTESIAN_POINT ( 'NONE',  ( 18.36197149921865091, -19.94746451117870123, 0.7499999999998607780 ) ) ;
#3516 = DIRECTION ( 'NONE',  ( 1.000000000000000000, 0.000000000000000000, 0.000000000000000000 ) ) ;
#3517 = DIRECTION ( 'NONE',  ( 0.000000000000000000, 0.000000000000000000, -1.000000000000000000 ) ) ;
#3518 = VERTEX_POINT ( 'NONE', #3045 ) ;
#3519 = EDGE_CURVE ( 'NONE', #1989, #1417, #1610, .T. ) ;
#3520 = CARTESIAN_POINT ( 'NONE',  ( 31.49999999999998579, -3.999999999999998224, 0.7499999999999720224 ) ) ;
#3521 = ORIENTED_EDGE ( 'NONE', *, *, #1256, .T. ) ;
#3522 = AXIS2_PLACEMENT_3D ( 'NONE', #2484, #453, #2506 ) ;
#3523 = DIRECTION ( 'NONE',  ( -0.000000000000000000, -6.982962677686266711E-15, 1.000000000000000000 ) ) ;
#3524 = ORIENTED_EDGE ( 'NONE', *, *, #1579, .F. ) ;
#3525 = CARTESIAN_POINT ( 'NONE',  ( -18.25000000000014211, -29.01185102677862560, 0.7510000000003037579 ) ) ;
#3526 = DIRECTION ( 'NONE',  ( -1.000000000000000000, 6.424901762877064728E-17, -0.000000000000000000 ) ) ;
#3527 = LINE ( 'NONE', #3231, #1011 ) ;
#3528 = VERTEX_POINT ( 'NONE', #1887 ) ;
#3529 = DIRECTION ( 'NONE',  ( 0.000000000000000000, -1.000000000000000000, -6.975033976323409755E-15 ) ) ;
#3530 = LINE ( 'NONE', #2108, #2569 ) ;
#3531 = PLANE ( 'NONE',  #2196 ) ;
#3532 = ORIENTED_EDGE ( 'NONE', *, *, #736, .T. ) ;
#3533 = LINE ( 'NONE', #1824, #3369 ) ;
#3534 = ORIENTED_EDGE ( 'NONE', *, *, #1802, .T. ) ;
#3535 = DIRECTION ( 'NONE',  ( 0.000000000000000000, -1.000000000000000000, -7.011174048739588766E-15 ) ) ;
#3536 = ORIENTED_EDGE ( 'NONE', *, *, #3226, .T. ) ;
#3537 = EDGE_CURVE ( 'NONE', #1758, #1817, #3331, .T. ) ;
#3538 = DIRECTION ( 'NONE',  ( -1.000000000000000000, 5.551115123125780730E-16, 3.876322972432713169E-30 ) ) ;
#3539 = DIRECTION ( 'NONE',  ( -0.000000000000000000, 6.982962677686266711E-15, -1.000000000000000000 ) ) ;
#3540 = DIRECTION ( 'NONE',  ( -0.8660254037844363761, 0.5000000000000041078, 0.000000000000000000 ) ) ;
#3541 = ORIENTED_EDGE ( 'NONE', *, *, #2006, .T. ) ;
#3542 = DIRECTION ( 'NONE',  ( -0.000000000000000000, 0.000000000000000000, 1.000000000000000000 ) ) ;
#3543 = DIRECTION ( 'NONE',  ( -0.8910065241883660114, -0.4539904997395504127, -3.170198715705417127E-15 ) ) ;
#3544 = DIRECTION ( 'NONE',  ( 1.000000000000000000, 1.734723475976807094E-15, 0.000000000000000000 ) ) ;
#3545 = EDGE_CURVE ( 'NONE', #3425, #325, #196, .T. ) ;
#3546 = ORIENTED_EDGE ( 'NONE', *, *, #2006, .F. ) ;
#3547 = CIRCLE ( 'NONE', #2017, 2.999999999999999112 ) ;
#3548 = CARTESIAN_POINT ( 'NONE',  ( 5.000000000000000000, 14.49999999999999467, 0.7500000000001012523 ) ) ;
#3549 = AXIS2_PLACEMENT_3D ( 'NONE', #1177, #1757, #2903 ) ;
#3550 = VERTEX_POINT ( 'NONE', #514 ) ;
#3551 = ORIENTED_EDGE ( 'NONE', *, *, #1028, .F. ) ;
#3552 = AXIS2_PLACEMENT_3D ( 'NONE', #3491, #940, #1503 ) ;
#3553 = DIRECTION ( 'NONE',  ( 0.4999999999999918399, -0.8660254037844433705, 8.973382672516580840E-31 ) ) ;
#3554 = DIRECTION ( 'NONE',  ( 1.000000000000000000, -0.000000000000000000, 0.000000000000000000 ) ) ;
#3555 = VECTOR ( 'NONE', #143, 1000.000000000000000 ) ;
#3556 = AXIS2_PLACEMENT_3D ( 'NONE', #815, #2280, #1727 ) ;
#3557 = EDGE_CURVE ( 'NONE', #3109, #2166, #1337, .T. ) ;
#3558 = AXIS2_PLACEMENT_3D ( 'NONE', #3312, #1585, #774 ) ;
#3559 = DIRECTION ( 'NONE',  ( 0.000000000000000000, 0.000000000000000000, -1.000000000000000000 ) ) ;
#3560 = EDGE_LOOP ( 'NONE', ( #2986, #2844, #331, #2291 ) ) ;
#3561 = VECTOR ( 'NONE', #309, 1000.000000000000000 ) ;
#3562 = ADVANCED_FACE ( 'NONE', ( #2467 ), #2480, .T. ) ;
#3563 = AXIS2_PLACEMENT_3D ( 'NONE', #1424, #2925, #3132 ) ;
#3564 = LINE ( 'NONE', #2430, #1442 ) ;
#3565 = CARTESIAN_POINT ( 'NONE',  ( 10.00000000000000000, -22.99999999999998934, -0.7500000000000000000 ) ) ;
#3566 = ORIENTED_EDGE ( 'NONE', *, *, #1317, .F. ) ;
#3567 = VECTOR ( 'NONE', #1898, 1000.000000000000000 ) ;
#3568 = DIRECTION ( 'NONE',  ( 0.9273079639770559490, -0.3742992652206614812, -2.613717799321272952E-15 ) ) ;
#3569 = ORIENTED_EDGE ( 'NONE', *, *, #1336, .T. ) ;
#3570 = DIRECTION ( 'NONE',  ( -0.000000000000000000, -6.982962677686266711E-15, 1.000000000000000000 ) ) ;
#3571 = AXIS2_PLACEMENT_3D ( 'NONE', #3122, #2837, #622 ) ;
#3572 = ORIENTED_EDGE ( 'NONE', *, *, #600, .F. ) ;
#3573 = LINE ( 'NONE', #1657, #3567 ) ;
#3574 = CARTESIAN_POINT ( 'NONE',  ( -23.00000000000000355, 15.50000000000000711, 0.7500000000001082467 ) ) ;
#3575 = CIRCLE ( 'NONE', #1983, 1.500000000000003553 ) ;
#3576 = FACE_OUTER_BOUND ( 'NONE', #1947, .T. ) ;
#3577 = ORIENTED_EDGE ( 'NONE', *, *, #3292, .T. ) ;
#3578 = EDGE_CURVE ( 'NONE', #946, #2337, #675, .T. ) ;
#3579 = CARTESIAN_POINT ( 'NONE',  ( -4.999999999999999112, -1.499999999999989120, -0.7500000000000104361 ) ) ;
#3580 = CARTESIAN_POINT ( 'NONE',  ( 4.535775977062511991E-15, 2.618731481340823316E-15, 0.4500000000000000666 ) ) ;
#3581 = VERTEX_POINT ( 'NONE', #1047 ) ;
#3582 = ADVANCED_FACE ( 'NONE', ( #2215, #1034, #2192, #2140, #3337, #3061, #3266, #2996, #3137, #598, #1408, #2577, #3401, #1107 ), #3104, .F. ) ;
#3583 = LINE ( 'NONE', #1037, #2586 ) ;
#3584 = ORIENTED_EDGE ( 'NONE', *, *, #636, .T. ) ;
#3585 = CYLINDRICAL_SURFACE ( 'NONE', #843, 5.000000000000000000 ) ;
#3586 = ORIENTED_EDGE ( 'NONE', *, *, #2098, .F. ) ;
#3587 = DIRECTION ( 'NONE',  ( 0.000000000000000000, 0.000000000000000000, 1.000000000000000000 ) ) ;
#3588 = FACE_OUTER_BOUND ( 'NONE', #3429, .T. ) ;
#3589 = DIRECTION ( 'NONE',  ( -0.000000000000000000, 6.982962677686266711E-15, -1.000000000000000000 ) ) ;
#3590 = CARTESIAN_POINT ( 'NONE',  ( -19.42499999999969162, 33.64508693702562425, 0.4500000000000000666 ) ) ;
#3591 = ORIENTED_EDGE ( 'NONE', *, *, #219, .F. ) ;
#3592 = ORIENTED_EDGE ( 'NONE', *, *, #1282, .F. ) ;
#3593 = LINE ( 'NONE', #1322, #2751 ) ;
#3594 = ADVANCED_FACE ( 'NONE', ( #3422 ), #875, .T. ) ;
#3595 = DIRECTION ( 'NONE',  ( 1.000000000000000000, -1.982541115402065307E-15, 0.000000000000000000 ) ) ;
#3596 = DIRECTION ( 'NONE',  ( -1.101411730778925294E-16, -1.000000000000000000, -6.982962677686266711E-15 ) ) ;
#3597 = ORIENTED_EDGE ( 'NONE', *, *, #3421, .F. ) ;
#3598 = FACE_OUTER_BOUND ( 'NONE', #20, .T. ) ;
#3599 = EDGE_CURVE ( 'NONE', #3386, #759, #247, .T. ) ;
#3600 = ORIENTED_EDGE ( 'NONE', *, *, #1063, .F. ) ;
#3601 = CARTESIAN_POINT ( 'NONE',  ( -14.65758194784557311, -43.50000000000000711, 0.7499999999996962430 ) ) ;
#3602 = ORIENTED_EDGE ( 'NONE', *, *, #1943, .F. ) ;
#3603 = CARTESIAN_POINT ( 'NONE',  ( -5.000000000000000000, 14.49999999999999467, 0.7500000000001012523 ) ) ;
#3604 = AXIS2_PLACEMENT_3D ( 'NONE', #3574, #3539, #2132 ) ;
#3605 = ORIENTED_EDGE ( 'NONE', *, *, #1228, .T. ) ;
#3606 = CARTESIAN_POINT ( 'NONE',  ( -26.00000000000000355, 15.50000000000000711, 0.7500000000001083578 ) ) ;
#3607 = CIRCLE ( 'NONE', #1357, 2.249999999999996891 ) ;
#3608 = AXIS2_PLACEMENT_3D ( 'NONE', #1929, #2700, #1277 ) ;
#3609 = DIRECTION ( 'NONE',  ( -0.5000000000000041078, -0.8660254037844363761, 0.000000000000000000 ) ) ;
#3610 = DIRECTION ( 'NONE',  ( 0.000000000000000000, -6.982962677686266711E-15, 1.000000000000000000 ) ) ;
#3611 = CIRCLE ( 'NONE', #3552, 2.249999999999995115 ) ;
#3612 = DIRECTION ( 'NONE',  ( 0.7064241951870718905, -0.7077887089056293934, -4.942462137975759112E-15 ) ) ;
#3613 = AXIS2_PLACEMENT_3D ( 'NONE', #274, #3655, #3 ) ;
#3614 = ORIENTED_EDGE ( 'NONE', *, *, #3378, .T. ) ;
#3615 = AXIS2_PLACEMENT_3D ( 'NONE', #3123, #561, #2299 ) ;
#3616 = CARTESIAN_POINT ( 'NONE',  ( 29.97332667208964807, 6.071532165918824830E-15, 0.7510000000003037579 ) ) ;
#3617 = CARTESIAN_POINT ( 'NONE',  ( -12.78193760082773167, 36.50000000000000000, -0.7499999999997450928 ) ) ;
#3618 = DIRECTION ( 'NONE',  ( 0.000000000000000000, -1.000000000000000000, -6.987080667128821429E-15 ) ) ;
#3619 = VERTEX_POINT ( 'NONE', #837 ) ;
#3620 = CIRCLE ( 'NONE', #904, 1.500000000000004885 ) ;
#3621 = CARTESIAN_POINT ( 'NONE',  ( -16.49999999999999645, -15.49999999999999822, 0.7510000000003037579 ) ) ;
#3622 = ORIENTED_EDGE ( 'NONE', *, *, #2309, .T. ) ;
#3623 = LINE ( 'NONE', #1916, #371 ) ;
#3624 = ORIENTED_EDGE ( 'NONE', *, *, #2226, .F. ) ;
#3625 = VECTOR ( 'NONE', #1445, 1000.000000000000000 ) ;
#3626 = DIRECTION ( 'NONE',  ( 0.000000000000000000, -1.000000000000000000, -6.975033976323405811E-15 ) ) ;
#3627 = VERTEX_POINT ( 'NONE', #2254 ) ;
#3628 = DIRECTION ( 'NONE',  ( 4.999203100797714779E-16, -1.000000000000000000, -6.982962677686266711E-15 ) ) ;
#3629 = VECTOR ( 'NONE', #498, 1000.000000000000000 ) ;
#3630 = CARTESIAN_POINT ( 'NONE',  ( 9.894354993202220783, 32.80744937604203670, -0.7499999999997709610 ) ) ;
#3631 = CARTESIAN_POINT ( 'NONE',  ( -10.00000000000000000, 3.500000000000011990, 0.7500000000000244249 ) ) ;
#3632 = DIRECTION ( 'NONE',  ( 0.000000000000000000, -1.000000000000000000, -6.975033976323413699E-15 ) ) ;
#3633 = AXIS2_PLACEMENT_3D ( 'NONE', #434, #3247, #83 ) ;
#3634 = ORIENTED_EDGE ( 'NONE', *, *, #3387, .T. ) ;
#3635 = EDGE_LOOP ( 'NONE', ( #289, #3494 ) ) ;
#3636 = ADVANCED_FACE ( 'NONE', ( #2820 ), #3442, .F. ) ;
#3637 = EDGE_CURVE ( 'NONE', #2166, #1753, #2644, .T. ) ;
#3638 = DIRECTION ( 'NONE',  ( 0.000000000000000000, 0.000000000000000000, -1.000000000000000000 ) ) ;
#3639 = DIRECTION ( 'NONE',  ( 0.9273079639770559490, -0.3742992652206614812, -2.613717799321272952E-15 ) ) ;
#3640 = ORIENTED_EDGE ( 'NONE', *, *, #1228, .F. ) ;
#3641 = DIRECTION ( 'NONE',  ( 0.000000000000000000, -6.982962677686266711E-15, 1.000000000000000000 ) ) ;
#3642 = VERTEX_POINT ( 'NONE', #1131 ) ;
#3643 = DIRECTION ( 'NONE',  ( 0.000000000000000000, 0.000000000000000000, 1.000000000000000000 ) ) ;
#3644 = ORIENTED_EDGE ( 'NONE', *, *, #1931, .T. ) ;
#3645 = DIRECTION ( 'NONE',  ( 1.000000000000000000, 0.000000000000000000, 0.000000000000000000 ) ) ;
#3646 = ORIENTED_EDGE ( 'NONE', *, *, #1819, .F. ) ;
#3647 = EDGE_CURVE ( 'NONE', #1429, #1324, #2315, .T. ) ;
#3648 = DIRECTION ( 'NONE',  ( 0.8660254037844363761, -0.5000000000000039968, 6.983283950242306739E-15 ) ) ;
#3649 = CARTESIAN_POINT ( 'NONE',  ( -10.00000000000000000, 3.500000000000011990, -0.7500000000000000000 ) ) ;
#3650 = ADVANCED_FACE ( 'NONE', ( #2028 ), #2596, .F. ) ;
#3651 = DIRECTION ( 'NONE',  ( -0.000000000000000000, -6.982962677686266711E-15, 1.000000000000000000 ) ) ;
#3652 = LINE ( 'NONE', #2594, #3452 ) ;
#3653 = ORIENTED_EDGE ( 'NONE', *, *, #1885, .F. ) ;
#3654 = MECHANICAL_CONTEXT ( 'NONE', #2245, 'mechanical' ) ;
#3655 = DIRECTION ( 'NONE',  ( -0.000000000000000000, -6.982962677686266711E-15, 1.000000000000000000 ) ) ;
#3656 = FACE_OUTER_BOUND ( 'NONE', #3033, .T. ) ;
#3657 = ORIENTED_EDGE ( 'NONE', *, *, #3537, .T. ) ;
#3658 = DIRECTION ( 'NONE',  ( 0.000000000000000000, -6.982962677686266711E-15, 1.000000000000000000 ) ) ;
#3659 = VERTEX_POINT ( 'NONE', #2852 ) ;
#3660 = LINE ( 'NONE', #2304, #3097 ) ;
#3661 = ORIENTED_EDGE ( 'NONE', *, *, #855, .T. ) ;
#3662 = DIRECTION ( 'NONE',  ( 0.000000000000000000, -1.000000000000000000, -6.975033976323413699E-15 ) ) ;
#3663 = ORIENTED_EDGE ( 'NONE', *, *, #577, .T. ) ;
#3664 = PLANE ( 'NONE',  #349 ) ;
#3665 = DIRECTION ( 'NONE',  ( 0.000000000000000000, 0.000000000000000000, -1.000000000000000000 ) ) ;
#3666 = FACE_OUTER_BOUND ( 'NONE', #3127, .T. ) ;
#3667 = CARTESIAN_POINT ( 'NONE',  ( -20.57500000000016982, -35.63694536572956650, -0.7500000000000000000 ) ) ;
#3668 = ORIENTED_EDGE ( 'NONE', *, *, #1980, .T. ) ;
#3669 = CIRCLE ( 'NONE', #1589, 1.500000000000003331 ) ;
#3670 = ORIENTED_EDGE ( 'NONE', *, *, #81, .F. ) ;
ENDSEC;
END-ISO-10303-21;
