ISO-10303-21;
HEADER;
FILE_DESCRIPTION (( 'STEP AP203' ),
    '1' );
FILE_NAME ('PEN-S.STEP',
    '2025-01-21T11:51:23',
    ( '' ),
    ( '' ),
    'SwSTEP 2.0',
    'SolidWorks 2024',
    '' );
FILE_SCHEMA (( 'CONFIG_CONTROL_DESIGN' ));
ENDSEC;

DATA;
#1 = LINE ( 'NONE', #1447, #3851 ) ;
#2 = ORIENTED_EDGE ( 'NONE', *, *, #806, .T. ) ;
#3 = CIRCLE ( 'NONE', #2538, 2.249999995800000541 ) ;
#4 = ORIENTED_EDGE ( 'NONE', *, *, #2243, .F. ) ;
#5 = CARTESIAN_POINT ( 'NONE',  ( 16.58586241090882041, 13.75265896881434990, -0.7499999986000001062 ) ) ;
#6 = CARTESIAN_POINT ( 'NONE',  ( 34.15000001750878766, -1.150000011399976430, 0.1500000027333333319 ) ) ;
#7 = ORIENTED_EDGE ( 'NONE', *, *, #1433, .T. ) ;
#8 = CARTESIAN_POINT ( 'NONE',  ( -9.999999994541152404, -3.999999950200006094, -0.7499999976333775464 ) ) ;
#9 = CARTESIAN_POINT ( 'NONE',  ( -29.99999924129115314, 7.505553611333346531, 0.7499999985999999952 ) ) ;
#10 = DIRECTION ( 'NONE',  ( 0.000000000000000000, 0.000000000000000000, -1.000000000000000000 ) ) ;
#11 = DIRECTION ( 'NONE',  ( 0.000000000000000000, 0.000000000000000000, -1.000000000000000000 ) ) ;
#12 = ORIENTED_EDGE ( 'NONE', *, *, #542, .T. ) ;
#13 = DIRECTION ( 'NONE',  ( 1.000000000000000000, 0.000000000000000000, 0.000000000000000000 ) ) ;
#14 = LINE ( 'NONE', #413, #3330 ) ;
#15 = CYLINDRICAL_SURFACE ( 'NONE', #1193, 5.000000007599999741 ) ;
#16 = CARTESIAN_POINT ( 'NONE',  ( -4.999999990691144980, -18.99999989680001278, -0.7499999985999999952 ) ) ;
#17 = ORIENTED_EDGE ( 'NONE', *, *, #2740, .F. ) ;
#18 = LINE ( 'NONE', #1098, #1296 ) ;
#19 = ORIENTED_EDGE ( 'NONE', *, *, #3256, .F. ) ;
#20 = VERTEX_POINT ( 'NONE', #649 ) ;
#21 = AXIS2_PLACEMENT_3D ( 'NONE', #2394, #1320, #662 ) ;
#22 = B_SPLINE_CURVE_WITH_KNOTS ( 'NONE', 3,
 ( #1469, #1124, #2549, #1173 ),
 .UNSPECIFIED., .F., .F.,
 ( 4, 4 ),
 ( 0.000000000000000000, 1.000000000000000000 ),
 .UNSPECIFIED. ) ;
#23 = CARTESIAN_POINT ( 'NONE',  ( 13.07273008105536150, -32.00000112560000076, -0.7500000020013917190 ) ) ;
#24 = CIRCLE ( 'NONE', #3397, 1.149999833600007237 ) ;
#25 = CARTESIAN_POINT ( 'NONE',  ( -13.49999998419163028, 12.99999995879999659, -0.7500000015687918742 ) ) ;
#26 = EDGE_LOOP ( 'NONE', ( #2334, #4529, #3085, #1844 ) ) ;
#27 = CARTESIAN_POINT ( 'NONE',  ( -23.40231333987839335, -14.84022465914643085, -0.7499999985999999952 ) ) ;
#28 = CARTESIAN_POINT ( 'NONE',  ( 22.99999880725683710, -2.499998824193994107, 0.4499999986000000618 ) ) ;
#29 = AXIS2_PLACEMENT_3D ( 'NONE', #2083, #306, #4480 ) ;
#30 = EDGE_CURVE ( 'NONE', #3228, #4290, #2403, .T. ) ;
#31 = CARTESIAN_POINT ( 'NONE',  ( -17.99999974817074389, -16.00000112159998267, -0.7499999985999999952 ) ) ;
#32 = CARTESIAN_POINT ( 'NONE',  ( 31.84999999470883125, -1.150000011399976430, 0.4499999986000000618 ) ) ;
#33 = VERTEX_POINT ( 'NONE', #3505 ) ;
#34 = CARTESIAN_POINT ( 'NONE',  ( 23.65692435650887404, -9.202558125200004824, -0.2499999945841960280 ) ) ;
#35 = DIRECTION ( 'NONE',  ( -0.000000000000000000, -0.000000000000000000, -1.000000000000000000 ) ) ;
#36 = DIRECTION ( 'NONE',  ( 0.000000000000000000, 0.000000000000000000, 1.000000000000000000 ) ) ;
#37 = CARTESIAN_POINT ( 'NONE',  ( 6.307494478543014260, 0.8704572231371874302, -0.7499999986000002172 ) ) ;
#38 = CARTESIAN_POINT ( 'NONE',  ( 9.368338250239364839, -21.51933987480748200, -0.7499999986000001062 ) ) ;
#39 = VERTEX_POINT ( 'NONE', #2471 ) ;
#40 = EDGE_CURVE ( 'NONE', #1298, #4159, #332, .T. ) ;
#41 = FACE_OUTER_BOUND ( 'NONE', #4019, .T. ) ;
#42 = EDGE_LOOP ( 'NONE', ( #3496, #1680, #3390, #1538 ) ) ;
#43 = ORIENTED_EDGE ( 'NONE', *, *, #4271, .T. ) ;
#44 = CARTESIAN_POINT ( 'NONE',  ( 17.52606057330785561, -13.53463267532051262, -0.7499999952333182840 ) ) ;
#45 = CARTESIAN_POINT ( 'NONE',  ( 21.97378515913183605, 11.91579564085413168, -0.7499999985999997731 ) ) ;
#46 = ORIENTED_EDGE ( 'NONE', *, *, #3489, .F. ) ;
#47 = CARTESIAN_POINT ( 'NONE',  ( -21.78069790757141888, -15.92388065878696679, -0.7499999986000002172 ) ) ;
#48 = CARTESIAN_POINT ( 'NONE',  ( -4.999999990691144980, 8.999999983200002163, 0.4499999986000000618 ) ) ;
#49 = CARTESIAN_POINT ( 'NONE',  ( 2.500000020708881276, -29.00000001360000823, 0.4499999986000000618 ) ) ;
#50 = DIRECTION ( 'NONE',  ( -1.000000000000000000, 0.000000000000000000, 0.000000000000000000 ) ) ;
#51 = ADVANCED_FACE ( 'NONE', ( #3552 ), #343, .F. ) ;
#52 = EDGE_CURVE ( 'NONE', #3072, #2763, #730, .T. ) ;
#53 = EDGE_CURVE ( 'NONE', #3278, #1658, #734, .T. ) ;
#54 = VERTEX_POINT ( 'NONE', #32 ) ;
#55 = CARTESIAN_POINT ( 'NONE',  ( -4.999999990691144980, 1.000000040466492157, -0.7499999977542054497 ) ) ;
#56 = DIRECTION ( 'NONE',  ( 0.000000000000000000, 0.000000000000000000, 1.000000000000000000 ) ) ;
#57 = FACE_OUTER_BOUND ( 'NONE', #650, .T. ) ;
#58 = LINE ( 'NONE', #923, #1819 ) ;
#59 = EDGE_LOOP ( 'NONE', ( #3259, #2800, #2876, #2434, #4591, #2323 ) ) ;
#60 = VECTOR ( 'NONE', #575, 1000.000000000000000 ) ;
#61 = CARTESIAN_POINT ( 'NONE',  ( -15.92499998469115674, 27.58290912159999664, 0.1500000047999999753 ) ) ;
#62 = AXIS2_PLACEMENT_3D ( 'NONE', #1640, #3777, #563 ) ;
#63 = LINE ( 'NONE', #3948, #551 ) ;
#64 = ORIENTED_EDGE ( 'NONE', *, *, #779, .T. ) ;
#65 = VERTEX_POINT ( 'NONE', #1457 ) ;
#66 = CARTESIAN_POINT ( 'NONE',  ( 20.87345546037985855, -1.026059261056005978, 0.7499999982872160853 ) ) ;
#67 = AXIS2_PLACEMENT_3D ( 'NONE', #3665, #451, #1877 ) ;
#68 = CARTESIAN_POINT ( 'NONE',  ( 22.60299245876976926, 11.49090091281215287, -0.7499999985999999952 ) ) ;
#69 = ORIENTED_EDGE ( 'NONE', *, *, #2060, .T. ) ;
#70 = EDGE_CURVE ( 'NONE', #1312, #671, #97, .T. ) ;
#71 = CARTESIAN_POINT ( 'NONE',  ( 20.87345546037985855, -1.026059261056005978, 0.7499999982872160853 ) ) ;
#72 = DIRECTION ( 'NONE',  ( -1.520600313429141788E-09, -1.000000000000000000, 0.000000000000000000 ) ) ;
#73 = CARTESIAN_POINT ( 'NONE',  ( -20.99999923269113467, 15.99999995320000679, -0.2499999995333333780 ) ) ;
#74 = DIRECTION ( 'NONE',  ( 0.000000000000000000, 0.000000000000000000, 1.000000000000000000 ) ) ;
#75 = ORIENTED_EDGE ( 'NONE', *, *, #1776, .T. ) ;
#76 = FACE_OUTER_BOUND ( 'NONE', #2949, .T. ) ;
#77 = CARTESIAN_POINT ( 'NONE',  ( 30.44541832470698139, -16.24202800897300136, 0.7499999963647597800 ) ) ;
#78 = B_SPLINE_CURVE_WITH_KNOTS ( 'NONE', 3,
 ( #1411, #2180, #2491, #1435 ),
 .UNSPECIFIED., .F., .F.,
 ( 4, 4 ),
 ( 0.000000000000000000, 1.000000000000000000 ),
 .UNSPECIFIED. ) ;
#79 = DIRECTION ( 'NONE',  ( -0.000000000000000000, -0.000000000000000000, -1.000000000000000000 ) ) ;
#80 = EDGE_LOOP ( 'NONE', ( #3155, #3304, #3946, #2438 ) ) ;
#81 = CARTESIAN_POINT ( 'NONE',  ( -15.53589821774162338, 34.90896506587498749, 0.4499999986000000618 ) ) ;
#82 = CARTESIAN_POINT ( 'NONE',  ( -13.49999999425856068, -13.39763518987461666, 0.7499999986000001062 ) ) ;
#83 = ORIENTED_EDGE ( 'NONE', *, *, #459, .T. ) ;
#84 = DIRECTION ( 'NONE',  ( 1.000000000000000000, 0.000000000000000000, 0.000000000000000000 ) ) ;
#85 = EDGE_CURVE ( 'NONE', #2111, #4483, #4598, .T. ) ;
#86 = CARTESIAN_POINT ( 'NONE',  ( -23.80940133887106924, -30.13225586405616596, -0.7499999985999999952 ) ) ;
#87 = ORIENTED_EDGE ( 'NONE', *, *, #3310, .T. ) ;
#88 = ORIENTED_EDGE ( 'NONE', *, *, #719, .T. ) ;
#89 = B_SPLINE_CURVE_WITH_KNOTS ( 'NONE', 3,
 ( #1455, #4043, #4393, #783 ),
 .UNSPECIFIED., .F., .F.,
 ( 4, 4 ),
 ( 0.000000000000000000, 1.000000000000000000 ),
 .UNSPECIFIED. ) ;
#90 = DIRECTION ( 'NONE',  ( 0.000000000000000000, 0.000000000000000000, 1.000000000000000000 ) ) ;
#91 = CARTESIAN_POINT ( 'NONE',  ( 37.67374123519829254, 8.442730928630222564, -0.7499999986000001062 ) ) ;
#92 = VERTEX_POINT ( 'NONE', #3959 ) ;
#93 = DIRECTION ( 'NONE',  ( 0.000000000000000000, 0.000000000000000000, -1.000000000000000000 ) ) ;
#94 = CARTESIAN_POINT ( 'NONE',  ( -7.660176330764021380, 37.94868047039302184, -0.7499999986000001062 ) ) ;
#95 = VECTOR ( 'NONE', #3491, 1000.000000000000000 ) ;
#96 = CARTESIAN_POINT ( 'NONE',  ( 5.000000075308874692, -23.99999988840001564, -0.7499999992708411556 ) ) ;
#97 = LINE ( 'NONE', #2555, #3936 ) ;
#98 = EDGE_CURVE ( 'NONE', #3611, #3209, #2568, .T. ) ;
#99 = CC_DESIGN_SECURITY_CLASSIFICATION ( #3249, ( #2721 ) ) ;
#100 = ORIENTED_EDGE ( 'NONE', *, *, #2749, .F. ) ;
#101 = CIRCLE ( 'NONE', #4304, 1.149999833600010790 ) ;
#102 = CARTESIAN_POINT ( 'NONE',  ( -3.999999984091146210, -29.00000001360000823, 0.4499999986000000618 ) ) ;
#103 = CARTESIAN_POINT ( 'NONE',  ( -3.999999984091146210, -29.00000001360000823, 0.4499999986000000618 ) ) ;
#104 = B_SPLINE_CURVE_WITH_KNOTS ( 'NONE', 3,
 ( #4421, #3405, #1966, #1902, #3028, #4467, #947, #2367, #189, #3784 ),
 .UNSPECIFIED., .F., .F.,
 ( 4, 2, 2, 2, 4 ),
 ( 0.000000000000000000, 0.2500000000000006661, 0.5000000000000008882, 0.7500000000000004441, 1.000000000000000000 ),
 .UNSPECIFIED. ) ;
#105 = AXIS2_PLACEMENT_3D ( 'NONE', #2675, #570, #853 ) ;
#106 = DIRECTION ( 'NONE',  ( -0.5000000575844151252, -0.8660253705380585032, 0.000000000000000000 ) ) ;
#107 = EDGE_LOOP ( 'NONE', ( #1467, #799, #2044, #735 ) ) ;
#108 = VECTOR ( 'NONE', #3943, 1000.000000000000000 ) ;
#109 = LINE ( 'NONE', #793, #2012 ) ;
#110 = EDGE_CURVE ( 'NONE', #33, #3544, #1226, .T. ) ;
#111 = ORIENTED_EDGE ( 'NONE', *, *, #2776, .T. ) ;
#112 = EDGE_CURVE ( 'NONE', #243, #721, #4313, .T. ) ;
#113 = ADVANCED_FACE ( 'NONE', ( #809 ), #3244, .T. ) ;
#114 = CARTESIAN_POINT ( 'NONE',  ( 21.87531874729636883, -18.19180265466199842, 0.7499999965614000397 ) ) ;
#115 = EDGE_CURVE ( 'NONE', #3254, #1280, #3140, .T. ) ;
#116 = CARTESIAN_POINT ( 'NONE',  ( -22.46410144456165270, 30.90896507352547218, 0.7499999985999999952 ) ) ;
#117 = VERTEX_POINT ( 'NONE', #2181 ) ;
#118 = EDGE_CURVE ( 'NONE', #3278, #3677, #706, .T. ) ;
#119 = ORIENTED_EDGE ( 'NONE', *, *, #626, .F. ) ;
#120 = ADVANCED_FACE ( 'NONE', ( #410 ), #2933, .F. ) ;
#121 = CARTESIAN_POINT ( 'NONE',  ( 37.99999881990883921, 4.000001169399997281, -0.7499999985999999952 ) ) ;
#122 = CARTESIAN_POINT ( 'NONE',  ( 13.07273008394485636, -28.66131842020000420, 0.7499999991237880081 ) ) ;
#123 = EDGE_LOOP ( 'NONE', ( #2521, #1342, #4373, #3639 ) ) ;
#124 = CARTESIAN_POINT ( 'NONE',  ( -17.07500012309112591, -29.57476746960002600, -0.7499999985999999952 ) ) ;
#125 = CARTESIAN_POINT ( 'NONE',  ( -2.722645408558941327, 35.10141848343694448, -0.7499999986000002172 ) ) ;
#126 = CARTESIAN_POINT ( 'NONE',  ( -11.80642439905063590, 37.06217791210497836, 0.7500000022562499646 ) ) ;
#127 = DIRECTION ( 'NONE',  ( 0.000000000000000000, 0.000000000000000000, 1.000000000000000000 ) ) ;
#128 = VERTEX_POINT ( 'NONE', #2142 ) ;
#129 = CARTESIAN_POINT ( 'NONE',  ( 31.84999999470883125, 1.149999986000016516, -0.1499999931333333147 ) ) ;
#130 = EDGE_CURVE ( 'NONE', #2683, #4620, #2728, .T. ) ;
#131 = CARTESIAN_POINT ( 'NONE',  ( 6.499999996308847727, 8.999999983200002163, -0.7499999985999999952 ) ) ;
#132 = EDGE_LOOP ( 'NONE', ( #2956, #4315, #1862, #3575 ) ) ;
#133 = FACE_OUTER_BOUND ( 'NONE', #2691, .T. ) ;
#134 = ORIENTED_EDGE ( 'NONE', *, *, #98, .F. ) ;
#135 = ADVANCED_FACE ( 'NONE', ( #3644 ), #4023, .F. ) ;
#136 = DIRECTION ( 'NONE',  ( -0.8660253737381441441, 0.5000000520417049454, 0.000000000000000000 ) ) ;
#137 = CARTESIAN_POINT ( 'NONE',  ( -14.92907049334987768, 28.15790927424072265, 0.4499999986000000618 ) ) ;
#138 = DIRECTION ( 'NONE',  ( 1.000000000000000000, -1.206763825393642076E-14, 0.000000000000000000 ) ) ;
#139 = ORIENTED_EDGE ( 'NONE', *, *, #4154, .F. ) ;
#140 = ORIENTED_EDGE ( 'NONE', *, *, #1361, .F. ) ;
#141 = CARTESIAN_POINT ( 'NONE',  ( 22.60848662644588813, -5.793018217592582175, 0.7499999985999999952 ) ) ;
#142 = DIRECTION ( 'NONE',  ( 0.000000000000000000, 0.000000000000000000, 1.000000000000000000 ) ) ;
#143 = ORIENTED_EDGE ( 'NONE', *, *, #3089, .T. ) ;
#144 = DIRECTION ( 'NONE',  ( 0.000000000000000000, 0.000000000000000000, -1.000000000000000000 ) ) ;
#145 = CARTESIAN_POINT ( 'NONE',  ( -2.011518823389124577, 34.02510591720997724, -0.7499999964197217039 ) ) ;
#146 = VECTOR ( 'NONE', #1152, 1000.000000000000000 ) ;
#147 = DIRECTION ( 'NONE',  ( 0.5000000520417049454, 0.8660253737381441441, 0.000000000000000000 ) ) ;
#148 = DIRECTION ( 'NONE',  ( 0.000000000000000000, 0.000000000000000000, -1.000000000000000000 ) ) ;
#149 = AXIS2_PLACEMENT_3D ( 'NONE', #2751, #4190, #4582 ) ;
#150 = CARTESIAN_POINT ( 'NONE',  ( 4.999999999108855953, 8.999999983200002163, 0.4499999986000000618 ) ) ;
#151 = DATE_AND_TIME ( #2000, #4161 ) ;
#152 = LINE ( 'NONE', #2681, #60 ) ;
#153 = ORIENTED_EDGE ( 'NONE', *, *, #1216, .F. ) ;
#154 = FACE_OUTER_BOUND ( 'NONE', #42, .T. ) ;
#155 = VERTEX_POINT ( 'NONE', #3574 ) ;
#156 = DIRECTION ( 'NONE',  ( 1.000000000000000000, 0.000000000000000000, 0.000000000000000000 ) ) ;
#157 = CARTESIAN_POINT ( 'NONE',  ( 16.58583934439385033, 13.75283401710621867, 0.7499999986000002172 ) ) ;
#158 = DIRECTION ( 'NONE',  ( 0.000000000000000000, 0.000000000000000000, 1.000000000000000000 ) ) ;
#159 = ORIENTED_EDGE ( 'NONE', *, *, #936, .T. ) ;
#160 = EDGE_CURVE ( 'NONE', #950, #4060, #2805, .T. ) ;
#161 = ORIENTED_EDGE ( 'NONE', *, *, #2950, .T. ) ;
#162 = CARTESIAN_POINT ( 'NONE',  ( 37.15426481685330629, -9.649490575754031241, -0.7499999985999998842 ) ) ;
#163 = FACE_OUTER_BOUND ( 'NONE', #529, .T. ) ;
#164 = ORIENTED_EDGE ( 'NONE', *, *, #4358, .F. ) ;
#165 = DIRECTION ( 'NONE',  ( -0.5000000603243101027, -0.8660253689561790980, 0.000000000000000000 ) ) ;
#166 = FACE_BOUND ( 'NONE', #1637, .T. ) ;
#167 = CARTESIAN_POINT ( 'NONE',  ( 32.98952240316987883, 14.41584370773851731, -0.7499999980067396654 ) ) ;
#168 = CARTESIAN_POINT ( 'NONE',  ( 20.31355211368030922, -18.65005520742874978, -0.7499999986000001062 ) ) ;
#169 = CARTESIAN_POINT ( 'NONE',  ( -14.92907095960271846, -28.15790911661428098, -0.4499999890000000446 ) ) ;
#170 = DIRECTION ( 'NONE',  ( -1.000000000000000000, 0.000000000000000000, 0.000000000000000000 ) ) ;
#171 = EDGE_CURVE ( 'NONE', #967, #3002, #4218, .T. ) ;
#172 = FACE_OUTER_BOUND ( 'NONE', #3756, .T. ) ;
#173 = CARTESIAN_POINT ( 'NONE',  ( -25.15470048479455656, -29.35554691662553850, 0.7499999985999999952 ) ) ;
#174 = AXIS2_PLACEMENT_3D ( 'NONE', #2333, #4204, #559 ) ;
#175 = ORIENTED_EDGE ( 'NONE', *, *, #30, .T. ) ;
#176 = CARTESIAN_POINT ( 'NONE',  ( 23.65695811100185253, 9.202560497567514375, -0.7499999936602953499 ) ) ;
#177 = VECTOR ( 'NONE', #1330, 1000.000000000000114 ) ;
#178 = AXIS2_PLACEMENT_3D ( 'NONE', #2340, #144, #1926 ) ;
#179 = CARTESIAN_POINT ( 'NONE',  ( 10.00000013244237174, -18.99999989680001278, 0.7500000000875340911 ) ) ;
#180 = CARTESIAN_POINT ( 'NONE',  ( -3.999999984091146210, -29.00000001360000823, 0.7499999985999999952 ) ) ;
#181 = VERTEX_POINT ( 'NONE', #1436 ) ;
#182 = EDGE_LOOP ( 'NONE', ( #2745, #3378 ) ) ;
#183 = CC_DESIGN_PERSON_AND_ORGANIZATION_ASSIGNMENT ( #3841, #4497, ( #3249 ) ) ;
#184 = B_SPLINE_CURVE_WITH_KNOTS ( 'NONE', 3,
 ( #1279, #1208, #197, #3698 ),
 .UNSPECIFIED., .F., .F.,
 ( 4, 4 ),
 ( 0.2500000025833332695, 1.000000000000000000 ),
 .UNSPECIFIED. ) ;
#185 = DIRECTION ( 'NONE',  ( 0.000000000000000000, 0.000000000000000000, 1.000000000000000000 ) ) ;
#186 = DIRECTION ( 'NONE',  ( 0.000000000000000000, 0.000000000000000000, -1.000000000000000000 ) ) ;
#187 = ORIENTED_EDGE ( 'NONE', *, *, #3325, .F. ) ;
#188 = CARTESIAN_POINT ( 'NONE',  ( -14.41506335509112802, -19.96762242180000158, 0.7499999985999999952 ) ) ;
#189 = CARTESIAN_POINT ( 'NONE',  ( -23.99999922804712682, 13.39801519568901256, -0.7499999985999999952 ) ) ;
#190 = CARTESIAN_POINT ( 'NONE',  ( 34.03283988618400713, 13.29702266312738423, -0.7499999985999999952 ) ) ;
#191 = CARTESIAN_POINT ( 'NONE',  ( -8.585041037404984365, -22.48533089105761462, 0.7499999985999999952 ) ) ;
#192 = ORIENTED_EDGE ( 'NONE', *, *, #2383, .T. ) ;
#193 = CARTESIAN_POINT ( 'NONE',  ( -22.46410219474762116, -30.90896482219498864, 0.4499999986000000618 ) ) ;
#194 = CYLINDRICAL_SURFACE ( 'NONE', #3446, 1.499999997199991109 ) ;
#195 = EDGE_CURVE ( 'NONE', #3568, #1714, #4395, .T. ) ;
#196 = ADVANCED_FACE ( 'NONE', ( #898 ), #3787, .F. ) ;
#197 = CARTESIAN_POINT ( 'NONE',  ( -14.92907096309114934, -28.15790911459997758, -0.1499999931333333703 ) ) ;
#198 = EDGE_LOOP ( 'NONE', ( #2302, #1329, #3324, #2436 ) ) ;
#199 = CARTESIAN_POINT ( 'NONE',  ( 30.77061681514588543, 16.08790903445574827, -0.2499999979857967514 ) ) ;
#200 = FACE_OUTER_BOUND ( 'NONE', #395, .T. ) ;
#201 = LINE ( 'NONE', #3065, #2717 ) ;
#202 = EDGE_LOOP ( 'NONE', ( #1822, #4625, #4, #3200 ) ) ;
#203 = ORIENTED_EDGE ( 'NONE', *, *, #3728, .T. ) ;
#204 = CARTESIAN_POINT ( 'NONE',  ( 22.93062523653947338, -11.16626951607520724, -0.7499999986000002172 ) ) ;
#205 = PLANE ( 'NONE',  #1595 ) ;
#206 = EDGE_LOOP ( 'NONE', ( #3563, #2430, #988, #3146 ) ) ;
#207 = CARTESIAN_POINT ( 'NONE',  ( -2.011518821794622269, 34.02510591380247718, 0.7499999972077319166 ) ) ;
#208 = ORIENTED_EDGE ( 'NONE', *, *, #4291, .F. ) ;
#209 = CARTESIAN_POINT ( 'NONE',  ( -2.335846419072268088, 34.58685779381751502, -0.7499999986000001062 ) ) ;
#210 = CIRCLE ( 'NONE', #2680, 1.150000316200026296 ) ;
#211 = CYLINDRICAL_SURFACE ( 'NONE', #2456, 1.149999833600010790 ) ;
#212 = EDGE_CURVE ( 'NONE', #1263, #4211, #3691, .T. ) ;
#213 = CARTESIAN_POINT ( 'NONE',  ( -13.49999998419163028, 12.99999995879999659, -0.7500000015687918742 ) ) ;
#214 = ORIENTED_EDGE ( 'NONE', *, *, #705, .F. ) ;
#215 = CARTESIAN_POINT ( 'NONE',  ( -13.49999998640763543, 12.99999995879999659, 0.7500000026999951164 ) ) ;
#216 = CARTESIAN_POINT ( 'NONE',  ( -8.306423679943636174, -38.00000113073148356, -0.7499999962373624651 ) ) ;
#217 = SECURITY_CLASSIFICATION_LEVEL ( 'unclassified' ) ;
#218 = DIRECTION ( 'NONE',  ( -1.000000000000000000, 0.000000000000000000, 0.000000000000000000 ) ) ;
#219 = CARTESIAN_POINT ( 'NONE',  ( 5.000000126108906429, 1.000000031999986883, 0.2499999995333333780 ) ) ;
#220 = AXIS2_PLACEMENT_3D ( 'NONE', #412, #3671, #1908 ) ;
#221 = ORIENTED_EDGE ( 'NONE', *, *, #4061, .F. ) ;
#222 = B_SPLINE_CURVE_WITH_KNOTS ( 'NONE', 3,
 ( #2061, #3493, #4599, #2435 ),
 .UNSPECIFIED., .F., .F.,
 ( 4, 4 ),
 ( 0.000000000000000000, 1.000000000000000000 ),
 .UNSPECIFIED. ) ;
#223 = CARTESIAN_POINT ( 'NONE',  ( -2.011518821794622269, 34.02510591380247718, 0.7499999972077319166 ) ) ;
#224 = DIRECTION ( 'NONE',  ( 0.000000000000000000, 0.000000000000000000, 1.000000000000000000 ) ) ;
#225 = DIRECTION ( 'NONE',  ( 1.000000000000000000, 0.000000000000000000, 0.000000000000000000 ) ) ;
#226 = EDGE_LOOP ( 'NONE', ( #1817, #4301, #844, #4603, #2634 ) ) ;
#227 = EDGE_LOOP ( 'NONE', ( #1563, #164, #3993, #3979 ) ) ;
#228 = EDGE_CURVE ( 'NONE', #4159, #1298, #1753, .T. ) ;
#229 = DIRECTION ( 'NONE',  ( 1.000000000000000000, 0.000000000000000000, 0.000000000000000000 ) ) ;
#230 = FACE_BOUND ( 'NONE', #752, .T. ) ;
#231 = ORIENTED_EDGE ( 'NONE', *, *, #1567, .F. ) ;
#232 = CARTESIAN_POINT ( 'NONE',  ( 23.12389218509322930, -10.93112153429130906, 0.7499999986000001062 ) ) ;
#233 = EDGE_LOOP ( 'NONE', ( #2793, #4530, #4182, #1270 ) ) ;
#234 = CARTESIAN_POINT ( 'NONE',  ( -16.92092901612970834, -27.00790913758441292, -0.4499999890000000446 ) ) ;
#235 = EDGE_CURVE ( 'NONE', #2641, #311, #485, .T. ) ;
#236 = CARTESIAN_POINT ( 'NONE',  ( 13.61653469867595945, -11.67370219640472939, 0.7499999986000002172 ) ) ;
#237 = CARTESIAN_POINT ( 'NONE',  ( 37.99999881215187969, 6.285392255026501118, -0.7499999956750285079 ) ) ;
#238 = ORIENTED_EDGE ( 'NONE', *, *, #3311, .F. ) ;
#239 = CARTESIAN_POINT ( 'NONE',  ( -27.51547720303731026, 27.90074578970508412, -0.7499999986000002172 ) ) ;
#240 = CARTESIAN_POINT ( 'NONE',  ( -8.939722057891147600, 30.02510591359999736, 0.000000000000000000 ) ) ;
#241 = CARTESIAN_POINT ( 'NONE',  ( -9.334936302604123881, 21.16858394189899428, 0.4499999986000000618 ) ) ;
#242 = EDGE_CURVE ( 'NONE', #838, #1280, #1019, .T. ) ;
#243 = VERTEX_POINT ( 'NONE', #1996 ) ;
#244 = ORIENTED_EDGE ( 'NONE', *, *, #888, .T. ) ;
#245 = AXIS2_PLACEMENT_3D ( 'NONE', #2193, #1843, #2503 ) ;
#246 = B_SPLINE_CURVE_WITH_KNOTS ( 'NONE', 3,
 ( #4371, #3598, #73, #2578 ),
 .UNSPECIFIED., .F., .F.,
 ( 4, 4 ),
 ( 0.000000000000000000, 1.000000000000000000 ),
 .UNSPECIFIED. ) ;
#247 = CARTESIAN_POINT ( 'NONE',  ( -21.78069791043730419, 15.92387947298045603, 0.7499999986000002172 ) ) ;
#248 = DIRECTION ( 'NONE',  ( 0.8660253701214775113, -0.5000000583059542869, -0.000000000000000000 ) ) ;
#249 = AXIS2_PLACEMENT_3D ( 'NONE', #909, #3801, #634 ) ;
#250 = EDGE_CURVE ( 'NONE', #2482, #1810, #2346, .T. ) ;
#251 = EDGE_CURVE ( 'NONE', #1370, #2667, #833, .T. ) ;
#252 = EDGE_CURVE ( 'NONE', #1236, #721, #2686, .T. ) ;
#253 = DIRECTION ( 'NONE',  ( 0.000000000000000000, 0.000000000000000000, 1.000000000000000000 ) ) ;
#254 = ORIENTED_EDGE ( 'NONE', *, *, #2740, .T. ) ;
#255 = CIRCLE ( 'NONE', #3400, 1.499999999598310430 ) ;
#256 = AXIS2_PLACEMENT_3D ( 'NONE', #1901, #1618, #4092 ) ;
#257 = ADVANCED_FACE ( 'NONE', ( #3341 ), #1274, .F. ) ;
#258 = B_SPLINE_CURVE_WITH_KNOTS ( 'NONE', 3,
 ( #1461, #717, #2498, #4326, #2145, #3294, #1113, #2537, #2186, #3647 ),
 .UNSPECIFIED., .F., .F.,
 ( 4, 2, 2, 2, 4 ),
 ( 0.000000000000000000, 0.2500000000000000000, 0.5000000000000000000, 0.7500000000000000000, 1.000000000000000000 ),
 .UNSPECIFIED. ) ;
#259 = EDGE_CURVE ( 'NONE', #937, #3809, #4157, .T. ) ;
#260 = ADVANCED_FACE ( 'NONE', ( #4425 ), #2298, .F. ) ;
#261 = CARTESIAN_POINT ( 'NONE',  ( 34.15000001750889425, -1.149999986000016516, -0.7499999985999999952 ) ) ;
#262 = ORIENTED_EDGE ( 'NONE', *, *, #3978, .F. ) ;
#263 = CARTESIAN_POINT ( 'NONE',  ( 13.07273008443635121, -28.66131842410299413, -0.7499999982652157948 ) ) ;
#264 = EDGE_LOOP ( 'NONE', ( #1054, #4036, #2196, #353 ) ) ;
#265 = CARTESIAN_POINT ( 'NONE',  ( 20.87345545989987983, -1.026059260460510103, -0.7499999973092634775 ) ) ;
#266 = CARTESIAN_POINT ( 'NONE',  ( -9.999999994541152404, -3.999999950200006094, -0.7499999976333775464 ) ) ;
#267 = DIRECTION ( 'NONE',  ( 0.000000000000000000, 0.000000000000000000, 1.000000000000000000 ) ) ;
#268 = ORIENTED_EDGE ( 'NONE', *, *, #518, .F. ) ;
#269 = LINE ( 'NONE', #339, #1597 ) ;
#270 = CARTESIAN_POINT ( 'NONE',  ( 23.47600221316234581, 8.176500030271510511, -0.7499999954130937008 ) ) ;
#271 = B_SPLINE_CURVE_WITH_KNOTS ( 'NONE', 3,
 ( #4280, #2024, #3458, #1343, #2370, #2445, #665, #239, #3111, #1695 ),
 .UNSPECIFIED., .F., .F.,
 ( 4, 2, 2, 2, 4 ),
 ( 0.000000000000000000, 0.2500000000000000000, 0.5000000000000000000, 0.7500000000000000000, 1.000000000000000000 ),
 .UNSPECIFIED. ) ;
#272 = CARTESIAN_POINT ( 'NONE',  ( 31.00000075490888563, -6.285393118800025825, 0.000000000000000000 ) ) ;
#273 = VERTEX_POINT ( 'NONE', #2699 ) ;
#274 = ORIENTED_EDGE ( 'NONE', *, *, #3269, .T. ) ;
#275 = DIRECTION ( 'NONE',  ( 1.000000000000000000, 0.000000000000000000, 0.000000000000000000 ) ) ;
#276 = FACE_OUTER_BOUND ( 'NONE', #3418, .T. ) ;
#277 = EDGE_CURVE ( 'NONE', #1834, #3588, #346, .T. ) ;
#278 = EDGE_CURVE ( 'NONE', #128, #1723, #3695, .T. ) ;
#279 = CARTESIAN_POINT ( 'NONE',  ( -16.92092903169113427, -27.00790912860000859, 0.1500000027333333319 ) ) ;
#280 = ORIENTED_EDGE ( 'NONE', *, *, #1559, .T. ) ;
#281 = CARTESIAN_POINT ( 'NONE',  ( 33.06575283445334179, -14.33409672815299984, 0.7499999979480540535 ) ) ;
#282 = VERTEX_POINT ( 'NONE', #191 ) ;
#283 = LINE ( 'NONE', #4511, #335 ) ;
#284 = ORIENTED_EDGE ( 'NONE', *, *, #4224, .T. ) ;
#285 = FACE_BOUND ( 'NONE', #3868, .T. ) ;
#286 = B_SPLINE_CURVE_WITH_KNOTS ( 'NONE', 3,
 ( #2753, #3883, #3456, #2067 ),
 .UNSPECIFIED., .F., .F.,
 ( 4, 4 ),
 ( 0.000000000000000000, 1.000000000000000000 ),
 .UNSPECIFIED. ) ;
#287 = CYLINDRICAL_SURFACE ( 'NONE', #740, 1.150000011399969546 ) ;
#288 = CARTESIAN_POINT ( 'NONE',  ( 10.76001040512946361, -36.79800217162822662, 0.7500000116040199671 ) ) ;
#289 = ORIENTED_EDGE ( 'NONE', *, *, #1769, .F. ) ;
#290 = DIRECTION ( 'NONE',  ( -0.000000000000000000, -0.000000000000000000, -1.000000000000000000 ) ) ;
#291 = CARTESIAN_POINT ( 'NONE',  ( 1.946345501908855136, -38.00000113979998417, 0.7499999985999999952 ) ) ;
#292 = EDGE_CURVE ( 'NONE', #1642, #619, #2417, .T. ) ;
#293 = AXIS2_PLACEMENT_3D ( 'NONE', #1108, #2204, #2159 ) ;
#294 = FACE_OUTER_BOUND ( 'NONE', #2018, .T. ) ;
#295 = ORIENTED_EDGE ( 'NONE', *, *, #2058, .F. ) ;
#296 = ORIENTED_EDGE ( 'NONE', *, *, #3571, .T. ) ;
#297 = CYLINDRICAL_SURFACE ( 'NONE', #1972, 2.249999995800000541 ) ;
#298 = LINE ( 'NONE', #3490, #3179 ) ;
#299 = AXIS2_PLACEMENT_3D ( 'NONE', #2859, #1829, #2931 ) ;
#300 = CARTESIAN_POINT ( 'NONE',  ( 30.69999998330885660, 6.436517985264345043E-10, -0.7499999985999999952 ) ) ;
#301 = ORIENTED_EDGE ( 'NONE', *, *, #1030, .T. ) ;
#302 = AXIS2_PLACEMENT_3D ( 'NONE', #1187, #136, #4359 ) ;
#303 = EDGE_CURVE ( 'NONE', #1723, #2625, #622, .T. ) ;
#304 = CARTESIAN_POINT ( 'NONE',  ( 0.5813249349103655206, 31.47012191570949824, -0.7500000012986886011 ) ) ;
#305 = ORIENTED_EDGE ( 'NONE', *, *, #2950, .F. ) ;
#306 = DIRECTION ( 'NONE',  ( -1.000000000000000000, 0.000000000000000000, 0.000000000000000000 ) ) ;
#307 = ORIENTED_EDGE ( 'NONE', *, *, #3230, .F. ) ;
#308 = CARTESIAN_POINT ( 'NONE',  ( 27.99999999850883015, 1.168400015627568678E-06, -0.7499999985999999952 ) ) ;
#309 = CARTESIAN_POINT ( 'NONE',  ( 17.52606057124986449, -13.53463267363449951, 0.7499999963187521379 ) ) ;
#310 = CARTESIAN_POINT ( 'NONE',  ( -4.999999995684651033, 1.000000038133497249, 0.7499999985666601088 ) ) ;
#311 = VERTEX_POINT ( 'NONE', #4171 ) ;
#312 = CARTESIAN_POINT ( 'NONE',  ( -29.99999924209464908, 22.51666060821649751, 0.7500000026525549535 ) ) ;
#313 = DIRECTION ( 'NONE',  ( 1.000000000000000000, -6.033819126968210382E-15, 0.000000000000000000 ) ) ;
#314 = CARTESIAN_POINT ( 'NONE',  ( 34.08366031640051830, -13.24252458383326747, -0.7499999985999999952 ) ) ;
#315 = B_SPLINE_CURVE_WITH_KNOTS ( 'NONE', 3,
 ( #1308, #3159, #653, #1725, #4593, #3871 ),
 .UNSPECIFIED., .F., .F.,
 ( 4, 2, 4 ),
 ( 0.000000000000000000, 0.5000000000000000000, 1.000000000000000000 ),
 .UNSPECIFIED. ) ;
#316 = VERTEX_POINT ( 'NONE', #644 ) ;
#317 = VERTEX_POINT ( 'NONE', #3077 ) ;
#318 = EDGE_CURVE ( 'NONE', #792, #2072, #3815, .T. ) ;
#319 = CARTESIAN_POINT ( 'NONE',  ( -28.75674460035989810, -26.54568496738401606, 0.7499999891559800957 ) ) ;
#320 = ADVANCED_FACE ( 'NONE', ( #2022 ), #4541, .T. ) ;
#321 = CARTESIAN_POINT ( 'NONE',  ( -17.49592946919115022, 28.00383816289997441, -0.4499999890000000446 ) ) ;
#322 = CARTESIAN_POINT ( 'NONE',  ( 31.84999999470883125, -1.150000011399976430, -0.4499999890000000446 ) ) ;
#323 = VECTOR ( 'NONE', #1245, 1000.000000000000000 ) ;
#324 = FACE_OUTER_BOUND ( 'NONE', #4615, .T. ) ;
#325 = ORIENTED_EDGE ( 'NONE', *, *, #3088, .T. ) ;
#326 = VECTOR ( 'NONE', #4385, 1000.000000000000000 ) ;
#327 = DIRECTION ( 'NONE',  ( 1.000000000000000000, 0.000000000000000000, 0.000000000000000000 ) ) ;
#328 = ORIENTED_EDGE ( 'NONE', *, *, #1468, .T. ) ;
#329 = CIRCLE ( 'NONE', #2195, 1.499999999222997982 ) ;
#330 = VERTEX_POINT ( 'NONE', #2043 ) ;
#331 = CARTESIAN_POINT ( 'NONE',  ( 24.49999881205985730, 4.000001177026008214, 0.4499999986000000618 ) ) ;
#332 = CIRCLE ( 'NONE', #3625, 1.499999997199977120 ) ;
#333 = CC_DESIGN_PERSON_AND_ORGANIZATION_ASSIGNMENT ( #1254, #3432, ( #2721 ) ) ;
#334 = EDGE_CURVE ( 'NONE', #3921, #344, #4096, .T. ) ;
#335 = VECTOR ( 'NONE', #4166, 1000.000000000000000 ) ;
#336 = LINE ( 'NONE', #708, #4644 ) ;
#337 = CARTESIAN_POINT ( 'NONE',  ( -13.49999999008541174, 13.39763402040501994, -0.7499999986000002172 ) ) ;
#338 = VERTEX_POINT ( 'NONE', #4561 ) ;
#339 = CARTESIAN_POINT ( 'NONE',  ( 22.99999880725683710, -2.499998824193994107, 0.4499999986000000618 ) ) ;
#340 = EDGE_CURVE ( 'NONE', #4578, #20, #286, .T. ) ;
#341 = DIRECTION ( 'NONE',  ( -0.000000000000000000, -0.000000000000000000, -1.000000000000000000 ) ) ;
#342 = CYLINDRICAL_SURFACE ( 'NONE', #2306, 5.999999988799980422 ) ;
#343 = CYLINDRICAL_SURFACE ( 'NONE', #405, 2.249999995800000541 ) ;
#344 = VERTEX_POINT ( 'NONE', #3109 ) ;
#345 = FACE_OUTER_BOUND ( 'NONE', #26, .T. ) ;
#346 = B_SPLINE_CURVE_WITH_KNOTS ( 'NONE', 3,
 ( #2629, #4446, #3030, #4470 ),
 .UNSPECIFIED., .F., .F.,
 ( 4, 4 ),
 ( 0.000000000000000000, 1.000000000000000000 ),
 .UNSPECIFIED. ) ;
#347 = EDGE_CURVE ( 'NONE', #1704, #4436, #1119, .T. ) ;
#348 = FACE_OUTER_BOUND ( 'NONE', #4177, .T. ) ;
#349 = FACE_OUTER_BOUND ( 'NONE', #2929, .T. ) ;
#350 = CARTESIAN_POINT ( 'NONE',  ( -15.92499998469115674, -27.58290912159999664, -0.7499999985999999952 ) ) ;
#351 = VERTEX_POINT ( 'NONE', #973 ) ;
#352 = CARTESIAN_POINT ( 'NONE',  ( -23.99999922678364328, -13.00000113041899219, 0.7499999992146959560 ) ) ;
#353 = ORIENTED_EDGE ( 'NONE', *, *, #764, .F. ) ;
#354 = VERTEX_POINT ( 'NONE', #237 ) ;
#355 = CARTESIAN_POINT ( 'NONE',  ( -6.499999987891136755, 8.999999983200002163, 0.4499999986000000618 ) ) ;
#356 = CARTESIAN_POINT ( 'NONE',  ( -16.49999999621715219, 15.99999995991702129, -0.7500000017667113328 ) ) ;
#357 = ORIENTED_EDGE ( 'NONE', *, *, #4075, .F. ) ;
#358 = CARTESIAN_POINT ( 'NONE',  ( -4.999999995684651033, 1.000000038133497249, 0.7499999985666601088 ) ) ;
#359 = CARTESIAN_POINT ( 'NONE',  ( -23.99999922678364328, -13.00000113041899219, 0.7499999992146959560 ) ) ;
#360 = EDGE_CURVE ( 'NONE', #468, #3100, #1956, .T. ) ;
#361 = CARTESIAN_POINT ( 'NONE',  ( -8.584936287291206725, 22.46762206999999734, 0.7499999985999999952 ) ) ;
#362 = CARTESIAN_POINT ( 'NONE',  ( -13.25000000069112538, -22.94967320139998535, -0.7499999985999999952 ) ) ;
#363 = ORIENTED_EDGE ( 'NONE', *, *, #1416, .T. ) ;
#364 = CARTESIAN_POINT ( 'NONE',  ( -29.60337651709324192, -24.91844405604754442, 0.7499999891559800957 ) ) ;
#365 = AXIS2_PLACEMENT_3D ( 'NONE', #2611, #859, #2657 ) ;
#366 = CARTESIAN_POINT ( 'NONE',  ( -16.50000000309115222, -16.00000112316099532, -0.7500000015687918742 ) ) ;
#367 = CARTESIAN_POINT ( 'NONE',  ( -4.999999986825653941, -23.99999988890000324, -0.7499999976333540097 ) ) ;
#368 = CARTESIAN_POINT ( 'NONE',  ( -8.306423681440161744, -38.00000113025497939, 0.7499999973493221006 ) ) ;
#369 = ORIENTED_EDGE ( 'NONE', *, *, #195, .T. ) ;
#370 = AXIS2_PLACEMENT_3D ( 'NONE', #976, #3484, #667 ) ;
#371 = CARTESIAN_POINT ( 'NONE',  ( -23.92387875795927954, -13.78069980473876832, 0.7499999986000002172 ) ) ;
#372 = EDGE_LOOP ( 'NONE', ( #1132, #638 ) ) ;
#373 = AXIS2_PLACEMENT_3D ( 'NONE', #4202, #3415, #3488 ) ;
#374 = EDGE_LOOP ( 'NONE', ( #2050, #868, #4082, #1767, #3843, #3134, #3222, #3705, #363, #1074 ) ) ;
#375 = EDGE_CURVE ( 'NONE', #2190, #449, #897, .T. ) ;
#376 = CARTESIAN_POINT ( 'NONE',  ( 12.31482635410971405, -35.02340534686980789, -0.7499999985999998842 ) ) ;
#377 = CARTESIAN_POINT ( 'NONE',  ( 23.56450834999046151, 9.959365987257614350, -0.7499999986000002172 ) ) ;
#378 = ORIENTED_EDGE ( 'NONE', *, *, #4061, .T. ) ;
#379 = CARTESIAN_POINT ( 'NONE',  ( -29.99999924129108209, -7.505553385122647470, -0.7499999985999999952 ) ) ;
#380 = CARTESIAN_POINT ( 'NONE',  ( -13.66506323703964298, -18.66858433255250205, 0.7499999985999999952 ) ) ;
#381 = B_SPLINE_CURVE_WITH_KNOTS ( 'NONE', 3,
 ( #4643, #4248, #1050, #4311 ),
 .UNSPECIFIED., .F., .F.,
 ( 4, 4 ),
 ( 0.000000000000000000, 1.000000000000000000 ),
 .UNSPECIFIED. ) ;
#382 = CARTESIAN_POINT ( 'NONE',  ( -1.666666628081098223, -23.99999987899998288, -0.7499999985999999952 ) ) ;
#383 = CARTESIAN_POINT ( 'NONE',  ( 17.68778267963136486, -20.56099660103078364, 0.2499999989377383880 ) ) ;
#384 = ORIENTED_EDGE ( 'NONE', *, *, #3219, .T. ) ;
#385 = CYLINDRICAL_SURFACE ( 'NONE', #447, 2.999999994400010195 ) ;
#386 = CARTESIAN_POINT ( 'NONE',  ( 18.91170197312476731, -13.03030044197774906, 0.7499999985999999952 ) ) ;
#387 = EDGE_CURVE ( 'NONE', #2494, #2565, #2964, .T. ) ;
#388 = CARTESIAN_POINT ( 'NONE',  ( 26.54391742569687551, -17.19946133313654713, -0.7499999985999999952 ) ) ;
#389 = CARTESIAN_POINT ( 'NONE',  ( 5.000000126108849585, -18.99999989680001278, 0.000000000000000000 ) ) ;
#390 = B_SPLINE_CURVE_WITH_KNOTS ( 'NONE', 3,
 ( #4272, #3634, #1073, #4334 ),
 .UNSPECIFIED., .F., .F.,
 ( 4, 4 ),
 ( 0.000000000000000000, 1.000000000000000000 ),
 .UNSPECIFIED. ) ;
#391 = DIRECTION ( 'NONE',  ( 0.8660254062168368794, 0.4999999957869626366, 0.000000000000000000 ) ) ;
#392 = ORIENTED_EDGE ( 'NONE', *, *, #3893, .T. ) ;
#393 = CARTESIAN_POINT ( 'NONE',  ( -4.999999990691144980, 8.999999983200002163, 0.4499999986000000618 ) ) ;
#394 = ORIENTED_EDGE ( 'NONE', *, *, #3090, .F. ) ;
#395 = EDGE_LOOP ( 'NONE', ( #905, #2940, #3636, #4536 ) ) ;
#396 = AXIS2_PLACEMENT_3D ( 'NONE', #4486, #1592, #3335 ) ;
#397 = EDGE_CURVE ( 'NONE', #495, #4390, #3170, .T. ) ;
#398 = EDGE_CURVE ( 'NONE', #672, #3589, #2153, .T. ) ;
#399 = ADVANCED_FACE ( 'NONE', ( #1149, #1847, #1405 ), #2200, .T. ) ;
#400 = CARTESIAN_POINT ( 'NONE',  ( 12.91718819691120679, -33.56879808799806852, -0.7499999985999999952 ) ) ;
#401 = CIRCLE ( 'NONE', #1004, 1.499999997200020641 ) ;
#402 = CARTESIAN_POINT ( 'NONE',  ( 34.15000001750884451, -1.149999998699996473, 0.4499999986000000618 ) ) ;
#403 = EDGE_LOOP ( 'NONE', ( #3413, #3682 ) ) ;
#404 = DIRECTION ( 'NONE',  ( 0.000000000000000000, 0.000000000000000000, 1.000000000000000000 ) ) ;
#405 = AXIS2_PLACEMENT_3D ( 'NONE', #2885, #2844, #1109 ) ;
#406 = CARTESIAN_POINT ( 'NONE',  ( 24.20961808160593876, -17.69563199602798065, 0.7499999985999999952 ) ) ;
#407 = CIRCLE ( 'NONE', #1602, 1.499999997199990220 ) ;
#408 = AXIS2_PLACEMENT_3D ( 'NONE', #4535, #2017, #2063 ) ;
#409 = CARTESIAN_POINT ( 'NONE',  ( -4.999999990691144980, 8.999999983200002163, 0.1500000047999999753 ) ) ;
#410 = FACE_OUTER_BOUND ( 'NONE', #628, .T. ) ;
#411 = ORIENTED_EDGE ( 'NONE', *, *, #2406, .T. ) ;
#412 = CARTESIAN_POINT ( 'NONE',  ( -18.74999961789114522, -16.00000112159999333, -0.7499999985999999952 ) ) ;
#413 = CARTESIAN_POINT ( 'NONE',  ( -9.334936304585927047, 21.16858394533158005, 0.4499999986000000618 ) ) ;
#414 = CARTESIAN_POINT ( 'NONE',  ( -13.49999998640763543, 12.99999995879999659, 0.7500000026999951164 ) ) ;
#415 = CARTESIAN_POINT ( 'NONE',  ( -14.09768588834735858, -14.84022465761484888, 0.7499999985999998842 ) ) ;
#416 = VERTEX_POINT ( 'NONE', #2508 ) ;
#417 = CARTESIAN_POINT ( 'NONE',  ( -23.99999922709108091, 4.333332930133356520, -0.7499999985999999952 ) ) ;
#418 = EDGE_CURVE ( 'NONE', #2565, #3171, #3521, .T. ) ;
#419 = CARTESIAN_POINT ( 'NONE',  ( 24.49999881970884985, -2.499998835400002228, 0.4499999986000000618 ) ) ;
#420 = VERTEX_POINT ( 'NONE', #3261 ) ;
#421 = VERTEX_POINT ( 'NONE', #1102 ) ;
#422 = CARTESIAN_POINT ( 'NONE',  ( 22.60848662851055835, 5.793020560065187397, 0.7499999985999999952 ) ) ;
#423 = CARTESIAN_POINT ( 'NONE',  ( 22.93089519449240754, 11.16589734654370325, -0.7499999986000002172 ) ) ;
#424 = VERTEX_POINT ( 'NONE', #1452 ) ;
#425 = CARTESIAN_POINT ( 'NONE',  ( 20.87345546952735020, -1.026059256677802178, 0.2500000002878696725 ) ) ;
#426 = CARTESIAN_POINT ( 'NONE',  ( -8.785898446668605644, -23.21762278431113558, 0.4499999986000000618 ) ) ;
#427 = CARTESIAN_POINT ( 'NONE',  ( 4.999999999108855953, 8.999999983200002163, 0.4499999986000000618 ) ) ;
#428 = CARTESIAN_POINT ( 'NONE',  ( -17.07500012309112591, -29.57476746960002600, 0.1500000047999999753 ) ) ;
#429 = B_SPLINE_CURVE_WITH_KNOTS ( 'NONE', 3,
 ( #995, #2069, #1038, #3864 ),
 .UNSPECIFIED., .F., .F.,
 ( 4, 4 ),
 ( 0.2500000025833332695, 1.000000000000000000 ),
 .UNSPECIFIED. ) ;
#430 = ORIENTED_EDGE ( 'NONE', *, *, #1089, .F. ) ;
#431 = DIRECTION ( 'NONE',  ( 0.000000000000000000, 0.000000000000000000, -1.000000000000000000 ) ) ;
#432 = EDGE_CURVE ( 'NONE', #4493, #1658, #1739, .T. ) ;
#433 = CARTESIAN_POINT ( 'NONE',  ( 29.67490524842835953, -16.53394930532025953, 0.7499999963647600021 ) ) ;
#434 = CARTESIAN_POINT ( 'NONE',  ( -16.50000000309112380, -16.00000112159999333, -0.2499999995333333780 ) ) ;
#435 = ORIENTED_EDGE ( 'NONE', *, *, #3930, .F. ) ;
#436 = CARTESIAN_POINT ( 'NONE',  ( 9.870457309792955769, -2.692505609425151825, 0.7499999986000002172 ) ) ;
#437 = CARTESIAN_POINT ( 'NONE',  ( 37.99999881990883921, 5.523595226599997687, -0.7499999985999999952 ) ) ;
#438 = EDGE_LOOP ( 'NONE', ( #1186, #1191, #187, #4167 ) ) ;
#439 = AXIS2_PLACEMENT_3D ( 'NONE', #1697, #4589, #4243 ) ;
#440 = CARTESIAN_POINT ( 'NONE',  ( 26.50000000130886590, 1.168400015627568678E-06, 0.4499999986000000618 ) ) ;
#441 = AXIS2_PLACEMENT_3D ( 'NONE', #2902, #3192, #775 ) ;
#442 = CARTESIAN_POINT ( 'NONE',  ( -13.49999998329112749, -13.00000112720001511, 0.2499999995333333780 ) ) ;
#443 = ORIENTED_EDGE ( 'NONE', *, *, #4468, .T. ) ;
#444 = ORIENTED_EDGE ( 'NONE', *, *, #3539, .T. ) ;
#445 = ADVANCED_FACE ( 'NONE', ( #4300 ), #2550, .F. ) ;
#446 = CARTESIAN_POINT ( 'NONE',  ( 13.50000011870889338, -3.571850829636981306, -0.7499999985999999952 ) ) ;
#447 = AXIS2_PLACEMENT_3D ( 'NONE', #3646, #431, #3291 ) ;
#448 = FACE_OUTER_BOUND ( 'NONE', #488, .T. ) ;
#449 = VERTEX_POINT ( 'NONE', #3214 ) ;
#450 = CYLINDRICAL_SURFACE ( 'NONE', #2429, 1.499999997199990220 ) ;
#451 = DIRECTION ( 'NONE',  ( 0.000000000000000000, 0.000000000000000000, 1.000000000000000000 ) ) ;
#452 = ADVANCED_FACE ( 'NONE', ( #4278 ), #3992, .F. ) ;
#453 = CARTESIAN_POINT ( 'NONE',  ( -28.75512961490122521, -26.54838572452899825, -0.7499999986000001062 ) ) ;
#454 = CARTESIAN_POINT ( 'NONE',  ( 5.000000075308871139, -23.99999987900000420, -0.2499999995333333780 ) ) ;
#455 = ORIENTED_EDGE ( 'NONE', *, *, #4281, .T. ) ;
#456 = CARTESIAN_POINT ( 'NONE',  ( 17.52606057095537651, 13.53463500962698340, -0.7499999953385155793 ) ) ;
#457 = DIRECTION ( 'NONE',  ( 0.000000000000000000, 0.000000000000000000, 1.000000000000000000 ) ) ;
#458 = EDGE_CURVE ( 'NONE', #3544, #2477, #3750, .T. ) ;
#459 = EDGE_CURVE ( 'NONE', #4417, #39, #1231, .T. ) ;
#460 = CARTESIAN_POINT ( 'NONE',  ( -18.07092947489116597, 28.99976737499998336, 0.4499999986000000618 ) ) ;
#461 = VERTEX_POINT ( 'NONE', #1470 ) ;
#462 = CARTESIAN_POINT ( 'NONE',  ( -13.49999998329112749, -4.333334098533342171, 0.7499999985999999952 ) ) ;
#463 = CARTESIAN_POINT ( 'NONE',  ( -13.57612046955141061, 13.78069862837214643, 0.7499999986000002172 ) ) ;
#464 = VERTEX_POINT ( 'NONE', #2903 ) ;
#465 = EDGE_CURVE ( 'NONE', #4510, #2889, #727, .T. ) ;
#466 = CARTESIAN_POINT ( 'NONE',  ( 4.000000017908872607, -29.00000001360000823, 0.7499999985999999952 ) ) ;
#467 = DIRECTION ( 'NONE',  ( -1.000000000000000000, 0.000000000000000000, 0.000000000000000000 ) ) ;
#468 = VERTEX_POINT ( 'NONE', #1496 ) ;
#469 = ORIENTED_EDGE ( 'NONE', *, *, #2249, .T. ) ;
#470 = DIRECTION ( 'NONE',  ( 0.000000000000000000, 0.000000000000000000, -1.000000000000000000 ) ) ;
#471 = DIRECTION ( 'NONE',  ( 0.4539905088454517235, 0.8910065195486776002, 0.000000000000000000 ) ) ;
#472 = ORIENTED_EDGE ( 'NONE', *, *, #2278, .T. ) ;
#473 = CARTESIAN_POINT ( 'NONE',  ( -9.999999998291153602, -8.999999932400033487, 0.7499999985999999952 ) ) ;
#474 = VECTOR ( 'NONE', #1356, 1000.000000000000000 ) ;
#475 = CARTESIAN_POINT ( 'NONE',  ( -14.41506335509112802, -19.96762242180000158, 0.4499999986000000618 ) ) ;
#476 = ADVANCED_FACE ( 'NONE', ( #448 ), #1924, .T. ) ;
#477 = AXIS2_PLACEMENT_3D ( 'NONE', #2396, #3839, #4563 ) ;
#478 = CARTESIAN_POINT ( 'NONE',  ( -14.77500015109115061, -27.58290912159999664, 0.4499999986000000618 ) ) ;
#479 = ADVANCED_FACE ( 'NONE', ( #163 ), #3755, .T. ) ;
#480 = DIRECTION ( 'NONE',  ( 0.000000000000000000, 0.000000000000000000, 1.000000000000000000 ) ) ;
#481 = AXIS2_PLACEMENT_3D ( 'NONE', #3981, #2986, #2208 ) ;
#482 = VERTEX_POINT ( 'NONE', #892 ) ;
#483 = VECTOR ( 'NONE', #2672, 1000.000000000000000 ) ;
#484 = CARTESIAN_POINT ( 'NONE',  ( 37.99999881990883921, -6.285393118800001844, 0.2499999995333333780 ) ) ;
#485 = CIRCLE ( 'NONE', #105, 1.499999997199990220 ) ;
#486 = B_SPLINE_CURVE_WITH_KNOTS ( 'NONE', 3,
 ( #2309, #492, #3087, #1660 ),
 .UNSPECIFIED., .F., .F.,
 ( 4, 4 ),
 ( 0.000000000000000000, 1.000000000000000000 ),
 .UNSPECIFIED. ) ;
#487 = LINE ( 'NONE', #1206, #4333 ) ;
#488 = EDGE_LOOP ( 'NONE', ( #1337, #2380, #3772, #4307 ) ) ;
#489 = CARTESIAN_POINT ( 'NONE',  ( 23.65695811100185253, 9.202560497567514375, -0.7499999936602953499 ) ) ;
#490 = ORIENTED_EDGE ( 'NONE', *, *, #887, .F. ) ;
#491 = DIRECTION ( 'NONE',  ( 1.000000000000000000, 0.000000000000000000, 0.000000000000000000 ) ) ;
#492 = CARTESIAN_POINT ( 'NONE',  ( 13.07273008170882633, -32.00000112559997234, -0.2500000025432767004 ) ) ;
#493 = CARTESIAN_POINT ( 'NONE',  ( -15.53589821774162338, 34.90896506587498749, -0.7499999985999999952 ) ) ;
#494 = ORIENTED_EDGE ( 'NONE', *, *, #1575, .F. ) ;
#495 = VERTEX_POINT ( 'NONE', #1541 ) ;
#496 = CARTESIAN_POINT ( 'NONE',  ( 13.50000013010338407, 10.71555715438349310, -0.7499999952333064046 ) ) ;
#497 = FACE_OUTER_BOUND ( 'NONE', #2119, .T. ) ;
#498 = EDGE_LOOP ( 'NONE', ( #231, #2305 ) ) ;
#499 = DIRECTION ( 'NONE',  ( -1.000000000000000000, 0.000000000000000000, 0.000000000000000000 ) ) ;
#500 = CARTESIAN_POINT ( 'NONE',  ( -8.785898189750119158, 23.21762208034400388, 0.7499999985999999952 ) ) ;
#501 = CARTESIAN_POINT ( 'NONE',  ( 16.04386117721077909, -22.32388659845170764, -0.7499999985999999952 ) ) ;
#502 = CARTESIAN_POINT ( 'NONE',  ( 21.87531874983037028, -18.19180265394748730, -0.7499999958137953948 ) ) ;
#503 = CARTESIAN_POINT ( 'NONE',  ( -9.567427771888626253, -21.03435567363848335, 0.7499999985999999952 ) ) ;
#504 = CARTESIAN_POINT ( 'NONE',  ( -17.99999974629112742, 15.99999995320000679, 0.7499999985999999952 ) ) ;
#505 = ORIENTED_EDGE ( 'NONE', *, *, #1278, .F. ) ;
#506 = CARTESIAN_POINT ( 'NONE',  ( 20.65692436210886385, 9.202560462000020536, 9.757819552369539906E-16 ) ) ;
#507 = EDGE_LOOP ( 'NONE', ( #64, #384 ) ) ;
#508 = LINE ( 'NONE', #2615, #2917 ) ;
#509 = CARTESIAN_POINT ( 'NONE',  ( 15.22190043410885529, -23.20533159279998259, 0.2499999995333333780 ) ) ;
#510 = CARTESIAN_POINT ( 'NONE',  ( 5.500000015108863494, -29.00000001360000823, 0.1500000047999999753 ) ) ;
#511 = ORIENTED_EDGE ( 'NONE', *, *, #1172, .F. ) ;
#512 = VERTEX_POINT ( 'NONE', #3001 ) ;
#513 = AXIS2_PLACEMENT_3D ( 'NONE', #272, #2823, #4545 ) ;
#514 = CARTESIAN_POINT ( 'NONE',  ( 13.50000011870889338, 3.571853160526018645, -0.7499999985999999952 ) ) ;
#515 = CARTESIAN_POINT ( 'NONE',  ( 13.07273008170881567, -28.66131842020002196, -0.2499999984148046916 ) ) ;
#516 = VERTEX_POINT ( 'NONE', #4416 ) ;
#517 = CARTESIAN_POINT ( 'NONE',  ( -8.584936287291206725, 22.46762206999999734, 0.4499999986000000618 ) ) ;
#518 = EDGE_CURVE ( 'NONE', #681, #1335, #3191, .T. ) ;
#519 = CARTESIAN_POINT ( 'NONE',  ( 23.65695811307835683, -9.202558160769507722, 0.7499999951323020886 ) ) ;
#520 = B_SPLINE_CURVE_WITH_KNOTS ( 'NONE', 3,
 ( #2003, #1555, #219, #3011 ),
 .UNSPECIFIED., .F., .F.,
 ( 4, 4 ),
 ( 0.000000000000000000, 1.000000000000000000 ),
 .UNSPECIFIED. ) ;
#521 = AXIS2_PLACEMENT_3D ( 'NONE', #1177, #758, #2203 ) ;
#522 = CARTESIAN_POINT ( 'NONE',  ( -6.499999987891136755, 8.999999983200002163, 0.1500000047999999753 ) ) ;
#523 = CARTESIAN_POINT ( 'NONE',  ( 34.03283988437551955, 13.29702266506666497, 0.7499999985999999952 ) ) ;
#524 = AXIS2_PLACEMENT_3D ( 'NONE', #3632, #1916, #2944 ) ;
#525 = CARTESIAN_POINT ( 'NONE',  ( -11.80642531048511934, -37.06217839597849917, -0.7499999963850274565 ) ) ;
#526 = CARTESIAN_POINT ( 'NONE',  ( -11.75000000349110607, 22.94967320139998535, 0.4499999986000000618 ) ) ;
#527 = ORIENTED_EDGE ( 'NONE', *, *, #3433, .T. ) ;
#528 = DIRECTION ( 'NONE',  ( -1.000000000000000000, 5.631853005364407380E-10, 0.000000000000000000 ) ) ;
#529 = EDGE_LOOP ( 'NONE', ( #3188, #3752, #2853, #1304 ) ) ;
#530 = CARTESIAN_POINT ( 'NONE',  ( -16.07907107609113240, -30.14976746259997853, 0.4499999986000000618 ) ) ;
#531 = ADVANCED_FACE ( 'NONE', ( #4464 ), #1898, .T. ) ;
#532 = DIRECTION ( 'NONE',  ( 1.000000000000000000, 0.000000000000000000, 0.000000000000000000 ) ) ;
#533 = CYLINDRICAL_SURFACE ( 'NONE', #1815, 8.000000002000039245 ) ;
#534 = ORIENTED_EDGE ( 'NONE', *, *, #85, .F. ) ;
#535 = ORIENTED_EDGE ( 'NONE', *, *, #3794, .T. ) ;
#536 = B_SPLINE_CURVE_WITH_KNOTS ( 'NONE', 3,
 ( #627, #3485, #3463, #3113 ),
 .UNSPECIFIED., .F., .F.,
 ( 4, 4 ),
 ( 0.000000000000000000, 1.000000000000000000 ),
 .UNSPECIFIED. ) ;
#537 = CARTESIAN_POINT ( 'NONE',  ( 22.71886937552850938, 11.38696049414531153, 0.7499999986000002172 ) ) ;
#538 = CARTESIAN_POINT ( 'NONE',  ( 0.5813249401088963486, 31.47012192119997565, 0.2499999995333333780 ) ) ;
#539 = EDGE_LOOP ( 'NONE', ( #2584, #1522, #3044, #2280 ) ) ;
#540 = DIRECTION ( 'NONE',  ( 0.000000000000000000, 0.000000000000000000, -1.000000000000000000 ) ) ;
#541 = FACE_BOUND ( 'NONE', #974, .T. ) ;
#542 = EDGE_CURVE ( 'NONE', #117, #338, #870, .T. ) ;
#543 = EDGE_CURVE ( 'NONE', #4088, #495, #3169, .T. ) ;
#544 = B_SPLINE_CURVE_WITH_KNOTS ( 'NONE', 3,
 ( #55, #3623, #2985, #3980, #1091, #2515, #3961, #762, #4349, #736 ),
 .UNSPECIFIED., .F., .F.,
 ( 4, 2, 2, 2, 4 ),
 ( 0.000000000000000000, 0.2500000000000002220, 0.5000000000000004441, 0.7500000000000002220, 1.000000000000000000 ),
 .UNSPECIFIED. ) ;
#545 = CARTESIAN_POINT ( 'NONE',  ( -15.53589821774162338, 34.90896506587498749, -0.7499999985999999952 ) ) ;
#546 = CARTESIAN_POINT ( 'NONE',  ( -13.04958235692485147, 36.34444032371423816, 0.7499999985999999952 ) ) ;
#547 = VERTEX_POINT ( 'NONE', #2670 ) ;
#548 = CARTESIAN_POINT ( 'NONE',  ( 7.249999994908856493, 8.999999983200002163, 0.4499999986000000618 ) ) ;
#549 = CARTESIAN_POINT ( 'NONE',  ( -10.71144054640324939, -37.60256209598632893, -0.7499999985999998842 ) ) ;
#550 = APPROVAL_STATUS ( 'not_yet_approved' ) ;
#551 = VECTOR ( 'NONE', #1052, 1000.000000000000114 ) ;
#552 = CARTESIAN_POINT ( 'NONE',  ( 37.99999880989285117, -6.285393121375021153, 0.7499999958985381632 ) ) ;
#553 = CARTESIAN_POINT ( 'NONE',  ( 23.65692435650887404, 9.202560462000032970, 0.2499999992337134380 ) ) ;
#554 = ORIENTED_EDGE ( 'NONE', *, *, #4635, .F. ) ;
#555 = CARTESIAN_POINT ( 'NONE',  ( -22.51540116161295657, 15.61939760529018528, 0.7499999986000002172 ) ) ;
#556 = AXIS2_PLACEMENT_3D ( 'NONE', #3289, #11, #50 ) ;
#557 = VECTOR ( 'NONE', #2124, 1000.000000000000000 ) ;
#558 = CYLINDRICAL_SURFACE ( 'NONE', #1603, 1.499999997199990220 ) ;
#559 = DIRECTION ( 'NONE',  ( 1.000000000000000000, 0.000000000000000000, 0.000000000000000000 ) ) ;
#560 = VERTEX_POINT ( 'NONE', #1196 ) ;
#561 = ORIENTED_EDGE ( 'NONE', *, *, #825, .F. ) ;
#562 = EDGE_CURVE ( 'NONE', #950, #2774, #2694, .T. ) ;
#563 = DIRECTION ( 'NONE',  ( 0.000000000000000000, 0.000000000000000000, 1.000000000000000000 ) ) ;
#564 = CARTESIAN_POINT ( 'NONE',  ( 34.15000001750889425, 1.149999986000016516, 0.4499999986000000618 ) ) ;
#565 = ORIENTED_EDGE ( 'NONE', *, *, #3579, .T. ) ;
#566 = CARTESIAN_POINT ( 'NONE',  ( 14.03930590728761274, -24.81646059829225948, -0.7499999985999998842 ) ) ;
#567 = ORIENTED_EDGE ( 'NONE', *, *, #542, .F. ) ;
#568 = FACE_OUTER_BOUND ( 'NONE', #1583, .T. ) ;
#569 = FACE_OUTER_BOUND ( 'NONE', #507, .T. ) ;
#570 = DIRECTION ( 'NONE',  ( -0.000000000000000000, -0.000000000000000000, -1.000000000000000000 ) ) ;
#571 = ORIENTED_EDGE ( 'NONE', *, *, #739, .T. ) ;
#572 = CARTESIAN_POINT ( 'NONE',  ( -13.88060233979254754, 14.51540188222748995, 0.7499999986000001062 ) ) ;
#573 = DIRECTION ( 'NONE',  ( -0.000000000000000000, -0.000000000000000000, -1.000000000000000000 ) ) ;
#574 = COORDINATED_UNIVERSAL_TIME_OFFSET ( 1, 0, .AHEAD. ) ;
#575 = DIRECTION ( 'NONE',  ( 0.000000000000000000, 0.000000000000000000, 1.000000000000000000 ) ) ;
#576 = DIRECTION ( 'NONE',  ( -1.000000000000000000, 0.000000000000000000, 0.000000000000000000 ) ) ;
#577 = ORIENTED_EDGE ( 'NONE', *, *, #3036, .F. ) ;
#578 = EDGE_CURVE ( 'NONE', #3473, #354, #4207, .T. ) ;
#579 = CARTESIAN_POINT ( 'NONE',  ( -20.99999923674764091, 15.99999995098400163, 0.7499999992146959560 ) ) ;
#580 = B_SPLINE_CURVE_WITH_KNOTS ( 'NONE', 3,
 ( #1591, #1244, #4463, #4111, #537, #938, #3420, #3944, #2013, #3448, #3401, #718, #2830, #4288 ),
 .UNSPECIFIED., .F., .F.,
 ( 4, 2, 2, 2, 2, 2, 4 ),
 ( 0.000000000000000000, 0.1943846050178223150, 0.2915769075267334864, 0.3887692100356446301, 0.5831538150534669729, 0.6803461175623783941, 0.7775384200712899263 ),
 .UNSPECIFIED. ) ;
#581 = DIRECTION ( 'NONE',  ( 1.000000000000000000, 0.000000000000000000, 0.000000000000000000 ) ) ;
#582 = CYLINDRICAL_SURFACE ( 'NONE', #3175, 8.000000002000039245 ) ;
#583 = ORIENTED_EDGE ( 'NONE', *, *, #70, .T. ) ;
#584 = ORIENTED_EDGE ( 'NONE', *, *, #4581, .F. ) ;
#585 = PLANE ( 'NONE',  #1410 ) ;
#586 = B_SPLINE_CURVE_WITH_KNOTS ( 'NONE', 3,
 ( #1858, #4074, #3717, #4399, #1182, #2609 ),
 .UNSPECIFIED., .F., .F.,
 ( 4, 2, 4 ),
 ( 0.000000000000000000, 0.2544818374777340075, 0.5089636749554680151 ),
 .UNSPECIFIED. ) ;
#587 = CARTESIAN_POINT ( 'NONE',  ( 20.69253333290238572, 1.167984015060241632E-06, 0.7500000003276501293 ) ) ;
#588 = ORIENTED_EDGE ( 'NONE', *, *, #1265, .F. ) ;
#589 = CARTESIAN_POINT ( 'NONE',  ( 23.59898172112258052, -9.811646145302033162, 0.7499999985999998842 ) ) ;
#590 = EDGE_LOOP ( 'NONE', ( #4645, #3476, #2700, #2033 ) ) ;
#591 = CARTESIAN_POINT ( 'NONE',  ( -13.66506323703964298, -18.66858433255250205, 0.4499999986000000618 ) ) ;
#592 = CIRCLE ( 'NONE', #3207, 2.249999995800000541 ) ;
#593 = EDGE_CURVE ( 'NONE', #3074, #1955, #630, .T. ) ;
#594 = LINE ( 'NONE', #2041, #1266 ) ;
#595 = CARTESIAN_POINT ( 'NONE',  ( -3.619084199871289709, 36.03403485776661341, 0.7499999944232000892 ) ) ;
#596 = CIRCLE ( 'NONE', #1481, 1.150000316200029626 ) ;
#597 = CARTESIAN_POINT ( 'NONE',  ( -14.92907095960271846, -28.15790911661428098, -0.7499999985999999952 ) ) ;
#598 = CARTESIAN_POINT ( 'NONE',  ( 36.11947483817385063, 11.05938056825500659, -0.7499999954800304902 ) ) ;
#599 = APPROVAL_ROLE ( '' ) ;
#600 = CIRCLE ( 'NONE', #2093, 1.149999833600010790 ) ;
#601 = ADVANCED_FACE ( 'NONE', ( #497 ), #2647, .T. ) ;
#602 = EDGE_CURVE ( 'NONE', #424, #2097, #3918, .T. ) ;
#603 = EDGE_CURVE ( 'NONE', #1810, #1150, #2742, .T. ) ;
#604 = CARTESIAN_POINT ( 'NONE',  ( -28.38169372084465891, 27.03446100174192068, 0.7500000111498402733 ) ) ;
#605 = B_SPLINE_CURVE_WITH_KNOTS ( 'NONE', 3,
 ( #1316, #4232, #3451, #589, #3495, #2413, #3101, #3145, #232, #4579, #2038, #4555, #1336, #1358, #2773 ),
 .UNSPECIFIED., .F., .F.,
 ( 4, 2, 2, 2, 1, 2, 2, 4 ),
 ( 0.2224837898438794814, 0.3196733161133946677, 0.4168628423829098262, 0.5140523686524250957, 0.6112418949219402542, 0.7084314211914555237, 0.8056209474609706822, 1.000000000000000000 ),
 .UNSPECIFIED. ) ;
#606 = ORIENTED_EDGE ( 'NONE', *, *, #3325, .T. ) ;
#607 = AXIS2_PLACEMENT_3D ( 'NONE', #2796, #3858, #1669 ) ;
#608 = EDGE_LOOP ( 'NONE', ( #1478, #1666, #301, #3878, #3889 ) ) ;
#609 = CARTESIAN_POINT ( 'NONE',  ( -1.749999988291145447, -29.00000001360000823, 0.7499999985999999952 ) ) ;
#610 = EDGE_CURVE ( 'NONE', #92, #317, #4148, .T. ) ;
#611 = PLANE ( 'NONE',  #1897 ) ;
#612 = CARTESIAN_POINT ( 'NONE',  ( 13.50000012534788318, -10.71555481374200625, 0.7499999961666700132 ) ) ;
#613 = ORIENTED_EDGE ( 'NONE', *, *, #3813, .F. ) ;
#614 = ORIENTED_EDGE ( 'NONE', *, *, #1147, .T. ) ;
#615 = PLANE ( 'NONE',  #3822 ) ;
#616 = CARTESIAN_POINT ( 'NONE',  ( 34.15000001750878766, 1.149999986000016516, 0.1500000027333333319 ) ) ;
#617 = ORIENTED_EDGE ( 'NONE', *, *, #2757, .T. ) ;
#618 = CARTESIAN_POINT ( 'NONE',  ( 20.69259795154970405, -0.3524752443711300365, -0.7499999985999999952 ) ) ;
#619 = VERTEX_POINT ( 'NONE', #3025 ) ;
#620 = PLANE ( 'NONE',  #3371 ) ;
#621 = FACE_OUTER_BOUND ( 'NONE', #829, .T. ) ;
#622 = LINE ( 'NONE', #2725, #919 ) ;
#623 = ORIENTED_EDGE ( 'NONE', *, *, #252, .T. ) ;
#624 = CARTESIAN_POINT ( 'NONE',  ( -29.99999924208163193, 22.51666060540000203, -0.7500000018499041188 ) ) ;
#625 = CARTESIAN_POINT ( 'NONE',  ( -23.99999922900014582, 12.99999995879999659, 0.7499999991378600850 ) ) ;
#626 = EDGE_CURVE ( 'NONE', #1714, #1642, #3514, .T. ) ;
#627 = CARTESIAN_POINT ( 'NONE',  ( -8.306424952585157229, 37.99999994548999638, -0.7499999991483438100 ) ) ;
#628 = EDGE_LOOP ( 'NONE', ( #4295, #1171, #4352, #3156, #3833 ) ) ;
#629 = EDGE_LOOP ( 'NONE', ( #280, #534, #4238, #881 ) ) ;
#630 = CIRCLE ( 'NONE', #396, 1.499999997199990220 ) ;
#631 = CARTESIAN_POINT ( 'NONE',  ( -23.99999922900014582, 12.99999995879999659, 0.7499999991378600850 ) ) ;
#632 = CARTESIAN_POINT ( 'NONE',  ( 13.07273008443635121, -28.66131842410299413, -0.7499999982652157948 ) ) ;
#633 = AXIS2_PLACEMENT_3D ( 'NONE', #2870, #743, #2520 ) ;
#634 = DIRECTION ( 'NONE',  ( 1.000000000000000000, 0.000000000000000000, 0.000000000000000000 ) ) ;
#635 = VERTEX_POINT ( 'NONE', #281 ) ;
#636 = LOCAL_TIME ( 12, 51, 23.00000000000000000, #1627 ) ;
#637 = DIRECTION ( 'NONE',  ( 0.000000000000000000, 0.000000000000000000, -1.000000000000000000 ) ) ;
#638 = ORIENTED_EDGE ( 'NONE', *, *, #719, .F. ) ;
#639 = DIRECTION ( 'NONE',  ( 0.000000000000000000, 0.000000000000000000, 1.000000000000000000 ) ) ;
#640 = VERTEX_POINT ( 'NONE', #940 ) ;
#641 = DIRECTION ( 'NONE',  ( 1.000000000000000000, 0.000000000000000000, 0.000000000000000000 ) ) ;
#642 = B_SPLINE_CURVE_WITH_KNOTS ( 'NONE', 3,
 ( #4354, #462, #3629, #414 ),
 .UNSPECIFIED., .F., .F.,
 ( 4, 4 ),
 ( 0.000000000000000000, 1.000000000000000000 ),
 .UNSPECIFIED. ) ;
#643 = CARTESIAN_POINT ( 'NONE',  ( 14.06140052642225058, -12.52789910737873846, 0.7499999986000001062 ) ) ;
#644 = CARTESIAN_POINT ( 'NONE',  ( -6.499999987891136755, 8.999999983200002163, -0.7499999985999999952 ) ) ;
#645 = ORIENTED_EDGE ( 'NONE', *, *, #1361, .T. ) ;
#646 = CARTESIAN_POINT ( 'NONE',  ( -20.99999923269113467, -16.00000112159999333, -0.2499999995333333780 ) ) ;
#647 = CARTESIAN_POINT ( 'NONE',  ( -20.99999923480563879, -16.00000112238050676, -0.7499999982814162802 ) ) ;
#648 = CARTESIAN_POINT ( 'NONE',  ( -29.36760971020443378, 25.48763570932177203, 0.7500000111498404953 ) ) ;
#649 = CARTESIAN_POINT ( 'NONE',  ( 36.11947526929787244, -11.05938028777550564, 0.7499999957184361188 ) ) ;
#650 = EDGE_LOOP ( 'NONE', ( #816, #1219, #2666, #2073, #4626, #813, #3697, #4551, #2769, #1209 ) ) ;
#651 = DIRECTION ( 'NONE',  ( -0.8660254044612840651, -0.4999999988276693785, 0.000000000000000000 ) ) ;
#652 = EDGE_CURVE ( 'NONE', #1163, #999, #2014, .T. ) ;
#653 = CARTESIAN_POINT ( 'NONE',  ( -10.71141532103923488, 37.60246797713867295, -0.7499999986000001062 ) ) ;
#654 = CARTESIAN_POINT ( 'NONE',  ( -4.999999990691144980, 1.000000040466492157, -0.7499999977542054497 ) ) ;
#655 = ORIENTED_EDGE ( 'NONE', *, *, #952, .F. ) ;
#656 = CARTESIAN_POINT ( 'NONE',  ( -22.46410144456165270, 30.90896507352547218, 0.4499999986000000618 ) ) ;
#657 = ORIENTED_EDGE ( 'NONE', *, *, #3875, .F. ) ;
#658 = PLANE ( 'NONE',  #29 ) ;
#659 = ORIENTED_EDGE ( 'NONE', *, *, #2519, .F. ) ;
#660 = DIRECTION ( 'NONE',  ( -1.000000000000000000, 0.000000000000000000, 0.000000000000000000 ) ) ;
#661 = FACE_OUTER_BOUND ( 'NONE', #3206, .T. ) ;
#662 = DIRECTION ( 'NONE',  ( 0.000000000000000000, 0.000000000000000000, 1.000000000000000000 ) ) ;
#663 = ADVANCED_FACE ( 'NONE', ( #3877, #2744, #4208, #2814, #230, #2714, #4553 ), #205, .T. ) ;
#664 = ORIENTED_EDGE ( 'NONE', *, *, #278, .F. ) ;
#665 = CARTESIAN_POINT ( 'NONE',  ( -28.38401637647485032, 27.03207010786734799, -0.7499999986000001062 ) ) ;
#666 = VECTOR ( 'NONE', #1178, 1000.000000000000000 ) ;
#667 = DIRECTION ( 'NONE',  ( 1.000000000000000000, 0.000000000000000000, 0.000000000000000000 ) ) ;
#668 = B_SPLINE_CURVE_WITH_KNOTS ( 'NONE', 3,
 ( #4030, #82, #4008, #3630, #415, #1509, #3274, #3790, #1275, #4146 ),
 .UNSPECIFIED., .F., .F.,
 ( 4, 2, 2, 2, 4 ),
 ( 0.000000000000000000, 0.2500000000000003886, 0.5000000000000007772, 0.7500000000000011102, 1.000000000000000000 ),
 .UNSPECIFIED. ) ;
#669 = VECTOR ( 'NONE', #1114, 1000.000000000000114 ) ;
#670 = CARTESIAN_POINT ( 'NONE',  ( 37.99999881990883921, -3.999998832599993559, 0.4499999986000000618 ) ) ;
#671 = VERTEX_POINT ( 'NONE', #913 ) ;
#672 = VERTEX_POINT ( 'NONE', #261 ) ;
#673 = CARTESIAN_POINT ( 'NONE',  ( -15.53589923927614613, -34.90896528546699784, -0.7499999985999999952 ) ) ;
#674 = DIRECTION ( 'NONE',  ( -0.5000000034346877564, 0.8660254018014207356, 0.000000000000000000 ) ) ;
#675 = AXIS2_PLACEMENT_3D ( 'NONE', #916, #3050, #3339 ) ;
#676 = CARTESIAN_POINT ( 'NONE',  ( -16.07907051574822432, 30.14976769209048868, -0.4499999890000000446 ) ) ;
#677 = VERTEX_POINT ( 'NONE', #3780 ) ;
#678 = EDGE_CURVE ( 'NONE', #4437, #2482, #785, .T. ) ;
#679 = CARTESIAN_POINT ( 'NONE',  ( -9.567427771888626253, -21.03435567363848335, 0.4499999986000000618 ) ) ;
#680 = ORIENTED_EDGE ( 'NONE', *, *, #1875, .F. ) ;
#681 = VERTEX_POINT ( 'NONE', #304 ) ;
#682 = DIRECTION ( 'NONE',  ( 0.000000000000000000, 0.000000000000000000, 1.000000000000000000 ) ) ;
#683 = PLANE ( 'NONE',  #2086 ) ;
#684 = CARTESIAN_POINT ( 'NONE',  ( 12.91656614195569119, -33.57048842909481579, 0.7500000116040201892 ) ) ;
#685 = ORIENTED_EDGE ( 'NONE', *, *, #4376, .F. ) ;
#686 = CARTESIAN_POINT ( 'NONE',  ( 37.99999880989285117, -6.285393121375021153, 0.7499999958985381632 ) ) ;
#687 = B_SPLINE_CURVE_WITH_KNOTS ( 'NONE', 3,
 ( #322, #3046, #1313, #4508 ),
 .UNSPECIFIED., .F., .F.,
 ( 4, 4 ),
 ( 0.000000000000000000, 0.7499999974166665639 ),
 .UNSPECIFIED. ) ;
#688 = EDGE_CURVE ( 'NONE', #3290, #1163, #2792, .T. ) ;
#689 = CARTESIAN_POINT ( 'NONE',  ( 22.60848662721172175, 5.793020556496705886, -0.7499999985999999952 ) ) ;
#690 = CARTESIAN_POINT ( 'NONE',  ( 10.64442222984219732, 26.34271762179999143, 0.7499999985999999952 ) ) ;
#691 = CARTESIAN_POINT ( 'NONE',  ( 26.50000000130886590, 1.168400015627568678E-06, -0.7499999985999999952 ) ) ;
#692 = ORIENTED_EDGE ( 'NONE', *, *, #4506, .F. ) ;
#693 = CARTESIAN_POINT ( 'NONE',  ( 20.29734337574024750, -12.52596821235571589, 0.7499999985999999952 ) ) ;
#694 = CARTESIAN_POINT ( 'NONE',  ( 34.55449862430887009, 12.73761214219998372, -0.7499999985999999952 ) ) ;
#695 = CARTESIAN_POINT ( 'NONE',  ( -16.07907051729113945, 30.14976769119997613, 0.1500000027333332764 ) ) ;
#696 = AXIS2_PLACEMENT_3D ( 'NONE', #2411, #3853, #4509 ) ;
#697 = B_SPLINE_CURVE_WITH_KNOTS ( 'NONE', 3,
 ( #3051, #1929, #3690, #3736 ),
 .UNSPECIFIED., .F., .F.,
 ( 4, 4 ),
 ( 0.000000000000000000, 1.000000000000000000 ),
 .UNSPECIFIED. ) ;
#698 = DIRECTION ( 'NONE',  ( 0.000000000000000000, 0.000000000000000000, -1.000000000000000000 ) ) ;
#699 = VERTEX_POINT ( 'NONE', #3142 ) ;
#700 = AXIS2_PLACEMENT_3D ( 'NONE', #1143, #2569, #3680 ) ;
#701 = CARTESIAN_POINT ( 'NONE',  ( -9.528107563300990179, 37.91958429893404059, 0.7500000103000189489 ) ) ;
#702 = ORIENTED_EDGE ( 'NONE', *, *, #1776, .F. ) ;
#703 = VECTOR ( 'NONE', #4367, 1000.000000000000114 ) ;
#704 = ORIENTED_EDGE ( 'NONE', *, *, #3219, .F. ) ;
#705 = EDGE_CURVE ( 'NONE', #2612, #2458, #1619, .T. ) ;
#706 = CIRCLE ( 'NONE', #3551, 1.149999833600003685 ) ;
#707 = AXIS2_PLACEMENT_3D ( 'NONE', #1795, #2892, #1065 ) ;
#708 = CARTESIAN_POINT ( 'NONE',  ( 22.99999882048586741, -2.499998824193994107, 0.4499999986000000618 ) ) ;
#709 = CARTESIAN_POINT ( 'NONE',  ( 4.999999999108855953, 8.999999983200002163, 0.1500000047999999753 ) ) ;
#710 = ORIENTED_EDGE ( 'NONE', *, *, #3269, .F. ) ;
#711 = CARTESIAN_POINT ( 'NONE',  ( -17.65000010710671319, -30.57069650103857938, 0.4499999986000000618 ) ) ;
#712 = CARTESIAN_POINT ( 'NONE',  ( -23.99999922709108091, 4.333332927011688263, 0.7499999985999999952 ) ) ;
#713 = CARTESIAN_POINT ( 'NONE',  ( 5.000000075308874692, -23.99999988840001564, -0.7499999992708411556 ) ) ;
#714 = CARTESIAN_POINT ( 'NONE',  ( 17.68778267679838123, -20.56099659838900351, 0.7499999966888120095 ) ) ;
#715 = ORIENTED_EDGE ( 'NONE', *, *, #171, .F. ) ;
#716 = CARTESIAN_POINT ( 'NONE',  ( -8.306424950091152226, 31.00000116980000797, 0.000000000000000000 ) ) ;
#717 = CARTESIAN_POINT ( 'NONE',  ( 10.00000012444206021, -19.65623882835338421, 0.7499999986000001062 ) ) ;
#718 = CARTESIAN_POINT ( 'NONE',  ( 23.64504790514538968, 9.510964544097667783, 0.7499999986000001062 ) ) ;
#719 = EDGE_CURVE ( 'NONE', #1166, #2414, #2861, .T. ) ;
#720 = DIRECTION ( 'NONE',  ( -1.000000000000000000, 0.000000000000000000, 0.000000000000000000 ) ) ;
#721 = VERTEX_POINT ( 'NONE', #3098 ) ;
#722 = B_SPLINE_CURVE_WITH_KNOTS ( 'NONE', 3,
 ( #770, #1489, #1512, #1141 ),
 .UNSPECIFIED., .F., .F.,
 ( 4, 4 ),
 ( 0.5000000000000000000, 1.000000000000000000 ),
 .UNSPECIFIED. ) ;
#723 = CARTESIAN_POINT ( 'NONE',  ( -10.70820839579758399, 37.60337722817698847, 0.7500000103000110663 ) ) ;
#724 = ORIENTED_EDGE ( 'NONE', *, *, #2383, .F. ) ;
#725 = ORIENTED_EDGE ( 'NONE', *, *, #4226, .T. ) ;
#726 = CARTESIAN_POINT ( 'NONE',  ( 7.857061372033031788, -37.96157168151012229, -0.7499999986000001062 ) ) ;
#727 = LINE ( 'NONE', #4339, #3015 ) ;
#728 = EDGE_LOOP ( 'NONE', ( #834, #1466, #244, #3753 ) ) ;
#729 = CARTESIAN_POINT ( 'NONE',  ( 22.99999881485983977, 2.500001172199977972, 0.7499999985999999952 ) ) ;
#730 = B_SPLINE_CURVE_WITH_KNOTS ( 'NONE', 3,
 ( #1833, #1087, #454, #3937 ),
 .UNSPECIFIED., .F., .F.,
 ( 4, 4 ),
 ( 0.000000000000000000, 1.000000000000000000 ),
 .UNSPECIFIED. ) ;
#731 = CARTESIAN_POINT ( 'NONE',  ( 15.22190043251636737, -23.20533159131552026, -0.7499999983070638754 ) ) ;
#732 = ADVANCED_FACE ( 'NONE', ( #2036, #3421, #1314 ), #3162, .T. ) ;
#733 = CARTESIAN_POINT ( 'NONE',  ( -19.49999949325041015, -16.00000112159998267, -0.7499999985999999952 ) ) ;
#734 = LINE ( 'NONE', #1809, #3248 ) ;
#735 = ORIENTED_EDGE ( 'NONE', *, *, #3310, .F. ) ;
#736 = CARTESIAN_POINT ( 'NONE',  ( -9.999999994541152404, -3.999999950200006094, -0.7499999976333775464 ) ) ;
#737 = EDGE_CURVE ( 'NONE', #1312, #889, #2639, .T. ) ;
#738 = CARTESIAN_POINT ( 'NONE',  ( 24.49999881205985730, 4.000001177026008214, 0.4499999986000000618 ) ) ;
#739 = EDGE_CURVE ( 'NONE', #1400, #4542, #4230, .T. ) ;
#740 = AXIS2_PLACEMENT_3D ( 'NONE', #1712, #1734, #3455 ) ;
#741 = CARTESIAN_POINT ( 'NONE',  ( 24.20961808800307224, -17.69563199466821501, -0.7499999985999999952 ) ) ;
#742 = CARTESIAN_POINT ( 'NONE',  ( 26.50000000130886590, 1.168400015627568678E-06, 0.4499999986000000618 ) ) ;
#743 = DIRECTION ( 'NONE',  ( 0.9396926202337723133, -0.3420201448426501423, 0.000000000000000000 ) ) ;
#744 = ORIENTED_EDGE ( 'NONE', *, *, #964, .F. ) ;
#745 = ADVANCED_FACE ( 'NONE', ( #3071 ), #987, .T. ) ;
#746 = B_SPLINE_CURVE_WITH_KNOTS ( 'NONE', 3,
 ( #1441, #1534, #3252, #4310, #4029, #1838, #2539, #37, #1164, #2187 ),
 .UNSPECIFIED., .F., .F.,
 ( 4, 2, 2, 2, 4 ),
 ( 0.000000000000000000, 0.2500000000000000000, 0.5000000000000000000, 0.7500000000000000000, 1.000000000000000000 ),
 .UNSPECIFIED. ) ;
#747 = EDGE_CURVE ( 'NONE', #2596, #2715, #222, .T. ) ;
#748 = AXIS2_PLACEMENT_3D ( 'NONE', #1133, #3693, #4025 ) ;
#749 = CARTESIAN_POINT ( 'NONE',  ( 6.770886629148265001E-08, 1.000000031999986883, -0.7499999985999999952 ) ) ;
#750 = EDGE_LOOP ( 'NONE', ( #1630, #19 ) ) ;
#751 = CIRCLE ( 'NONE', #2616, 1.150000316200026296 ) ;
#752 = EDGE_LOOP ( 'NONE', ( #2261, #134 ) ) ;
#753 = CYLINDRICAL_SURFACE ( 'NONE', #441, 1.150000316200030737 ) ;
#754 = CARTESIAN_POINT ( 'NONE',  ( -17.07500012309112591, -29.57476746960002600, 0.4499999986000000618 ) ) ;
#755 = EDGE_LOOP ( 'NONE', ( #284, #87 ) ) ;
#756 = DIRECTION ( 'NONE',  ( 0.000000000000000000, 0.000000000000000000, 1.000000000000000000 ) ) ;
#757 = B_SPLINE_CURVE_WITH_KNOTS ( 'NONE', 3,
 ( #309, #4539, #2088, #3168, #2416, #3861, #643, #236, #3108, #3498 ),
 .UNSPECIFIED., .F., .F.,
 ( 4, 2, 2, 2, 4 ),
 ( 0.000000000000000000, 0.2500000000000000000, 0.5000000000000000000, 0.7500000000000000000, 1.000000000000000000 ),
 .UNSPECIFIED. ) ;
#758 = DIRECTION ( 'NONE',  ( 0.000000000000000000, 0.000000000000000000, 1.000000000000000000 ) ) ;
#759 = CARTESIAN_POINT ( 'NONE',  ( 34.15000001750889425, 1.149999986000016516, -0.4499999890000000446 ) ) ;
#760 = CARTESIAN_POINT ( 'NONE',  ( 34.15000001750889425, 0.000000000000000000, 0.4499999986000000618 ) ) ;
#761 = ORIENTED_EDGE ( 'NONE', *, *, #3908, .F. ) ;
#762 = CARTESIAN_POINT ( 'NONE',  ( -9.870457177667445237, -2.692505608908750681, -0.7499999986000002172 ) ) ;
#763 = MECHANICAL_CONTEXT ( 'NONE', #1675, 'mechanical' ) ;
#764 = EDGE_CURVE ( 'NONE', #4483, #2404, #2288, .T. ) ;
#765 = EDGE_CURVE ( 'NONE', #464, #3611, #2874, .T. ) ;
#766 = CARTESIAN_POINT ( 'NONE',  ( -13.25000000069112538, -22.94967320139998535, 0.1500000047999999753 ) ) ;
#767 = DIRECTION ( 'NONE',  ( 0.000000000000000000, 0.000000000000000000, 1.000000000000000000 ) ) ;
#768 = DIRECTION ( 'NONE',  ( 1.000000000000000000, 0.000000000000000000, 0.000000000000000000 ) ) ;
#769 = ORIENTED_EDGE ( 'NONE', *, *, #1030, .F. ) ;
#770 = CARTESIAN_POINT ( 'NONE',  ( 20.69253333261936234, 1.170048502530107726E-06, -0.7499999987613420460 ) ) ;
#771 = PLANE ( 'NONE',  #245 ) ;
#772 = VERTEX_POINT ( 'NONE', #3232 ) ;
#773 = ORIENTED_EDGE ( 'NONE', *, *, #737, .F. ) ;
#774 = VECTOR ( 'NONE', #3122, 1000.000000000000000 ) ;
#775 = DIRECTION ( 'NONE',  ( -0.5000000034346877564, 0.8660254018014207356, 0.000000000000000000 ) ) ;
#776 = VECTOR ( 'NONE', #1213, 1000.000000000000000 ) ;
#777 = CARTESIAN_POINT ( 'NONE',  ( 23.65683006412017164, 9.356114872329071019, -0.7499999985999999952 ) ) ;
#778 = ORIENTED_EDGE ( 'NONE', *, *, #2174, .T. ) ;
#779 = EDGE_CURVE ( 'NONE', #4216, #464, #4524, .T. ) ;
#780 = CARTESIAN_POINT ( 'NONE',  ( 23.59713630189500577, -8.509310880881702843, -0.7499999985999999952 ) ) ;
#781 = B_SPLINE_CURVE_WITH_KNOTS ( 'NONE', 3,
 ( #2391, #4627, #1338, #4234 ),
 .UNSPECIFIED., .F., .F.,
 ( 4, 4 ),
 ( 0.000000000000000000, 1.000000000000000000 ),
 .UNSPECIFIED. ) ;
#782 = AXIS2_PLACEMENT_3D ( 'NONE', #4347, #2579, #1130 ) ;
#783 = CARTESIAN_POINT ( 'NONE',  ( 7.072730092637868893, -38.00000112919399697, 0.7500000029346749475 ) ) ;
#784 = AXIS2_PLACEMENT_3D ( 'NONE', #2275, #3003, #4065 ) ;
#785 = B_SPLINE_CURVE_WITH_KNOTS ( 'NONE', 3,
 ( #3808, #1380, #4186, #2386 ),
 .UNSPECIFIED., .F., .F.,
 ( 4, 4 ),
 ( 0.000000000000000000, 1.000000000000000000 ),
 .UNSPECIFIED. ) ;
#786 = CARTESIAN_POINT ( 'NONE',  ( 23.47600221421736322, -8.176497693117484644, 0.7499999962881899185 ) ) ;
#787 = CARTESIAN_POINT ( 'NONE',  ( 17.68778267963136486, -20.56099660103078364, -0.2499999953732033320 ) ) ;
#788 = ORIENTED_EDGE ( 'NONE', *, *, #4329, .F. ) ;
#789 = CARTESIAN_POINT ( 'NONE',  ( 22.99999881485983977, 2.500001172199977972, 0.4499999986000000618 ) ) ;
#790 = CARTESIAN_POINT ( 'NONE',  ( -20.99999923674764091, 15.99999995098400163, 0.7499999992146959560 ) ) ;
#791 = CARTESIAN_POINT ( 'NONE',  ( -26.49999936289565383, 28.57883827779797414, -0.7500000014436660756 ) ) ;
#792 = VERTEX_POINT ( 'NONE', #1778 ) ;
#793 = CARTESIAN_POINT ( 'NONE',  ( -22.46410219474762116, -30.90896482219498864, 0.7499999985999999952 ) ) ;
#794 = DIRECTION ( 'NONE',  ( -1.000000000000000000, 0.000000000000000000, 0.000000000000000000 ) ) ;
#795 = ORIENTED_EDGE ( 'NONE', *, *, #4468, .F. ) ;
#796 = CARTESIAN_POINT ( 'NONE',  ( 17.52606057095537651, 13.53463500962698340, -0.7499999953385155793 ) ) ;
#797 = ADVANCED_FACE ( 'NONE', ( #1821 ), #3967, .T. ) ;
#798 = CARTESIAN_POINT ( 'NONE',  ( -15.92499998469115674, 27.58290912159999664, 0.1500000047999999753 ) ) ;
#799 = ORIENTED_EDGE ( 'NONE', *, *, #40, .T. ) ;
#800 = ORIENTED_EDGE ( 'NONE', *, *, #562, .T. ) ;
#801 = DIRECTION ( 'NONE',  ( 0.4999999988276694340, -0.8660254044612840651, -0.000000000000000000 ) ) ;
#802 = CARTESIAN_POINT ( 'NONE',  ( -14.65967340729350887, 15.40241710065565073, -0.7499999986000002172 ) ) ;
#803 = VERTEX_POINT ( 'NONE', #4624 ) ;
#804 = CARTESIAN_POINT ( 'NONE',  ( -22.84032581929285399, -15.40241828050783113, -0.7499999986000001062 ) ) ;
#805 = CARTESIAN_POINT ( 'NONE',  ( 33.06575282938634786, -14.33409672776921262, -0.2499999967354448183 ) ) ;
#806 = EDGE_CURVE ( 'NONE', #54, #3544, #18, .T. ) ;
#807 = CARTESIAN_POINT ( 'NONE',  ( -26.49999935789116279, 28.57883827020000211, 0.2499999995333333780 ) ) ;
#808 = EDGE_CURVE ( 'NONE', #330, #4107, #1, .T. ) ;
#809 = FACE_OUTER_BOUND ( 'NONE', #3635, .T. ) ;
#810 = ORIENTED_EDGE ( 'NONE', *, *, #4413, .T. ) ;
#811 = CARTESIAN_POINT ( 'NONE',  ( 37.99999881061339124, -6.285393118987014915, -0.7499999947857590721 ) ) ;
#812 = CARTESIAN_POINT ( 'NONE',  ( -4.999999990691144980, 8.999999983200002163, 0.4499999986000000618 ) ) ;
#813 = ORIENTED_EDGE ( 'NONE', *, *, #2077, .F. ) ;
#814 = CARTESIAN_POINT ( 'NONE',  ( -7.561011612915845781, -23.34584472606011829, -0.7499999986000001062 ) ) ;
#815 = DIRECTION ( 'NONE',  ( 0.000000000000000000, 0.000000000000000000, 1.000000000000000000 ) ) ;
#816 = ORIENTED_EDGE ( 'NONE', *, *, #465, .F. ) ;
#817 = VECTOR ( 'NONE', #106, 1000.000000000000114 ) ;
#818 = CARTESIAN_POINT ( 'NONE',  ( -13.25000000069112538, 22.94967320139998535, 0.4499999986000000618 ) ) ;
#819 = B_SPLINE_CURVE_WITH_KNOTS ( 'NONE', 3,
 ( #1459, #1857, #34, #2890 ),
 .UNSPECIFIED., .F., .F.,
 ( 4, 4 ),
 ( 0.000000000000000000, 1.000000000000000000 ),
 .UNSPECIFIED. ) ;
#820 = CC_DESIGN_DATE_AND_TIME_ASSIGNMENT ( #2679, #3410, ( #3249 ) ) ;
#821 = CARTESIAN_POINT ( 'NONE',  ( 13.07273008170889206, -29.77421266267998945, -0.7499999985999999952 ) ) ;
#822 = ADVANCED_FACE ( 'NONE', ( #3609 ), #1425, .F. ) ;
#823 = VERTEX_POINT ( 'NONE', #679 ) ;
#824 = ORIENTED_EDGE ( 'NONE', *, *, #1468, .F. ) ;
#825 = EDGE_CURVE ( 'NONE', #2984, #2667, #2188, .T. ) ;
#826 = CYLINDRICAL_SURFACE ( 'NONE', #3895, 6.999999995400012054 ) ;
#827 = VECTOR ( 'NONE', #1954, 1000.000000000000227 ) ;
#828 = CARTESIAN_POINT ( 'NONE',  ( 20.69253333261936234, 1.170048502530107726E-06, -0.7499999987613420460 ) ) ;
#829 = EDGE_LOOP ( 'NONE', ( #203, #990, #505, #4165 ) ) ;
#830 = CARTESIAN_POINT ( 'NONE',  ( -2.011518823389124577, 34.02510591720997724, -0.7499999964197217039 ) ) ;
#831 = CARTESIAN_POINT ( 'NONE',  ( 34.59261405480889806, -12.69673851299998901, -0.7499999985999999952 ) ) ;
#832 = CARTESIAN_POINT ( 'NONE',  ( 16.86582192031308480, -21.44244160410296729, -0.7499999985999999952 ) ) ;
#833 = LINE ( 'NONE', #1905, #3020 ) ;
#834 = ORIENTED_EDGE ( 'NONE', *, *, #2059, .F. ) ;
#835 = DIRECTION ( 'NONE',  ( 1.000000000000000000, -8.300746920972143015E-10, 0.000000000000000000 ) ) ;
#836 = FACE_OUTER_BOUND ( 'NONE', #539, .T. ) ;
#837 = DIRECTION ( 'NONE',  ( -1.000000000000000000, 0.000000000000000000, 0.000000000000000000 ) ) ;
#838 = VERTEX_POINT ( 'NONE', #2105 ) ;
#839 = CARTESIAN_POINT ( 'NONE',  ( -23.99999922803114316, -13.00000112719998313, -0.7499999983212393140 ) ) ;
#840 = ORIENTED_EDGE ( 'NONE', *, *, #228, .F. ) ;
#841 = FACE_OUTER_BOUND ( 'NONE', #2524, .T. ) ;
#842 = CARTESIAN_POINT ( 'NONE',  ( 15.22190043319188213, -23.20533159177850990, 0.7499999991986160408 ) ) ;
#843 = CARTESIAN_POINT ( 'NONE',  ( 13.07273008443635121, -28.66131842410299413, -0.7499999982652157948 ) ) ;
#844 = ORIENTED_EDGE ( 'NONE', *, *, #4635, .T. ) ;
#845 = ORIENTED_EDGE ( 'NONE', *, *, #2303, .T. ) ;
#846 = CARTESIAN_POINT ( 'NONE',  ( 36.41905008448043191, -10.73812563217914651, -0.7499999985999998842 ) ) ;
#847 = DIRECTION ( 'NONE',  ( 0.000000000000000000, -1.000000000000000000, 0.000000000000000000 ) ) ;
#848 = ORIENTED_EDGE ( 'NONE', *, *, #4411, .F. ) ;
#849 = CARTESIAN_POINT ( 'NONE',  ( -1.890884441091127188, 33.81616101879999547, -0.2499999995333333780 ) ) ;
#850 = AXIS2_PLACEMENT_3D ( 'NONE', #1756, #2852, #3187 ) ;
#851 = CARTESIAN_POINT ( 'NONE',  ( 16.04386118132266503, -22.32388659404226061, 0.7499999985999999952 ) ) ;
#852 = CARTESIAN_POINT ( 'NONE',  ( -29.36922475081503237, -25.48493463797804992, -0.7499999985999999952 ) ) ;
#853 = DIRECTION ( 'NONE',  ( 1.000000000000000000, 0.000000000000000000, 0.000000000000000000 ) ) ;
#854 = AXIS2_PLACEMENT_3D ( 'NONE', #1258, #3823, #2684 ) ;
#855 = EDGE_LOOP ( 'NONE', ( #4103, #1827, #1784, #1587 ) ) ;
#856 = AXIS2_PLACEMENT_3D ( 'NONE', #188, #2317, #2597 ) ;
#857 = CARTESIAN_POINT ( 'NONE',  ( -18.07092915452951232, -28.99976748558416517, -0.7499999985999999952 ) ) ;
#858 =( LENGTH_UNIT ( ) NAMED_UNIT ( * ) SI_UNIT ( .MILLI., .METRE. ) );
#859 = DIRECTION ( 'NONE',  ( 0.000000000000000000, 0.000000000000000000, 1.000000000000000000 ) ) ;
#860 = EDGE_LOOP ( 'NONE', ( #2726, #4366, #4189, #4221 ) ) ;
#861 = DIRECTION ( 'NONE',  ( 1.000000000000000000, 0.000000000000000000, 0.000000000000000000 ) ) ;
#862 = ORIENTED_EDGE ( 'NONE', *, *, #4420, .T. ) ;
#863 = CARTESIAN_POINT ( 'NONE',  ( 35.30000000350891298, 0.000000000000000000, -0.7499999985999999952 ) ) ;
#864 = ADVANCED_FACE ( 'NONE', ( #41 ), #1465, .F. ) ;
#865 = DIRECTION ( 'NONE',  ( 1.000000000000000000, 0.000000000000000000, 0.000000000000000000 ) ) ;
#866 = CARTESIAN_POINT ( 'NONE',  ( -10.08493630289114584, 22.46762206999999734, 0.7499999985999999952 ) ) ;
#867 = VERTEX_POINT ( 'NONE', #2898 ) ;
#868 = ORIENTED_EDGE ( 'NONE', *, *, #3293, .T. ) ;
#869 = CARTESIAN_POINT ( 'NONE',  ( -11.75000000349110607, 22.94967320139998535, -0.7499999985999999952 ) ) ;
#870 = LINE ( 'NONE', #1873, #323 ) ;
#871 = ORIENTED_EDGE ( 'NONE', *, *, #3919, .T. ) ;
#872 = CARTESIAN_POINT ( 'NONE',  ( 19.60452268230886119, 12.77813667379998286, -0.7499999985999999952 ) ) ;
#873 = CARTESIAN_POINT ( 'NONE',  ( 15.22190043251636737, -23.20533159131552026, -0.7499999983070638754 ) ) ;
#874 = DIRECTION ( 'NONE',  ( 0.000000000000000000, 0.000000000000000000, 1.000000000000000000 ) ) ;
#875 = EDGE_CURVE ( 'NONE', #1834, #3733, #390, .T. ) ;
#876 = CARTESIAN_POINT ( 'NONE',  ( 13.50000012719687703, -10.71555481979999414, -0.7499999953385270146 ) ) ;
#877 = DIRECTION ( 'NONE',  ( -1.000000000000000000, 0.000000000000000000, 0.000000000000000000 ) ) ;
#878 = VERTEX_POINT ( 'NONE', #2834 ) ;
#879 = B_SPLINE_CURVE_WITH_KNOTS ( 'NONE', 3,
 ( #358, #1432, #4302, #1083 ),
 .UNSPECIFIED., .F., .F.,
 ( 4, 4 ),
 ( 0.000000000000000000, 1.000000000000000000 ),
 .UNSPECIFIED. ) ;
#880 = DIRECTION ( 'NONE',  ( 1.000000000000000000, 0.000000000000000000, 0.000000000000000000 ) ) ;
#881 = ORIENTED_EDGE ( 'NONE', *, *, #2559, .F. ) ;
#882 = CARTESIAN_POINT ( 'NONE',  ( 20.87345546952735376, 1.026061593477842759, -0.2499999992453147413 ) ) ;
#883 = CARTESIAN_POINT ( 'NONE',  ( -16.07907051729112879, 30.14976769119997968, 0.4499999986000000618 ) ) ;
#884 = CARTESIAN_POINT ( 'NONE',  ( -18.07092947489116597, 28.99976737499998336, 0.4499999986000000618 ) ) ;
#885 = ORIENTED_EDGE ( 'NONE', *, *, #2318, .F. ) ;
#886 = ADVANCED_FACE ( 'NONE', ( #3987 ), #771, .F. ) ;
#887 = EDGE_CURVE ( 'NONE', #1608, #4410, #63, .T. ) ;
#888 = EDGE_CURVE ( 'NONE', #937, #1704, #2225, .T. ) ;
#889 = VERTEX_POINT ( 'NONE', #3562 ) ;
#890 = VECTOR ( 'NONE', #767, 1000.000000000000000 ) ;
#891 = FACE_OUTER_BOUND ( 'NONE', #3651, .T. ) ;
#892 = CARTESIAN_POINT ( 'NONE',  ( -8.306423679943636174, -38.00000113073148356, -0.7499999962373624651 ) ) ;
#893 = ORIENTED_EDGE ( 'NONE', *, *, #171, .T. ) ;
#894 = CARTESIAN_POINT ( 'NONE',  ( 34.15000001750889425, 0.000000000000000000, 0.1500000047999999753 ) ) ;
#895 = CARTESIAN_POINT ( 'NONE',  ( 16.86582192831579974, -21.44244159552109608, 0.7499999985999999952 ) ) ;
#896 = CARTESIAN_POINT ( 'NONE',  ( -11.80642439784915254, 37.06217791305748932, -0.7500000015666826725 ) ) ;
#897 = B_SPLINE_CURVE_WITH_KNOTS ( 'NONE', 3,
 ( #2799, #1363, #2110, #1341, #3150, #1735, #4215, #993, #3522, #310 ),
 .UNSPECIFIED., .F., .F.,
 ( 4, 2, 2, 2, 4 ),
 ( 0.000000000000000000, 0.2500000000000000000, 0.5000000000000000000, 0.7500000000000000000, 1.000000000000000000 ),
 .UNSPECIFIED. ) ;
#898 = FACE_OUTER_BOUND ( 'NONE', #1727, .T. ) ;
#899 = ORIENTED_EDGE ( 'NONE', *, *, #2775, .F. ) ;
#900 = DIRECTION ( 'NONE',  ( -0.000000000000000000, -0.000000000000000000, -1.000000000000000000 ) ) ;
#901 = VECTOR ( 'NONE', #3466, 1000.000000000000000 ) ;
#902 = CARTESIAN_POINT ( 'NONE',  ( -13.57612046684070961, -13.78069980657666704, -0.7499999986000001062 ) ) ;
#903 = DIRECTION ( 'NONE',  ( 1.000000000000000000, 0.000000000000000000, 0.000000000000000000 ) ) ;
#904 = CARTESIAN_POINT ( 'NONE',  ( 21.68298479463184947, -12.02163597843702902, -0.7499999953069438341 ) ) ;
#905 = ORIENTED_EDGE ( 'NONE', *, *, #4265, .T. ) ;
#906 = ADVANCED_FACE ( 'NONE', ( #2590 ), #533, .T. ) ;
#907 = FACE_OUTER_BOUND ( 'NONE', #1357, .T. ) ;
#908 = DIRECTION ( 'NONE',  ( 0.000000000000000000, 0.000000000000000000, 1.000000000000000000 ) ) ;
#909 = CARTESIAN_POINT ( 'NONE',  ( 16.50000013850888436, 10.71555715659999741, 9.757819552369539906E-16 ) ) ;
#910 = ORIENTED_EDGE ( 'NONE', *, *, #4583, .T. ) ;
#911 = VERTEX_POINT ( 'NONE', #884 ) ;
#912 = FACE_BOUND ( 'NONE', #3972, .T. ) ;
#913 = CARTESIAN_POINT ( 'NONE',  ( -7.249999986491145521, 8.999999983200002163, 0.7499999985999999952 ) ) ;
#914 = ORIENTED_EDGE ( 'NONE', *, *, #4015, .F. ) ;
#915 = CARTESIAN_POINT ( 'NONE',  ( 13.07273009760151439, -28.15933291723176524, -0.7499999986000001062 ) ) ;
#916 = CARTESIAN_POINT ( 'NONE',  ( -3.999999984091146210, -29.00000001360000823, 0.1500000047999999753 ) ) ;
#918 = ADVANCED_FACE ( 'NONE', ( #2618 ), #1892, .F. ) ;
#917 = CARTESIAN_POINT ( 'NONE',  ( -13.25000000069112538, 22.94967320139998535, 0.1500000047999999753 ) ) ;
#919 = VECTOR ( 'NONE', #267, 1000.000000000000000 ) ;
#920 = B_SPLINE_CURVE_WITH_KNOTS ( 'NONE', 3,
 ( #4424, #4069, #1949, #1622, #453, #852, #1878, #3005, #3759, #2277 ),
 .UNSPECIFIED., .F., .F.,
 ( 4, 2, 2, 2, 4 ),
 ( 0.000000000000000000, 0.2500000000000000000, 0.5000000000000000000, 0.7500000000000000000, 1.000000000000000000 ),
 .UNSPECIFIED. ) ;
#921 = DIRECTION ( 'NONE',  ( 0.000000000000000000, 0.000000000000000000, 1.000000000000000000 ) ) ;
#922 = ORIENTED_EDGE ( 'NONE', *, *, #1716, .F. ) ;
#923 = CARTESIAN_POINT ( 'NONE',  ( 24.49999881205985730, 4.000001177002998176, 0.7499999985999999952 ) ) ;
#924 = CARTESIAN_POINT ( 'NONE',  ( -1.890884439051138122, 33.81616101816900510, 0.7500000022320300053 ) ) ;
#925 = DIRECTION ( 'NONE',  ( 1.000000000000000000, 0.000000000000000000, 0.000000000000000000 ) ) ;
#926 = LOCAL_TIME ( 12, 51, 23.00000000000000000, #4449 ) ;
#927 = CARTESIAN_POINT ( 'NONE',  ( -9.334936304585927047, 21.16858394533158005, 0.7499999985999999952 ) ) ;
#928 = CIRCLE ( 'NONE', #784, 1.500000015599949776 ) ;
#929 = ORIENTED_EDGE ( 'NONE', *, *, #1831, .F. ) ;
#930 = CARTESIAN_POINT ( 'NONE',  ( -23.40231333911599165, 14.84022348104817901, 0.7499999986000002172 ) ) ;
#931 = B_SPLINE_CURVE_WITH_KNOTS ( 'NONE', 3,
 ( #2916, #1136, #4004, #791 ),
 .UNSPECIFIED., .F., .F.,
 ( 4, 4 ),
 ( 0.000000000000000000, 1.000000000000000000 ),
 .UNSPECIFIED. ) ;
#932 = AXIS2_PLACEMENT_3D ( 'NONE', #812, #36, #3673 ) ;
#933 = CARTESIAN_POINT ( 'NONE',  ( -17.49592910089112152, -28.00383830260000195, 0.4499999986000000618 ) ) ;
#934 = CARTESIAN_POINT ( 'NONE',  ( 3.500000001908865066, 8.999999983200002163, -0.7499999985999999952 ) ) ;
#935 = ORIENTED_EDGE ( 'NONE', *, *, #2467, .T. ) ;
#936 = EDGE_CURVE ( 'NONE', #416, #3002, #3328, .T. ) ;
#937 = VERTEX_POINT ( 'NONE', #2240 ) ;
#938 = CARTESIAN_POINT ( 'NONE',  ( 22.93062523008870102, 11.16627185461000593, 0.7499999986000002172 ) ) ;
#939 = B_SPLINE_CURVE_WITH_KNOTS ( 'NONE', 3,
 ( #2781, #646, #3502, #3172 ),
 .UNSPECIFIED., .F., .F.,
 ( 4, 4 ),
 ( 0.000000000000000000, 1.000000000000000000 ),
 .UNSPECIFIED. ) ;
#940 = CARTESIAN_POINT ( 'NONE',  ( -9.567427771888626253, -21.03435567363848335, -0.7499999985999999952 ) ) ;
#941 = ORIENTED_EDGE ( 'NONE', *, *, #3052, .F. ) ;
#942 = CARTESIAN_POINT ( 'NONE',  ( -8.306423680091155504, -38.00000111439998562, -0.2499999958800687150 ) ) ;
#943 = ORIENTED_EDGE ( 'NONE', *, *, #3141, .F. ) ;
#944 = EDGE_CURVE ( 'NONE', #2097, #878, #1782, .T. ) ;
#945 = EDGE_CURVE ( 'NONE', #772, #547, #4537, .T. ) ;
#946 = EDGE_CURVE ( 'NONE', #823, #3721, #2266, .T. ) ;
#947 = CARTESIAN_POINT ( 'NONE',  ( -23.61939689116154284, 14.51540188053284908, -0.7499999985999998842 ) ) ;
#948 = DIRECTION ( 'NONE',  ( 0.000000000000000000, 0.000000000000000000, -1.000000000000000000 ) ) ;
#949 = DIRECTION ( 'NONE',  ( 0.000000000000000000, 0.000000000000000000, 1.000000000000000000 ) ) ;
#950 = VERTEX_POINT ( 'NONE', #4408 ) ;
#951 = CARTESIAN_POINT ( 'NONE',  ( -16.10236593999429644, 15.99999995408808040, 0.7499999986000001062 ) ) ;
#952 = EDGE_CURVE ( 'NONE', #2551, #1263, #2665, .T. ) ;
#953 = CARTESIAN_POINT ( 'NONE',  ( 13.50000011870885963, -10.71555481979996394, 0.2499999995333333780 ) ) ;
#954 = APPROVAL_DATE_TIME ( #151, #3805 ) ;
#955 = EDGE_CURVE ( 'NONE', #4390, #3869, #4527, .T. ) ;
#956 = CARTESIAN_POINT ( 'NONE',  ( -16.50000000309115222, 15.99999996166651073, 0.7500000025718699392 ) ) ;
#957 = ORIENTED_EDGE ( 'NONE', *, *, #2262, .T. ) ;
#958 = VERTEX_POINT ( 'NONE', #493 ) ;
#959 = CARTESIAN_POINT ( 'NONE',  ( 20.87345546071986391, 1.026061600114980266, -0.7499999997293944620 ) ) ;
#960 = CARTESIAN_POINT ( 'NONE',  ( 27.13869272950886113, 8.959856883400007632, 9.757819552369539906E-16 ) ) ;
#961 = FACE_OUTER_BOUND ( 'NONE', #3469, .T. ) ;
#962 = VERTEX_POINT ( 'NONE', #3394 ) ;
#963 = ORIENTED_EDGE ( 'NONE', *, *, #3576, .F. ) ;
#964 = EDGE_CURVE ( 'NONE', #2011, #962, #3246, .T. ) ;
#965 = CARTESIAN_POINT ( 'NONE',  ( 21.68298479463184947, -12.02163597843702902, -0.7499999953069438341 ) ) ;
#966 = DIRECTION ( 'NONE',  ( 0.4999999988276694340, -0.8660254044612840651, -0.000000000000000000 ) ) ;
#967 = VERTEX_POINT ( 'NONE', #3655 ) ;
#968 = CARTESIAN_POINT ( 'NONE',  ( -13.25000000069112538, 22.94967320139998535, 0.1500000047999999753 ) ) ;
#969 = ORIENTED_EDGE ( 'NONE', *, *, #1294, .T. ) ;
#970 = FACE_BOUND ( 'NONE', #372, .T. ) ;
#971 = EDGE_CURVE ( 'NONE', #4620, #311, #1561, .T. ) ;
#972 = FACE_BOUND ( 'NONE', #182, .T. ) ;
#973 = CARTESIAN_POINT ( 'NONE',  ( 23.65697733376084955, 9.202560529677993983, 0.7499999951321840719 ) ) ;
#974 = EDGE_LOOP ( 'NONE', ( #4199, #2360, #3838, #3744, #69, #100 ) ) ;
#975 = CARTESIAN_POINT ( 'NONE',  ( -13.49999998640763543, 12.99999995879999659, 0.7500000026999951164 ) ) ;
#976 = CARTESIAN_POINT ( 'NONE',  ( -4.999999990691144980, 8.999999983200002163, 0.4499999986000000618 ) ) ;
#977 = PERSON_AND_ORGANIZATION_ROLE ( 'creator' ) ;
#978 = CIRCLE ( 'NONE', #4274, 1.499999997199990220 ) ;
#979 = CARTESIAN_POINT ( 'NONE',  ( -27.02902416201272118, 28.27340566876922168, 0.7500000111498400512 ) ) ;
#980 = ORIENTED_EDGE ( 'NONE', *, *, #3789, .F. ) ;
#981 = CIRCLE ( 'NONE', #2777, 1.499999997199991109 ) ;
#982 = ORIENTED_EDGE ( 'NONE', *, *, #1511, .T. ) ;
#983 = CARTESIAN_POINT ( 'NONE',  ( 30.69999998330885660, 6.436517985264345043E-10, 0.1500000047999999753 ) ) ;
#984 = CARTESIAN_POINT ( 'NONE',  ( -16.49999999821563534, -16.00000112191399282, 0.7500000026999951164 ) ) ;
#985 = DIRECTION ( 'NONE',  ( 0.5000000585538371123, 0.8660253699783624359, 0.000000000000000000 ) ) ;
#986 = ORIENTED_EDGE ( 'NONE', *, *, #3760, .T. ) ;
#987 = PLANE ( 'NONE',  #696 ) ;
#988 = ORIENTED_EDGE ( 'NONE', *, *, #4412, .F. ) ;
#989 = FACE_OUTER_BOUND ( 'NONE', #1257, .T. ) ;
#990 = ORIENTED_EDGE ( 'NONE', *, *, #3089, .F. ) ;
#991 = CARTESIAN_POINT ( 'NONE',  ( 4.999999999108855953, 8.999999983200002163, -0.7499999985999999952 ) ) ;
#992 = LINE ( 'NONE', #4514, #4567 ) ;
#993 = CARTESIAN_POINT ( 'NONE',  ( -6.307494343246109025, 0.8704572204391072265, 0.7499999986000002172 ) ) ;
#994 = VERTEX_POINT ( 'NONE', #4086 ) ;
#995 = CARTESIAN_POINT ( 'NONE',  ( -18.07092917009111943, -28.99976747660002019, 0.4499999986000000618 ) ) ;
#996 = CARTESIAN_POINT ( 'NONE',  ( 17.52606057175009724, -13.53463267501021683, 0.2499999986416884257 ) ) ;
#997 = EDGE_CURVE ( 'NONE', #2494, #2998, #1440, .T. ) ;
#998 = FACE_OUTER_BOUND ( 'NONE', #2706, .T. ) ;
#999 = VERTEX_POINT ( 'NONE', #3751 ) ;
#1000 = ORIENTED_EDGE ( 'NONE', *, *, #1551, .T. ) ;
#1001 = AXIS2_PLACEMENT_3D ( 'NONE', #419, #2522, #3920 ) ;
#1002 = CARTESIAN_POINT ( 'NONE',  ( -9.999999998291153602, -11.49999992350000966, -0.7499999985999999952 ) ) ;
#1003 = CARTESIAN_POINT ( 'NONE',  ( -29.99999924208163193, 22.51666060540000203, -0.7500000018499041188 ) ) ;
#1004 = AXIS2_PLACEMENT_3D ( 'NONE', #1971, #290, #2801 ) ;
#1005 = CARTESIAN_POINT ( 'NONE',  ( -14.92907049334987768, 28.15790927424072265, 0.4499999986000000618 ) ) ;
#1006 = VERTEX_POINT ( 'NONE', #4361 ) ;
#1007 = B_SPLINE_CURVE_WITH_KNOTS ( 'NONE', 3,
 ( #2897, #4538, #3518, #3104, #3190, #2065 ),
 .UNSPECIFIED., .F., .F.,
 ( 4, 2, 4 ),
 ( 0.000000000000000000, 0.5000000000000000000, 1.000000000000000000 ),
 .UNSPECIFIED. ) ;
#1008 = AXIS2_PLACEMENT_3D ( 'NONE', #2661, #1701, #275 ) ;
#1009 = EDGE_CURVE ( 'NONE', #3470, #2625, #4001, .T. ) ;
#1010 = CARTESIAN_POINT ( 'NONE',  ( -21.39763329502460110, -16.00000113072055186, 0.7499999986000001062 ) ) ;
#1011 = ORIENTED_EDGE ( 'NONE', *, *, #2860, .T. ) ;
#1012 = CARTESIAN_POINT ( 'NONE',  ( -23.99999922900014582, 12.99999995879999659, 0.7499999991378600850 ) ) ;
#1013 = ORIENTED_EDGE ( 'NONE', *, *, #2174, .F. ) ;
#1014 = CARTESIAN_POINT ( 'NONE',  ( 6.499999996308847727, 8.999999983200002163, 0.1500000047999999753 ) ) ;
#1015 = FACE_OUTER_BOUND ( 'NONE', #1870, .T. ) ;
#1016 = CARTESIAN_POINT ( 'NONE',  ( 10.00000013172536129, -3.999999950200006094, -0.7499999992708412666 ) ) ;
#1017 = ORIENTED_EDGE ( 'NONE', *, *, #4495, .T. ) ;
#1018 = CARTESIAN_POINT ( 'NONE',  ( -13.04958329074272250, -36.34444069746695050, 0.7499999985999999952 ) ) ;
#1019 = B_SPLINE_CURVE_WITH_KNOTS ( 'NONE', 3,
 ( #4071, #2604, #1623, #3761, #1969, #4118 ),
 .UNSPECIFIED., .F., .F.,
 ( 4, 2, 4 ),
 ( 0.000000000000000000, 0.4999999999999991118, 1.000000000000000000 ),
 .UNSPECIFIED. ) ;
#1020 = CARTESIAN_POINT ( 'NONE',  ( -3.999999984091146210, -29.00000001360000823, 0.4499999986000000618 ) ) ;
#1021 = CARTESIAN_POINT ( 'NONE',  ( -14.74999999789114469, -22.94967320139998535, 0.4499999986000000618 ) ) ;
#1022 = EDGE_CURVE ( 'NONE', #117, #4637, #4454, .T. ) ;
#1023 = ORIENTED_EDGE ( 'NONE', *, *, #1914, .F. ) ;
#1024 = VERTEX_POINT ( 'NONE', #1586 ) ;
#1025 = FACE_OUTER_BOUND ( 'NONE', #1427, .T. ) ;
#1026 = CARTESIAN_POINT ( 'NONE',  ( 34.15000001750889425, 0.000000000000000000, -0.7499999985999999952 ) ) ;
#1027 = CARTESIAN_POINT ( 'NONE',  ( 35.10156779517556913, -12.15095244006666064, 0.7499999985999999952 ) ) ;
#1028 = ORIENTED_EDGE ( 'NONE', *, *, #1060, .F. ) ;
#1029 = EDGE_CURVE ( 'NONE', #3429, #2889, #2733, .T. ) ;
#1030 = EDGE_CURVE ( 'NONE', #1448, #1414, #3016, .T. ) ;
#1031 = DIRECTION ( 'NONE',  ( 0.000000000000000000, 0.000000000000000000, 1.000000000000000000 ) ) ;
#1032 = ORIENTED_EDGE ( 'NONE', *, *, #1416, .F. ) ;
#1033 = EDGE_LOOP ( 'NONE', ( #2348, #2382 ) ) ;
#1034 = FACE_BOUND ( 'NONE', #374, .T. ) ;
#1035 = CARTESIAN_POINT ( 'NONE',  ( -29.99999924084964675, -22.51666037680000088, 0.7499999954519940282 ) ) ;
#1036 = CARTESIAN_POINT ( 'NONE',  ( 13.07273008170882989, -32.78539928766684852, 0.7500000116040199671 ) ) ;
#1037 = ORIENTED_EDGE ( 'NONE', *, *, #252, .F. ) ;
#1038 = CARTESIAN_POINT ( 'NONE',  ( -18.07092917009112298, -28.99976747660002019, -0.1499999931333333703 ) ) ;
#1039 = VECTOR ( 'NONE', #2442, 1000.000000000000000 ) ;
#1040 = CARTESIAN_POINT ( 'NONE',  ( 37.99999881990883921, -5.523595023400009296, -0.7499999985999999952 ) ) ;
#1041 = AXIS2_PLACEMENT_3D ( 'NONE', #3070, #185, #2693 ) ;
#1042 = DIRECTION ( 'NONE',  ( 0.4999999957869626366, -0.8660254062168368794, 0.000000000000000000 ) ) ;
#1043 = CARTESIAN_POINT ( 'NONE',  ( -16.07907109165257609, -30.14976745361558486, -0.7550132910086272409 ) ) ;
#1044 = EDGE_LOOP ( 'NONE', ( #1393, #3486, #2974, #2329 ) ) ;
#1045 = FACE_OUTER_BOUND ( 'NONE', #590, .T. ) ;
#1046 = CARTESIAN_POINT ( 'NONE',  ( -15.92499998469115674, -27.58290912159999664, 0.4499999986000000618 ) ) ;
#1047 = AXIS2_PLACEMENT_3D ( 'NONE', #1199, #2342, #2650 ) ;
#1048 = CARTESIAN_POINT ( 'NONE',  ( 23.64504790974306303, -9.510962206936968144, -0.7499999985999999952 ) ) ;
#1049 = EDGE_CURVE ( 'NONE', #4059, #1214, #3739, .T. ) ;
#1050 = CARTESIAN_POINT ( 'NONE',  ( -19.49999948282544437, 15.99999995320001211, -0.7499999985999999952 ) ) ;
#1051 = ORIENTED_EDGE ( 'NONE', *, *, #3794, .F. ) ;
#1052 = DIRECTION ( 'NONE',  ( 0.9999999999999998890, -1.104346072232124844E-08, 0.000000000000000000 ) ) ;
#1053 = VERTEX_POINT ( 'NONE', #1169 ) ;
#1054 = ORIENTED_EDGE ( 'NONE', *, *, #1559, .F. ) ;
#1055 = CARTESIAN_POINT ( 'NONE',  ( 11.87195270873046304, -35.68595782057930421, -0.7499999986000002172 ) ) ;
#1056 = DIRECTION ( 'NONE',  ( 1.000000000000000000, 0.000000000000000000, 0.000000000000000000 ) ) ;
#1057 = ORIENTED_EDGE ( 'NONE', *, *, #1428, .F. ) ;
#1058 = LINE ( 'NONE', #2957, #703 ) ;
#1059 = CARTESIAN_POINT ( 'NONE',  ( -1.890884440237161623, 33.81616101929299845, -0.7500000009613524421 ) ) ;
#1060 = EDGE_CURVE ( 'NONE', #1941, #420, #4180, .T. ) ;
#1061 = CARTESIAN_POINT ( 'NONE',  ( 0.5813249367213613183, 31.47012191455100805, 0.7500000020050299199 ) ) ;
#1062 = DIRECTION ( 'NONE',  ( 0.000000000000000000, 0.000000000000000000, -1.000000000000000000 ) ) ;
#1063 = EDGE_LOOP ( 'NONE', ( #3928, #778, #3560, #3940 ) ) ;
#1064 = LINE ( 'NONE', #2496, #3701 ) ;
#1065 = DIRECTION ( 'NONE',  ( 0.000000000000000000, 0.000000000000000000, -1.000000000000000000 ) ) ;
#1066 = CARTESIAN_POINT ( 'NONE',  ( -3.999999984091146210, -29.00000001360000823, 0.4499999986000000618 ) ) ;
#1067 = ADVANCED_FACE ( 'NONE', ( #3417 ), #2790, .F. ) ;
#1068 = AXIS2_PLACEMENT_3D ( 'NONE', #3238, #3193, #4629 ) ;
#1069 = CARTESIAN_POINT ( 'NONE',  ( 36.11947526929787244, -11.05938028777550564, 0.7499999957184361188 ) ) ;
#1070 = ORIENTED_EDGE ( 'NONE', *, *, #3021, .F. ) ;
#1071 = CIRCLE ( 'NONE', #3775, 1.499999997200020641 ) ;
#1072 = EDGE_CURVE ( 'NONE', #3048, #3788, #3572, .T. ) ;
#1073 = CARTESIAN_POINT ( 'NONE',  ( 20.29734337960854518, 12.52597056468118275, 0.7499999985999999952 ) ) ;
#1074 = ORIENTED_EDGE ( 'NONE', *, *, #2423, .T. ) ;
#1075 = AXIS2_PLACEMENT_3D ( 'NONE', #968, #3073, #1708 ) ;
#1076 = VERTEX_POINT ( 'NONE', #3848 ) ;
#1077 = CARTESIAN_POINT ( 'NONE',  ( 13.61653472399644826, 11.67370453931008711, -0.7499999986000002172 ) ) ;
#1078 = ADVANCED_FACE ( 'NONE', ( #3468 ), #3771, .F. ) ;
#1079 = CARTESIAN_POINT ( 'NONE',  ( 23.12389218558279325, 10.93112387254983453, -0.7499999986000001062 ) ) ;
#1080 = ORIENTED_EDGE ( 'NONE', *, *, #3723, .T. ) ;
#1081 = EDGE_CURVE ( 'NONE', #2072, #2845, #2056, .T. ) ;
#1082 = EDGE_CURVE ( 'NONE', #699, #4636, #2506, .T. ) ;
#1083 = CARTESIAN_POINT ( 'NONE',  ( -4.999999990691144980, 1.000000040466492157, -0.7499999977542054497 ) ) ;
#1084 = LINE ( 'NONE', #380, #3367 ) ;
#1085 = B_SPLINE_CURVE_WITH_KNOTS ( 'NONE', 3,
 ( #4045, #832, #501, #873 ),
 .UNSPECIFIED., .F., .F.,
 ( 4, 4 ),
 ( 0.000000000000000000, 1.000000000000000000 ),
 .UNSPECIFIED. ) ;
#1086 = DIRECTION ( 'NONE',  ( 0.000000000000000000, 0.000000000000000000, 1.000000000000000000 ) ) ;
#1087 = CARTESIAN_POINT ( 'NONE',  ( 5.000000075308871139, -23.99999987900000420, 0.2499999995333333780 ) ) ;
#1088 = ADVANCED_FACE ( 'NONE', ( #961 ), #582, .F. ) ;
#1089 = EDGE_CURVE ( 'NONE', #3677, #4546, #4482, .T. ) ;
#1090 = ORIENTED_EDGE ( 'NONE', *, *, #2423, .F. ) ;
#1091 = CARTESIAN_POINT ( 'NONE',  ( -8.071708494683351276, -0.0007426952442932364951, -0.7499999986000001062 ) ) ;
#1092 = CARTESIAN_POINT ( 'NONE',  ( -9.963471226216444876, -19.69744643318587407, 0.7499999985999998842 ) ) ;
#1093 = FACE_OUTER_BOUND ( 'NONE', #3422, .T. ) ;
#1094 = CARTESIAN_POINT ( 'NONE',  ( 9.368338233647653723, -1.480659980947411025, 0.7499999986000001062 ) ) ;
#1095 = CARTESIAN_POINT ( 'NONE',  ( 13.50000014410891502, 10.71555715659999031, -0.2499999946249326366 ) ) ;
#1096 = ORIENTED_EDGE ( 'NONE', *, *, #1104, .T. ) ;
#1097 = B_SPLINE_CURVE_WITH_KNOTS ( 'NONE', 3,
 ( #2583, #388, #741, #2560 ),
 .UNSPECIFIED., .F., .F.,
 ( 4, 4 ),
 ( 0.000000000000000000, 1.000000000000000000 ),
 .UNSPECIFIED. ) ;
#1098 = CARTESIAN_POINT ( 'NONE',  ( 33.00000000610880591, -1.150000011399976430, 0.4499999986000000618 ) ) ;
#1099 = ORIENTED_EDGE ( 'NONE', *, *, #1082, .F. ) ;
#1100 = EDGE_LOOP ( 'NONE', ( #3129, #1741, #1437, #3066, #2574, #4614 ) ) ;
#1101 = CARTESIAN_POINT ( 'NONE',  ( 20.87345545972438288, 1.026061597326988206, 0.7500000008241241023 ) ) ;
#1102 = CARTESIAN_POINT ( 'NONE',  ( -23.99999922725062973, 12.99999995879999659, -0.7499999982814162802 ) ) ;
#1103 = ORIENTED_EDGE ( 'NONE', *, *, #4067, .T. ) ;
#1104 = EDGE_CURVE ( 'NONE', #1349, #1284, #3120, .T. ) ;
#1105 = LINE ( 'NONE', #4341, #1228 ) ;
#1106 = EDGE_CURVE ( 'NONE', #468, #424, #2669, .T. ) ;
#1107 = DIRECTION ( 'NONE',  ( -0.000000000000000000, -0.000000000000000000, -1.000000000000000000 ) ) ;
#1108 = CARTESIAN_POINT ( 'NONE',  ( 16.45484155470886023, -21.88316409489998904, -0.7499999985999999952 ) ) ;
#1109 = DIRECTION ( 'NONE',  ( 1.000000000000000000, 0.000000000000000000, 0.000000000000000000 ) ) ;
#1110 = ORIENTED_EDGE ( 'NONE', *, *, #747, .F. ) ;
#1111 = CARTESIAN_POINT ( 'NONE',  ( -4.999999990724646182, -23.99999988840001564, 0.7499999985708261097 ) ) ;
#1112 = AXIS2_PLACEMENT_3D ( 'NONE', #1526, #4093, #2297 ) ;
#1113 = CARTESIAN_POINT ( 'NONE',  ( 7.519340067548518469, -23.36833803388132580, 0.7499999986000001062 ) ) ;
#1114 = DIRECTION ( 'NONE',  ( 0.8660254062168368794, 0.4999999957869626366, 0.000000000000000000 ) ) ;
#1115 = DIRECTION ( 'NONE',  ( -1.000000000000000000, 0.000000000000000000, 0.000000000000000000 ) ) ;
#1116 = ORIENTED_EDGE ( 'NONE', *, *, #292, .F. ) ;
#1117 = FACE_BOUND ( 'NONE', #3492, .T. ) ;
#1118 = AXIS2_PLACEMENT_3D ( 'NONE', #1020, #1786, #4321 ) ;
#1119 = B_SPLINE_CURVE_WITH_KNOTS ( 'NONE', 3,
 ( #2779, #4192, #2464, #2819, #3862, #2089, #595, #4237, #4515, #2369 ),
 .UNSPECIFIED., .F., .F.,
 ( 4, 2, 2, 2, 4 ),
 ( 0.000000000000000000, 0.2500000000000000000, 0.5000000000000000000, 0.7500000000000000000, 1.000000000000000000 ),
 .UNSPECIFIED. ) ;
#1120 = CARTESIAN_POINT ( 'NONE',  ( -22.51528077307931142, -15.61960643658731129, 0.7499999985999998842 ) ) ;
#1121 = ORIENTED_EDGE ( 'NONE', *, *, #1433, .F. ) ;
#1122 = AXIS2_PLACEMENT_3D ( 'NONE', #475, #2627, #4066 ) ;
#1123 = VERTEX_POINT ( 'NONE', #1332 ) ;
#1124 = CARTESIAN_POINT ( 'NONE',  ( 20.69253333330883748, 0.3490670176176842165, 0.7500000052723699850 ) ) ;
#1125 = DIRECTION ( 'NONE',  ( 0.000000000000000000, 0.000000000000000000, 1.000000000000000000 ) ) ;
#1126 = ORIENTED_EDGE ( 'NONE', *, *, #2881, .T. ) ;
#1127 = DIRECTION ( 'NONE',  ( -0.000000000000000000, 0.000000000000000000, -1.000000000000000000 ) ) ;
#1128 = CARTESIAN_POINT ( 'NONE',  ( 33.06575283445334179, -14.33409672815299984, 0.7499999979480540535 ) ) ;
#1129 = CARTESIAN_POINT ( 'NONE',  ( -8.585040951883282645, -22.48532359358026866, 0.4499999986000000618 ) ) ;
#1130 = DIRECTION ( 'NONE',  ( -1.000000000000000000, 0.000000000000000000, 0.000000000000000000 ) ) ;
#1131 = EDGE_CURVE ( 'NONE', #1694, #2011, #3804, .T. ) ;
#1132 = ORIENTED_EDGE ( 'NONE', *, *, #4110, .F. ) ;
#1133 = CARTESIAN_POINT ( 'NONE',  ( -3.999999984091146210, -29.00000001360000823, 0.4499999986000000618 ) ) ;
#1134 = CARTESIAN_POINT ( 'NONE',  ( -16.50000000309115222, 15.99999996166651073, 0.7500000025718699392 ) ) ;
#1135 = MANIFOLD_SOLID_BREP ( 'Cut-Extrude2', #2350 ) ;
#1136 = CARTESIAN_POINT ( 'NONE',  ( -23.80940075599767525, 30.13225613274995141, -0.7499999985999999952 ) ) ;
#1137 = ORIENTED_EDGE ( 'NONE', *, *, #1072, .F. ) ;
#1138 = CARTESIAN_POINT ( 'NONE',  ( -8.119327077308355456, -22.96436182361721734, -0.7499999986000001062 ) ) ;
#1139 = CARTESIAN_POINT ( 'NONE',  ( -14.65977647005715312, 15.40231406108725132, 0.7499999986000002172 ) ) ;
#1140 = ORIENTED_EDGE ( 'NONE', *, *, #1234, .T. ) ;
#1141 = CARTESIAN_POINT ( 'NONE',  ( 20.87345546071986391, 1.026061600114980266, -0.7499999997293944620 ) ) ;
#1142 = B_SPLINE_CURVE_WITH_KNOTS ( 'NONE', 3,
 ( #2199, #1846, #4277, #1404 ),
 .UNSPECIFIED., .F., .F.,
 ( 4, 4 ),
 ( 0.000000000000000000, 1.000000000000000000 ),
 .UNSPECIFIED. ) ;
#1143 = CARTESIAN_POINT ( 'NONE',  ( -17.07499999609113317, 29.57476752040000179, -0.7499999985999999952 ) ) ;
#1144 = ORIENTED_EDGE ( 'NONE', *, *, #888, .F. ) ;
#1145 = ORIENTED_EDGE ( 'NONE', *, *, #3313, .F. ) ;
#1146 = VECTOR ( 'NONE', #3708, 1000.000000000000000 ) ;
#1147 = EDGE_CURVE ( 'NONE', #4107, #461, #1384, .T. ) ;
#1148 = DIRECTION ( 'NONE',  ( 0.5000000045653889558, -0.8660254011486100412, 0.000000000000000000 ) ) ;
#1149 = FACE_BOUND ( 'NONE', #2206, .T. ) ;
#1150 = VERTEX_POINT ( 'NONE', #1983 ) ;
#1151 = FACE_OUTER_BOUND ( 'NONE', #1780, .T. ) ;
#1152 = DIRECTION ( 'NONE',  ( 0.000000000000000000, 0.000000000000000000, 1.000000000000000000 ) ) ;
#1153 = AXIS2_PLACEMENT_3D ( 'NONE', #1375, #2054, #3914 ) ;
#1154 = CARTESIAN_POINT ( 'NONE',  ( 7.072730092908846800, -32.00000112560000076, 9.757819552369539906E-16 ) ) ;
#1155 = CARTESIAN_POINT ( 'NONE',  ( 17.68778267270187854, -20.56099660264151652, -0.7499999956280483104 ) ) ;
#1156 = B_SPLINE_CURVE_WITH_KNOTS ( 'NONE', 3,
 ( #4219, #291, #4632, #4259 ),
 .UNSPECIFIED., .F., .F.,
 ( 4, 4 ),
 ( 0.000000000000000000, 1.000000000000000000 ),
 .UNSPECIFIED. ) ;
#1157 = ORIENTED_EDGE ( 'NONE', *, *, #2094, .F. ) ;
#1158 = CARTESIAN_POINT ( 'NONE',  ( -14.41506332969114190, 19.96762209159999557, 0.7499999985999999952 ) ) ;
#1159 = DIRECTION ( 'NONE',  ( 1.000000000000000000, 0.000000000000000000, 0.000000000000000000 ) ) ;
#1160 = ADVANCED_FACE ( 'NONE', ( #2433 ), #1635, .F. ) ;
#1161 = EDGE_CURVE ( 'NONE', #4319, #33, #201, .T. ) ;
#1162 = DIRECTION ( 'NONE',  ( 1.000000000000000000, 0.000000000000000000, 0.000000000000000000 ) ) ;
#1163 = VERTEX_POINT ( 'NONE', #4158 ) ;
#1164 = CARTESIAN_POINT ( 'NONE',  ( 5.656979511005541639, 1.000000020800015488, -0.7499999986000001062 ) ) ;
#1165 = CARTESIAN_POINT ( 'NONE',  ( -7.249999986491145521, 8.999999983200002163, 0.4499999986000000618 ) ) ;
#1166 = VERTEX_POINT ( 'NONE', #934 ) ;
#1167 = EDGE_CURVE ( 'NONE', #4442, #344, #4135, .T. ) ;
#1168 = CARTESIAN_POINT ( 'NONE',  ( 21.87531875030887818, -18.19180265619998593, 0.2499999995333333780 ) ) ;
#1169 = CARTESIAN_POINT ( 'NONE',  ( -14.74999999789114469, 22.94967320139998535, 0.4499999986000000618 ) ) ;
#1170 = ORIENTED_EDGE ( 'NONE', *, *, #4225, .F. ) ;
#1171 = ORIENTED_EDGE ( 'NONE', *, *, #118, .T. ) ;
#1172 = EDGE_CURVE ( 'NONE', #2879, #3783, #2120, .T. ) ;
#1173 = CARTESIAN_POINT ( 'NONE',  ( 20.87345545972438288, 1.026061597326988206, 0.7500000008241241023 ) ) ;
#1174 = CARTESIAN_POINT ( 'NONE',  ( 37.99999882433780840, 6.724652666127054701, -0.7499999986000002172 ) ) ;
#1175 = ORIENTED_EDGE ( 'NONE', *, *, #318, .T. ) ;
#1176 = CARTESIAN_POINT ( 'NONE',  ( -9.999999998291153602, -13.99999991460003734, 0.7499999985999999952 ) ) ;
#1177 = CARTESIAN_POINT ( 'NONE',  ( -20.99999923269113467, -13.00000112719998313, 9.757819552369539906E-16 ) ) ;
#1178 = DIRECTION ( 'NONE',  ( 0.000000000000000000, 0.000000000000000000, 1.000000000000000000 ) ) ;
#1179 = DIRECTION ( 'NONE',  ( -1.000000000000000000, 5.631853005364407380E-10, 0.000000000000000000 ) ) ;
#1180 = VERTEX_POINT ( 'NONE', #300 ) ;
#1181 = CARTESIAN_POINT ( 'NONE',  ( -15.50407051159113969, 29.15383847909999560, 0.4499999986000000618 ) ) ;
#1182 = CARTESIAN_POINT ( 'NONE',  ( -8.120098940979538327, -22.96341493365082087, 0.7499999986000001062 ) ) ;
#1183 = CARTESIAN_POINT ( 'NONE',  ( -22.46410219474762116, -30.90896482219498864, 0.4499999986000000618 ) ) ;
#1184 = ORIENTED_EDGE ( 'NONE', *, *, #3746, .F. ) ;
#1185 = CARTESIAN_POINT ( 'NONE',  ( 6.307439247933258386, 0.8703239248872239875, 0.7499999986000001062 ) ) ;
#1186 = ORIENTED_EDGE ( 'NONE', *, *, #1287, .T. ) ;
#1187 = CARTESIAN_POINT ( 'NONE',  ( -15.50407101959114264, -29.15383828859999227, -0.4499999890000000446 ) ) ;
#1188 = EDGE_CURVE ( 'NONE', #3904, #3610, #2170, .T. ) ;
#1189 = CIRCLE ( 'NONE', #1041, 2.249999995800000541 ) ;
#1190 = DIRECTION ( 'NONE',  ( 1.000000000000000000, 0.000000000000000000, 0.000000000000000000 ) ) ;
#1191 = ORIENTED_EDGE ( 'NONE', *, *, #2262, .F. ) ;
#1192 = EDGE_LOOP ( 'NONE', ( #161, #3161, #1984, #769, #2718, #175 ) ) ;
#1193 = AXIS2_PLACEMENT_3D ( 'NONE', #389, #1814, #2260 ) ;
#1194 = CARTESIAN_POINT ( 'NONE',  ( 37.83443238493734384, -8.034511038622415668, -0.7499999985999999952 ) ) ;
#1195 = CIRCLE ( 'NONE', #3148, 1.499999997199991109 ) ;
#1196 = CARTESIAN_POINT ( 'NONE',  ( 2.750000003308855412, 8.999999983200002163, 0.4499999986000000618 ) ) ;
#1197 = ORIENTED_EDGE ( 'NONE', *, *, #1543, .F. ) ;
#1198 = CARTESIAN_POINT ( 'NONE',  ( 15.22190043251636737, -23.20533159131552026, -0.7499999983070638754 ) ) ;
#1199 = CARTESIAN_POINT ( 'NONE',  ( -14.41506335509112802, -19.96762242180000158, 0.4499999986000000618 ) ) ;
#1200 = CARTESIAN_POINT ( 'NONE',  ( -13.04958235387506882, 36.34444032547501280, -0.7499999985999999952 ) ) ;
#1201 = CARTESIAN_POINT ( 'NONE',  ( -10.08493630289114584, 22.46762206999999734, 0.4499999986000000618 ) ) ;
#1202 = VERTEX_POINT ( 'NONE', #4268 ) ;
#1203 = CARTESIAN_POINT ( 'NONE',  ( -22.46410219474762116, -30.90896482219498864, 0.7499999985999999952 ) ) ;
#1204 = EDGE_CURVE ( 'NONE', #330, #1554, #24, .T. ) ;
#1205 = PERSON_AND_ORGANIZATION ( #3099, #3106 ) ;
#1206 = CARTESIAN_POINT ( 'NONE',  ( 33.00000000610880591, 1.149999986000016516, 0.4499999986000000618 ) ) ;
#1207 = ORIENTED_EDGE ( 'NONE', *, *, #360, .T. ) ;
#1208 = CARTESIAN_POINT ( 'NONE',  ( -14.92907096309114934, -28.15790911459997758, 0.1500000027333333319 ) ) ;
#1209 = ORIENTED_EDGE ( 'NONE', *, *, #1029, .T. ) ;
#1210 = CARTESIAN_POINT ( 'NONE',  ( 21.68298478833336063, 12.02163833066799370, -0.7499999952006333181 ) ) ;
#1211 = B_SPLINE_CURVE_WITH_KNOTS ( 'NONE', 3,
 ( #1947, #3337, #4443, #4041 ),
 .UNSPECIFIED., .F., .F.,
 ( 4, 4 ),
 ( 0.000000000000000000, 1.000000000000000000 ),
 .UNSPECIFIED. ) ;
#1212 = CYLINDRICAL_SURFACE ( 'NONE', #2951, 5.000000007599999741 ) ;
#1213 = DIRECTION ( 'NONE',  ( 0.000000000000000000, 0.000000000000000000, 1.000000000000000000 ) ) ;
#1214 = VERTEX_POINT ( 'NONE', #3984 ) ;
#1215 = EDGE_LOOP ( 'NONE', ( #4128, #1292, #3017, #1412, #4035, #1907, #1145, #1910 ) ) ;
#1216 = EDGE_CURVE ( 'NONE', #4060, #950, #2422, .T. ) ;
#1217 = CARTESIAN_POINT ( 'NONE',  ( 23.59703236945573934, 8.509027682427534600, -0.7499999985999999952 ) ) ;
#1218 = CARTESIAN_POINT ( 'NONE',  ( 37.95904975497776945, 7.159875397442719169, -0.7499999986000001062 ) ) ;
#1219 = ORIENTED_EDGE ( 'NONE', *, *, #2824, .T. ) ;
#1220 = CARTESIAN_POINT ( 'NONE',  ( -2.499999986891154879, -29.00000001360000823, 0.4499999986000000618 ) ) ;
#1221 = AXIS2_PLACEMENT_3D ( 'NONE', #393, #3277, #327 ) ;
#1222 = LINE ( 'NONE', #2719, #2842 ) ;
#1223 = AXIS2_PLACEMENT_3D ( 'NONE', #16, #1442, #720 ) ;
#1224 = CARTESIAN_POINT ( 'NONE',  ( -2.011518821794622269, 34.02510591380247718, 0.7499999972077319166 ) ) ;
#1225 = DIRECTION ( 'NONE',  ( 0.000000000000000000, 0.000000000000000000, 1.000000000000000000 ) ) ;
#1226 = CIRCLE ( 'NONE', #1820, 1.149999986000016516 ) ;
#1227 = VECTOR ( 'NONE', #2053, 1000.000000000000000 ) ;
#1228 = VECTOR ( 'NONE', #1849, 1000.000000000000000 ) ;
#1229 = CARTESIAN_POINT ( 'NONE',  ( -15.71918095255254322, -15.92367302278473851, -0.7499999986000001062 ) ) ;
#1230 = APPROVAL_DATE_TIME ( #3740, #2677 ) ;
#1231 = B_SPLINE_CURVE_WITH_KNOTS ( 'NONE', 3,
 ( #1430, #777, #3592, #4318, #377, #3953, #2485, #2526, #1079, #423, #1804, #68, #1826, #45, #2928 ),
 .UNSPECIFIED., .F., .F.,
 ( 4, 2, 2, 2, 1, 2, 2, 4 ),
 ( 0.2224837895419754796, 0.3196733158492286453, 0.4168628421564818387, 0.5140523684637350321, 0.6112418947709882255, 0.7084314210782415300, 0.8056209473854946124, 1.000000000000000000 ),
 .UNSPECIFIED. ) ;
#1232 = EDGE_CURVE ( 'NONE', #2763, #4442, #4026, .T. ) ;
#1233 = EDGE_CURVE ( 'NONE', #3171, #4501, #381, .T. ) ;
#1234 = EDGE_CURVE ( 'NONE', #20, #635, #1670, .T. ) ;
#1235 = CYLINDRICAL_SURFACE ( 'NONE', #1262, 1.499999997199991109 ) ;
#1236 = VERTEX_POINT ( 'NONE', #1420 ) ;
#1237 = CARTESIAN_POINT ( 'NONE',  ( 17.52606057124986449, -13.53463267363449951, 0.7499999963187521379 ) ) ;
#1238 = VERTEX_POINT ( 'NONE', #2476 ) ;
#1239 = LINE ( 'NONE', #983, #1227 ) ;
#1240 = CARTESIAN_POINT ( 'NONE',  ( 10.00000013370885910, -13.99999991460003734, 0.7499999985999999952 ) ) ;
#1241 = CARTESIAN_POINT ( 'NONE',  ( -13.49999999440762366, -13.00000113071200758, -0.7500000017667113328 ) ) ;
#1242 = ORIENTED_EDGE ( 'NONE', *, *, #2886, .T. ) ;
#1243 = ORIENTED_EDGE ( 'NONE', *, *, #334, .F. ) ;
#1244 = CARTESIAN_POINT ( 'NONE',  ( 21.97351496517585900, 11.91589397805552686, 0.7499999986000003283 ) ) ;
#1245 = DIRECTION ( 'NONE',  ( 0.000000000000000000, 0.000000000000000000, 1.000000000000000000 ) ) ;
#1246 = ORIENTED_EDGE ( 'NONE', *, *, #2467, .F. ) ;
#1247 = LINE ( 'NONE', #4466, #483 ) ;
#1248 = CYLINDRICAL_SURFACE ( 'NONE', #1122, 1.500000029069059160 ) ;
#1249 = CARTESIAN_POINT ( 'NONE',  ( 24.49999881970884985, -3.999998821393985438, 0.4499999986000000618 ) ) ;
#1250 = EDGE_CURVE ( 'NONE', #640, #1913, #3019, .T. ) ;
#1251 = DIRECTION ( 'NONE',  ( 1.000000000000000000, 0.000000000000000000, 0.000000000000000000 ) ) ;
#1252 = CARTESIAN_POINT ( 'NONE',  ( -14.09758284826301100, 14.84032654045018162, 0.7499999986000001062 ) ) ;
#1253 = CARTESIAN_POINT ( 'NONE',  ( -14.65977646857116135, -15.40231523991538332, -0.7499999986000002172 ) ) ;
#1254 = PERSON_AND_ORGANIZATION ( #3099, #3106 ) ;
#1255 = DIRECTION ( 'NONE',  ( 0.000000000000000000, 0.000000000000000000, -1.000000000000000000 ) ) ;
#1256 = CARTESIAN_POINT ( 'NONE',  ( 32.98952240316987883, 14.41584370773851731, -0.7499999980067396654 ) ) ;
#1257 = EDGE_LOOP ( 'NONE', ( #4091, #111, #4275, #1736 ) ) ;
#1258 = CARTESIAN_POINT ( 'NONE',  ( -17.07500012309112591, -29.57476746960002600, 0.4499999986000000618 ) ) ;
#1259 = CARTESIAN_POINT ( 'NONE',  ( 6.499999996308847727, 8.999999983200002163, 0.4499999986000000618 ) ) ;
#1260 = B_SPLINE_CURVE_WITH_KNOTS ( 'NONE', 3,
 ( #2829, #1813, #4027, #460 ),
 .UNSPECIFIED., .F., .F.,
 ( 4, 4 ),
 ( 0.000000000000000000, 0.7499999974166666750 ),
 .UNSPECIFIED. ) ;
#1261 = CARTESIAN_POINT ( 'NONE',  ( -18.07092915452951232, -28.99976748558416517, -0.7550132910086272409 ) ) ;
#1262 = AXIS2_PLACEMENT_3D ( 'NONE', #2987, #3795, #1277 ) ;
#1263 = VERTEX_POINT ( 'NONE', #2147 ) ;
#1264 = ORIENTED_EDGE ( 'NONE', *, *, #1131, .F. ) ;
#1265 = EDGE_CURVE ( 'NONE', #3589, #1180, #3925, .T. ) ;
#1266 = VECTOR ( 'NONE', #3260, 1000.000000000000000 ) ;
#1267 = B_SPLINE_CURVE_WITH_KNOTS ( 'NONE', 3,
 ( #359, #3907, #712, #625 ),
 .UNSPECIFIED., .F., .F.,
 ( 4, 4 ),
 ( 0.000000000000000000, 1.000000000000000000 ),
 .UNSPECIFIED. ) ;
#1268 = CARTESIAN_POINT ( 'NONE',  ( -16.07907109165257609, -30.14976745361558486, -0.7499999985999999952 ) ) ;
#1269 = CARTESIAN_POINT ( 'NONE',  ( 20.69253333330883748, 1.168400015627568678E-06, 0.2500000021348166568 ) ) ;
#1270 = ORIENTED_EDGE ( 'NONE', *, *, #52, .T. ) ;
#1271 = CARTESIAN_POINT ( 'NONE',  ( 13.44558130826658626, -26.19583897519262194, -0.7499999985999999952 ) ) ;
#1272 = CARTESIAN_POINT ( 'NONE',  ( -15.71410143745458043, 19.21762206651062144, 0.7499999985999999952 ) ) ;
#1273 = DIRECTION ( 'NONE',  ( 0.000000000000000000, 0.000000000000000000, 1.000000000000000000 ) ) ;
#1274 = CYLINDRICAL_SURFACE ( 'NONE', #2938, 1.149999833600010790 ) ;
#1275 = CARTESIAN_POINT ( 'NONE',  ( -16.10198475193639212, -16.00000112348298131, 0.7499999985999997731 ) ) ;
#1276 = CARTESIAN_POINT ( 'NONE',  ( 23.47600221470835891, 8.176500033679007018, 0.7499999961340101384 ) ) ;
#1277 = DIRECTION ( 'NONE',  ( 1.000000000000000000, 0.000000000000000000, 0.000000000000000000 ) ) ;
#1278 = EDGE_CURVE ( 'NONE', #1214, #3365, #4477, .T. ) ;
#1279 = CARTESIAN_POINT ( 'NONE',  ( -14.92907096134688061, -28.15790911560703336, 0.4499999986000000618 ) ) ;
#1280 = VERTEX_POINT ( 'NONE', #3534 ) ;
#1281 = CARTESIAN_POINT ( 'NONE',  ( -21.39801447981028204, 15.99999993990302016, 0.7499999986000001062 ) ) ;
#1282 = DIRECTION ( 'NONE',  ( 0.000000000000000000, 0.000000000000000000, 1.000000000000000000 ) ) ;
#1283 = CARTESIAN_POINT ( 'NONE',  ( -16.07907051574822432, 30.14976769209048868, -0.7550132910086272409 ) ) ;
#1284 = VERTEX_POINT ( 'NONE', #676 ) ;
#1285 = ORIENTED_EDGE ( 'NONE', *, *, #4225, .T. ) ;
#1286 = ADVANCED_FACE ( 'NONE', ( #324 ), #2831, .F. ) ;
#1287 = EDGE_CURVE ( 'NONE', #2444, #3470, #1751, .T. ) ;
#1288 = CARTESIAN_POINT ( 'NONE',  ( 23.02707670041467480, -11.04894336168273128, -0.7499999986000002172 ) ) ;
#1289 = CARTESIAN_POINT ( 'NONE',  ( -4.999999990691144980, 8.999999983200002163, 0.4499999986000000618 ) ) ;
#1290 = ORIENTED_EDGE ( 'NONE', *, *, #2479, .T. ) ;
#1291 = CARTESIAN_POINT ( 'NONE',  ( -9.999999998307639970, -18.99999989009701196, 0.7499999985666601088 ) ) ;
#1292 = ORIENTED_EDGE ( 'NONE', *, *, #764, .T. ) ;
#1293 = CARTESIAN_POINT ( 'NONE',  ( -14.74999999789114469, -22.94967320139998535, -0.7499999985999999952 ) ) ;
#1294 = EDGE_CURVE ( 'NONE', #4487, #1762, #3253, .T. ) ;
#1295 = CARTESIAN_POINT ( 'NONE',  ( 13.50000011870885963, 1.168400015627568678E-06, -0.7499999985999999952 ) ) ;
#1296 = VECTOR ( 'NONE', #3587, 1000.000000000000000 ) ;
#1297 = CARTESIAN_POINT ( 'NONE',  ( 7.072730092637868893, -38.00000112919399697, 0.7500000029346749475 ) ) ;
#1298 = VERTEX_POINT ( 'NONE', #1299 ) ;
#1299 = CARTESIAN_POINT ( 'NONE',  ( 25.00000000410887324, 1.168400015627568678E-06, -0.7499999985999999952 ) ) ;
#1300 = DIRECTION ( 'NONE',  ( -0.8660253669729565118, 0.5000000637593521313, 0.000000000000000000 ) ) ;
#1301 = AXIS2_PLACEMENT_3D ( 'NONE', #3965, #3945, #3185 ) ;
#1302 = CARTESIAN_POINT ( 'NONE',  ( -13.49999999440762366, -13.00000113071200758, -0.7500000017667113328 ) ) ;
#1303 = CARTESIAN_POINT ( 'NONE',  ( -16.50000000309115222, 12.99999995879999659, 9.757819552369539906E-16 ) ) ;
#1304 = ORIENTED_EDGE ( 'NONE', *, *, #3908, .T. ) ;
#1305 = LINE ( 'NONE', #3040, #901 ) ;
#1306 = ADVANCED_FACE ( 'NONE', ( #3408 ), #2701, .T. ) ;
#1307 = CIRCLE ( 'NONE', #2768, 1.150000316200029626 ) ;
#1308 = CARTESIAN_POINT ( 'NONE',  ( -11.80642439784915254, 37.06217791305748932, -0.7500000015666826725 ) ) ;
#1309 = ADVANCED_FACE ( 'NONE', ( #4121 ), #4355, .F. ) ;
#1310 = CARTESIAN_POINT ( 'NONE',  ( 5.000000130889858951, 1.000000038599985208, -0.7499999993666756071 ) ) ;
#1311 = ORIENTED_EDGE ( 'NONE', *, *, #1589, .T. ) ;
#1312 = VERTEX_POINT ( 'NONE', #1165 ) ;
#1313 = CARTESIAN_POINT ( 'NONE',  ( 31.84999999470883125, -1.150000011399976430, 0.1500000027333332209 ) ) ;
#1314 = FACE_BOUND ( 'NONE', #755, .T. ) ;
#1315 = ORIENTED_EDGE ( 'NONE', *, *, #4406, .F. ) ;
#1316 = CARTESIAN_POINT ( 'NONE',  ( 23.65695811307835683, -9.202558160769507722, 0.7499999951323020886 ) ) ;
#1317 = ORIENTED_EDGE ( 'NONE', *, *, #195, .F. ) ;
#1318 = PLANE ( 'NONE',  #149 ) ;
#1319 = DIRECTION ( 'NONE',  ( 1.000000000000000000, 0.000000000000000000, 0.000000000000000000 ) ) ;
#1320 = DIRECTION ( 'NONE',  ( 0.000000000000000000, 1.000000000000000000, 0.000000000000000000 ) ) ;
#1321 = ORIENTED_EDGE ( 'NONE', *, *, #2034, .T. ) ;
#1322 = CARTESIAN_POINT ( 'NONE',  ( 23.47600221316234581, 8.176500030271510511, -0.7499999954130937008 ) ) ;
#1323 = B_SPLINE_CURVE_WITH_KNOTS ( 'NONE', 3,
 ( #552, #2301, #1553, #3319 ),
 .UNSPECIFIED., .F., .F.,
 ( 4, 4 ),
 ( 0.000000000000000000, 0.1818020294298732797 ),
 .UNSPECIFIED. ) ;
#1324 = CARTESIAN_POINT ( 'NONE',  ( 31.84999999470883125, 1.149999986000016516, 0.4499999986000000618 ) ) ;
#1325 = CALENDAR_DATE ( 2025, 21, 1 ) ;
#1326 = CARTESIAN_POINT ( 'NONE',  ( -16.50000000309112380, 15.99999995320000679, -0.2499999995333333780 ) ) ;
#1327 = B_SPLINE_CURVE_WITH_KNOTS ( 'NONE', 3,
 ( #598, #1764, #2421, #4241 ),
 .UNSPECIFIED., .F., .F.,
 ( 4, 4 ),
 ( 0.000000000000000000, 1.000000000000000000 ),
 .UNSPECIFIED. ) ;
#1328 = ORIENTED_EDGE ( 'NONE', *, *, #543, .T. ) ;
#1329 = ORIENTED_EDGE ( 'NONE', *, *, #2758, .T. ) ;
#1330 = DIRECTION ( 'NONE',  ( 0.5000000093473347951, -0.8660253983877522765, 0.000000000000000000 ) ) ;
#1331 = CARTESIAN_POINT ( 'NONE',  ( 37.99999881990883921, -4.318000124126086803E-07, -0.7499999985999999952 ) ) ;
#1332 = CARTESIAN_POINT ( 'NONE',  ( -29.99999924209464908, 22.51666060821649751, 0.7500000026525549535 ) ) ;
#1333 = ORIENTED_EDGE ( 'NONE', *, *, #2399, .T. ) ;
#1334 = DIRECTION ( 'NONE',  ( 0.000000000000000000, 0.000000000000000000, 1.000000000000000000 ) ) ;
#1335 = VERTEX_POINT ( 'NONE', #3297 ) ;
#1336 = CARTESIAN_POINT ( 'NONE',  ( 22.24013712301997003, -11.76987861233316401, 0.7499999985999999952 ) ) ;
#1337 = ORIENTED_EDGE ( 'NONE', *, *, #2575, .T. ) ;
#1338 = CARTESIAN_POINT ( 'NONE',  ( 32.35468951003886673, 15.09661864638809980, 0.7499999993660599884 ) ) ;
#1339 = AXIS2_PLACEMENT_3D ( 'NONE', #2633, #4052, #3058 ) ;
#1340 = DIRECTION ( 'NONE',  ( 0.000000000000000000, 0.000000000000000000, 1.000000000000000000 ) ) ;
#1341 = CARTESIAN_POINT ( 'NONE',  ( -9.368471417088725772, -1.480604768423388062, 0.7499999985999998842 ) ) ;
#1342 = ORIENTED_EDGE ( 'NONE', *, *, #1232, .F. ) ;
#1343 = CARTESIAN_POINT ( 'NONE',  ( -29.60260873657709269, 24.92149605457374051, -0.7499999985999998842 ) ) ;
#1344 = CARTESIAN_POINT ( 'NONE',  ( -2.011518823389124577, 34.02510591720997724, -0.7499999964197217039 ) ) ;
#1345 = AXIS2_PLACEMENT_3D ( 'NONE', #2989, #2705, #528 ) ;
#1346 = CARTESIAN_POINT ( 'NONE',  ( -26.49999936210664586, 28.57883827777149577, 0.7500000027832800509 ) ) ;
#1347 = EDGE_LOOP ( 'NONE', ( #773, #583, #1421, #2795 ) ) ;
#1348 = CIRCLE ( 'NONE', #3975, 1.499999997199991109 ) ;
#1349 = VERTEX_POINT ( 'NONE', #3676 ) ;
#1350 = EDGE_CURVE ( 'NONE', #2998, #2111, #668, .T. ) ;
#1351 = CARTESIAN_POINT ( 'NONE',  ( -9.999999998391107425, -19.35044568652717345, 0.7499999986000001062 ) ) ;
#1352 = PLANE ( 'NONE',  #2125 ) ;
#1353 = CARTESIAN_POINT ( 'NONE',  ( -8.785898445474614959, -23.21762278500050058, 0.7499999985999999952 ) ) ;
#1354 = ORIENTED_EDGE ( 'NONE', *, *, #1632, .T. ) ;
#1355 = B_SPLINE_CURVE_WITH_KNOTS ( 'NONE', 3,
 ( #2659, #173, #3436, #3038 ),
 .UNSPECIFIED., .F., .F.,
 ( 4, 4 ),
 ( 0.000000000000000000, 0.2746709109594662745 ),
 .UNSPECIFIED. ) ;
#1356 = DIRECTION ( 'NONE',  ( -1.520600313429141788E-09, -1.000000000000000000, 0.000000000000000000 ) ) ;
#1357 = EDGE_LOOP ( 'NONE', ( #4229, #929, #2502, #4516 ) ) ;
#1358 = CARTESIAN_POINT ( 'NONE',  ( 21.97378515598428805, -11.91579329949882826, 0.7499999985999997731 ) ) ;
#1359 = VERTEX_POINT ( 'NONE', #4173 ) ;
#1360 = FACE_BOUND ( 'NONE', #2754, .T. ) ;
#1361 = EDGE_CURVE ( 'NONE', #2504, #4013, #58, .T. ) ;
#1362 = CARTESIAN_POINT ( 'NONE',  ( 13.11963129635932823, -27.66176656958207047, 0.7499999986000001062 ) ) ;
#1363 = CARTESIAN_POINT ( 'NONE',  ( -9.999999985153639415, -3.343761026402713998, 0.7499999986000001062 ) ) ;
#1364 = ORIENTED_EDGE ( 'NONE', *, *, #3584, .T. ) ;
#1365 = DIRECTION ( 'NONE',  ( -1.520600313429141788E-09, -1.000000000000000000, 0.000000000000000000 ) ) ;
#1366 = CARTESIAN_POINT ( 'NONE',  ( 22.60848662558127131, -5.793018215217033529, -0.7499999985999999952 ) ) ;
#1367 = B_SPLINE_CURVE_WITH_KNOTS ( 'NONE', 3,
 ( #4255, #2152, #4337, #2135 ),
 .UNSPECIFIED., .F., .F.,
 ( 4, 4 ),
 ( 0.000000000000000000, 0.7499999974166666750 ),
 .UNSPECIFIED. ) ;
#1368 = DIRECTION ( 'NONE',  ( 0.000000000000000000, 0.000000000000000000, -1.000000000000000000 ) ) ;
#1369 = ORIENTED_EDGE ( 'NONE', *, *, #3414, .F. ) ;
#1370 = VERTEX_POINT ( 'NONE', #4472 ) ;
#1371 = AXIS2_PLACEMENT_3D ( 'NONE', #1963, #2273, #186 ) ;
#1372 = DIRECTION ( 'NONE',  ( 1.000000000000000000, 0.000000000000000000, 0.000000000000000000 ) ) ;
#1373 = EDGE_CURVE ( 'NONE', #2428, #1053, #1071, .T. ) ;
#1374 = EDGE_CURVE ( 'NONE', #4109, #1510, #2893, .T. ) ;
#1375 = CARTESIAN_POINT ( 'NONE',  ( -23.99999922709114486, -5.841999939359965310E-07, -0.7499999985999999952 ) ) ;
#1376 = CARTESIAN_POINT ( 'NONE',  ( 10.00000013600891258, -19.65697925709804750, -0.7499999986000001062 ) ) ;
#1377 = ORIENTED_EDGE ( 'NONE', *, *, #2965, .T. ) ;
#1378 = AXIS2_PLACEMENT_3D ( 'NONE', #3737, #148, #3714 ) ;
#1379 = B_SPLINE_CURVE_WITH_KNOTS ( 'NONE', 3,
 ( #4346, #733, #31, #3958 ),
 .UNSPECIFIED., .F., .F.,
 ( 4, 4 ),
 ( 0.000000000000000000, 1.000000000000000000 ),
 .UNSPECIFIED. ) ;
#1380 = CARTESIAN_POINT ( 'NONE',  ( 32.98952240450886109, 14.41584371079998306, -0.2499999995333333780 ) ) ;
#1381 = ORIENTED_EDGE ( 'NONE', *, *, #1424, .T. ) ;
#1382 = ORIENTED_EDGE ( 'NONE', *, *, #70, .F. ) ;
#1383 = FACE_BOUND ( 'NONE', #498, .T. ) ;
#1384 = B_SPLINE_CURVE_WITH_KNOTS ( 'NONE', 3,
 ( #2409, #2687, #279, #1703 ),
 .UNSPECIFIED., .F., .F.,
 ( 4, 4 ),
 ( 0.000000000000000000, 0.7499999974166666750 ),
 .UNSPECIFIED. ) ;
#1385 = CARTESIAN_POINT ( 'NONE',  ( 9.005206480177733397, -37.69393544404139362, -0.7499999985999999952 ) ) ;
#1386 = CARTESIAN_POINT ( 'NONE',  ( -13.49999998329112749, 4.333332927011688263, -0.7499999985999999952 ) ) ;
#1387 = ORIENTED_EDGE ( 'NONE', *, *, #1717, .F. ) ;
#1388 = PLANE ( 'NONE',  #2047 ) ;
#1389 = CARTESIAN_POINT ( 'NONE',  ( -17.07499999609113317, 29.57476752040000179, 0.4499999986000000618 ) ) ;
#1390 = ADVANCED_FACE ( 'NONE', ( #2564 ), #2325, .T. ) ;
#1391 = CARTESIAN_POINT ( 'NONE',  ( 35.10156779909197411, -12.15095243586679885, -0.7499999985999999952 ) ) ;
#1392 = ORIENTED_EDGE ( 'NONE', *, *, #2593, .F. ) ;
#1393 = ORIENTED_EDGE ( 'NONE', *, *, #1634, .F. ) ;
#1394 = CARTESIAN_POINT ( 'NONE',  ( 20.87345546037985855, -1.026059261056005978, 0.7499999982872160853 ) ) ;
#1395 = DIRECTION ( 'NONE',  ( 0.000000000000000000, 0.000000000000000000, 1.000000000000000000 ) ) ;
#1396 = CARTESIAN_POINT ( 'NONE',  ( 23.42682407066369521, -10.39454709727965920, -0.7499999985999998842 ) ) ;
#1397 = CARTESIAN_POINT ( 'NONE',  ( 7.519395298268044314, -23.36847133466668325, -0.7499999985999998842 ) ) ;
#1398 = ORIENTED_EDGE ( 'NONE', *, *, #3034, .F. ) ;
#1399 = DIRECTION ( 'NONE',  ( 0.000000000000000000, 0.000000000000000000, 1.000000000000000000 ) ) ;
#1400 = VERTEX_POINT ( 'NONE', #548 ) ;
#1401 = ORIENTED_EDGE ( 'NONE', *, *, #387, .F. ) ;
#1402 = EDGE_CURVE ( 'NONE', #4159, #4024, #2213, .T. ) ;
#1403 = CARTESIAN_POINT ( 'NONE',  ( -14.74999999789114469, -22.94967320139998535, 0.1500000047999999753 ) ) ;
#1404 = CARTESIAN_POINT ( 'NONE',  ( -23.99999922803114316, -13.00000112719998313, -0.7499999983212393140 ) ) ;
#1405 = FACE_BOUND ( 'NONE', #3315, .T. ) ;
#1406 = EDGE_LOOP ( 'NONE', ( #3194, #3669, #1051, #1709, #935, #2419, #4251, #623, #2630, #2173, #2052, #1377, #4000, #3375, #1699, #3506, #1613, #2312, #4484, #1997, #4590, #3487, #4316, #2711, #3727, #986, #2900, #4596, #3781, #617, #4556 ) ) ;
#1407 = CARTESIAN_POINT ( 'NONE',  ( 17.68778267679838123, -20.56099659838900351, 0.7499999966888120095 ) ) ;
#1408 = AXIS2_PLACEMENT_3D ( 'NONE', #241, #1042, #3081 ) ;
#1409 = CARTESIAN_POINT ( 'NONE',  ( 15.22190043319188213, -23.20533159177850990, 0.7499999991986160408 ) ) ;
#1410 = AXIS2_PLACEMENT_3D ( 'NONE', #1066, #1615, #3184 ) ;
#1411 = CARTESIAN_POINT ( 'NONE',  ( 0.5813249349103655206, 31.47012191570949824, -0.7500000012986886011 ) ) ;
#1412 = ORIENTED_EDGE ( 'NONE', *, *, #4411, .T. ) ;
#1413 = B_SPLINE_CURVE_WITH_KNOTS ( 'NONE', 3,
 ( #3915, #695, #3203, #2126 ),
 .UNSPECIFIED., .F., .F.,
 ( 4, 4 ),
 ( 0.2500000025833333250, 1.000000000000000000 ),
 .UNSPECIFIED. ) ;
#1414 = VERTEX_POINT ( 'NONE', #169 ) ;
#1415 = DIRECTION ( 'NONE',  ( 0.000000000000000000, 1.000000000000000000, 0.000000000000000000 ) ) ;
#1416 = EDGE_CURVE ( 'NONE', #1689, #2169, #1830, .T. ) ;
#1417 = LINE ( 'NONE', #1884, #2729 ) ;
#1418 = AXIS2_PLACEMENT_3D ( 'NONE', #4168, #4140, #3004 ) ;
#1419 = CARTESIAN_POINT ( 'NONE',  ( 31.84999999470883125, 0.000000000000000000, 0.1500000047999999753 ) ) ;
#1420 = CARTESIAN_POINT ( 'NONE',  ( 21.87531874983037028, -18.19180265394748730, -0.7499999958137953948 ) ) ;
#1421 = ORIENTED_EDGE ( 'NONE', *, *, #1575, .T. ) ;
#1422 = EDGE_CURVE ( 'NONE', #3661, #354, #4353, .T. ) ;
#1423 = EDGE_CURVE ( 'NONE', #2072, #3610, #3866, .T. ) ;
#1424 = EDGE_CURVE ( 'NONE', #2774, #2547, #401, .T. ) ;
#1425 = CYLINDRICAL_SURFACE ( 'NONE', #1001, 1.499999999222997982 ) ;
#1426 = ORIENTED_EDGE ( 'NONE', *, *, #4292, .T. ) ;
#1427 = EDGE_LOOP ( 'NONE', ( #1032, #2912, #75, #2057 ) ) ;
#1428 = EDGE_CURVE ( 'NONE', #1359, #2214, #3816, .T. ) ;
#1429 = CARTESIAN_POINT ( 'NONE',  ( 15.63098071479184270, 13.62712450286047527, -0.7499999985999998842 ) ) ;
#1430 = CARTESIAN_POINT ( 'NONE',  ( 23.65695811100185253, 9.202560497567514375, -0.7499999936602953499 ) ) ;
#1431 = EDGE_LOOP ( 'NONE', ( #1157, #4233, #2154, #2290, #1539, #3912, #4396, #1126, #1103, #328, #3742, #3403, #1979, #3115, #192, #221, #1116, #119, #46, #140, #2410, #2815, #4028, #3802, #2246, #3103, #899, #2259, #1144, #1533, #1869, #2762, #3600, #2791, #2505, #4335, #1487, #659, #3564, #3445, #1731, #710, #1387, #3010, #910, #702, #2904, #2836, #2820, #3884, #472, #1644, #1549 ) ) ;
#1432 = CARTESIAN_POINT ( 'NONE',  ( -4.999999990691113894, 1.000000031999986883, 0.2499999995333333780 ) ) ;
#1433 = EDGE_CURVE ( 'NONE', #4410, #2612, #4631, .T. ) ;
#1434 = CARTESIAN_POINT ( 'NONE',  ( -29.99999924209464908, 22.51666060821649751, 0.7500000026525549535 ) ) ;
#1435 = CARTESIAN_POINT ( 'NONE',  ( 30.77061681207737820, 16.08790902910350695, -0.7499999979219882373 ) ) ;
#1436 = CARTESIAN_POINT ( 'NONE',  ( -15.71410141301363161, -19.21762231240650820, 0.4499999986000000618 ) ) ;
#1437 = ORIENTED_EDGE ( 'NONE', *, *, #3236, .T. ) ;
#1438 = FACE_OUTER_BOUND ( 'NONE', #728, .T. ) ;
#1439 = LINE ( 'NONE', #3963, #108 ) ;
#1440 = B_SPLINE_CURVE_WITH_KNOTS ( 'NONE', 3,
 ( #1241, #3726, #442, #1940 ),
 .UNSPECIFIED., .F., .F.,
 ( 4, 4 ),
 ( 0.000000000000000000, 1.000000000000000000 ),
 .UNSPECIFIED. ) ;
#1441 = CARTESIAN_POINT ( 'NONE',  ( 10.00000013172536129, -3.999999950200006094, -0.7499999992708412666 ) ) ;
#1442 = DIRECTION ( 'NONE',  ( 0.000000000000000000, 0.000000000000000000, 1.000000000000000000 ) ) ;
#1443 = EDGE_LOOP ( 'NONE', ( #1588, #2177, #2620, #4522 ) ) ;
#1444 = VECTOR ( 'NONE', #3323, 1000.000000000000000 ) ;
#1445 = EDGE_CURVE ( 'NONE', #3922, #3388, #2720, .T. ) ;
#1446 = AXIS2_PLACEMENT_3D ( 'NONE', #1002, #4571, #1770 ) ;
#1447 = CARTESIAN_POINT ( 'NONE',  ( -16.92092901612970834, -27.00790913758441292, -0.7550132910086272409 ) ) ;
#1448 = VERTEX_POINT ( 'NONE', #597 ) ;
#1449 = VECTOR ( 'NONE', #165, 1000.000000000000114 ) ;
#1450 = EDGE_LOOP ( 'NONE', ( #238, #2541, #3151, #3608 ) ) ;
#1451 = CARTESIAN_POINT ( 'NONE',  ( 13.07273007861159364, -32.78756195727732603, -0.7499999985999999952 ) ) ;
#1452 = CARTESIAN_POINT ( 'NONE',  ( 13.07273008394485636, -28.66131842020000420, 0.7499999991237880081 ) ) ;
#1453 = ORIENTED_EDGE ( 'NONE', *, *, #110, .T. ) ;
#1454 = DIRECTION ( 'NONE',  ( 0.000000000000000000, 0.000000000000000000, 1.000000000000000000 ) ) ;
#1455 = CARTESIAN_POINT ( 'NONE',  ( 7.072730091601364677, -38.00000112814699804, -0.7500000015762178229 ) ) ;
#1456 = CARTESIAN_POINT ( 'NONE',  ( -26.49999963966365257, -28.57883796959950828, -0.7499999945186460737 ) ) ;
#1457 = CARTESIAN_POINT ( 'NONE',  ( 31.84999999470883125, 1.150000011399976430, -0.4499999890000000446 ) ) ;
#1458 = ORIENTED_EDGE ( 'NONE', *, *, #3433, .F. ) ;
#1459 = CARTESIAN_POINT ( 'NONE',  ( 23.65695811307835683, -9.202558160769507722, 0.7499999951323020886 ) ) ;
#1460 = CARTESIAN_POINT ( 'NONE',  ( 32.51027404568232981, -14.92977480125123613, 0.7499999963647598911 ) ) ;
#1461 = CARTESIAN_POINT ( 'NONE',  ( 10.00000013244237174, -18.99999989680001278, 0.7500000000875340911 ) ) ;
#1462 = CARTESIAN_POINT ( 'NONE',  ( 7.519395313311964202, 0.3684714669356149996, 0.7499999985999998842 ) ) ;
#1463 = CARTESIAN_POINT ( 'NONE',  ( 10.00000013370888219, -8.999999925800313605, -0.7499999985999999952 ) ) ;
#1464 = ORIENTED_EDGE ( 'NONE', *, *, #1609, .F. ) ;
#1465 = CYLINDRICAL_SURFACE ( 'NONE', #850, 2.249999995800000541 ) ;
#1466 = ORIENTED_EDGE ( 'NONE', *, *, #2750, .F. ) ;
#1467 = ORIENTED_EDGE ( 'NONE', *, *, #2886, .F. ) ;
#1468 = EDGE_CURVE ( 'NONE', #243, #3346, #3911, .T. ) ;
#1469 = CARTESIAN_POINT ( 'NONE',  ( 20.69253333290238572, 1.167984015060241632E-06, 0.7500000003276501293 ) ) ;
#1470 = CARTESIAN_POINT ( 'NONE',  ( -16.92092901612970834, -27.00790913758441292, 0.4499999986000000618 ) ) ;
#1471 = ORIENTED_EDGE ( 'NONE', *, *, #1233, .T. ) ;
#1472 = CARTESIAN_POINT ( 'NONE',  ( -20.99999923480563879, -16.00000112238050676, -0.7499999982814162802 ) ) ;
#1473 = CARTESIAN_POINT ( 'NONE',  ( -29.99999924084964675, -22.51666037680000088, 0.7499999954519940282 ) ) ;
#1474 = B_SPLINE_CURVE_WITH_KNOTS ( 'NONE', 3,
 ( #3578, #2809, #1793, #1092, #1351, #2516 ),
 .UNSPECIFIED., .F., .F.,
 ( 4, 2, 4 ),
 ( 0.7332900982152726899, 0.8666450491076362894, 1.000000000000000000 ),
 .UNSPECIFIED. ) ;
#1475 = DIRECTION ( 'NONE',  ( 1.000000000000000000, 0.000000000000000000, 0.000000000000000000 ) ) ;
#1476 = CARTESIAN_POINT ( 'NONE',  ( -16.49999999821563534, -16.00000112191399282, 0.7500000026999951164 ) ) ;
#1477 = AXIS2_PLACEMENT_3D ( 'NONE', #1788, #2862, #3998 ) ;
#1478 = ORIENTED_EDGE ( 'NONE', *, *, #2361, .F. ) ;
#1479 = CARTESIAN_POINT ( 'NONE',  ( -15.53589821774162338, 34.90896506587498749, 0.7499999985999999952 ) ) ;
#1480 = APPROVAL_ROLE ( '' ) ;
#1481 = AXIS2_PLACEMENT_3D ( 'NONE', #4134, #2848, #2362 ) ;
#1482 = CARTESIAN_POINT ( 'NONE',  ( -15.92499998469115674, 27.58290912159999664, 0.4499999986000000618 ) ) ;
#1483 = ORIENTED_EDGE ( 'NONE', *, *, #3867, .T. ) ;
#1484 = CARTESIAN_POINT ( 'NONE',  ( -3.999999984091146210, -29.00000001360000823, 0.7499999985999999952 ) ) ;
#1485 = CARTESIAN_POINT ( 'NONE',  ( -15.71918095308834040, 15.92367184439837402, 0.7499999985999999952 ) ) ;
#1486 = EDGE_CURVE ( 'NONE', #2079, #4270, #271, .T. ) ;
#1487 = ORIENTED_EDGE ( 'NONE', *, *, #945, .T. ) ;
#1488 = APPLICATION_CONTEXT ( 'configuration controlled 3d designs of mechanical parts and assemblies' ) ;
#1489 = CARTESIAN_POINT ( 'NONE',  ( 20.69246871093004003, 0.3524775910624712849, -0.7499999985999999952 ) ) ;
#1490 = B_SPLINE_CURVE_WITH_KNOTS ( 'NONE', 3,
 ( #3973, #3286, #780, #3931 ),
 .UNSPECIFIED., .F., .F.,
 ( 4, 4 ),
 ( 0.7775384175178000623, 1.000000000000000000 ),
 .UNSPECIFIED. ) ;
#1491 = CIRCLE ( 'NONE', #2388, 1.500000014351892563 ) ;
#1492 = CARTESIAN_POINT ( 'NONE',  ( -11.27739966441638053, 37.36761048062114554, 0.7500000103000068474 ) ) ;
#1493 = EDGE_LOOP ( 'NONE', ( #3395, #4193, #2926, #1285, #3031, #1354, #1080 ) ) ;
#1494 = ORIENTED_EDGE ( 'NONE', *, *, #2873, .F. ) ;
#1495 = CARTESIAN_POINT ( 'NONE',  ( 23.47600221421736322, -8.176497693117484644, 0.7499999962881899185 ) ) ;
#1496 = CARTESIAN_POINT ( 'NONE',  ( 13.07273007954135124, -32.00000112978851519, 0.7500000026637549944 ) ) ;
#1497 = ORIENTED_EDGE ( 'NONE', *, *, #3167, .T. ) ;
#1498 = CARTESIAN_POINT ( 'NONE',  ( 22.99999882048586741, -2.499998824193994107, 0.7499999985999999952 ) ) ;
#1499 = DIRECTION ( 'NONE',  ( 0.000000000000000000, 0.000000000000000000, 1.000000000000000000 ) ) ;
#1500 = DIRECTION ( 'NONE',  ( 1.000000000000000000, 0.000000000000000000, 0.000000000000000000 ) ) ;
#1501 = EDGE_CURVE ( 'NONE', #2472, #20, #1942, .T. ) ;
#1502 = CARTESIAN_POINT ( 'NONE',  ( 28.87821675954272393, -16.70329067652290078, 0.2499999993019353384 ) ) ;
#1503 = EDGE_LOOP ( 'NONE', ( #2283, #1290, #606, #4330, #4383, #2826, #3537 ) ) ;
#1504 = DIRECTION ( 'NONE',  ( 1.000000000000000000, 0.000000000000000000, 0.000000000000000000 ) ) ;
#1505 = LINE ( 'NONE', #1883, #2946 ) ;
#1506 = FACE_OUTER_BOUND ( 'NONE', #403, .T. ) ;
#1507 = ORIENTED_EDGE ( 'NONE', *, *, #1794, .T. ) ;
#1508 = CARTESIAN_POINT ( 'NONE',  ( -17.65000010710671319, -30.57069650103857938, -0.7499999985999999952 ) ) ;
#1509 = CARTESIAN_POINT ( 'NONE',  ( -14.65967340893769411, -15.40241827841931332, 0.7499999986000001062 ) ) ;
#1510 = VERTEX_POINT ( 'NONE', #975 ) ;
#1511 = EDGE_CURVE ( 'NONE', #2458, #33, #1748, .T. ) ;
#1512 = CARTESIAN_POINT ( 'NONE',  ( 20.75277609065992124, 0.6944977344285873100, -0.7499999985999999952 ) ) ;
#1513 = AXIS2_PLACEMENT_3D ( 'NONE', #1289, #1334, #2081 ) ;
#1514 = CARTESIAN_POINT ( 'NONE',  ( -22.46410219474762116, -30.90896482219498864, -0.7499999985999999952 ) ) ;
#1515 = VERTEX_POINT ( 'NONE', #2091 ) ;
#1516 = ORIENTED_EDGE ( 'NONE', *, *, #4583, .F. ) ;
#1517 = AXIS2_PLACEMENT_3D ( 'NONE', #1918, #2924, #138 ) ;
#1518 = APPROVAL_PERSON_ORGANIZATION ( #3624, #3654, #1480 ) ;
#1519 = DIRECTION ( 'NONE',  ( 0.000000000000000000, -1.000000000000000000, 0.000000000000000000 ) ) ;
#1520 = AXIS2_PLACEMENT_3D ( 'NONE', #3782, #3734, #3027 ) ;
#1521 = CARTESIAN_POINT ( 'NONE',  ( 37.99999881183935457, 6.285392255374000925, 0.7499999964130399377 ) ) ;
#1522 = ORIENTED_EDGE ( 'NONE', *, *, #3182, .F. ) ;
#1523 = CARTESIAN_POINT ( 'NONE',  ( 24.49999881970884985, -3.999998821393985438, 0.4499999986000000618 ) ) ;
#1524 = AXIS2_PLACEMENT_3D ( 'NONE', #362, #1790, #3221 ) ;
#1525 = CARTESIAN_POINT ( 'NONE',  ( -7.028790951636793238, 37.82046776123753773, -0.7499999986000001062 ) ) ;
#1526 = CARTESIAN_POINT ( 'NONE',  ( -14.41506335509112802, -19.96762242180000158, 0.4499999986000000618 ) ) ;
#1527 = CARTESIAN_POINT ( 'NONE',  ( 18.24774842729675228, -19.96050683703288442, -0.7499999986000001062 ) ) ;
#1528 = ORIENTED_EDGE ( 'NONE', *, *, #4343, .T. ) ;
#1529 = CARTESIAN_POINT ( 'NONE',  ( 5.000000072458876232, -23.99999988958351338, 0.7500000003000401039 ) ) ;
#1530 = DIRECTION ( 'NONE',  ( 0.000000000000000000, 0.000000000000000000, 1.000000000000000000 ) ) ;
#1531 = EDGE_CURVE ( 'NONE', #2079, #1123, #4079, .T. ) ;
#1532 = CARTESIAN_POINT ( 'NONE',  ( -13.49999998640763543, 12.99999995879999659, 0.7500000026999951164 ) ) ;
#1533 = ORIENTED_EDGE ( 'NONE', *, *, #259, .T. ) ;
#1534 = CARTESIAN_POINT ( 'NONE',  ( 10.00000012033889440, -3.343761026083467147, -0.7499999986000001062 ) ) ;
#1535 = EDGE_LOOP ( 'NONE', ( #2741, #2808 ) ) ;
#1536 = CYLINDRICAL_SURFACE ( 'NONE', #524, 2.999999994400010195 ) ;
#1537 = CARTESIAN_POINT ( 'NONE',  ( -25.15470005295063416, 29.35554720378083360, 0.7499999985999999952 ) ) ;
#1538 = ORIENTED_EDGE ( 'NONE', *, *, #3500, .T. ) ;
#1539 = ORIENTED_EDGE ( 'NONE', *, *, #3876, .F. ) ;
#1540 = DIRECTION ( 'NONE',  ( -1.000000000000000000, 0.000000000000000000, 0.000000000000000000 ) ) ;
#1541 = CARTESIAN_POINT ( 'NONE',  ( -1.749999988291145447, -29.00000001360000823, 0.4499999986000000618 ) ) ;
#1542 = EDGE_LOOP ( 'NONE', ( #4031, #4312, #3267, #2840 ) ) ;
#1543 = EDGE_CURVE ( 'NONE', #3568, #4356, #269, .T. ) ;
#1544 = FACE_OUTER_BOUND ( 'NONE', #2688, .T. ) ;
#1545 = CARTESIAN_POINT ( 'NONE',  ( -1.951201630591120617, 33.92063346669998936, -0.7499999985999999952 ) ) ;
#1546 = B_SPLINE_CURVE_WITH_KNOTS ( 'NONE', 3,
 ( #1012, #2437, #1667, #3879 ),
 .UNSPECIFIED., .F., .F.,
 ( 4, 4 ),
 ( 0.000000000000000000, 1.000000000000000000 ),
 .UNSPECIFIED. ) ;
#1547 = CARTESIAN_POINT ( 'NONE',  ( -17.65000015814105438, 30.57069700630890452, 0.1500000047999999753 ) ) ;
#1548 = DIRECTION ( 'NONE',  ( 1.000000000000000000, 0.000000000000000000, 0.000000000000000000 ) ) ;
#1549 = ORIENTED_EDGE ( 'NONE', *, *, #4621, .T. ) ;
#1550 = FACE_OUTER_BOUND ( 'NONE', #629, .T. ) ;
#1551 = EDGE_CURVE ( 'NONE', #3988, #4546, #429, .T. ) ;
#1552 = B_SPLINE_CURVE_WITH_KNOTS ( 'NONE', 3,
 ( #114, #1168, #4032, #4010 ),
 .UNSPECIFIED., .F., .F.,
 ( 4, 4 ),
 ( 0.000000000000000000, 1.000000000000000000 ),
 .UNSPECIFIED. ) ;
#1553 = CARTESIAN_POINT ( 'NONE',  ( 37.99999881990887474, -4.761796930574990760, 0.7499999985999999952 ) ) ;
#1554 = VERTEX_POINT ( 'NONE', #1737 ) ;
#1555 = CARTESIAN_POINT ( 'NONE',  ( 5.000000126108906429, 1.000000031999986883, -0.2499999995333333780 ) ) ;
#1556 = ORIENTED_EDGE ( 'NONE', *, *, #1265, .T. ) ;
#1557 = CIRCLE ( 'NONE', #1477, 1.499999997199990220 ) ;
#1558 = DIRECTION ( 'NONE',  ( 0.000000000000000000, 0.000000000000000000, -1.000000000000000000 ) ) ;
#1559 = EDGE_CURVE ( 'NONE', #3854, #4483, #939, .T. ) ;
#1560 = CARTESIAN_POINT ( 'NONE',  ( 13.50000012862187582, 10.71555715659999741, 0.7499999964708481404 ) ) ;
#1561 = LINE ( 'NONE', #510, #776 ) ;
#1562 = ORIENTED_EDGE ( 'NONE', *, *, #3442, .F. ) ;
#1563 = ORIENTED_EDGE ( 'NONE', *, *, #3558, .T. ) ;
#1564 = CIRCLE ( 'NONE', #3670, 1.499999997199991109 ) ;
#1565 = ADVANCED_FACE ( 'NONE', ( #4610 ), #1388, .T. ) ;
#1566 = ADVANCED_FACE ( 'NONE', ( #2510 ), #3263, .F. ) ;
#1567 = EDGE_CURVE ( 'NONE', #3125, #2548, #4370, .T. ) ;
#1568 = DIRECTION ( 'NONE',  ( 0.000000000000000000, 0.000000000000000000, 1.000000000000000000 ) ) ;
#1569 = VECTOR ( 'NONE', #682, 1000.000000000000000 ) ;
#1570 = CARTESIAN_POINT ( 'NONE',  ( 36.71812004035232491, 10.41741218764668986, -0.7499999986000004393 ) ) ;
#1571 = ORIENTED_EDGE ( 'NONE', *, *, #1794, .F. ) ;
#1572 = CARTESIAN_POINT ( 'NONE',  ( -4.999999990724646182, -23.99999988840001564, 0.7499999985708261097 ) ) ;
#1573 = PLANE ( 'NONE',  #2692 ) ;
#1574 = EDGE_CURVE ( 'NONE', #3512, #3854, #3063, .T. ) ;
#1575 = EDGE_CURVE ( 'NONE', #671, #516, #2722, .T. ) ;
#1576 = DIRECTION ( 'NONE',  ( 0.000000000000000000, 0.000000000000000000, 1.000000000000000000 ) ) ;
#1577 = DIRECTION ( 'NONE',  ( 1.000000000000000000, 0.000000000000000000, 0.000000000000000000 ) ) ;
#1578 = CARTESIAN_POINT ( 'NONE',  ( 0.06473259824819870001, 31.73333886723548503, 0.7499999986000001062 ) ) ;
#1579 = COORDINATED_UNIVERSAL_TIME_OFFSET ( 1, 0, .AHEAD. ) ;
#1580 = CARTESIAN_POINT ( 'NONE',  ( -9.999999989903979980, -19.70057201068611619, -0.7499999985999999952 ) ) ;
#1581 = ORIENTED_EDGE ( 'NONE', *, *, #2375, .F. ) ;
#1582 = CARTESIAN_POINT ( 'NONE',  ( -26.49999963966365257, -28.57883796959950828, -0.7499999945186460737 ) ) ;
#1583 = EDGE_LOOP ( 'NONE', ( #2366, #3645, #3873, #4245 ) ) ;
#1584 = DIRECTION ( 'NONE',  ( 0.000000000000000000, 0.000000000000000000, 1.000000000000000000 ) ) ;
#1585 = CARTESIAN_POINT ( 'NONE',  ( 20.65692436210886385, -9.202558125200017258, 9.757819552369539906E-16 ) ) ;
#1586 = CARTESIAN_POINT ( 'NONE',  ( 23.65697733599736452, -9.202558192881015842, -0.7499999936604241357 ) ) ;
#1587 = ORIENTED_EDGE ( 'NONE', *, *, #610, .F. ) ;
#1588 = ORIENTED_EDGE ( 'NONE', *, *, #4612, .T. ) ;
#1589 = EDGE_CURVE ( 'NONE', #1238, #4072, #1105, .T. ) ;
#1590 = EDGE_CURVE ( 'NONE', #1024, #2596, #1490, .T. ) ;
#1591 = CARTESIAN_POINT ( 'NONE',  ( 21.68298479043334481, 12.02163832910149743, 0.7499999964422379151 ) ) ;
#1592 = DIRECTION ( 'NONE',  ( -0.000000000000000000, -0.000000000000000000, -1.000000000000000000 ) ) ;
#1593 = EDGE_LOOP ( 'NONE', ( #3320, #3656, #980, #4120, #567 ) ) ;
#1594 = CARTESIAN_POINT ( 'NONE',  ( -9.999999998307639970, -18.99999989009701196, 0.7499999985666601088 ) ) ;
#1595 = AXIS2_PLACEMENT_3D ( 'NONE', #3472, #2363, #1665 ) ;
#1596 = PLANE ( 'NONE',  #1047 ) ;
#1597 = VECTOR ( 'NONE', #1365, 1000.000000000000000 ) ;
#1598 = CARTESIAN_POINT ( 'NONE',  ( -11.75000000349110607, -22.94967320139998535, 0.4499999986000000618 ) ) ;
#1599 = CARTESIAN_POINT ( 'NONE',  ( 18.88489547017693582, -19.45822060207101956, -0.7499999985999998842 ) ) ;
#1600 = CARTESIAN_POINT ( 'NONE',  ( -9.999999998291087877, -8.999999932399978420, -0.7499999985999999952 ) ) ;
#1601 = AXIS2_PLACEMENT_3D ( 'NONE', #2227, #3667, #3314 ) ;
#1602 = AXIS2_PLACEMENT_3D ( 'NONE', #103, #35, #1159 ) ;
#1603 = AXIS2_PLACEMENT_3D ( 'NONE', #3770, #224, #1939 ) ;
#1604 = CARTESIAN_POINT ( 'NONE',  ( 17.07251407204639548, -13.69971011854986465, -0.7499999986000001062 ) ) ;
#1605 = PERSON_AND_ORGANIZATION ( #3099, #3106 ) ;
#1606 = CYLINDRICAL_SURFACE ( 'NONE', #2605, 1.500000015599949776 ) ;
#1607 = CARTESIAN_POINT ( 'NONE',  ( -9.999999998291153602, -18.99999989680004120, 0.2499999995333333780 ) ) ;
#1608 = VERTEX_POINT ( 'NONE', #2528 ) ;
#1609 = EDGE_CURVE ( 'NONE', #155, #2079, #4407, .T. ) ;
#1610 = LINE ( 'NONE', #3086, #3626 ) ;
#1611 = CARTESIAN_POINT ( 'NONE',  ( 10.00000013370885910, -18.99999989680004120, 0.2499999995333333780 ) ) ;
#1612 = CARTESIAN_POINT ( 'NONE',  ( 13.50000011870889338, 3.571853170341018124, 0.7499999985999999952 ) ) ;
#1613 = ORIENTED_EDGE ( 'NONE', *, *, #1029, .F. ) ;
#1614 = ORIENTED_EDGE ( 'NONE', *, *, #251, .T. ) ;
#1615 = DIRECTION ( 'NONE',  ( 0.000000000000000000, 0.000000000000000000, 1.000000000000000000 ) ) ;
#1616 = CARTESIAN_POINT ( 'NONE',  ( 13.07273008170881567, -28.66131842020002196, 0.2500000007660376222 ) ) ;
#1617 = ORIENTED_EDGE ( 'NONE', *, *, #593, .T. ) ;
#1618 = DIRECTION ( 'NONE',  ( 0.000000000000000000, 0.000000000000000000, 1.000000000000000000 ) ) ;
#1619 = B_SPLINE_CURVE_WITH_KNOTS ( 'NONE', 3,
 ( #1728, #3830, #616, #564 ),
 .UNSPECIFIED., .F., .F.,
 ( 4, 4 ),
 ( 0.000000000000000000, 0.7499999974166666750 ),
 .UNSPECIFIED. ) ;
#1620 = CARTESIAN_POINT ( 'NONE',  ( -4.120400303714403911, 36.44343028391234185, -0.7499999985999999952 ) ) ;
#1621 = EDGE_CURVE ( 'NONE', #2816, #619, #3308, .T. ) ;
#1622 = CARTESIAN_POINT ( 'NONE',  ( -28.38395282309020118, -27.03226992267072504, -0.7499999985999998842 ) ) ;
#1623 = CARTESIAN_POINT ( 'NONE',  ( 31.86858446376697529, -15.43677451839387871, -0.7499999986000001062 ) ) ;
#1624 = ORIENTED_EDGE ( 'NONE', *, *, #277, .T. ) ;
#1625 = CARTESIAN_POINT ( 'NONE',  ( -16.50000000309115222, 15.99999996166651073, 0.7500000025718699392 ) ) ;
#1626 = DIRECTION ( 'NONE',  ( 0.000000000000000000, 0.000000000000000000, 1.000000000000000000 ) ) ;
#1627 = COORDINATED_UNIVERSAL_TIME_OFFSET ( 1, 0, .AHEAD. ) ;
#1628 = CARTESIAN_POINT ( 'NONE',  ( -13.49999998329112749, 12.99999995880000547, -0.2499999995333333780 ) ) ;
#1629 = FACE_OUTER_BOUND ( 'NONE', #3857, .T. ) ;
#1630 = ORIENTED_EDGE ( 'NONE', *, *, #955, .F. ) ;
#1631 = DIRECTION ( 'NONE',  ( 0.000000000000000000, 0.000000000000000000, 1.000000000000000000 ) ) ;
#1632 = EDGE_CURVE ( 'NONE', #3706, #823, #3479, .T. ) ;
#1633 = CYLINDRICAL_SURFACE ( 'NONE', #2646, 1.499999997199990220 ) ;
#1634 = EDGE_CURVE ( 'NONE', #4133, #3210, #3852, .T. ) ;
#1635 = CYLINDRICAL_SURFACE ( 'NONE', #174, 2.999999994400010195 ) ;
#1636 = CIRCLE ( 'NONE', #2379, 1.500000014351892563 ) ;
#1637 = EDGE_LOOP ( 'NONE', ( #1381, #1848 ) ) ;
#1638 = ORIENTED_EDGE ( 'NONE', *, *, #1501, .T. ) ;
#1639 = AXIS2_PLACEMENT_3D ( 'NONE', #1484, #2562, #4007 ) ;
#1640 = CARTESIAN_POINT ( 'NONE',  ( 19.60452268230886119, -12.77813432429999985, -0.7499999985999999952 ) ) ;
#1641 = CARTESIAN_POINT ( 'NONE',  ( 7.249999994908856493, 8.999999983200002163, 0.4499999986000000618 ) ) ;
#1642 = VERTEX_POINT ( 'NONE', #1498 ) ;
#1643 = DIRECTION ( 'NONE',  ( 1.000000000000000000, 0.000000000000000000, 0.000000000000000000 ) ) ;
#1644 = ORIENTED_EDGE ( 'NONE', *, *, #3585, .F. ) ;
#1645 = AXIS2_PLACEMENT_3D ( 'NONE', #150, #573, #2281 ) ;
#1646 = CARTESIAN_POINT ( 'NONE',  ( -9.999999998291153602, -3.999999950200029630, -0.2499999995333333780 ) ) ;
#1647 = CARTESIAN_POINT ( 'NONE',  ( -1.749999988291145447, -29.00000001360000823, 0.4499999986000000618 ) ) ;
#1648 = ORIENTED_EDGE ( 'NONE', *, *, #4552, .F. ) ;
#1649 = CARTESIAN_POINT ( 'NONE',  ( -15.53589923927614613, -34.90896528546699784, 0.7499999985999999952 ) ) ;
#1650 = PRODUCT_RELATED_PRODUCT_CATEGORY ( 'detail', '', ( #2192 ) ) ;
#1651 = EDGE_CURVE ( 'NONE', #1238, #3290, #1058, .T. ) ;
#1652 = CARTESIAN_POINT ( 'NONE',  ( 13.50000012048104914, -11.19746493887638650, -0.7499999986000001062 ) ) ;
#1653 = B_SPLINE_CURVE_WITH_KNOTS ( 'NONE', 3,
 ( #2963, #1460, #2632, #77, #433, #2891 ),
 .UNSPECIFIED., .F., .F.,
 ( 4, 2, 4 ),
 ( 0.000000000000000000, 0.5000000000000000000, 1.000000000000000000 ),
 .UNSPECIFIED. ) ;
#1654 = SHAPE_DEFINITION_REPRESENTATION ( #1975, #1871 ) ;
#1655 = ADVANCED_FACE ( 'NONE', ( #1151 ), #450, .F. ) ;
#1656 = CARTESIAN_POINT ( 'NONE',  ( -16.49999999621715219, 15.99999995991702129, -0.7500000017667113328 ) ) ;
#1657 = DIRECTION ( 'NONE',  ( 1.000000000000000000, 0.000000000000000000, 0.000000000000000000 ) ) ;
#1658 = VERTEX_POINT ( 'NONE', #711 ) ;
#1659 = CARTESIAN_POINT ( 'NONE',  ( 32.98952240316987883, 14.41584370773851731, -0.7499999980067396654 ) ) ;
#1660 = CARTESIAN_POINT ( 'NONE',  ( 13.07273007954135124, -32.00000112978851519, 0.7500000026637549944 ) ) ;
#1661 = CARTESIAN_POINT ( 'NONE',  ( 13.50000011870889338, -3.571850815917982924, 0.7499999985999999952 ) ) ;
#1662 = ORIENTED_EDGE ( 'NONE', *, *, #1081, .T. ) ;
#1663 = ORIENTED_EDGE ( 'NONE', *, *, #3197, .F. ) ;
#1664 = FACE_OUTER_BOUND ( 'NONE', #3368, .T. ) ;
#1665 = DIRECTION ( 'NONE',  ( 0.000000000000000000, 1.000000000000000000, 0.000000000000000000 ) ) ;
#1666 = ORIENTED_EDGE ( 'NONE', *, *, #1750, .T. ) ;
#1667 = CARTESIAN_POINT ( 'NONE',  ( -23.99999922709114486, 12.99999995879999659, -0.2499999984351427007 ) ) ;
#1668 = ORIENTED_EDGE ( 'NONE', *, *, #808, .F. ) ;
#1669 = DIRECTION ( 'NONE',  ( -1.000000000000000000, 0.000000000000000000, 0.000000000000000000 ) ) ;
#1670 = B_SPLINE_CURVE_WITH_KNOTS ( 'NONE', 3,
 ( #1069, #1027, #3894, #2501 ),
 .UNSPECIFIED., .F., .F.,
 ( 4, 4 ),
 ( 0.000000000000000000, 1.000000000000000000 ),
 .UNSPECIFIED. ) ;
#1671 = CARTESIAN_POINT ( 'NONE',  ( 13.30662252909443133, -26.67648573288957792, 0.7499999985999998842 ) ) ;
#1672 = AXIS2_PLACEMENT_3D ( 'NONE', #2955, #142, #3660 ) ;
#1673 = CARTESIAN_POINT ( 'NONE',  ( 11.87073113793783463, -35.68728143912087347, 0.7500000116040199671 ) ) ;
#1674 = ORIENTED_EDGE ( 'NONE', *, *, #944, .F. ) ;
#1675 = APPLICATION_CONTEXT ( 'configuration controlled 3d designs of mechanical parts and assemblies' ) ;
#1676 = CARTESIAN_POINT ( 'NONE',  ( 23.47600221470835891, 8.176500033679007018, 0.7499999961340101384 ) ) ;
#1677 = CARTESIAN_POINT ( 'NONE',  ( 21.68298479043334481, 12.02163832910149743, 0.7499999964422379151 ) ) ;
#1678 = CARTESIAN_POINT ( 'NONE',  ( -28.75674449414472633, 26.54568531181530844, 0.7500000111498402733 ) ) ;
#1679 = CC_DESIGN_APPROVAL ( #3654, ( #2478 ) ) ;
#1680 = ORIENTED_EDGE ( 'NONE', *, *, #1445, .F. ) ;
#1681 = ORIENTED_EDGE ( 'NONE', *, *, #3300, .F. ) ;
#1682 = LINE ( 'NONE', #4548, #177 ) ;
#1683 = DIRECTION ( 'NONE',  ( 0.000000000000000000, 0.000000000000000000, -1.000000000000000000 ) ) ;
#1684 = DIRECTION ( 'NONE',  ( 1.000000000000000000, 0.000000000000000000, 0.000000000000000000 ) ) ;
#1685 = ORIENTED_EDGE ( 'NONE', *, *, #2361, .T. ) ;
#1686 = DIRECTION ( 'NONE',  ( 1.000000000000000000, 0.000000000000000000, 0.000000000000000000 ) ) ;
#1687 = VERTEX_POINT ( 'NONE', #2138 ) ;
#1688 = CARTESIAN_POINT ( 'NONE',  ( 20.75290539569485304, -0.6948506545252340905, -0.7499999985999999952 ) ) ;
#1689 = VERTEX_POINT ( 'NONE', #8 ) ;
#1690 = DIRECTION ( 'NONE',  ( 0.5000000637593520203, 0.8660253669729565118, 0.000000000000000000 ) ) ;
#1692 = EDGE_CURVE ( 'NONE', #449, #4636, #879, .T. ) ;
#1691 = DIRECTION ( 'NONE',  ( -1.000000000000000000, 0.000000000000000000, 0.000000000000000000 ) ) ;
#1693 = DIRECTION ( 'NONE',  ( 1.000000000000000000, 0.000000000000000000, 0.000000000000000000 ) ) ;
#1694 = VERTEX_POINT ( 'NONE', #3955 ) ;
#1695 = CARTESIAN_POINT ( 'NONE',  ( -26.49999936289565383, 28.57883827779797414, -0.7500000014436660756 ) ) ;
#1696 = CARTESIAN_POINT ( 'NONE',  ( 5.000000125942372087, 1.000000040466492157, 0.7500000001937860983 ) ) ;
#1697 = CARTESIAN_POINT ( 'NONE',  ( -4.999999990691144980, -3.999999950200006094, 0.000000000000000000 ) ) ;
#1698 = ORIENTED_EDGE ( 'NONE', *, *, #2724, .F. ) ;
#1699 = ORIENTED_EDGE ( 'NONE', *, *, #2824, .F. ) ;
#1700 = B_SPLINE_CURVE_WITH_KNOTS ( 'NONE', 3,
 ( #66, #2594, #141, #1495 ),
 .UNSPECIFIED., .F., .F.,
 ( 4, 4 ),
 ( 0.000000000000000000, 1.000000000000000000 ),
 .UNSPECIFIED. ) ;
#1701 = DIRECTION ( 'NONE',  ( -0.000000000000000000, -0.000000000000000000, -1.000000000000000000 ) ) ;
#1702 = CARTESIAN_POINT ( 'NONE',  ( 2.750000003308855412, 8.999999983200002163, 0.7499999985999999952 ) ) ;
#1703 = CARTESIAN_POINT ( 'NONE',  ( -16.92092901612970834, -27.00790913758441292, 0.4499999986000000618 ) ) ;
#1704 = VERTEX_POINT ( 'NONE', #3569 ) ;
#1705 = EDGE_CURVE ( 'NONE', #3501, #273, #3683, .T. ) ;
#1706 = DIRECTION ( 'NONE',  ( -0.8660254040905496220, -0.4999999994698000605, 0.000000000000000000 ) ) ;
#1707 = ORIENTED_EDGE ( 'NONE', *, *, #2619, .F. ) ;
#1708 = DIRECTION ( 'NONE',  ( 1.000000000000000000, 0.000000000000000000, 0.000000000000000000 ) ) ;
#1709 = ORIENTED_EDGE ( 'NONE', *, *, #3141, .T. ) ;
#1710 = FACE_BOUND ( 'NONE', #2918, .T. ) ;
#1711 = CIRCLE ( 'NONE', #1339, 2.249999995800000541 ) ;
#1712 = CARTESIAN_POINT ( 'NONE',  ( 31.84999999470883125, 0.000000000000000000, 0.1500000047999999753 ) ) ;
#1713 = CARTESIAN_POINT ( 'NONE',  ( 7.858128253349724091, -38.00000111461282160, 0.7500000116040199671 ) ) ;
#1714 = VERTEX_POINT ( 'NONE', #729 ) ;
#1715 = CARTESIAN_POINT ( 'NONE',  ( 18.24749244796284486, -19.96078134487819611, 0.7499999986000001062 ) ) ;
#1716 = EDGE_CURVE ( 'NONE', #3228, #3278, #3251, .T. ) ;
#1717 = EDGE_CURVE ( 'NONE', #420, #4534, #2807, .T. ) ;
#1718 = EDGE_CURVE ( 'NONE', #1723, #1238, #928, .T. ) ;
#1719 = CARTESIAN_POINT ( 'NONE',  ( -8.306423681440161744, -38.00000113025497939, 0.7499999973493221006 ) ) ;
#1720 = FACE_OUTER_BOUND ( 'NONE', #438, .T. ) ;
#1721 = ORIENTED_EDGE ( 'NONE', *, *, #1106, .F. ) ;
#1722 = AXIS2_PLACEMENT_3D ( 'NONE', #818, #3679, #2637 ) ;
#1723 = VERTEX_POINT ( 'NONE', #517 ) ;
#1724 = CARTESIAN_POINT ( 'NONE',  ( -29.99999924084964675, -22.51666037680000088, 0.7499999954519940282 ) ) ;
#1725 = CARTESIAN_POINT ( 'NONE',  ( -9.524900646641819790, 37.92049355244135000, -0.7499999985999998842 ) ) ;
#1726 = CARTESIAN_POINT ( 'NONE',  ( -8.917289209088167468, -38.00000111439999273, 0.7499999943119699530 ) ) ;
#1727 = EDGE_LOOP ( 'NONE', ( #1571, #2486, #571, #254 ) ) ;
#1728 = CARTESIAN_POINT ( 'NONE',  ( 34.15000001750889425, 1.149999986000016516, -0.4499999890000000446 ) ) ;
#1729 = ORIENTED_EDGE ( 'NONE', *, *, #1511, .F. ) ;
#1730 = FACE_OUTER_BOUND ( 'NONE', #1775, .T. ) ;
#1731 = ORIENTED_EDGE ( 'NONE', *, *, #3459, .T. ) ;
#1732 = EDGE_CURVE ( 'NONE', #155, #2968, #1211, .T. ) ;
#1733 = CARTESIAN_POINT ( 'NONE',  ( 10.00000013244237174, -18.99999989680001278, 0.7500000000875340911 ) ) ;
#1734 = DIRECTION ( 'NONE',  ( 0.000000000000000000, 0.000000000000000000, 1.000000000000000000 ) ) ;
#1735 = CARTESIAN_POINT ( 'NONE',  ( -8.071810532713094233, -0.0006406763738582103027, 0.7499999985999999952 ) ) ;
#1736 = ORIENTED_EDGE ( 'NONE', *, *, #4343, .F. ) ;
#1737 = CARTESIAN_POINT ( 'NONE',  ( -14.77500015109115061, -27.58290912159999664, -0.7499999985999999952 ) ) ;
#1738 = CARTESIAN_POINT ( 'NONE',  ( 21.74097104051462281, 3.409541082993489347, -0.7499999985999999952 ) ) ;
#1739 = CIRCLE ( 'NONE', #2490, 1.149999833600010790 ) ;
#1740 = CARTESIAN_POINT ( 'NONE',  ( 32.98952240239333378, 14.41584370866250175, 0.7499999988553519570 ) ) ;
#1741 = ORIENTED_EDGE ( 'NONE', *, *, #3603, .T. ) ;
#1742 = ORIENTED_EDGE ( 'NONE', *, *, #2734, .T. ) ;
#1743 = AXIS2_PLACEMENT_3D ( 'NONE', #4063, #847, #3402 ) ;
#1744 = CARTESIAN_POINT ( 'NONE',  ( 20.75406791827586872, -0.6980446543700576933, 0.7499999975276000486 ) ) ;
#1745 = B_SPLINE_CURVE_WITH_KNOTS ( 'NONE', 3,
 ( #3649, #4054, #1185, #1462, #2869, #1886, #1094, #436, #3964, #2894 ),
 .UNSPECIFIED., .F., .F.,
 ( 4, 2, 2, 2, 4 ),
 ( 0.000000000000000000, 0.2500000000000000000, 0.5000000000000000000, 0.7500000000000000000, 1.000000000000000000 ),
 .UNSPECIFIED. ) ;
#1746 = CIRCLE ( 'NONE', #4531, 2.249999995800000541 ) ;
#1747 = DIRECTION ( 'NONE',  ( 0.8660254011486071546, 0.5000000045653940628, 0.000000000000000000 ) ) ;
#1748 = CIRCLE ( 'NONE', #477, 1.149999986000016516 ) ;
#1749 = CARTESIAN_POINT ( 'NONE',  ( 23.59886171068746563, -9.812124223617306740, -0.7499999986000001062 ) ) ;
#1750 = EDGE_CURVE ( 'NONE', #1554, #1448, #3860, .T. ) ;
#1751 = LINE ( 'NONE', #2168, #2567 ) ;
#1752 = ORIENTED_EDGE ( 'NONE', *, *, #3789, .T. ) ;
#1753 = CIRCLE ( 'NONE', #1378, 1.499999997199977120 ) ;
#1754 = CIRCLE ( 'NONE', #854, 1.149999833600010790 ) ;
#1755 = AXIS2_PLACEMENT_3D ( 'NONE', #1026, #1683, #2453 ) ;
#1756 = CARTESIAN_POINT ( 'NONE',  ( 4.000000017908872607, -29.00000001360000823, 0.4499999986000000618 ) ) ;
#1757 = EDGE_LOOP ( 'NONE', ( #2211, #1617 ) ) ;
#1758 = ORIENTED_EDGE ( 'NONE', *, *, #765, .F. ) ;
#1759 = LINE ( 'NONE', #1014, #2993 ) ;
#1760 = FACE_OUTER_BOUND ( 'NONE', #2090, .T. ) ;
#1761 = DIRECTION ( 'NONE',  ( 1.000000000000000000, 0.000000000000000000, 0.000000000000000000 ) ) ;
#1762 = VERTEX_POINT ( 'NONE', #1220 ) ;
#1763 = CARTESIAN_POINT ( 'NONE',  ( -11.80642531198713918, -37.06217839539252878, 0.7499999971706561297 ) ) ;
#1764 = CARTESIAN_POINT ( 'NONE',  ( 36.11947482510802843, 11.05938055588142888, -0.2499999952069839881 ) ) ;
#1765 = ADVANCED_FACE ( 'NONE', ( #4392 ), #3710, .F. ) ;
#1766 = CARTESIAN_POINT ( 'NONE',  ( -26.49999963745763765, -28.57883796948351574, 0.7499999956487439778 ) ) ;
#1767 = ORIENTED_EDGE ( 'NONE', *, *, #1232, .T. ) ;
#1768 = VERTEX_POINT ( 'NONE', #1572 ) ;
#1769 = EDGE_CURVE ( 'NONE', #1934, #4436, #1880, .T. ) ;
#1770 = DIRECTION ( 'NONE',  ( 0.000000000000000000, 1.000000000000000000, 0.000000000000000000 ) ) ;
#1771 = EDGE_CURVE ( 'NONE', #1448, #3228, #3688, .T. ) ;
#1772 = DIRECTION ( 'NONE',  ( 0.000000000000000000, 0.000000000000000000, -1.000000000000000000 ) ) ;
#1773 = CARTESIAN_POINT ( 'NONE',  ( 21.97351497356133265, -11.91589163987353572, -0.7499999986000001062 ) ) ;
#1774 = CARTESIAN_POINT ( 'NONE',  ( 5.000000075308874692, -23.99999988840001564, -0.7499999992708411556 ) ) ;
#1775 = EDGE_LOOP ( 'NONE', ( #2082, #1685, #435, #2648, #1668 ) ) ;
#1776 = EDGE_CURVE ( 'NONE', #2190, #1840, #3174, .T. ) ;
#1777 = ADVANCED_FACE ( 'NONE', ( #1544 ), #2649, .F. ) ;
#1778 = CARTESIAN_POINT ( 'NONE',  ( -15.53589923927614613, -34.90896528546699784, 0.4499999986000000618 ) ) ;
#1779 = VERTEX_POINT ( 'NONE', #2295 ) ;
#1780 = EDGE_LOOP ( 'NONE', ( #3342, #3820, #3535, #4507 ) ) ;
#1781 = CARTESIAN_POINT ( 'NONE',  ( -14.92907049334987768, 28.15790927424072265, -0.7550132910086272409 ) ) ;
#1782 = B_SPLINE_CURVE_WITH_KNOTS ( 'NONE', 3,
 ( #843, #821, #1959, #2310 ),
 .UNSPECIFIED., .F., .F.,
 ( 4, 4 ),
 ( 0.000000000000000000, 1.000000000000000000 ),
 .UNSPECIFIED. ) ;
#1783 = CARTESIAN_POINT ( 'NONE',  ( -16.10198474716960959, 15.99999994270301329, -0.7499999985999999952 ) ) ;
#1784 = ORIENTED_EDGE ( 'NONE', *, *, #4506, .T. ) ;
#1785 = DIRECTION ( 'NONE',  ( -1.000000000000000000, 0.000000000000000000, 0.000000000000000000 ) ) ;
#1786 = DIRECTION ( 'NONE',  ( -0.000000000000000000, -0.000000000000000000, -1.000000000000000000 ) ) ;
#1787 = AXIS2_PLACEMENT_3D ( 'NONE', #2668, #470, #1540 ) ;
#1788 = CARTESIAN_POINT ( 'NONE',  ( 4.000000017908872607, -29.00000001360000823, 0.4499999986000000618 ) ) ;
#1789 = EDGE_CURVE ( 'NONE', #4487, #1359, #3549, .T. ) ;
#1790 = DIRECTION ( 'NONE',  ( 0.000000000000000000, 0.000000000000000000, -1.000000000000000000 ) ) ;
#1791 = ORIENTED_EDGE ( 'NONE', *, *, #1373, .F. ) ;
#1792 = AXIS2_PLACEMENT_3D ( 'NONE', #3366, #4500, #861 ) ;
#1793 = CARTESIAN_POINT ( 'NONE',  ( -9.817830013182682336, -20.38247076751151354, 0.7499999986000001062 ) ) ;
#1794 = EDGE_CURVE ( 'NONE', #560, #2148, #1247, .T. ) ;
#1795 = CARTESIAN_POINT ( 'NONE',  ( 13.07273008170886719, -30.33065977290000248, -0.7499999985999999952 ) ) ;
#1796 = VECTOR ( 'NONE', #3540, 1000.000000000000114 ) ;
#1797 = DIRECTION ( 'NONE',  ( -0.5000000595740070608, -0.8660253693893670279, 0.000000000000000000 ) ) ;
#1798 = DIRECTION ( 'NONE',  ( -1.000000000000000000, 0.000000000000000000, 0.000000000000000000 ) ) ;
#1799 = ORIENTED_EDGE ( 'NONE', *, *, #3052, .T. ) ;
#1800 = CARTESIAN_POINT ( 'NONE',  ( -21.78081828107485052, -15.92367302020444875, 0.7499999986000001062 ) ) ;
#1801 = ORIENTED_EDGE ( 'NONE', *, *, #3426, .T. ) ;
#1802 = ORIENTED_EDGE ( 'NONE', *, *, #277, .F. ) ;
#1803 = CARTESIAN_POINT ( 'NONE',  ( 7.466880728472347961, -38.00000112068300240, -0.7499999986000002172 ) ) ;
#1804 = CARTESIAN_POINT ( 'NONE',  ( 22.71891271542516577, 11.38689020864258872, -0.7499999985999999952 ) ) ;
#1805 = ORIENTED_EDGE ( 'NONE', *, *, #997, .T. ) ;
#1806 = DIRECTION ( 'NONE',  ( 1.000000000000000000, 0.000000000000000000, 0.000000000000000000 ) ) ;
#1807 = DIRECTION ( 'NONE',  ( -1.000000000000000000, 1.520600313429141788E-09, 0.000000000000000000 ) ) ;
#1808 = CYLINDRICAL_SURFACE ( 'NONE', #2156, 1.499999999598310430 ) ;
#1809 = CARTESIAN_POINT ( 'NONE',  ( -17.65000010710671319, -30.57069650103857938, 0.1500000047999999753 ) ) ;
#1810 = VERTEX_POINT ( 'NONE', #2979 ) ;
#1811 = CARTESIAN_POINT ( 'NONE',  ( 37.99999880989285117, -6.285393121375021153, 0.7499999958985381632 ) ) ;
#1812 = CYLINDRICAL_SURFACE ( 'NONE', #3859, 1.499999997200020641 ) ;
#1813 = CARTESIAN_POINT ( 'NONE',  ( -18.07092947489117307, 28.99976737499998336, -0.1499999931333333147 ) ) ;
#1814 = DIRECTION ( 'NONE',  ( 0.000000000000000000, 0.000000000000000000, 1.000000000000000000 ) ) ;
#1815 = AXIS2_PLACEMENT_3D ( 'NONE', #2289, #4034, #467 ) ;
#1816 = CARTESIAN_POINT ( 'NONE',  ( 8.071708621963402663, -22.99925717078038900, -0.7499999986000001062 ) ) ;
#1817 = ORIENTED_EDGE ( 'NONE', *, *, #1161, .F. ) ;
#1818 = ADVANCED_FACE ( 'NONE', ( #4114 ), #4418, .F. ) ;
#1819 = VECTOR ( 'NONE', #2236, 1000.000000000000000 ) ;
#1820 = AXIS2_PLACEMENT_3D ( 'NONE', #760, #2513, #4372 ) ;
#1821 = FACE_OUTER_BOUND ( 'NONE', #4569, .T. ) ;
#1822 = ORIENTED_EDGE ( 'NONE', *, *, #997, .F. ) ;
#1823 = AXIS2_PLACEMENT_3D ( 'NONE', #2552, #93, #1785 ) ;
#1824 = EDGE_LOOP ( 'NONE', ( #1881, #4205, #1207, #761 ) ) ;
#1825 = CARTESIAN_POINT ( 'NONE',  ( 13.50000013010338407, 10.71555715438349310, -0.7499999952333064046 ) ) ;
#1826 = CARTESIAN_POINT ( 'NONE',  ( 22.24013712578102542, 11.76988095296971260, -0.7499999985999999952 ) ) ;
#1827 = ORIENTED_EDGE ( 'NONE', *, *, #1634, .T. ) ;
#1828 = CARTESIAN_POINT ( 'NONE',  ( -4.999999990691144980, -18.99999989680001278, 0.4499999986000000618 ) ) ;
#1829 = DIRECTION ( 'NONE',  ( 0.000000000000000000, -1.000000000000000000, 0.000000000000000000 ) ) ;
#1830 = B_SPLINE_CURVE_WITH_KNOTS ( 'NONE', 3,
 ( #2942, #1600, #3032, #3055 ),
 .UNSPECIFIED., .F., .F.,
 ( 4, 4 ),
 ( 0.000000000000000000, 1.000000000000000000 ),
 .UNSPECIFIED. ) ;
#1831 = EDGE_CURVE ( 'NONE', #3968, #2097, #4016, .T. ) ;
#1832 = DIRECTION ( 'NONE',  ( 0.000000000000000000, 0.000000000000000000, 1.000000000000000000 ) ) ;
#1833 = CARTESIAN_POINT ( 'NONE',  ( 5.000000072458876232, -23.99999988958351338, 0.7500000003000401039 ) ) ;
#1834 = VERTEX_POINT ( 'NONE', #3832 ) ;
#1835 = DIRECTION ( 'NONE',  ( -8.300746920972143015E-10, -1.000000000000000000, 0.000000000000000000 ) ) ;
#1836 = APPROVAL_STATUS ( 'not_yet_approved' ) ;
#1837 = FACE_OUTER_BOUND ( 'NONE', #3143, .T. ) ;
#1838 = CARTESIAN_POINT ( 'NONE',  ( 8.071810668515903231, -0.0006406742940682387663, -0.7499999985999999952 ) ) ;
#1839 = DIRECTION ( 'NONE',  ( -0.8660253705380585032, 0.5000000575844151252, 0.000000000000000000 ) ) ;
#1840 = VERTEX_POINT ( 'NONE', #1291 ) ;
#1841 = FACE_OUTER_BOUND ( 'NONE', #1192, .T. ) ;
#1842 = CC_DESIGN_PERSON_AND_ORGANIZATION_ASSIGNMENT ( #4196, #2398, ( #2478 ) ) ;
#1843 = DIRECTION ( 'NONE',  ( 0.8660254035244082660, 0.5000000004503859508, 0.000000000000000000 ) ) ;
#1844 = ORIENTED_EDGE ( 'NONE', *, *, #562, .F. ) ;
#1845 = ORIENTED_EDGE ( 'NONE', *, *, #1716, .T. ) ;
#1846 = CARTESIAN_POINT ( 'NONE',  ( -23.99999922709114486, -13.00000112720001511, 0.2499999995333333780 ) ) ;
#1847 = FACE_OUTER_BOUND ( 'NONE', #1503, .T. ) ;
#1848 = ORIENTED_EDGE ( 'NONE', *, *, #4406, .T. ) ;
#1849 = DIRECTION ( 'NONE',  ( 0.000000000000000000, 0.000000000000000000, 1.000000000000000000 ) ) ;
#1850 = DIRECTION ( 'NONE',  ( 1.000000000000000000, 0.000000000000000000, 0.000000000000000000 ) ) ;
#1851 = CARTESIAN_POINT ( 'NONE',  ( 23.47600221376736229, -8.176497692327977518, -0.7499999952007280202 ) ) ;
#1852 = CARTESIAN_POINT ( 'NONE',  ( -19.49999948476346034, -16.00000112159998267, 0.7499999985999999952 ) ) ;
#1853 = VECTOR ( 'NONE', #3786, 1000.000000000000227 ) ;
#1854 = ADVANCED_FACE ( 'NONE', ( #3855 ), #4188, .F. ) ;
#1855 = ADVANCED_FACE ( 'NONE', ( #1730 ), #3474, .F. ) ;
#1856 = VERTEX_POINT ( 'NONE', #2389 ) ;
#1857 = CARTESIAN_POINT ( 'NONE',  ( 23.65692435650887404, -9.202558125200004824, 0.2499999992337570420 ) ) ;
#1858 = CARTESIAN_POINT ( 'NONE',  ( -4.999999990724646182, -23.99999988840001564, 0.7499999985708261097 ) ) ;
#1859 = AXIS2_PLACEMENT_3D ( 'NONE', #3305, #1568, #3000 ) ;
#1860 = B_SPLINE_CURVE_WITH_KNOTS ( 'NONE', 3,
 ( #2284, #3743, #4453, #904 ),
 .UNSPECIFIED., .F., .F.,
 ( 4, 4 ),
 ( 0.000000000000000000, 1.000000000000000000 ),
 .UNSPECIFIED. ) ;
#1861 = CARTESIAN_POINT ( 'NONE',  ( 37.99999881183935457, 6.285392255374000925, 0.7499999964130399377 ) ) ;
#1862 = ORIENTED_EDGE ( 'NONE', *, *, #2021, .F. ) ;
#1863 = DIRECTION ( 'NONE',  ( 0.8660253693893669169, -0.5000000595740069498, 0.000000000000000000 ) ) ;
#1864 = DIRECTION ( 'NONE',  ( 0.8660253689561736579, -0.5000000603243197617, 0.000000000000000000 ) ) ;
#1865 = ORIENTED_EDGE ( 'NONE', *, *, #3489, .T. ) ;
#1866 = CARTESIAN_POINT ( 'NONE',  ( -15.92499998469115674, 27.58290912159999664, -0.7499999985999999952 ) ) ;
#1867 = AXIS2_PLACEMENT_3D ( 'NONE', #1303, #2732, #3347 ) ;
#1868 = CARTESIAN_POINT ( 'NONE',  ( -25.15470048808110803, -29.35554691472808031, -0.7499999985999999952 ) ) ;
#1869 = ORIENTED_EDGE ( 'NONE', *, *, #3539, .F. ) ;
#1870 = EDGE_LOOP ( 'NONE', ( #2228, #3258, #1791, #680 ) ) ;
#1871 = ADVANCED_BREP_SHAPE_REPRESENTATION ( 'PEN-S', ( #1135, #481 ), #2270 ) ;
#1872 = FACE_BOUND ( 'NONE', #1757, .T. ) ;
#1873 = CARTESIAN_POINT ( 'NONE',  ( -18.07092948743241223, 28.99976736775927577, -0.7550132910086272409 ) ) ;
#1874 = ORIENTED_EDGE ( 'NONE', *, *, #418, .T. ) ;
#1875 = EDGE_CURVE ( 'NONE', #3125, #2428, #283, .T. ) ;
#1876 = DIRECTION ( 'NONE',  ( 1.000000000000000000, 0.000000000000000000, 0.000000000000000000 ) ) ;
#1877 = DIRECTION ( 'NONE',  ( 1.000000000000000000, 0.000000000000000000, 0.000000000000000000 ) ) ;
#1878 = CARTESIAN_POINT ( 'NONE',  ( -29.60246726189514632, -24.92165098165274273, -0.7499999986000001062 ) ) ;
#1879 = CARTESIAN_POINT ( 'NONE',  ( -20.99999923269113467, -16.00000112316099532, 0.7499999991378600850 ) ) ;
#1880 = B_SPLINE_CURVE_WITH_KNOTS ( 'NONE', 3,
 ( #830, #2247, #3358, #207 ),
 .UNSPECIFIED., .F., .F.,
 ( 4, 4 ),
 ( 0.000000000000000000, 1.000000000000000000 ),
 .UNSPECIFIED. ) ;
#1881 = ORIENTED_EDGE ( 'NONE', *, *, #2965, .F. ) ;
#1882 = CARTESIAN_POINT ( 'NONE',  ( 1.666666719975531175, -23.99999987900000420, 0.7499999985999999952 ) ) ;
#1883 = CARTESIAN_POINT ( 'NONE',  ( 34.15000001750889425, -1.149999986000016516, -0.7550132910086272409 ) ) ;
#1884 = CARTESIAN_POINT ( 'NONE',  ( -15.71410143745458043, 19.21762206651062144, 0.4499999986000000618 ) ) ;
#1885 = ORIENTED_EDGE ( 'NONE', *, *, #2619, .T. ) ;
#1886 = CARTESIAN_POINT ( 'NONE',  ( 8.999359409900367979, -0.9281894174357971927, 0.7499999985999999952 ) ) ;
#1887 = CARTESIAN_POINT ( 'NONE',  ( -13.50000000199112726, 13.39801519620555403, 0.7499999986000002172 ) ) ;
#1888 = ORIENTED_EDGE ( 'NONE', *, *, #1072, .T. ) ;
#1889 = DIRECTION ( 'NONE',  ( 0.000000000000000000, 0.000000000000000000, 1.000000000000000000 ) ) ;
#1890 = EDGE_CURVE ( 'NONE', #4133, #92, #2945, .T. ) ;
#1891 = AXIS2_PLACEMENT_3D ( 'NONE', #2624, #471, #2595 ) ;
#1892 = CYLINDRICAL_SURFACE ( 'NONE', #4597, 1.150000316200029626 ) ;
#1893 = EDGE_LOOP ( 'NONE', ( #43, #2607, #2311, #3966, #3917, #1874, #1471, #3444 ) ) ;
#1894 = EDGE_LOOP ( 'NONE', ( #2015, #577, #1802, #4160 ) ) ;
#1895 = VECTOR ( 'NONE', #2045, 1000.000000000000000 ) ;
#1896 = CARTESIAN_POINT ( 'NONE',  ( 3.500000001908865066, 8.999999983200002163, 0.4499999986000000618 ) ) ;
#1897 = AXIS2_PLACEMENT_3D ( 'NONE', #1331, #2766, #3532 ) ;
#1898 = PLANE ( 'NONE',  #1371 ) ;
#1899 = EDGE_CURVE ( 'NONE', #482, #3904, #3796, .T. ) ;
#1900 = ORIENTED_EDGE ( 'NONE', *, *, #250, .T. ) ;
#1901 = CARTESIAN_POINT ( 'NONE',  ( 4.999999999108855953, 8.999999983200002163, 0.1500000047999999753 ) ) ;
#1902 = CARTESIAN_POINT ( 'NONE',  ( -22.51528077429762575, 15.61960525977397651, -0.7499999985999997731 ) ) ;
#1903 = AXIS2_PLACEMENT_3D ( 'NONE', #766, #2233, #3580 ) ;
#1904 = CARTESIAN_POINT ( 'NONE',  ( -11.80642440169117080, 37.06217792020001411, 0.2499999995333333780 ) ) ;
#1905 = CARTESIAN_POINT ( 'NONE',  ( -3.499999993491154093, 8.999999983200002163, 0.1500000047999999753 ) ) ;
#1906 = ADVANCED_FACE ( 'NONE', ( #989 ), #3810, .F. ) ;
#1907 = ORIENTED_EDGE ( 'NONE', *, *, #1374, .T. ) ;
#1908 = DIRECTION ( 'NONE',  ( 1.000000000000000000, 0.000000000000000000, 0.000000000000000000 ) ) ;
#1909 = CARTESIAN_POINT ( 'NONE',  ( 37.99999881183935457, 6.285392255374000925, 0.7499999964130399377 ) ) ;
#1910 = ORIENTED_EDGE ( 'NONE', *, *, #1350, .T. ) ;
#1911 = CYLINDRICAL_SURFACE ( 'NONE', #1867, 3.000000019799990536 ) ;
#1912 = EDGE_CURVE ( 'NONE', #3692, #2291, #605, .T. ) ;
#1913 = VERTEX_POINT ( 'NONE', #4210 ) ;
#1914 = EDGE_CURVE ( 'NONE', #1856, #421, #1546, .T. ) ;
#1915 = ADVANCED_FACE ( 'NONE', ( #2794 ), #658, .T. ) ;
#1916 = DIRECTION ( 'NONE',  ( 0.000000000000000000, 0.000000000000000000, -1.000000000000000000 ) ) ;
#1917 = CARTESIAN_POINT ( 'NONE',  ( 15.63100374726905351, 13.62694943437981721, 0.7499999986000001062 ) ) ;
#1918 = CARTESIAN_POINT ( 'NONE',  ( -15.92499998469115674, 27.58290912159999664, 0.4499999986000000618 ) ) ;
#1919 = EDGE_LOOP ( 'NONE', ( #3523, #3396, #3515, #4409 ) ) ;
#1920 = EDGE_CURVE ( 'NONE', #4113, #3921, #2269, .T. ) ;
#1921 = ADVANCED_FACE ( 'NONE', ( #3350 ), #1212, .F. ) ;
#1922 = ORIENTED_EDGE ( 'NONE', *, *, #3036, .T. ) ;
#1923 = CARTESIAN_POINT ( 'NONE',  ( 34.15000001750889425, 0.000000000000000000, 0.1500000047999999753 ) ) ;
#1924 = PLANE ( 'NONE',  #1891 ) ;
#1925 = ORIENTED_EDGE ( 'NONE', *, *, #4639, .T. ) ;
#1926 = DIRECTION ( 'NONE',  ( -1.000000000000000000, 0.000000000000000000, 0.000000000000000000 ) ) ;
#1927 = B_SPLINE_CURVE_WITH_KNOTS ( 'NONE', 3,
 ( #126, #1904, #3029, #3666 ),
 .UNSPECIFIED., .F., .F.,
 ( 4, 4 ),
 ( 0.000000000000000000, 1.000000000000000000 ),
 .UNSPECIFIED. ) ;
#1928 = FACE_OUTER_BOUND ( 'NONE', #1493, .T. ) ;
#1929 = CARTESIAN_POINT ( 'NONE',  ( -14.29274126539456446, -35.62670299213385050, -0.7499999985999999952 ) ) ;
#1930 = CARTESIAN_POINT ( 'NONE',  ( 35.07615736424219222, 12.17820161933333090, 0.7499999985999999952 ) ) ;
#1931 = CYLINDRICAL_SURFACE ( 'NONE', #4414, 6.000000014200000287 ) ;
#1932 = VERTEX_POINT ( 'NONE', #883 ) ;
#1933 = PLANE ( 'NONE',  #1345 ) ;
#1934 = VERTEX_POINT ( 'NONE', #3392 ) ;
#1935 = EDGE_CURVE ( 'NONE', #4442, #4113, #2600, .T. ) ;
#1936 = EDGE_CURVE ( 'NONE', #1214, #1834, #3846, .T. ) ;
#1937 = AXIS2_PLACEMENT_3D ( 'NONE', #917, #3814, #1319 ) ;
#1938 = DIRECTION ( 'NONE',  ( 0.5000000585538371123, 0.8660253699783624359, 0.000000000000000000 ) ) ;
#1939 = DIRECTION ( 'NONE',  ( 1.000000000000000000, 0.000000000000000000, 0.000000000000000000 ) ) ;
#1940 = CARTESIAN_POINT ( 'NONE',  ( -13.49999999362713687, -13.00000112719998313, 0.7500000024437449841 ) ) ;
#1941 = VERTEX_POINT ( 'NONE', #4155 ) ;
#1942 = B_SPLINE_CURVE_WITH_KNOTS ( 'NONE', 3,
 ( #686, #3130, #4543, #4217, #2756, #4194 ),
 .UNSPECIFIED., .F., .F.,
 ( 4, 2, 4 ),
 ( 0.000000000000000000, 0.5000000000000000000, 1.000000000000000000 ),
 .UNSPECIFIED. ) ;
#1943 = AXIS2_PLACEMENT_3D ( 'NONE', #102, #4325, #1504 ) ;
#1944 = CARTESIAN_POINT ( 'NONE',  ( 36.11947527083187026, -11.05938028553998720, -0.7499999950241491575 ) ) ;
#1945 = CARTESIAN_POINT ( 'NONE',  ( 37.83382054583574217, 8.036251782983393710, 0.7499999920391200448 ) ) ;
#1946 = ORIENTED_EDGE ( 'NONE', *, *, #1705, .F. ) ;
#1947 = CARTESIAN_POINT ( 'NONE',  ( -29.99999924005014407, -22.51666037799451914, -0.7499999947737230332 ) ) ;
#1948 = CARTESIAN_POINT ( 'NONE',  ( 23.65736226218510296, -8.851045511341334660, 0.7499999985999999952 ) ) ;
#1949 = CARTESIAN_POINT ( 'NONE',  ( -27.51554109098593415, -27.90054528975787562, -0.7499999986000001062 ) ) ;
#1950 = CARTESIAN_POINT ( 'NONE',  ( 24.49999881205985730, 4.000001177002998176, 0.4499999986000000618 ) ) ;
#1951 = CARTESIAN_POINT ( 'NONE',  ( 15.63100376263247604, -13.62694712327095381, -0.7499999986000001062 ) ) ;
#1952 = CARTESIAN_POINT ( 'NONE',  ( 3.305267980908854764, 36.81616103860000067, 9.757819552369539906E-16 ) ) ;
#1953 = ORIENTED_EDGE ( 'NONE', *, *, #4329, .T. ) ;
#1954 = DIRECTION ( 'NONE',  ( 0.8660254040905496220, 0.4999999994698000605, 0.000000000000000000 ) ) ;
#1955 = VERTEX_POINT ( 'NONE', #1259 ) ;
#1956 = B_SPLINE_CURVE_WITH_KNOTS ( 'NONE', 3,
 ( #3903, #1036, #684, #3128, #1673, #288, #3499, #2443, #1713, #1297 ),
 .UNSPECIFIED., .F., .F.,
 ( 4, 2, 2, 2, 4 ),
 ( 0.000000000000000000, 0.2500000000000000000, 0.5000000000000000000, 0.7500000000000000000, 1.000000000000000000 ),
 .UNSPECIFIED. ) ;
#1957 = CARTESIAN_POINT ( 'NONE',  ( 22.17472883220886359, -4.601278478400000260, -0.7499999985999999952 ) ) ;
#1958 = CARTESIAN_POINT ( 'NONE',  ( 17.07251404229125313, 13.69971243233482028, 0.7499999986000001062 ) ) ;
#1959 = CARTESIAN_POINT ( 'NONE',  ( 13.07273008170889206, -30.88710689413998267, -0.7499999985999999952 ) ) ;
#1960 = ADVANCED_FACE ( 'NONE', ( #2685 ), #558, .F. ) ;
#1961 = EDGE_LOOP ( 'NONE', ( #4012, #411, #2871, #4244, #3614, #7 ) ) ;
#1962 = CARTESIAN_POINT ( 'NONE',  ( 23.47600221316234581, 8.176500030271510511, -0.7499999954130937008 ) ) ;
#1963 = CARTESIAN_POINT ( 'NONE',  ( 10.00000013370885910, -11.49999992350000966, -0.7499999985999999952 ) ) ;
#1964 = ORIENTED_EDGE ( 'NONE', *, *, #1422, .T. ) ;
#1965 = DIRECTION ( 'NONE',  ( 0.3420201404731209593, 0.9396926218241509199, 0.000000000000000000 ) ) ;
#1966 = CARTESIAN_POINT ( 'NONE',  ( -21.78081828157622013, 15.92367184309504857, -0.7499999985999998842 ) ) ;
#1967 = VECTOR ( 'NONE', #3137, 1000.000000000000000 ) ;
#1968 = CARTESIAN_POINT ( 'NONE',  ( -1.971307360424451316, 33.95545761599998968, 0.7499999985999999952 ) ) ;
#1969 = CARTESIAN_POINT ( 'NONE',  ( 29.68134064643412273, -16.53258142541115561, -0.7499999986000003283 ) ) ;
#1970 = ORIENTED_EDGE ( 'NONE', *, *, #3211, .T. ) ;
#1971 = CARTESIAN_POINT ( 'NONE',  ( -13.25000000069112538, -22.94967320139998535, 0.4499999986000000618 ) ) ;
#1972 = AXIS2_PLACEMENT_3D ( 'NONE', #2827, #3890, #4638 ) ;
#1973 = AXIS2_PLACEMENT_3D ( 'NONE', #1828, #1127, #2202 ) ;
#1974 = CARTESIAN_POINT ( 'NONE',  ( 14.38485957657214875, -12.89673346077860572, -0.7499999986000001062 ) ) ;
#1975 = PRODUCT_DEFINITION_SHAPE ( 'NONE', 'NONE',  #2478 ) ;
#1976 = EDGE_CURVE ( 'NONE', #4132, #3774, #2663, .T. ) ;
#1977 = CARTESIAN_POINT ( 'NONE',  ( -13.66506332722111594, 18.66858396669801579, 0.7499999985999999952 ) ) ;
#1978 = CARTESIAN_POINT ( 'NONE',  ( 23.65692435650887404, 9.202560462000032970, -0.2499999945840933602 ) ) ;
#1979 = ORIENTED_EDGE ( 'NONE', *, *, #1234, .F. ) ;
#1980 = B_SPLINE_CURVE_WITH_KNOTS ( 'NONE', 3,
 ( #23, #1451, #400, #376, #1055, #3637, #2463, #1385, #3237, #726, #1803, #4317 ),
 .UNSPECIFIED., .F., .F.,
 ( 4, 2, 2, 2, 2, 4 ),
 ( 0.000000000000000000, 0.2500000000000003331, 0.5000000000000006661, 0.7500000000000009992, 0.8750000000000004441, 1.000000000000000000 ),
 .UNSPECIFIED. ) ;
#1981 = DIRECTION ( 'NONE',  ( 0.000000000000000000, 0.000000000000000000, -1.000000000000000000 ) ) ;
#1982 = CARTESIAN_POINT ( 'NONE',  ( 10.00000013370885910, -18.99999989680004120, -0.2499999995333333780 ) ) ;
#1983 = CARTESIAN_POINT ( 'NONE',  ( 37.99999881183935457, 6.285392255374000925, 0.7499999964130399377 ) ) ;
#1984 = ORIENTED_EDGE ( 'NONE', *, *, #3382, .T. ) ;
#1985 = ORIENTED_EDGE ( 'NONE', *, *, #2001, .F. ) ;
#1986 = CC_DESIGN_PERSON_AND_ORGANIZATION_ASSIGNMENT ( #1605, #977, ( #2721 ) ) ;
#1987 = EDGE_CURVE ( 'NONE', #3880, #3968, #2209, .T. ) ;
#1988 = CARTESIAN_POINT ( 'NONE',  ( 22.60290737886408863, -11.49091834762409725, -0.7499999985999999952 ) ) ;
#1989 = DIRECTION ( 'NONE',  ( -1.000000000000000000, 0.000000000000000000, 0.000000000000000000 ) ) ;
#1990 = ORIENTED_EDGE ( 'NONE', *, *, #4581, .T. ) ;
#1991 = CARTESIAN_POINT ( 'NONE',  ( -9.999999996407659353, -3.999999950200006094, 0.7499999985708261097 ) ) ;
#1992 = ORIENTED_EDGE ( 'NONE', *, *, #212, .F. ) ;
#1993 = CARTESIAN_POINT ( 'NONE',  ( -5.216440591111590308, 37.13541527195286562, -0.7499999986000001062 ) ) ;
#1994 = ADVANCED_FACE ( 'NONE', ( #4130 ), #2007, .F. ) ;
#1995 = CARTESIAN_POINT ( 'NONE',  ( -9.999999996407659353, -3.999999950200006094, 0.7499999985708261097 ) ) ;
#1996 = CARTESIAN_POINT ( 'NONE',  ( 17.68778267679838123, -20.56099659838900351, 0.7499999966888120095 ) ) ;
#1997 = ORIENTED_EDGE ( 'NONE', *, *, #1486, .T. ) ;
#1998 = CARTESIAN_POINT ( 'NONE',  ( -13.25000000069112538, 22.94967320139998535, 0.4499999986000000618 ) ) ;
#1999 = CARTESIAN_POINT ( 'NONE',  ( 13.50000012719687703, -10.71555481979999414, -0.7499999953385270146 ) ) ;
#2000 = CALENDAR_DATE ( 2025, 21, 1 ) ;
#2001 = EDGE_CURVE ( 'NONE', #878, #468, #486, .T. ) ;
#2002 = CARTESIAN_POINT ( 'NONE',  ( 25.37676775450886524, -17.44754666439998658, -0.7499999985999999952 ) ) ;
#2003 = CARTESIAN_POINT ( 'NONE',  ( 5.000000130889858951, 1.000000038599985208, -0.7499999993666756071 ) ) ;
#2004 = ORIENTED_EDGE ( 'NONE', *, *, #2392, .T. ) ;
#2005 = B_SPLINE_CURVE_WITH_KNOTS ( 'NONE', 3,
 ( #2980, #4513, #1948, #519 ),
 .UNSPECIFIED., .F., .F.,
 ( 4, 4 ),
 ( 0.000000000000000000, 0.2224837898438794814 ),
 .UNSPECIFIED. ) ;
#2006 = CYLINDRICAL_SURFACE ( 'NONE', #373, 8.000000002000039245 ) ;
#2007 = CYLINDRICAL_SURFACE ( 'NONE', #4006, 2.999999994400010195 ) ;
#2008 = DIRECTION ( 'NONE',  ( 0.000000000000000000, 0.000000000000000000, 1.000000000000000000 ) ) ;
#2009 = VECTOR ( 'NONE', #2554, 1000.000000000000000 ) ;
#2010 = ORIENTED_EDGE ( 'NONE', *, *, #3722, .F. ) ;
#2011 = VERTEX_POINT ( 'NONE', #137 ) ;
#2012 = VECTOR ( 'NONE', #2585, 1000.000000000000114 ) ;
#2013 = CARTESIAN_POINT ( 'NONE',  ( 23.42682406544397011, 10.39454943536076037, 0.7499999986000001062 ) ) ;
#2014 = LINE ( 'NONE', #3449, #3541 ) ;
#2015 = ORIENTED_EDGE ( 'NONE', *, *, #1278, .T. ) ;
#2016 = AXIS2_PLACEMENT_3D ( 'NONE', #1389, #341, #313 ) ;
#2017 = DIRECTION ( 'NONE',  ( 0.000000000000000000, 0.000000000000000000, -1.000000000000000000 ) ) ;
#2018 = EDGE_LOOP ( 'NONE', ( #943, #2128, #1638, #2851 ) ) ;
#2019 = FACE_OUTER_BOUND ( 'NONE', #4462, .T. ) ;
#2020 = AXIS2_PLACEMENT_3D ( 'NONE', #3126, #2817, #641 ) ;
#2021 = EDGE_CURVE ( 'NONE', #4356, #2816, #329, .T. ) ;
#2022 = FACE_OUTER_BOUND ( 'NONE', #233, .T. ) ;
#2023 = ORIENTED_EDGE ( 'NONE', *, *, #3442, .T. ) ;
#2024 = CARTESIAN_POINT ( 'NONE',  ( -29.99999924647431371, 23.13085234495795106, -0.7499999986000001062 ) ) ;
#2025 = CARTESIAN_POINT ( 'NONE',  ( 37.99999881990883921, 4.000001169399997281, -0.7499999985999999952 ) ) ;
#2026 = CARTESIAN_POINT ( 'NONE',  ( -27.51779984655103206, 27.89835488844697053, 0.7500000111498400512 ) ) ;
#2027 = ORIENTED_EDGE ( 'NONE', *, *, #3462, .F. ) ;
#2028 = ORIENTED_EDGE ( 'NONE', *, *, #2257, .T. ) ;
#2029 = CARTESIAN_POINT ( 'NONE',  ( 10.00000013409235677, -18.99999989020051316, -0.7499999993666757181 ) ) ;
#2030 = DIRECTION ( 'NONE',  ( -0.000000000000000000, -0.000000000000000000, -1.000000000000000000 ) ) ;
#2031 = CARTESIAN_POINT ( 'NONE',  ( 17.52606057330785561, -13.53463267532051262, -0.7499999952333182840 ) ) ;
#2032 = EDGE_LOOP ( 'NONE', ( #2316, #2991, #2660, #3356 ) ) ;
#2033 = ORIENTED_EDGE ( 'NONE', *, *, #2058, .T. ) ;
#2034 = EDGE_CURVE ( 'NONE', #461, #3988, #3014, .T. ) ;
#2035 = CARTESIAN_POINT ( 'NONE',  ( 20.87345546037985855, -1.026059261056005978, 0.7499999982872160853 ) ) ;
#2036 = FACE_BOUND ( 'NONE', #3849, .T. ) ;
#2037 = EDGE_LOOP ( 'NONE', ( #1556, #443, #2182, #307, #2364 ) ) ;
#2038 = CARTESIAN_POINT ( 'NONE',  ( 22.71891271370071408, -11.38688786929470353, 0.7499999985999999952 ) ) ;
#2039 = ORIENTED_EDGE ( 'NONE', *, *, #3211, .F. ) ;
#2040 = CARTESIAN_POINT ( 'NONE',  ( 3.999999789308872344, -38.00000113979998417, -0.7499999985999999952 ) ) ;
#2041 = CARTESIAN_POINT ( 'NONE',  ( 31.84999999470883125, 1.150000011399976430, -0.7550132910086272409 ) ) ;
#2042 = AXIS2_PLACEMENT_3D ( 'NONE', #1201, #3053, #1577 ) ;
#2043 = CARTESIAN_POINT ( 'NONE',  ( -16.92092901612970834, -27.00790913758441292, -0.7499999985999999952 ) ) ;
#2044 = ORIENTED_EDGE ( 'NONE', *, *, #1402, .T. ) ;
#2045 = DIRECTION ( 'NONE',  ( 0.000000000000000000, 0.000000000000000000, 1.000000000000000000 ) ) ;
#2046 = CARTESIAN_POINT ( 'NONE',  ( 37.99999881990883921, 4.000001169399997281, 0.4499999986000000618 ) ) ;
#2047 = AXIS2_PLACEMENT_3D ( 'NONE', #2821, #4258, #2466 ) ;
#2048 = PLANE ( 'NONE',  #3434 ) ;
#2049 = EDGE_CURVE ( 'NONE', #2625, #4072, #2947, .T. ) ;
#2050 = ORIENTED_EDGE ( 'NONE', *, *, #1250, .T. ) ;
#2051 = UNCERTAINTY_MEASURE_WITH_UNIT (LENGTH_MEASURE( 1.000000000000000082E-05 ), #858, 'distance_accuracy_value', 'NONE');
#2052 = ORIENTED_EDGE ( 'NONE', *, *, #944, .T. ) ;
#2053 = DIRECTION ( 'NONE',  ( 0.000000000000000000, 0.000000000000000000, 1.000000000000000000 ) ) ;
#2054 = DIRECTION ( 'NONE',  ( -1.000000000000000000, 0.000000000000000000, 0.000000000000000000 ) ) ;
#2055 = ADVANCED_FACE ( 'NONE', ( #200 ), #1633, .F. ) ;
#2056 = LINE ( 'NONE', #1353, #4081 ) ;
#2057 = ORIENTED_EDGE ( 'NONE', *, *, #3414, .T. ) ;
#2058 = EDGE_CURVE ( 'NONE', #1163, #772, #4266, .T. ) ;
#2059 = EDGE_CURVE ( 'NONE', #2556, #2978, #315, .T. ) ;
#2060 = EDGE_CURVE ( 'NONE', #2771, #1006, #101, .T. ) ;
#2061 = CARTESIAN_POINT ( 'NONE',  ( 23.47600221376736229, -8.176497692327977518, -0.7499999952007280202 ) ) ;
#2062 = ORIENTED_EDGE ( 'NONE', *, *, #3687, .T. ) ;
#2063 = DIRECTION ( 'NONE',  ( -1.000000000000000000, 0.000000000000000000, 0.000000000000000000 ) ) ;
#2064 = ORIENTED_EDGE ( 'NONE', *, *, #945, .F. ) ;
#2065 = CARTESIAN_POINT ( 'NONE',  ( 0.5813249349103655206, 31.47012191570949824, -0.7500000012986886011 ) ) ;
#2066 = CARTESIAN_POINT ( 'NONE',  ( -16.45041139289202192, -26.19294883937864427, -0.7499999985999999952 ) ) ;
#2067 = CARTESIAN_POINT ( 'NONE',  ( 36.11947526929787244, -11.05938028777550564, 0.7499999957184361188 ) ) ;
#2068 = ORIENTED_EDGE ( 'NONE', *, *, #2873, .T. ) ;
#2069 = CARTESIAN_POINT ( 'NONE',  ( -18.07092917009112298, -28.99976747660002019, 0.1500000027333333319 ) ) ;
#2070 = CARTESIAN_POINT ( 'NONE',  ( 17.52606057175009724, -13.53463267501021683, -0.2499999949291333290 ) ) ;
#2071 = CYLINDRICAL_SURFACE ( 'NONE', #2080, 7.000002459199979654 ) ;
#2072 = VERTEX_POINT ( 'NONE', #3509 ) ;
#2073 = ORIENTED_EDGE ( 'NONE', *, *, #1423, .F. ) ;
#2074 = DIRECTION ( 'NONE',  ( 0.000000000000000000, 0.000000000000000000, -1.000000000000000000 ) ) ;
#2075 = CYLINDRICAL_SURFACE ( 'NONE', #3778, 8.000000002000039245 ) ;
#2076 = ADVANCED_FACE ( 'NONE', ( #2737 ), #2474, .F. ) ;
#2077 = EDGE_CURVE ( 'NONE', #4132, #792, #298, .T. ) ;
#2078 = CARTESIAN_POINT ( 'NONE',  ( -1.666666613924420171, 1.000000032000021521, -0.7499999985999999952 ) ) ;
#2079 = VERTEX_POINT ( 'NONE', #1003 ) ;
#2080 = AXIS2_PLACEMENT_3D ( 'NONE', #2731, #3842, #218 ) ;
#2081 = DIRECTION ( 'NONE',  ( 1.000000000000000000, 0.000000000000000000, 0.000000000000000000 ) ) ;
#2082 = ORIENTED_EDGE ( 'NONE', *, *, #1204, .T. ) ;
#2083 = CARTESIAN_POINT ( 'NONE',  ( -13.49999998329112749, -5.841999939359965310E-07, -0.7499999985999999952 ) ) ;
#2084 = ORIENTED_EDGE ( 'NONE', *, *, #2480, .T. ) ;
#2085 = FACE_BOUND ( 'NONE', #1893, .T. ) ;
#2086 = AXIS2_PLACEMENT_3D ( 'NONE', #3566, #3590, #2838 ) ;
#2087 = B_SPLINE_CURVE_WITH_KNOTS ( 'NONE', 3,
 ( #2969, #1138, #814, #2518, #2941, #367 ),
 .UNSPECIFIED., .F., .F.,
 ( 4, 2, 4 ),
 ( 0.000000000000000000, 0.5000000000000000000, 1.000000000000000000 ),
 .UNSPECIFIED. ) ;
#2088 = CARTESIAN_POINT ( 'NONE',  ( 16.58586240656451238, -13.75265663721012643, 0.7499999986000001062 ) ) ;
#2089 = CARTESIAN_POINT ( 'NONE',  ( -4.122792325061987562, 36.44488801435885961, 0.7499999944231999782 ) ) ;
#2090 = EDGE_LOOP ( 'NONE', ( #1698, #4600, #1096, #3896, #2039 ) ) ;
#2091 = CARTESIAN_POINT ( 'NONE',  ( -22.46410144456165270, 30.90896507352547218, -0.7499999985999999952 ) ) ;
#2092 = DIRECTION ( 'NONE',  ( 0.000000000000000000, 0.000000000000000000, 1.000000000000000000 ) ) ;
#2093 = AXIS2_PLACEMENT_3D ( 'NONE', #4342, #2883, #2248 ) ;
#2094 = EDGE_CURVE ( 'NONE', #2845, #282, #2351, .T. ) ;
#2095 = CARTESIAN_POINT ( 'NONE',  ( -11.80642439784915254, 37.06217791305748932, -0.7500000015666826725 ) ) ;
#2096 = EDGE_LOOP ( 'NONE', ( #17, #2825 ) ) ;
#2097 = VERTEX_POINT ( 'NONE', #632 ) ;
#2098 = DIRECTION ( 'NONE',  ( 0.000000000000000000, 0.000000000000000000, 1.000000000000000000 ) ) ;
#2099 = B_SPLINE_CURVE_WITH_KNOTS ( 'NONE', 3,
 ( #2258, #3696, #3345, #3741 ),
 .UNSPECIFIED., .F., .F.,
 ( 4, 4 ),
 ( 0.000000000000000000, 1.000000000000000000 ),
 .UNSPECIFIED. ) ;
#2100 = DIRECTION ( 'NONE',  ( 0.7313537094338112832, 0.6819983516823221459, 0.000000000000000000 ) ) ;
#2101 = CARTESIAN_POINT ( 'NONE',  ( 10.00000013172536129, -3.999999950200006094, -0.7499999992708412666 ) ) ;
#2102 = ORIENTED_EDGE ( 'NONE', *, *, #3119, .F. ) ;
#2103 = B_SPLINE_CURVE_WITH_KNOTS ( 'NONE', 3,
 ( #3343, #2557, #129, #2229 ),
 .UNSPECIFIED., .F., .F.,
 ( 4, 4 ),
 ( 0.2500000025833331030, 1.000000000000000000 ),
 .UNSPECIFIED. ) ;
#2104 = ADVANCED_FACE ( 'NONE', ( #348 ), #2075, .T. ) ;
#2105 = CARTESIAN_POINT ( 'NONE',  ( 33.06575283267082455, -14.33409673057500733, -0.7499999969216506468 ) ) ;
#2106 = ORIENTED_EDGE ( 'NONE', *, *, #2021, .T. ) ;
#2107 = VERTEX_POINT ( 'NONE', #4247 ) ;
#2108 = DIRECTION ( 'NONE',  ( -1.000000000000000000, 0.000000000000000000, 0.000000000000000000 ) ) ;
#2109 = CARTESIAN_POINT ( 'NONE',  ( 21.74097103950968801, 3.409541080232452170, 0.7499999985999999952 ) ) ;
#2110 = CARTESIAN_POINT ( 'NONE',  ( -9.870323876679927722, -2.692560830547781503, 0.7499999986000001062 ) ) ;
#2111 = VERTEX_POINT ( 'NONE', #984 ) ;
#2112 = CARTESIAN_POINT ( 'NONE',  ( 34.15000001750889425, 1.149999986000016516, -0.7550132910086272409 ) ) ;
#2113 = LINE ( 'NONE', #2046, #3068 ) ;
#2114 = VECTOR ( 'NONE', #1125, 1000.000000000000000 ) ;
#2115 = EDGE_CURVE ( 'NONE', #4410, #4319, #2272, .T. ) ;
#2116 = CARTESIAN_POINT ( 'NONE',  ( 20.70751951957554127, 21.21531332239997880, 0.7499999985999999952 ) ) ;
#2117 = DIRECTION ( 'NONE',  ( -1.000000000000000000, 0.000000000000000000, 0.000000000000000000 ) ) ;
#2118 = ADVANCED_FACE ( 'NONE', ( #2408 ), #3118, .F. ) ;
#2119 = EDGE_LOOP ( 'NONE', ( #3621, #3452, #2943, #2355 ) ) ;
#2120 = CIRCLE ( 'NONE', #3322, 1.150000011399969546 ) ;
#2121 = CARTESIAN_POINT ( 'NONE',  ( -27.51780004992405892, -27.89835454525735514, 0.7499999891559800957 ) ) ;
#2122 = ADVANCED_FACE ( 'NONE', ( #276 ), #1352, .T. ) ;
#2123 = LOCAL_TIME ( 12, 51, 23.00000000000000000, #1579 ) ;
#2124 = DIRECTION ( 'NONE',  ( 0.000000000000000000, 0.000000000000000000, 1.000000000000000000 ) ) ;
#2125 = AXIS2_PLACEMENT_3D ( 'NONE', #694, #2100, #2377 ) ;
#2126 = CARTESIAN_POINT ( 'NONE',  ( -16.07907051574822432, 30.14976769209048868, -0.4499999890000000446 ) ) ;
#2127 = CARTESIAN_POINT ( 'NONE',  ( 10.00000013409235677, -18.99999989020051316, -0.7499999993666757181 ) ) ;
#2128 = ORIENTED_EDGE ( 'NONE', *, *, #3571, .F. ) ;
#2129 = AXIS2_PLACEMENT_3D ( 'NONE', #2253, #1225, #2960 ) ;
#2130 = VECTOR ( 'NONE', #1395, 1000.000000000000000 ) ;
#2131 = CARTESIAN_POINT ( 'NONE',  ( -11.80642439905063590, 37.06217791210497836, 0.7500000022562499646 ) ) ;
#2132 = VERTEX_POINT ( 'NONE', #4549 ) ;
#2133 = EDGE_LOOP ( 'NONE', ( #4257, #153 ) ) ;
#2134 = ADVANCED_FACE ( 'NONE', ( #3136 ), #611, .T. ) ;
#2135 = CARTESIAN_POINT ( 'NONE',  ( -16.07907107609113240, -30.14976746259997853, 0.4499999986000000618 ) ) ;
#2136 = CARTESIAN_POINT ( 'NONE',  ( 5.000000126108849585, -3.999999950200006094, 0.000000000000000000 ) ) ;
#2137 = ORIENTED_EDGE ( 'NONE', *, *, #2690, .T. ) ;
#2138 = CARTESIAN_POINT ( 'NONE',  ( 30.77061680839987545, 16.08790903072851464, 0.7499999988234319348 ) ) ;
#2139 = ADVANCED_FACE ( 'NONE', ( #3847 ), #4227, .T. ) ;
#2140 = CARTESIAN_POINT ( 'NONE',  ( 21.74097103804507114, -3.409538739408432662, -0.7499999985999999952 ) ) ;
#2141 = CARTESIAN_POINT ( 'NONE',  ( 2.500000020708881276, -29.00000001360000823, -0.7499999985999999952 ) ) ;
#2142 = CARTESIAN_POINT ( 'NONE',  ( -9.334936304585927047, 21.16858394533158005, 0.4499999986000000618 ) ) ;
#2143 = ORIENTED_EDGE ( 'NONE', *, *, #2689, .T. ) ;
#2144 = CARTESIAN_POINT ( 'NONE',  ( -20.99999923269113467, 15.99999995320000679, -0.7499999984407081932 ) ) ;
#2145 = CARTESIAN_POINT ( 'NONE',  ( 8.999257375578071816, -22.07170842517164999, 0.7499999986000001062 ) ) ;
#2146 = CARTESIAN_POINT ( 'NONE',  ( 31.84999999470883125, -1.150000011399976430, -0.4499999890000000446 ) ) ;
#2147 = CARTESIAN_POINT ( 'NONE',  ( 37.99999881990883921, 4.000001169399997281, 0.4499999986000000618 ) ) ;
#2148 = VERTEX_POINT ( 'NONE', #1702 ) ;
#2149 = DIRECTION ( 'NONE',  ( 1.000000000000000000, 0.000000000000000000, 0.000000000000000000 ) ) ;
#2150 = ORIENTED_EDGE ( 'NONE', *, *, #1976, .F. ) ;
#2151 = ORIENTED_EDGE ( 'NONE', *, *, #2755, .F. ) ;
#2152 = CARTESIAN_POINT ( 'NONE',  ( -16.07907107609112174, -30.14976746259998563, -0.1499999931333333147 ) ) ;
#2153 = LINE ( 'NONE', #2839, #3094 ) ;
#2154 = ORIENTED_EDGE ( 'NONE', *, *, #1423, .T. ) ;
#2155 = CARTESIAN_POINT ( 'NONE',  ( -1.890884439051138122, 33.81616101816900510, 0.7500000022320300053 ) ) ;
#2156 = AXIS2_PLACEMENT_3D ( 'NONE', #2884, #1086, #4322 ) ;
#2157 = B_SPLINE_CURVE_WITH_KNOTS ( 'NONE', 3,
 ( #2447, #4566, #3153, #2397 ),
 .UNSPECIFIED., .F., .F.,
 ( 4, 4 ),
 ( 0.000000000000000000, 1.000000000000000000 ),
 .UNSPECIFIED. ) ;
#2158 = FACE_OUTER_BOUND ( 'NONE', #264, .T. ) ;
#2159 = DIRECTION ( 'NONE',  ( 0.000000000000000000, 0.000000000000000000, -1.000000000000000000 ) ) ;
#2160 = DIRECTION ( 'NONE',  ( 0.000000000000000000, 0.000000000000000000, 1.000000000000000000 ) ) ;
#2161 = ORIENTED_EDGE ( 'NONE', *, *, #1912, .T. ) ;
#2162 = CIRCLE ( 'NONE', #1943, 2.249999995800000541 ) ;
#2163 = PLANE ( 'NONE',  #220 ) ;
#2164 = PLANE ( 'NONE',  #1446 ) ;
#2165 = DIRECTION ( 'NONE',  ( 0.000000000000000000, 0.000000000000000000, 1.000000000000000000 ) ) ;
#2166 = CIRCLE ( 'NONE', #2020, 1.150000011399969546 ) ;
#2167 = LINE ( 'NONE', #3273, #669 ) ;
#2168 = CARTESIAN_POINT ( 'NONE',  ( -9.334936302604123881, 21.16858394189899428, 0.7499999985999999952 ) ) ;
#2169 = VERTEX_POINT ( 'NONE', #3183 ) ;
#2170 = B_SPLINE_CURVE_WITH_KNOTS ( 'NONE', 3,
 ( #368, #1726, #2850, #4619, #2540, #2895 ),
 .UNSPECIFIED., .F., .F.,
 ( 4, 2, 4 ),
 ( 0.000000000000000000, 0.5000000000000000000, 1.000000000000000000 ),
 .UNSPECIFIED. ) ;
#2171 = DIRECTION ( 'NONE',  ( 0.000000000000000000, -1.000000000000000000, 0.000000000000000000 ) ) ;
#2172 = ORIENTED_EDGE ( 'NONE', *, *, #1590, .T. ) ;
#2173 = ORIENTED_EDGE ( 'NONE', *, *, #1831, .T. ) ;
#2174 = EDGE_CURVE ( 'NONE', #1166, #3074, #4572, .T. ) ;
#2175 = CARTESIAN_POINT ( 'NONE',  ( 17.52606057095537651, 13.53463500962698340, -0.7499999953385155793 ) ) ;
#2176 = DIRECTION ( 'NONE',  ( 0.000000000000000000, 0.000000000000000000, 1.000000000000000000 ) ) ;
#2177 = ORIENTED_EDGE ( 'NONE', *, *, #115, .T. ) ;
#2178 = CARTESIAN_POINT ( 'NONE',  ( -22.51540116115653234, -15.61939878880309429, -0.7499999985999999952 ) ) ;
#2179 = CARTESIAN_POINT ( 'NONE',  ( 33.06575283267082455, -14.33409673057500733, -0.7499999969216506468 ) ) ;
#2180 = CARTESIAN_POINT ( 'NONE',  ( 10.64442222625416434, 26.34271762362818237, -0.7499999985999999952 ) ) ;
#2181 = CARTESIAN_POINT ( 'NONE',  ( -18.07092948743241223, 28.99976736775927577, -0.7499999985999999952 ) ) ;
#2182 = ORIENTED_EDGE ( 'NONE', *, *, #4141, .F. ) ;
#2183 = LINE ( 'NONE', #1479, #3591 ) ;
#2184 = APPLICATION_PROTOCOL_DEFINITION ( 'international standard', 'config_control_design', 1994, #1488 ) ;
#2185 = EDGE_CURVE ( 'NONE', #338, #911, #1260, .T. ) ;
#2186 = CARTESIAN_POINT ( 'NONE',  ( 5.656979446509331488, -23.99999989837492009, 0.7499999986000001062 ) ) ;
#2187 = CARTESIAN_POINT ( 'NONE',  ( 5.000000130889858951, 1.000000038599985208, -0.7499999993666756071 ) ) ;
#2188 = CIRCLE ( 'NONE', #1221, 1.499999997199990220 ) ;
#2189 = CARTESIAN_POINT ( 'NONE',  ( 5.656239008018290271, -23.99999989157023350, -0.7499999986000001062 ) ) ;
#2190 = VERTEX_POINT ( 'NONE', #2789 ) ;
#2191 = CARTESIAN_POINT ( 'NONE',  ( -23.99999922725062973, 12.99999995879999659, -0.7499999982814162802 ) ) ;
#2192 = PRODUCT ( 'PEN-S', 'PEN-S', '', ( #763 ) ) ;
#2193 = CARTESIAN_POINT ( 'NONE',  ( -15.53589821774162338, 34.90896506587498749, 0.4499999986000000618 ) ) ;
#2194 = ORIENTED_EDGE ( 'NONE', *, *, #3398, .F. ) ;
#2195 = AXIS2_PLACEMENT_3D ( 'NONE', #4105, #3749, #865 ) ;
#2196 = ORIENTED_EDGE ( 'NONE', *, *, #2953, .F. ) ;
#2197 = EDGE_CURVE ( 'NONE', #1280, #1236, #1097, .T. ) ;
#2198 = ADVANCED_FACE ( 'NONE', ( #1093 ), #2210, .F. ) ;
#2199 = CARTESIAN_POINT ( 'NONE',  ( -23.99999922678364328, -13.00000113041899219, 0.7499999992146959560 ) ) ;
#2200 = PLANE ( 'NONE',  #1068 ) ;
#2201 = ORIENTED_EDGE ( 'NONE', *, *, #4201, .T. ) ;
#2202 = DIRECTION ( 'NONE',  ( 1.000000000000000000, 0.000000000000000000, 0.000000000000000000 ) ) ;
#2203 = DIRECTION ( 'NONE',  ( 1.000000000000000000, 0.000000000000000000, 0.000000000000000000 ) ) ;
#2204 = DIRECTION ( 'NONE',  ( -0.7313537064729761505, 0.6819983548574292120, 0.000000000000000000 ) ) ;
#2205 = DIRECTION ( 'NONE',  ( -0.5000000584483406119, -0.8660253700392708254, 0.000000000000000000 ) ) ;
#2206 = EDGE_LOOP ( 'NONE', ( #1752, #1970, #3279, #2875, #3123, #584 ) ) ;
#2207 = CARTESIAN_POINT ( 'NONE',  ( 1.750000022108871844, -29.00000001360000823, 0.7499999985999999952 ) ) ;
#2208 = DIRECTION ( 'NONE',  ( 0.000000000000000000, 1.000000000000000000, 0.000000000000000000 ) ) ;
#2209 = B_SPLINE_CURVE_WITH_KNOTS ( 'NONE', 3,
 ( #842, #509, #2264, #2709 ),
 .UNSPECIFIED., .F., .F.,
 ( 4, 4 ),
 ( 0.000000000000000000, 1.000000000000000000 ),
 .UNSPECIFIED. ) ;
#2210 = CYLINDRICAL_SURFACE ( 'NONE', #1903, 1.499999997200020641 ) ;
#2211 = ORIENTED_EDGE ( 'NONE', *, *, #3702, .T. ) ;
#2212 = CARTESIAN_POINT ( 'NONE',  ( 6.250000013708873148, -29.00000001360000823, 0.4499999986000000618 ) ) ;
#2213 = LINE ( 'NONE', #3650, #1444 ) ;
#2214 = VERTEX_POINT ( 'NONE', #2939 ) ;
#2215 = CARTESIAN_POINT ( 'NONE',  ( -8.785898445474614959, -23.21762278500050058, 0.4499999986000000618 ) ) ;
#2216 = ADVANCED_FACE ( 'NONE', ( #1837 ), #4378, .F. ) ;
#2217 = DIRECTION ( 'NONE',  ( 0.000000000000000000, 0.000000000000000000, 1.000000000000000000 ) ) ;
#2218 = ORIENTED_EDGE ( 'NONE', *, *, #4265, .F. ) ;
#2219 = ORIENTED_EDGE ( 'NONE', *, *, #4357, .F. ) ;
#2220 = DIRECTION ( 'NONE',  ( 0.000000000000000000, 0.000000000000000000, -1.000000000000000000 ) ) ;
#2221 = CARTESIAN_POINT ( 'NONE',  ( 37.19202305742586390, 9.665549654353345232, 0.7499999920391200448 ) ) ;
#2222 = ORIENTED_EDGE ( 'NONE', *, *, #2530, .T. ) ;
#2223 = CARTESIAN_POINT ( 'NONE',  ( 20.87345546952735020, -1.026059256677802178, -0.2499999972199606901 ) ) ;
#2224 = CYLINDRICAL_SURFACE ( 'NONE', #67, 1.499999997199990220 ) ;
#2225 = B_SPLINE_CURVE_WITH_KNOTS ( 'NONE', 3,
 ( #2131, #1492, #723, #701, #2481, #4250 ),
 .UNSPECIFIED., .F., .F.,
 ( 4, 2, 4 ),
 ( 0.000000000000000000, 0.5000000000000000000, 1.000000000000000000 ),
 .UNSPECIFIED. ) ;
#2226 = CARTESIAN_POINT ( 'NONE',  ( -26.49999936210664586, 28.57883827777149577, 0.7500000027832800509 ) ) ;
#2227 = CARTESIAN_POINT ( 'NONE',  ( 24.49999881970884985, 2.500001172199977972, 0.4499999986000000618 ) ) ;
#2228 = ORIENTED_EDGE ( 'NONE', *, *, #1567, .T. ) ;
#2229 = CARTESIAN_POINT ( 'NONE',  ( 31.84999999470883125, 1.150000011399976430, -0.4499999890000000446 ) ) ;
#2230 = ADVANCED_FACE ( 'NONE', ( #1506, #3605 ), #4309, .T. ) ;
#2231 = PERSON_AND_ORGANIZATION_ROLE ( 'design_owner' ) ;
#2232 = VECTOR ( 'NONE', #2484, 1000.000000000000000 ) ;
#2233 = DIRECTION ( 'NONE',  ( 0.000000000000000000, 0.000000000000000000, 1.000000000000000000 ) ) ;
#2234 = ORIENTED_EDGE ( 'NONE', *, *, #2049, .T. ) ;
#2235 = DIRECTION ( 'NONE',  ( -0.000000000000000000, -0.000000000000000000, -1.000000000000000000 ) ) ;
#2236 = DIRECTION ( 'NONE',  ( -1.000000000000000000, 5.631853005364407380E-10, 0.000000000000000000 ) ) ;
#2237 = ORIENTED_EDGE ( 'NONE', *, *, #4413, .F. ) ;
#2238 = CARTESIAN_POINT ( 'NONE',  ( 18.91170197627955574, 13.03030278609625014, -0.7499999985999999952 ) ) ;
#2239 = AXIS2_PLACEMENT_3D ( 'NONE', #2936, #1835, #835 ) ;
#2240 = CARTESIAN_POINT ( 'NONE',  ( -11.80642439905063590, 37.06217791210497836, 0.7500000022562499646 ) ) ;
#2241 = ORIENTED_EDGE ( 'NONE', *, *, #4281, .F. ) ;
#2242 = ORIENTED_EDGE ( 'NONE', *, *, #739, .F. ) ;
#2243 = EDGE_CURVE ( 'NONE', #2111, #2268, #2662, .T. ) ;
#2244 = LINE ( 'NONE', #121, #3511 ) ;
#2245 = CARTESIAN_POINT ( 'NONE',  ( 30.99999902770883509, 6.285392255200000555, 0.000000000000000000 ) ) ;
#2246 = ORIENTED_EDGE ( 'NONE', *, *, #2575, .F. ) ;
#2247 = CARTESIAN_POINT ( 'NONE',  ( -2.011518820091125814, 34.02510591460000455, -0.2499999995333333780 ) ) ;
#2248 = DIRECTION ( 'NONE',  ( 1.000000000000000000, 3.016910829536994458E-15, 0.000000000000000000 ) ) ;
#2249 = EDGE_CURVE ( 'NONE', #181, #4534, #1439, .T. ) ;
#2250 = EDGE_CURVE ( 'NONE', #999, #4064, #1417, .T. ) ;
#2251 = CARTESIAN_POINT ( 'NONE',  ( -26.49999936289565383, 28.57883827779797414, -0.7500000014436660756 ) ) ;
#2252 = ADVANCED_FACE ( 'NONE', ( #3982 ), #4287, .F. ) ;
#2253 = CARTESIAN_POINT ( 'NONE',  ( 4.999999999108855953, 8.999999983200002163, 0.4499999986000000618 ) ) ;
#2254 = ORIENTED_EDGE ( 'NONE', *, *, #4056, .T. ) ;
#2255 = CYLINDRICAL_SURFACE ( 'NONE', #748, 2.249999995800000541 ) ;
#2256 = DIRECTION ( 'NONE',  ( 1.000000000000000000, 0.000000000000000000, 0.000000000000000000 ) ) ;
#2257 = EDGE_CURVE ( 'NONE', #354, #1150, #2995, .T. ) ;
#2258 = CARTESIAN_POINT ( 'NONE',  ( -4.999999986825653941, -23.99999988890000324, -0.7499999976333540097 ) ) ;
#2259 = ORIENTED_EDGE ( 'NONE', *, *, #347, .F. ) ;
#2260 = DIRECTION ( 'NONE',  ( 1.000000000000000000, 0.000000000000000000, 0.000000000000000000 ) ) ;
#2261 = ORIENTED_EDGE ( 'NONE', *, *, #4226, .F. ) ;
#2262 = EDGE_CURVE ( 'NONE', #128, #3470, #14, .T. ) ;
#2263 = LINE ( 'NONE', #2215, #3218 ) ;
#2264 = CARTESIAN_POINT ( 'NONE',  ( 15.22190043410885529, -23.20533159279998259, -0.2499999995333333780 ) ) ;
#2265 = AXIS2_PLACEMENT_3D ( 'NONE', #2245, #4136, #2293 ) ;
#2266 = LINE ( 'NONE', #3373, #2798 ) ;
#2267 = ORIENTED_EDGE ( 'NONE', *, *, #1651, .F. ) ;
#2268 = VERTEX_POINT ( 'NONE', #3250 ) ;
#2269 = B_SPLINE_CURVE_WITH_KNOTS ( 'NONE', 3,
 ( #4459, #1240, #3800, #4434 ),
 .UNSPECIFIED., .F., .F.,
 ( 4, 4 ),
 ( 0.000000000000000000, 1.000000000000000000 ),
 .UNSPECIFIED. ) ;
#2270 =( GEOMETRIC_REPRESENTATION_CONTEXT ( 3 ) GLOBAL_UNCERTAINTY_ASSIGNED_CONTEXT ( ( #2051 ) ) GLOBAL_UNIT_ASSIGNED_CONTEXT ( ( #858, #3694, #2558 ) ) REPRESENTATION_CONTEXT ( 'NONE', 'WORKASPACE' ) );
#2271 = PLANE ( 'NONE',  #1859 ) ;
#2272 = CIRCLE ( 'NONE', #1755, 1.149999986000016516 ) ;
#2273 = DIRECTION ( 'NONE',  ( -1.000000000000000000, 0.000000000000000000, 0.000000000000000000 ) ) ;
#2274 = ORIENTED_EDGE ( 'NONE', *, *, #688, .F. ) ;
#2275 = CARTESIAN_POINT ( 'NONE',  ( -10.08493630289114584, 22.46762206999999734, 0.4499999986000000618 ) ) ;
#2276 = FACE_OUTER_BOUND ( 'NONE', #3233, .T. ) ;
#2277 = CARTESIAN_POINT ( 'NONE',  ( -29.99999924005014407, -22.51666037799451914, -0.7499999947737230332 ) ) ;
#2278 = EDGE_CURVE ( 'NONE', #4113, #3072, #258, .T. ) ;
#2279 = CARTESIAN_POINT ( 'NONE',  ( -14.29274030758382885, 35.62670272986966324, 0.7499999985999999952 ) ) ;
#2280 = ORIENTED_EDGE ( 'NONE', *, *, #459, .F. ) ;
#2281 = DIRECTION ( 'NONE',  ( 1.000000000000000000, 0.000000000000000000, 0.000000000000000000 ) ) ;
#2282 = CARTESIAN_POINT ( 'NONE',  ( -9.999999997124643158, -18.99999989680001278, -0.7499999977542053387 ) ) ;
#2283 = ORIENTED_EDGE ( 'NONE', *, *, #652, .T. ) ;
#2284 = CARTESIAN_POINT ( 'NONE',  ( 21.68298478900484838, -12.02163597982602816, 0.7499999961340920729 ) ) ;
#2285 = ORIENTED_EDGE ( 'NONE', *, *, #678, .F. ) ;
#2286 = DIRECTION ( 'NONE',  ( 0.000000000000000000, 0.000000000000000000, 1.000000000000000000 ) ) ;
#2287 = CARTESIAN_POINT ( 'NONE',  ( 14.38485957472279431, 12.89673577694861351, 0.7499999986000001062 ) ) ;
#2288 = B_SPLINE_CURVE_WITH_KNOTS ( 'NONE', 3,
 ( #4164, #1010, #1800, #1120, #4294, #3536, #2457, #371, #2546, #352 ),
 .UNSPECIFIED., .F., .F.,
 ( 4, 2, 2, 2, 4 ),
 ( 0.000000000000000000, 0.2500000000000000000, 0.5000000000000000000, 0.7500000000000000000, 1.000000000000000000 ),
 .UNSPECIFIED. ) ;
#2289 = CARTESIAN_POINT ( 'NONE',  ( 27.21492318410884081, -8.878109879000007254, 9.757819552369539906E-16 ) ) ;
#2290 = ORIENTED_EDGE ( 'NONE', *, *, #1188, .F. ) ;
#2291 = VERTEX_POINT ( 'NONE', #2867 ) ;
#2292 = CYLINDRICAL_SURFACE ( 'NONE', #2461, 1.149999986000016516 ) ;
#2293 = DIRECTION ( 'NONE',  ( -1.000000000000000000, 0.000000000000000000, 0.000000000000000000 ) ) ;
#2294 = ORIENTED_EDGE ( 'NONE', *, *, #3951, .T. ) ;
#2295 = CARTESIAN_POINT ( 'NONE',  ( -8.785898446668605644, -23.21762278431113558, 0.4499999986000000618 ) ) ;
#2296 = CARTESIAN_POINT ( 'NONE',  ( -3.621186179013353712, 36.03615750451949395, -0.7499999986000001062 ) ) ;
#2297 = DIRECTION ( 'NONE',  ( 1.000000000000000000, 0.000000000000000000, 0.000000000000000000 ) ) ;
#2298 = CYLINDRICAL_SURFACE ( 'NONE', #2042, 1.500000015599949776 ) ;
#2299 = CARTESIAN_POINT ( 'NONE',  ( -13.49999999919112881, -13.39801637419451730, -0.7499999986000002172 ) ) ;
#2300 = APPROVAL_STATUS ( 'not_yet_approved' ) ;
#2301 = CARTESIAN_POINT ( 'NONE',  ( 37.99999881990887474, -5.523595028549987518, 0.7499999985999999952 ) ) ;
#2302 = ORIENTED_EDGE ( 'NONE', *, *, #2542, .T. ) ;
#2303 = EDGE_CURVE ( 'NONE', #1515, #4270, #931, .T. ) ;
#2304 = DIRECTION ( 'NONE',  ( 0.000000000000000000, 0.000000000000000000, -1.000000000000000000 ) ) ;
#2305 = ORIENTED_EDGE ( 'NONE', *, *, #2776, .F. ) ;
#2306 = AXIS2_PLACEMENT_3D ( 'NONE', #1154, #2932, #3643 ) ;
#2307 = DIRECTION ( 'NONE',  ( 0.000000000000000000, 0.000000000000000000, 1.000000000000000000 ) ) ;
#2308 = B_SPLINE_CURVE_WITH_KNOTS ( 'NONE', 3,
 ( #4149, #2328, #4521, #1256 ),
 .UNSPECIFIED., .F., .F.,
 ( 4, 4 ),
 ( 0.000000000000000000, 1.000000000000000000 ),
 .UNSPECIFIED. ) ;
#2309 = CARTESIAN_POINT ( 'NONE',  ( 13.07273008105536150, -32.00000112560000076, -0.7500000020013917190 ) ) ;
#2310 = CARTESIAN_POINT ( 'NONE',  ( 13.07273008105536150, -32.00000112560000076, -0.7500000020013917190 ) ) ;
#2311 = ORIENTED_EDGE ( 'NONE', *, *, #2559, .T. ) ;
#2312 = ORIENTED_EDGE ( 'NONE', *, *, #2755, .T. ) ;
#2313 = AXIS2_PLACEMENT_3D ( 'NONE', #28, #1807, #72 ) ;
#2314 = DIRECTION ( 'NONE',  ( -0.8660254011486101522, -0.5000000045653890668, 0.000000000000000000 ) ) ;
#2315 = CARTESIAN_POINT ( 'NONE',  ( 36.11947483817385063, 11.05938056825500659, -0.7499999954800304902 ) ) ;
#2316 = ORIENTED_EDGE ( 'NONE', *, *, #543, .F. ) ;
#2317 = DIRECTION ( 'NONE',  ( 0.000000000000000000, 0.000000000000000000, 1.000000000000000000 ) ) ;
#2318 = EDGE_CURVE ( 'NONE', #962, #967, #1307, .T. ) ;
#2319 = DIRECTION ( 'NONE',  ( 1.000000000000000000, -8.300746920972144049E-10, -0.000000000000000000 ) ) ;
#2320 = B_SPLINE_CURVE_WITH_KNOTS ( 'NONE', 3,
 ( #3528, #2372, #3819, #3435, #648, #1678, #604, #2026, #979, #1346 ),
 .UNSPECIFIED., .F., .F.,
 ( 4, 2, 2, 2, 4 ),
 ( 0.000000000000000000, 0.2500000000000000000, 0.5000000000000000000, 0.7500000000000000000, 1.000000000000000000 ),
 .UNSPECIFIED. ) ;
#2321 = CARTESIAN_POINT ( 'NONE',  ( -15.50407101959114264, -29.15383828859999227, 0.4499999986000000618 ) ) ;
#2322 = CARTESIAN_POINT ( 'NONE',  ( 22.99999881485983977, 2.500001172199977972, 0.4499999986000000618 ) ) ;
#2323 = ORIENTED_EDGE ( 'NONE', *, *, #2424, .F. ) ;
#2324 = B_SPLINE_CURVE_WITH_KNOTS ( 'NONE', 3,
 ( #4282, #996, #2070, #3503 ),
 .UNSPECIFIED., .F., .F.,
 ( 4, 4 ),
 ( 0.000000000000000000, 1.000000000000000000 ),
 .UNSPECIFIED. ) ;
#2325 = CYLINDRICAL_SURFACE ( 'NONE', #2344, 2.999999994400010195 ) ;
#2326 = CARTESIAN_POINT ( 'NONE',  ( 26.50000000130886590, 1.168400015627568678E-06, 0.1500000047999999753 ) ) ;
#2327 = DIRECTION ( 'NONE',  ( 1.000000000000000000, 0.000000000000000000, 0.000000000000000000 ) ) ;
#2328 = CARTESIAN_POINT ( 'NONE',  ( 31.60178582290216909, 15.66440726182411325, -0.7499999985999999952 ) ) ;
#2329 = ORIENTED_EDGE ( 'NONE', *, *, #3069, .F. ) ;
#2330 = DIRECTION ( 'NONE',  ( -1.000000000000000000, 0.000000000000000000, 0.000000000000000000 ) ) ;
#2331 = CARTESIAN_POINT ( 'NONE',  ( -4.999999990691144980, -18.99999989680001278, 0.000000000000000000 ) ) ;
#2332 = ADVANCED_FACE ( 'NONE', ( #2353 ), #1931, .F. ) ;
#2333 = CARTESIAN_POINT ( 'NONE',  ( 20.65692436210886385, -9.202558125200017258, 9.757819552369539906E-16 ) ) ;
#2334 = ORIENTED_EDGE ( 'NONE', *, *, #160, .T. ) ;
#2335 = VERTEX_POINT ( 'NONE', #2704 ) ;
#2336 = AXIS2_PLACEMENT_3D ( 'NONE', #2136, #3613, #1056 ) ;
#2337 = FACE_OUTER_BOUND ( 'NONE', #3093, .T. ) ;
#2338 = CARTESIAN_POINT ( 'NONE',  ( 24.49999881970884985, -2.499998835400002228, 0.4499999986000000618 ) ) ;
#2339 = ORIENTED_EDGE ( 'NONE', *, *, #2185, .T. ) ;
#2340 = CARTESIAN_POINT ( 'NONE',  ( -15.92499998469115674, -27.58290912159999664, -0.7499999985999999952 ) ) ;
#2341 = AXIS2_PLACEMENT_3D ( 'NONE', #3662, #1454, #1806 ) ;
#2342 = DIRECTION ( 'NONE',  ( 0.000000000000000000, 0.000000000000000000, 1.000000000000000000 ) ) ;
#2343 = ADVANCED_FACE ( 'NONE', ( #3364 ), #1235, .F. ) ;
#2344 = AXIS2_PLACEMENT_3D ( 'NONE', #4517, #3762, #794 ) ;
#2345 = CYLINDRICAL_SURFACE ( 'NONE', #1937, 1.499999997200020641 ) ;
#2346 = B_SPLINE_CURVE_WITH_KNOTS ( 'NONE', 3,
 ( #4097, #523, #1930, #3385 ),
 .UNSPECIFIED., .F., .F.,
 ( 4, 4 ),
 ( 0.000000000000000000, 1.000000000000000000 ),
 .UNSPECIFIED. ) ;
#2347 = CARTESIAN_POINT ( 'NONE',  ( 17.68778267270187854, -20.56099660264151652, -0.7499999956280483104 ) ) ;
#2348 = ORIENTED_EDGE ( 'NONE', *, *, #2542, .F. ) ;
#2349 = CARTESIAN_POINT ( 'NONE',  ( 37.99999881215187969, 6.285392255026501118, -0.7499999956750285079 ) ) ;
#2350 = CLOSED_SHELL ( 'NONE', ( #2439, #3565, #51, #864, #1566, #445, #4276, #2118, #3095, #2880, #1855, #2905, #1960, #4014, #3642, #4565, #2849, #2055, #2664, #1906, #2198, #2343, #4033, #1655, #120, #1306, #257, #4253, #3255, #1565, #1818, #2971, #3035, #3082, #918, #2139, #1765, #4183, #1160, #1994, #3231, #1067, #2907, #1078, #1777, #4594, #3383, #1286, #3633, #1390, #4422, #3929, #2076, #4213, #3956, #3525, #1915, #1854, #3577, #601, #2122, #2104, #476, #2332, #4049, #3715, #4558, #113, #745, #3105, #4540, #2544, #797, #452, #531, #3370, #320, #2462, #479, #2601, #2252, #4391, #2622, #1088, #2452, #906, #3926, #2543, #663, #1921, #3357, #4156, #2134, #3157, #196, #2887, #2216, #732, #3526, #822, #3942, #135, #3381, #2230, #3806, #3224, #4523, #399, #4557, #886, #260, #2488, #4068, #4070, #4076, #4095, #2598, #3229, #1309 ) ) ;
#2351 = CIRCLE ( 'NONE', #2868, 1.499999999598310430 ) ;
#2352 = CARTESIAN_POINT ( 'NONE',  ( -8.920615730681682010, -38.00000113556605186, -0.7499999986000001062 ) ) ;
#2353 = FACE_OUTER_BOUND ( 'NONE', #4630, .T. ) ;
#2354 = DIRECTION ( 'NONE',  ( 0.000000000000000000, 0.000000000000000000, 1.000000000000000000 ) ) ;
#2355 = ORIENTED_EDGE ( 'NONE', *, *, #2257, .F. ) ;
#2356 = FACE_OUTER_BOUND ( 'NONE', #1044, .T. ) ;
#2357 = CARTESIAN_POINT ( 'NONE',  ( -4.999999990691144980, 8.999999983200002163, 0.1500000047999999753 ) ) ;
#2358 = CARTESIAN_POINT ( 'NONE',  ( 20.29734338737632271, -12.52596820812054901, -0.7499999985999999952 ) ) ;
#2359 = ORIENTED_EDGE ( 'NONE', *, *, #3791, .F. ) ;
#2360 = ORIENTED_EDGE ( 'NONE', *, *, #4439, .T. ) ;
#2361 = EDGE_CURVE ( 'NONE', #1554, #2771, #152, .T. ) ;
#2362 = DIRECTION ( 'NONE',  ( 1.000000000000000000, 9.050728690452315179E-15, 0.000000000000000000 ) ) ;
#2363 = DIRECTION ( 'NONE',  ( 0.000000000000000000, -0.000000000000000000, 1.000000000000000000 ) ) ;
#2364 = ORIENTED_EDGE ( 'NONE', *, *, #3088, .F. ) ;
#2365 = DIRECTION ( 'NONE',  ( 1.000000000000000000, 0.000000000000000000, 0.000000000000000000 ) ) ;
#2366 = ORIENTED_EDGE ( 'NONE', *, *, #1717, .T. ) ;
#2367 = CARTESIAN_POINT ( 'NONE',  ( -23.92387876067000718, 13.78069862741337737, -0.7499999985999999952 ) ) ;
#2368 = CARTESIAN_POINT ( 'NONE',  ( 13.07273008394485636, -28.66131842020000420, 0.7499999991237880081 ) ) ;
#2369 = CARTESIAN_POINT ( 'NONE',  ( -2.011518821794622269, 34.02510591380247718, 0.7499999972077319166 ) ) ;
#2370 = CARTESIAN_POINT ( 'NONE',  ( -29.36914114264266829, 25.48488671567110941, -0.7499999986000001062 ) ) ;
#2371 = CARTESIAN_POINT ( 'NONE',  ( -13.49999999440762366, -13.00000113071200758, -0.7500000017667113328 ) ) ;
#2372 = CARTESIAN_POINT ( 'NONE',  ( -29.99999924129113893, 23.12752582652663946, 0.7500000111498408284 ) ) ;
#2373 = ORIENTED_EDGE ( 'NONE', *, *, #3235, .T. ) ;
#2374 = ORIENTED_EDGE ( 'NONE', *, *, #1935, .T. ) ;
#2375 = EDGE_CURVE ( 'NONE', #4231, #3610, #4344, .T. ) ;
#2376 = PLANE ( 'NONE',  #3548 ) ;
#2377 = DIRECTION ( 'NONE',  ( 0.000000000000000000, 0.000000000000000000, -1.000000000000000000 ) ) ;
#2378 = CARTESIAN_POINT ( 'NONE',  ( -13.66506323703964298, -18.66858433255250205, 0.4499999986000000618 ) ) ;
#2379 = AXIS2_PLACEMENT_3D ( 'NONE', #3132, #2448, #3504 ) ;
#2380 = ORIENTED_EDGE ( 'NONE', *, *, #4420, .F. ) ;
#2381 = B_SPLINE_CURVE_WITH_KNOTS ( 'NONE', 3,
 ( #1999, #1652, #3792, #4073, #1974, #4174, #1951, #3460, #1604, #3817 ),
 .UNSPECIFIED., .F., .F.,
 ( 4, 2, 2, 2, 4 ),
 ( 0.000000000000000000, 0.2500000000000000000, 0.5000000000000000000, 0.7500000000000000000, 1.000000000000000000 ),
 .UNSPECIFIED. ) ;
#2382 = ORIENTED_EDGE ( 'NONE', *, *, #130, .F. ) ;
#2383 = EDGE_CURVE ( 'NONE', #2472, #994, #1323, .T. ) ;
#2384 = AXIS2_PLACEMENT_3D ( 'NONE', #742, #2235, #4327 ) ;
#2385 = DIRECTION ( 'NONE',  ( 0.000000000000000000, 0.000000000000000000, 1.000000000000000000 ) ) ;
#2386 = CARTESIAN_POINT ( 'NONE',  ( 32.98952240239333378, 14.41584370866250175, 0.7499999988553519570 ) ) ;
#2387 = ORIENTED_EDGE ( 'NONE', *, *, #3791, .T. ) ;
#2388 = AXIS2_PLACEMENT_3D ( 'NONE', #1158, #3316, #2581 ) ;
#2389 = CARTESIAN_POINT ( 'NONE',  ( -23.99999922900014582, 12.99999995879999659, 0.7499999991378600850 ) ) ;
#2390 = ORIENTED_EDGE ( 'NONE', *, *, #2966, .F. ) ;
#2391 = CARTESIAN_POINT ( 'NONE',  ( 30.77061680839987545, 16.08790903072851464, 0.7499999988234319348 ) ) ;
#2392 = EDGE_CURVE ( 'NONE', #2148, #4542, #1711, .T. ) ;
#2393 = CARTESIAN_POINT ( 'NONE',  ( 13.07273009598798019, -28.15970281981890722, 0.7499999986000001062 ) ) ;
#2394 = CARTESIAN_POINT ( 'NONE',  ( 4.230885086720093113E-08, -23.99999987900000420, -0.7499999985999999952 ) ) ;
#2395 = ORIENTED_EDGE ( 'NONE', *, *, #340, .T. ) ;
#2396 = CARTESIAN_POINT ( 'NONE',  ( 34.15000001750889425, 0.000000000000000000, 0.4499999986000000618 ) ) ;
#2397 = CARTESIAN_POINT ( 'NONE',  ( 21.68298478833336063, 12.02163833066799370, -0.7499999952006333181 ) ) ;
#2398 = PERSON_AND_ORGANIZATION_ROLE ( 'creator' ) ;
#2399 = EDGE_CURVE ( 'NONE', #4211, #3568, #2908, .T. ) ;
#2400 = EDGE_CURVE ( 'NONE', #1510, #2565, #2782, .T. ) ;
#2401 = EDGE_CURVE ( 'NONE', #181, #4132, #4499, .T. ) ;
#2402 = FACE_OUTER_BOUND ( 'NONE', #80, .T. ) ;
#2403 = LINE ( 'NONE', #1043, #3399 ) ;
#2404 = VERTEX_POINT ( 'NONE', #4124 ) ;
#2405 = CARTESIAN_POINT ( 'NONE',  ( -4.999999990691144980, 8.999999983200002163, 0.4499999986000000618 ) ) ;
#2406 = EDGE_CURVE ( 'NONE', #2458, #3783, #487, .T. ) ;
#2407 = EDGE_CURVE ( 'NONE', #2854, #1768, #2099, .T. ) ;
#2408 = FACE_OUTER_BOUND ( 'NONE', #1593, .T. ) ;
#2409 = CARTESIAN_POINT ( 'NONE',  ( -16.92092901612970834, -27.00790913758441292, -0.4499999890000000446 ) ) ;
#2410 = ORIENTED_EDGE ( 'NONE', *, *, #4622, .T. ) ;
#2411 = CARTESIAN_POINT ( 'NONE',  ( -29.99999924129115314, 1.143000138981165037E-07, -0.7499999985999999952 ) ) ;
#2412 = ORIENTED_EDGE ( 'NONE', *, *, #347, .T. ) ;
#2413 = CARTESIAN_POINT ( 'NONE',  ( 23.47274769846369580, -10.24933246630788020, 0.7499999986000001062 ) ) ;
#2414 = VERTEX_POINT ( 'NONE', #131 ) ;
#2415 = LINE ( 'NONE', #1403, #1569 ) ;
#2416 = CARTESIAN_POINT ( 'NONE',  ( 15.17378333590897732, -13.44914381864014530, 0.7499999986000001062 ) ) ;
#2417 = CIRCLE ( 'NONE', #3923, 1.499999999222997982 ) ;
#2418 = CARTESIAN_POINT ( 'NONE',  ( -15.53589923927614613, -34.90896528546699784, 0.4499999986000000618 ) ) ;
#2419 = ORIENTED_EDGE ( 'NONE', *, *, #242, .T. ) ;
#2420 = CARTESIAN_POINT ( 'NONE',  ( 21.07219486194427560, -18.36251190871921679, 0.7499999986000001062 ) ) ;
#2421 = CARTESIAN_POINT ( 'NONE',  ( 36.11947482510802843, 11.05938055588142888, 0.2499999988261230321 ) ) ;
#2422 = CIRCLE ( 'NONE', #1301, 1.499999997200018864 ) ;
#2423 = EDGE_CURVE ( 'NONE', #2169, #640, #3447, .T. ) ;
#2424 = EDGE_CURVE ( 'NONE', #677, #416, #210, .T. ) ;
#2425 = PLANE ( 'NONE',  #1408 ) ;
#2426 = AXIS2_PLACEMENT_3D ( 'NONE', #3266, #4323, #4284 ) ;
#2427 = AXIS2_PLACEMENT_3D ( 'NONE', #716, #2074, #1415 ) ;
#2428 = VERTEX_POINT ( 'NONE', #526 ) ;
#2429 = AXIS2_PLACEMENT_3D ( 'NONE', #2487, #2576, #1876 ) ;
#2430 = ORIENTED_EDGE ( 'NONE', *, *, #2690, .F. ) ;
#2431 = CARTESIAN_POINT ( 'NONE',  ( 7.249999994908856493, 8.999999983200002163, 0.7499999985999999952 ) ) ;
#2432 = DIRECTION ( 'NONE',  ( 0.000000000000000000, 0.000000000000000000, 1.000000000000000000 ) ) ;
#2433 = FACE_OUTER_BOUND ( 'NONE', #3709, .T. ) ;
#2434 = ORIENTED_EDGE ( 'NONE', *, *, #1022, .F. ) ;
#2435 = CARTESIAN_POINT ( 'NONE',  ( 23.47600221421736322, -8.176497693117484644, 0.7499999962881899185 ) ) ;
#2436 = ORIENTED_EDGE ( 'NONE', *, *, #971, .F. ) ;
#2437 = CARTESIAN_POINT ( 'NONE',  ( -23.99999922709114486, 12.99999995879999659, 0.2500000007739636709 ) ) ;
#2438 = ORIENTED_EDGE ( 'NONE', *, *, #375, .F. ) ;
#2439 = ADVANCED_FACE ( 'NONE', ( #172 ), #1606, .F. ) ;
#2440 = CARTESIAN_POINT ( 'NONE',  ( -16.50000000309115222, 15.99999996166651073, 0.7500000025718699392 ) ) ;
#2441 = B_SPLINE_CURVE_WITH_KNOTS ( 'NONE', 3,
 ( #4175, #1391, #314, #2761 ),
 .UNSPECIFIED., .F., .F.,
 ( 4, 4 ),
 ( 0.000000000000000000, 1.000000000000000000 ),
 .UNSPECIFIED. ) ;
#2442 = DIRECTION ( 'NONE',  ( 0.000000000000000000, 0.000000000000000000, 1.000000000000000000 ) ) ;
#2443 = CARTESIAN_POINT ( 'NONE',  ( 8.643217394820005950, -37.84383717507245137, 0.7500000116040199671 ) ) ;
#2444 = VERTEX_POINT ( 'NONE', #1977 ) ;
#2445 = CARTESIAN_POINT ( 'NONE',  ( -28.75521307410218697, 26.54843431044151458, -0.7499999985999999952 ) ) ;
#2446 = B_SPLINE_CURVE_WITH_KNOTS ( 'NONE', 3,
 ( #1111, #2914, #1882, #1529 ),
 .UNSPECIFIED., .F., .F.,
 ( 4, 4 ),
 ( 0.000000000000000000, 1.000000000000000000 ),
 .UNSPECIFIED. ) ;
#2447 = CARTESIAN_POINT ( 'NONE',  ( 21.68298479043334481, 12.02163832910149743, 0.7499999964422379151 ) ) ;
#2448 = DIRECTION ( 'NONE',  ( 0.000000000000000000, 0.000000000000000000, 1.000000000000000000 ) ) ;
#2449 = DIRECTION ( 'NONE',  ( 0.000000000000000000, 0.000000000000000000, 1.000000000000000000 ) ) ;
#2450 = ORIENTED_EDGE ( 'NONE', *, *, #1188, .T. ) ;
#2451 = CARTESIAN_POINT ( 'NONE',  ( -27.02902440134510442, -28.27340533592816030, 0.7499999891559798737 ) ) ;
#2452 = ADVANCED_FACE ( 'NONE', ( #3411 ), #2048, .F. ) ;
#2453 = DIRECTION ( 'NONE',  ( -1.000000000000000000, 0.000000000000000000, 0.000000000000000000 ) ) ;
#2454 = CARTESIAN_POINT ( 'NONE',  ( 13.50000014410891502, 10.71555715659999031, 0.2499999992500536727 ) ) ;
#2455 = ORIENTED_EDGE ( 'NONE', *, *, #806, .F. ) ;
#2456 = AXIS2_PLACEMENT_3D ( 'NONE', #3076, #4191, #2698 ) ;
#2457 = CARTESIAN_POINT ( 'NONE',  ( -23.61939688880807253, -14.51540305744390125, 0.7499999986000001062 ) ) ;
#2458 = VERTEX_POINT ( 'NONE', #4568 ) ;
#2459 = ORIENTED_EDGE ( 'NONE', *, *, #2603, .F. ) ;
#2460 = LINE ( 'NONE', #3901, #1796 ) ;
#2461 = AXIS2_PLACEMENT_3D ( 'NONE', #1923, #4364, #2572 ) ;
#2462 = ADVANCED_FACE ( 'NONE', ( #998 ), #2071, .T. ) ;
#2463 = CARTESIAN_POINT ( 'NONE',  ( 10.09607908067219206, -37.24196405992375958, -0.7499999986000001062 ) ) ;
#2464 = CARTESIAN_POINT ( 'NONE',  ( -7.026119291283977830, 37.81962570149398317, 0.7499999944232000892 ) ) ;
#2465 = EDGE_LOOP ( 'NONE', ( #1985, #1674, #4465, #1721 ) ) ;
#2466 = DIRECTION ( 'NONE',  ( 1.000000000000000000, 0.000000000000000000, 0.000000000000000000 ) ) ;
#2467 = EDGE_CURVE ( 'NONE', #4578, #838, #2441, .T. ) ;
#2468 = CARTESIAN_POINT ( 'NONE',  ( 7.072730091601364677, -38.00000112814699804, -0.7500000015762178229 ) ) ;
#2469 = CIRCLE ( 'NONE', #1645, 1.499999997199990220 ) ;
#2470 = CYLINDRICAL_SURFACE ( 'NONE', #513, 6.999998039600038524 ) ;
#2471 = CARTESIAN_POINT ( 'NONE',  ( 21.68298478833336063, 12.02163833066799370, -0.7499999952006333181 ) ) ;
#2472 = VERTEX_POINT ( 'NONE', #4260 ) ;
#2473 = DIRECTION ( 'NONE',  ( 0.4999999988276693230, -0.8660254044612839541, 0.000000000000000000 ) ) ;
#2474 = PLANE ( 'NONE',  #1153 ) ;
#2475 = CARTESIAN_POINT ( 'NONE',  ( 37.99999881061339124, -6.285393118987014915, -0.7499999947857590721 ) ) ;
#2476 = CARTESIAN_POINT ( 'NONE',  ( -8.785898189750119158, 23.21762208034400388, 0.4499999986000000618 ) ) ;
#2477 = VERTEX_POINT ( 'NONE', #4519 ) ;
#2478 = PRODUCT_DEFINITION ( 'UNKNOWN', '', #2721, #3084 ) ;
#2479 = EDGE_CURVE ( 'NONE', #999, #512, #1636, .T. ) ;
#2480 = EDGE_CURVE ( 'NONE', #3171, #4109, #4240, .T. ) ;
#2481 = CARTESIAN_POINT ( 'NONE',  ( -8.917290092011974423, 37.99999994600003106, 0.7500000103000230567 ) ) ;
#2482 = VERTEX_POINT ( 'NONE', #1740 ) ;
#2483 = ORIENTED_EDGE ( 'NONE', *, *, #2401, .F. ) ;
#2484 = DIRECTION ( 'NONE',  ( 0.000000000000000000, 0.000000000000000000, 1.000000000000000000 ) ) ;
#2485 = CARTESIAN_POINT ( 'NONE',  ( 23.41495872787906052, 10.39267386508729274, -0.7499999986000002172 ) ) ;
#2486 = ORIENTED_EDGE ( 'NONE', *, *, #2689, .F. ) ;
#2487 = CARTESIAN_POINT ( 'NONE',  ( 4.000000017908872607, -29.00000001360000823, 0.1500000047999999753 ) ) ;
#2488 = ADVANCED_FACE ( 'NONE', ( #1720 ), #2425, .F. ) ;
#2489 = CARTESIAN_POINT ( 'NONE',  ( 23.47600221376736229, -8.176497692327977518, -0.7499999952007280202 ) ) ;
#2490 = AXIS2_PLACEMENT_3D ( 'NONE', #754, #2878, #3971 ) ;
#2491 = CARTESIAN_POINT ( 'NONE',  ( 20.70751951778159139, 21.21531332331404585, -0.7499999985999999952 ) ) ;
#2492 = B_SPLINE_CURVE_WITH_KNOTS ( 'NONE', 3,
 ( #3766, #553, #1978, #489 ),
 .UNSPECIFIED., .F., .F.,
 ( 4, 4 ),
 ( 0.000000000000000000, 1.000000000000000000 ),
 .UNSPECIFIED. ) ;
#2493 = CARTESIAN_POINT ( 'NONE',  ( 28.87821676088836398, -16.70329067518100530, -0.7499999971314443847 ) ) ;
#2494 = VERTEX_POINT ( 'NONE', #1302 ) ;
#2495 = AXIS2_PLACEMENT_3D ( 'NONE', #2676, #1864, #2727 ) ;
#2496 = CARTESIAN_POINT ( 'NONE',  ( -17.49592946919115022, 28.00383816289997441, 0.4499999986000000618 ) ) ;
#2497 = CC_DESIGN_APPROVAL ( #3805, ( #2721 ) ) ;
#2498 = CARTESIAN_POINT ( 'NONE',  ( 9.870324013753100090, -20.30743903177023668, 0.7499999986000001062 ) ) ;
#2499 = AXIS2_PLACEMENT_3D ( 'NONE', #2930, #756, #4320 ) ;
#2500 = DIRECTION ( 'NONE',  ( 0.8660253699783624359, -0.5000000585538370013, 0.000000000000000000 ) ) ;
#2501 = CARTESIAN_POINT ( 'NONE',  ( 33.06575283445334179, -14.33409672815299984, 0.7499999979480540535 ) ) ;
#2502 = ORIENTED_EDGE ( 'NONE', *, *, #1987, .F. ) ;
#2503 = DIRECTION ( 'NONE',  ( -0.5000000004503858397, 0.8660254035244081550, 0.000000000000000000 ) ) ;
#2504 = VERTEX_POINT ( 'NONE', #4198 ) ;
#2505 = ORIENTED_EDGE ( 'NONE', *, *, #3558, .F. ) ;
#2506 = B_SPLINE_CURVE_WITH_KNOTS ( 'NONE', 3,
 ( #1310, #3042, #2078, #654 ),
 .UNSPECIFIED., .F., .F.,
 ( 4, 4 ),
 ( 0.000000000000000000, 1.000000000000000000 ),
 .UNSPECIFIED. ) ;
#2507 = CARTESIAN_POINT ( 'NONE',  ( 13.50000013538812560, 11.19821126206995920, -0.7499999986000001062 ) ) ;
#2508 = CARTESIAN_POINT ( 'NONE',  ( -16.92092946503398565, 27.00790894990942448, -0.7499999985999999952 ) ) ;
#2509 = ORIENTED_EDGE ( 'NONE', *, *, #1402, .F. ) ;
#2510 = FACE_OUTER_BOUND ( 'NONE', #3295, .T. ) ;
#2511 = DIRECTION ( 'NONE',  ( 0.7313537059284688224, -0.6819983554413419080, 0.000000000000000000 ) ) ;
#2512 = FACE_OUTER_BOUND ( 'NONE', #206, .T. ) ;
#2513 = DIRECTION ( 'NONE',  ( -0.000000000000000000, -0.000000000000000000, -1.000000000000000000 ) ) ;
#2514 = EDGE_LOOP ( 'NONE', ( #840, #2786 ) ) ;
#2515 = CARTESIAN_POINT ( 'NONE',  ( -8.999359277140738911, -0.9281894164125650271, -0.7499999986000001062 ) ) ;
#2516 = CARTESIAN_POINT ( 'NONE',  ( -9.999999998307639970, -18.99999989009701196, 0.7499999985666601088 ) ) ;
#2517 = CARTESIAN_POINT ( 'NONE',  ( 37.99999881215187969, 6.285392255026501118, -0.7499999956750285079 ) ) ;
#2518 = CARTESIAN_POINT ( 'NONE',  ( -6.330872603631412687, -23.86573672975745097, -0.7499999985999998842 ) ) ;
#2519 = EDGE_CURVE ( 'NONE', #1123, #547, #2320, .T. ) ;
#2520 = DIRECTION ( 'NONE',  ( 0.000000000000000000, 0.000000000000000000, 1.000000000000000000 ) ) ;
#2521 = ORIENTED_EDGE ( 'NONE', *, *, #1935, .F. ) ;
#2522 = DIRECTION ( 'NONE',  ( 0.000000000000000000, 0.000000000000000000, 1.000000000000000000 ) ) ;
#2523 = ORIENTED_EDGE ( 'NONE', *, *, #4498, .F. ) ;
#2524 = EDGE_LOOP ( 'NONE', ( #4296, #3888, #744, #1264, #1398 ) ) ;
#2525 = CARTESIAN_POINT ( 'NONE',  ( -8.306424952585157229, 37.99999994548999638, -0.7499999991483438100 ) ) ;
#2526 = CARTESIAN_POINT ( 'NONE',  ( 23.27891820071936735, 10.66878917476605082, -0.7499999986000002172 ) ) ;
#2527 = EDGE_LOOP ( 'NONE', ( #614, #1321, #1000, #430, #2068, #3898 ) ) ;
#2528 = CARTESIAN_POINT ( 'NONE',  ( 31.84999999470883125, 1.150000011399976430, -0.7499999985999999952 ) ) ;
#2529 = CARTESIAN_POINT ( 'NONE',  ( 23.47600221470835891, 8.176500033679007018, 0.7499999961340101384 ) ) ;
#2530 = EDGE_CURVE ( 'NONE', #2978, #1704, #536, .T. ) ;
#2531 = CARTESIAN_POINT ( 'NONE',  ( -26.49999963729113617, -28.57883796540000532, -0.2499999995333333780 ) ) ;
#2532 = CARTESIAN_POINT ( 'NONE',  ( 28.87821675953983203, -16.70329067554948566, 0.7499999978549199975 ) ) ;
#2533 = ORIENTED_EDGE ( 'NONE', *, *, #458, .T. ) ;
#2534 = CIRCLE ( 'NONE', #2016, 1.150000316200029626 ) ;
#2535 = DIRECTION ( 'NONE',  ( -0.5000000045653889558, 0.8660254011486100412, 0.000000000000000000 ) ) ;
#2536 = CARTESIAN_POINT ( 'NONE',  ( -19.49999948949113104, 15.99999995320000679, 0.7499999985999999952 ) ) ;
#2537 = CARTESIAN_POINT ( 'NONE',  ( 6.307494422670687939, -23.87045710506500740, 0.7499999986000002172 ) ) ;
#2538 = AXIS2_PLACEMENT_3D ( 'NONE', #466, #3652, #156 ) ;
#2539 = CARTESIAN_POINT ( 'NONE',  ( 7.519340105528399931, 0.3683381484286471497, -0.7499999986000001062 ) ) ;
#2540 = CARTESIAN_POINT ( 'NONE',  ( -11.27740025914294364, -37.36761118188913855, 0.7499999943119699530 ) ) ;
#2541 = ORIENTED_EDGE ( 'NONE', *, *, #3584, .F. ) ;
#2542 = EDGE_CURVE ( 'NONE', #4620, #2683, #4264, .T. ) ;
#2543 = ADVANCED_FACE ( 'NONE', ( #294 ), #2470, .T. ) ;
#2544 = ADVANCED_FACE ( 'NONE', ( #2402 ), #3154, .F. ) ;
#2545 = CARTESIAN_POINT ( 'NONE',  ( -26.49999936289565383, 28.57883827779797414, -0.7500000014436660756 ) ) ;
#2546 = CARTESIAN_POINT ( 'NONE',  ( -23.99999922524708396, -13.39801637322998218, 0.7499999986000001062 ) ) ;
#2547 = VERTEX_POINT ( 'NONE', #1021 ) ;
#2548 = VERTEX_POINT ( 'NONE', #3887 ) ;
#2549 = CARTESIAN_POINT ( 'NONE',  ( 20.75406791846417676, 0.6980469922272651839, 0.7500000052723699850 ) ) ;
#2550 = CYLINDRICAL_SURFACE ( 'NONE', #4368, 1.499999997199990220 ) ;
#2551 = VERTEX_POINT ( 'NONE', #670 ) ;
#2552 = CARTESIAN_POINT ( 'NONE',  ( -13.25000000069112538, 22.94967320139998535, -0.7499999985999999952 ) ) ;
#2553 = PLANE ( 'NONE',  #299 ) ;
#2554 = DIRECTION ( 'NONE',  ( 0.000000000000000000, 0.000000000000000000, 1.000000000000000000 ) ) ;
#2555 = CARTESIAN_POINT ( 'NONE',  ( -7.249999986491145521, 8.999999983200002163, 0.4499999986000000618 ) ) ;
#2556 = VERTEX_POINT ( 'NONE', #2095 ) ;
#2557 = CARTESIAN_POINT ( 'NONE',  ( 31.84999999470883125, 1.149999986000016516, 0.1500000027333335262 ) ) ;
#2558 =( NAMED_UNIT ( * ) SI_UNIT ( $, .STERADIAN. ) SOLID_ANGLE_UNIT ( ) );
#2559 = EDGE_CURVE ( 'NONE', #3854, #2268, #1379, .T. ) ;
#2560 = CARTESIAN_POINT ( 'NONE',  ( 21.87531874983037028, -18.19180265394748730, -0.7499999958137953948 ) ) ;
#2561 = ORIENTED_EDGE ( 'NONE', *, *, #2519, .T. ) ;
#2562 = DIRECTION ( 'NONE',  ( 0.000000000000000000, 0.000000000000000000, 1.000000000000000000 ) ) ;
#2563 = VECTOR ( 'NONE', #4435, 1000.000000000000000 ) ;
#2564 = FACE_OUTER_BOUND ( 'NONE', #855, .T. ) ;
#2565 = VERTEX_POINT ( 'NONE', #4613 ) ;
#2566 = CARTESIAN_POINT ( 'NONE',  ( 20.29734338205046740, 12.52597056379238083, -0.7499999985999999952 ) ) ;
#2567 = VECTOR ( 'NONE', #391, 1000.000000000000114 ) ;
#2568 = CIRCLE ( 'NONE', #2426, 2.249999995800000541 ) ;
#2569 = DIRECTION ( 'NONE',  ( 0.000000000000000000, 0.000000000000000000, -1.000000000000000000 ) ) ;
#2570 = ORIENTED_EDGE ( 'NONE', *, *, #3069, .T. ) ;
#2571 = ORIENTED_EDGE ( 'NONE', *, *, #334, .T. ) ;
#2572 = DIRECTION ( 'NONE',  ( 1.000000000000000000, 0.000000000000000000, 0.000000000000000000 ) ) ;
#2573 = CARTESIAN_POINT ( 'NONE',  ( -13.88039468607912852, 14.51528149552737901, -0.7499999985999997731 ) ) ;
#2574 = ORIENTED_EDGE ( 'NONE', *, *, #4481, .T. ) ;
#2575 = EDGE_CURVE ( 'NONE', #1335, #1687, #3663, .T. ) ;
#2576 = DIRECTION ( 'NONE',  ( 0.000000000000000000, 0.000000000000000000, 1.000000000000000000 ) ) ;
#2577 = DIRECTION ( 'NONE',  ( -0.8660253669729565118, 0.5000000637593521313, 0.000000000000000000 ) ) ;
#2578 = CARTESIAN_POINT ( 'NONE',  ( -20.99999923269113467, 15.99999995320000679, -0.7499999984407081932 ) ) ;
#2579 = DIRECTION ( 'NONE',  ( 0.000000000000000000, 0.000000000000000000, -1.000000000000000000 ) ) ;
#2580 = ORIENTED_EDGE ( 'NONE', *, *, #1621, .T. ) ;
#2581 = DIRECTION ( 'NONE',  ( 1.000000000000000000, 0.000000000000000000, 0.000000000000000000 ) ) ;
#2582 = APPLICATION_PROTOCOL_DEFINITION ( 'international standard', 'config_control_design', 1994, #1675 ) ;
#2583 = CARTESIAN_POINT ( 'NONE',  ( 28.87821676088836398, -16.70329067518100530, -0.7499999971314443847 ) ) ;
#2584 = ORIENTED_EDGE ( 'NONE', *, *, #3500, .F. ) ;
#2585 = DIRECTION ( 'NONE',  ( -0.5000000575844151252, -0.8660253705380585032, 0.000000000000000000 ) ) ;
#2586 = CARTESIAN_POINT ( 'NONE',  ( -14.98471845907441313, 15.61960526176784469, 0.7499999985999999952 ) ) ;
#2587 = ORIENTED_EDGE ( 'NONE', *, *, #4634, .F. ) ;
#2588 = DIRECTION ( 'NONE',  ( -1.000000000000000000, 0.000000000000000000, 0.000000000000000000 ) ) ;
#2589 = EDGE_CURVE ( 'NONE', #681, #1076, #78, .T. ) ;
#2590 = FACE_OUTER_BOUND ( 'NONE', #1443, .T. ) ;
#2591 = ORIENTED_EDGE ( 'NONE', *, *, #946, .F. ) ;
#2592 = ORIENTED_EDGE ( 'NONE', *, *, #610, .T. ) ;
#2593 = EDGE_CURVE ( 'NONE', #867, #3429, #4623, .T. ) ;
#2594 = CARTESIAN_POINT ( 'NONE',  ( 21.74097103898290939, -3.409538741985182586, 0.7499999985999999952 ) ) ;
#2595 = DIRECTION ( 'NONE',  ( 0.000000000000000000, 0.000000000000000000, -1.000000000000000000 ) ) ;
#2596 = VERTEX_POINT ( 'NONE', #1851 ) ;
#2597 = DIRECTION ( 'NONE',  ( 1.000000000000000000, 0.000000000000000000, 0.000000000000000000 ) ) ;
#2598 = ADVANCED_FACE ( 'NONE', ( #2512 ), #1808, .F. ) ;
#2599 = FACE_OUTER_BOUND ( 'NONE', #2780, .T. ) ;
#2600 = B_SPLINE_CURVE_WITH_KNOTS ( 'NONE', 3,
 ( #3703, #1982, #1611, #179 ),
 .UNSPECIFIED., .F., .F.,
 ( 4, 4 ),
 ( 0.000000000000000000, 1.000000000000000000 ),
 .UNSPECIFIED. ) ;
#2601 = ADVANCED_FACE ( 'NONE', ( #4283 ), #342, .T. ) ;
#2602 = CARTESIAN_POINT ( 'NONE',  ( -1.890884439051138122, 33.81616101816900510, 0.7500000022320300053 ) ) ;
#2603 = EDGE_CURVE ( 'NONE', #1180, #1608, #3057, .T. ) ;
#2604 = CARTESIAN_POINT ( 'NONE',  ( 32.50604306280771283, -14.93431198669494897, -0.7499999986000003283 ) ) ;
#2605 = AXIS2_PLACEMENT_3D ( 'NONE', #3037, #4475, #903 ) ;
#2606 = B_SPLINE_CURVE_WITH_KNOTS ( 'NONE', 3,
 ( #216, #2352, #2631, #549, #2730, #525 ),
 .UNSPECIFIED., .F., .F.,
 ( 4, 2, 4 ),
 ( 0.000000000000000000, 0.5000000000000000000, 1.000000000000000000 ),
 .UNSPECIFIED. ) ;
#2607 = ORIENTED_EDGE ( 'NONE', *, *, #1574, .T. ) ;
#2608 = FACE_OUTER_BOUND ( 'NONE', #2032, .T. ) ;
#2609 = CARTESIAN_POINT ( 'NONE',  ( -8.585041037404984365, -22.48533089105761462, 0.7499999985999999952 ) ) ;
#2610 = CIRCLE ( 'NONE', #2384, 1.499999997199991109 ) ;
#2611 = CARTESIAN_POINT ( 'NONE',  ( 24.49999881970884985, 2.500001172199977972, 0.4499999986000000618 ) ) ;
#2612 = VERTEX_POINT ( 'NONE', #759 ) ;
#2613 = CARTESIAN_POINT ( 'NONE',  ( 21.87531874729636883, -18.19180265466199842, 0.7499999965614000397 ) ) ;
#2614 = ORIENTED_EDGE ( 'NONE', *, *, #1936, .T. ) ;
#2615 = CARTESIAN_POINT ( 'NONE',  ( 37.99999881990883921, -3.999998832599993559, 0.4499999986000000618 ) ) ;
#2616 = AXIS2_PLACEMENT_3D ( 'NONE', #1866, #1558, #2588 ) ;
#2617 = DIRECTION ( 'NONE',  ( 1.000000000000000000, 0.000000000000000000, 0.000000000000000000 ) ) ;
#2618 = FACE_OUTER_BOUND ( 'NONE', #3043, .T. ) ;
#2619 = EDGE_CURVE ( 'NONE', #4547, #4501, #246, .T. ) ;
#2620 = ORIENTED_EDGE ( 'NONE', *, *, #242, .F. ) ;
#2621 = EDGE_LOOP ( 'NONE', ( #914, #2222, #2412, #289 ) ) ;
#2622 = ADVANCED_FACE ( 'NONE', ( #2910 ), #4633, .F. ) ;
#2623 = CARTESIAN_POINT ( 'NONE',  ( 37.35216671093044738, -9.259095943325716505, -0.7499999985999997731 ) ) ;
#2624 = CARTESIAN_POINT ( 'NONE',  ( 15.67597087470887196, 23.77901547209998512, -0.7499999985999999952 ) ) ;
#2625 = VERTEX_POINT ( 'NONE', #361 ) ;
#2626 = CARTESIAN_POINT ( 'NONE',  ( 14.57450908825477320, -23.96834409251394860, -0.7499999986000001062 ) ) ;
#2627 = DIRECTION ( 'NONE',  ( 0.000000000000000000, 0.000000000000000000, 1.000000000000000000 ) ) ;
#2628 = CARTESIAN_POINT ( 'NONE',  ( -14.29274030605896506, 35.62670273075001859, -0.7499999985999999952 ) ) ;
#2629 = CARTESIAN_POINT ( 'NONE',  ( 17.52606056345737429, 13.53463501031249017, 0.7499999961666841131 ) ) ;
#2630 = ORIENTED_EDGE ( 'NONE', *, *, #2803, .T. ) ;
#2631 = CARTESIAN_POINT ( 'NONE',  ( -9.524875163843733006, -37.92040145363507264, -0.7499999986000001062 ) ) ;
#2632 = CARTESIAN_POINT ( 'NONE',  ( 31.86320509069717843, -15.43988284027021329, 0.7499999963647601131 ) ) ;
#2633 = CARTESIAN_POINT ( 'NONE',  ( 4.999999999108855953, 8.999999983200002163, 0.7499999985999999952 ) ) ;
#2634 = ORIENTED_EDGE ( 'NONE', *, *, #110, .F. ) ;
#2635 = CARTESIAN_POINT ( 'NONE',  ( -9.999999998307639970, -18.99999989009701196, 0.7499999985666601088 ) ) ;
#2636 = ORIENTED_EDGE ( 'NONE', *, *, #2828, .F. ) ;
#2637 = DIRECTION ( 'NONE',  ( 1.000000000000000000, 0.000000000000000000, 0.000000000000000000 ) ) ;
#2638 = DIRECTION ( 'NONE',  ( 1.000000000000000000, 0.000000000000000000, 0.000000000000000000 ) ) ;
#2639 = CIRCLE ( 'NONE', #1513, 2.249999995800000541 ) ;
#2640 = CARTESIAN_POINT ( 'NONE',  ( -23.80940074801039330, 30.13225613736144837, 0.7499999985999999952 ) ) ;
#2641 = VERTEX_POINT ( 'NONE', #49 ) ;
#2642 = B_SPLINE_CURVE_WITH_KNOTS ( 'NONE', 3,
 ( #496, #514, #446, #4089 ),
 .UNSPECIFIED., .F., .F.,
 ( 4, 4 ),
 ( 0.000000000000000000, 1.000000000000000000 ),
 .UNSPECIFIED. ) ;
#2643 = ORIENTED_EDGE ( 'NONE', *, *, #2757, .F. ) ;
#2644 = AXIS2_PLACEMENT_3D ( 'NONE', #3443, #3825, #225 ) ;
#2645 = CARTESIAN_POINT ( 'NONE',  ( 23.65695811100185253, 9.202560497567514375, -0.7499999936602953499 ) ) ;
#2646 = AXIS2_PLACEMENT_3D ( 'NONE', #2357, #1282, #581 ) ;
#2647 = CYLINDRICAL_SURFACE ( 'NONE', #2265, 6.999999766799938961 ) ;
#2648 = ORIENTED_EDGE ( 'NONE', *, *, #1147, .F. ) ;
#2649 = PLANE ( 'NONE',  #4458 ) ;
#2650 = DIRECTION ( 'NONE',  ( 1.000000000000000000, 0.000000000000000000, 0.000000000000000000 ) ) ;
#2651 = EDGE_CURVE ( 'NONE', #2854, #2763, #3785, .T. ) ;
#2652 = CARTESIAN_POINT ( 'NONE',  ( -13.25000000069112538, 22.94967320139998535, -0.7499999985999999952 ) ) ;
#2653 = B_SPLINE_CURVE_WITH_KNOTS ( 'NONE', 3,
 ( #2251, #4394, #807, #2226 ),
 .UNSPECIFIED., .F., .F.,
 ( 4, 4 ),
 ( 0.000000000000000000, 1.000000000000000000 ),
 .UNSPECIFIED. ) ;
#2654 = CARTESIAN_POINT ( 'NONE',  ( -16.92092946503398565, 27.00790894990939961, -0.4499999890000000446 ) ) ;
#2655 = CARTESIAN_POINT ( 'NONE',  ( -13.88060233743904526, -14.51540306084620013, -0.7499999986000001062 ) ) ;
#2656 = APPROVAL_DATE_TIME ( #4474, #3654 ) ;
#2657 = DIRECTION ( 'NONE',  ( 1.000000000000000000, 0.000000000000000000, 0.000000000000000000 ) ) ;
#2658 = EDGE_LOOP ( 'NONE', ( #3336, #4261, #1729, #214, #1121 ) ) ;
#2659 = CARTESIAN_POINT ( 'NONE',  ( -26.49999963745763765, -28.57883796948351574, 0.7499999956487439778 ) ) ;
#2660 = ORIENTED_EDGE ( 'NONE', *, *, #3256, .T. ) ;
#2661 = CARTESIAN_POINT ( 'NONE',  ( -13.25000000069112538, -22.94967320139998535, 0.4499999986000000618 ) ) ;
#2662 = B_SPLINE_CURVE_WITH_KNOTS ( 'NONE', 3,
 ( #4641, #3627, #434, #366 ),
 .UNSPECIFIED., .F., .F.,
 ( 4, 4 ),
 ( 0.000000000000000000, 1.000000000000000000 ),
 .UNSPECIFIED. ) ;
#2663 = LINE ( 'NONE', #3064, #4235 ) ;
#2664 = ADVANCED_FACE ( 'NONE', ( #3976 ), #2843, .F. ) ;
#2665 = LINE ( 'NONE', #2996, #2563 ) ;
#2666 = ORIENTED_EDGE ( 'NONE', *, *, #2375, .T. ) ;
#2667 = VERTEX_POINT ( 'NONE', #3619 ) ;
#2668 = CARTESIAN_POINT ( 'NONE',  ( -3.999999984091146210, -29.00000001360000823, -0.7499999985999999952 ) ) ;
#2669 = B_SPLINE_CURVE_WITH_KNOTS ( 'NONE', 3,
 ( #4550, #2710, #4228, #3091 ),
 .UNSPECIFIED., .F., .F.,
 ( 4, 4 ),
 ( 0.000000000000000000, 1.000000000000000000 ),
 .UNSPECIFIED. ) ;
#2670 = CARTESIAN_POINT ( 'NONE',  ( -26.49999936210664586, 28.57883827777149577, 0.7500000027832800509 ) ) ;
#2671 = ORIENTED_EDGE ( 'NONE', *, *, #3867, .F. ) ;
#2672 = DIRECTION ( 'NONE',  ( 0.000000000000000000, 0.000000000000000000, 1.000000000000000000 ) ) ;
#2673 = CARTESIAN_POINT ( 'NONE',  ( -5.798862827967421474, 37.41129255951151578, -0.7499999985999998842 ) ) ;
#2674 = DIRECTION ( 'NONE',  ( 0.000000000000000000, 0.000000000000000000, 1.000000000000000000 ) ) ;
#2675 = CARTESIAN_POINT ( 'NONE',  ( 4.000000017908872607, -29.00000001360000823, 0.4499999986000000618 ) ) ;
#2676 = CARTESIAN_POINT ( 'NONE',  ( -17.49592910089112152, -28.00383830260000195, -0.4499999890000000446 ) ) ;
#2677 = APPROVAL ( #550, 'UNSPECIFIED' ) ;
#2678 = FACE_OUTER_BOUND ( 'NONE', #2621, .T. ) ;
#2679 = DATE_AND_TIME ( #1325, #2123 ) ;
#2680 = AXIS2_PLACEMENT_3D ( 'NONE', #4077, #1255, #877 ) ;
#2681 = CARTESIAN_POINT ( 'NONE',  ( -14.77500015109115061, -27.58290912159999664, 0.1500000047999999753 ) ) ;
#2682 = CARTESIAN_POINT ( 'NONE',  ( 24.49999881970884985, 2.500001172199977972, 0.7499999985999999952 ) ) ;
#2683 = VERTEX_POINT ( 'NONE', #2141 ) ;
#2684 = DIRECTION ( 'NONE',  ( 1.000000000000000000, 3.016910829536994458E-15, 0.000000000000000000 ) ) ;
#2685 = FACE_OUTER_BOUND ( 'NONE', #198, .T. ) ;
#2686 = B_SPLINE_CURVE_WITH_KNOTS ( 'NONE', 3,
 ( #502, #3428, #168, #1599, #1527, #2347 ),
 .UNSPECIFIED., .F., .F.,
 ( 4, 2, 4 ),
 ( 0.000000000000000000, 0.5000000000000000000, 1.000000000000000000 ),
 .UNSPECIFIED. ) ;
#2687 = CARTESIAN_POINT ( 'NONE',  ( -16.92092903169113427, -27.00790912860000859, -0.1499999931333333147 ) ) ;
#2688 = EDGE_LOOP ( 'NONE', ( #1624, #788, #1184, #2747 ) ) ;
#2689 = EDGE_CURVE ( 'NONE', #1400, #560, #4197, .T. ) ;
#2690 = EDGE_CURVE ( 'NONE', #3706, #282, #3288, .T. ) ;
#2691 = EDGE_LOOP ( 'NONE', ( #378, #2219, #3329, #2580 ) ) ;
#2692 = AXIS2_PLACEMENT_3D ( 'NONE', #1545, #4444, #4489 ) ;
#2693 = DIRECTION ( 'NONE',  ( 1.000000000000000000, 0.000000000000000000, 0.000000000000000000 ) ) ;
#2694 = LINE ( 'NONE', #4441, #1146 ) ;
#2695 = ORIENTED_EDGE ( 'NONE', *, *, #3230, .T. ) ;
#2696 = CARTESIAN_POINT ( 'NONE',  ( 13.30672478881658094, -26.67631682495834156, -0.7499999986000001062 ) ) ;
#2697 = CYLINDRICAL_SURFACE ( 'NONE', #675, 1.499999997199990220 ) ;
#2698 = DIRECTION ( 'NONE',  ( -0.5000000584483406119, -0.8660253700392708254, 0.000000000000000000 ) ) ;
#2699 = CARTESIAN_POINT ( 'NONE',  ( -1.890884440237161623, 33.81616101929299845, -0.7500000009613524421 ) ) ;
#2700 = ORIENTED_EDGE ( 'NONE', *, *, #652, .F. ) ;
#2701 = PLANE ( 'NONE',  #2495 ) ;
#2702 = CARTESIAN_POINT ( 'NONE',  ( -14.09758284612890122, -14.84032771913178372, -0.7499999986000002172 ) ) ;
#2703 = CALENDAR_DATE ( 2025, 21, 1 ) ;
#2704 = CARTESIAN_POINT ( 'NONE',  ( 7.072730091601364677, -38.00000112814699804, -0.7500000015762178229 ) ) ;
#2705 = DIRECTION ( 'NONE',  ( 5.631853005364407380E-10, 1.000000000000000000, 0.000000000000000000 ) ) ;
#2706 = EDGE_LOOP ( 'NONE', ( #2997, #3245, #2450, #1581 ) ) ;
#2707 = EDGE_CURVE ( 'NONE', #311, #2641, #1557, .T. ) ;
#2708 = DIRECTION ( 'NONE',  ( 1.000000000000000000, 0.000000000000000000, 0.000000000000000000 ) ) ;
#2709 = CARTESIAN_POINT ( 'NONE',  ( 15.22190043251636737, -23.20533159131552026, -0.7499999983070638754 ) ) ;
#2710 = CARTESIAN_POINT ( 'NONE',  ( 13.07273008170889206, -30.88710689884331018, 0.7499999985999999952 ) ) ;
#2711 = ORIENTED_EDGE ( 'NONE', *, *, #2059, .T. ) ;
#2712 = ORIENTED_EDGE ( 'NONE', *, *, #4634, .T. ) ;
#2713 = CARTESIAN_POINT ( 'NONE',  ( 23.65683428553674261, -9.356007583632029778, -0.7499999985999999952 ) ) ;
#2714 = FACE_BOUND ( 'NONE', #1215, .T. ) ;
#2715 = VERTEX_POINT ( 'NONE', #786 ) ;
#2716 = CARTESIAN_POINT ( 'NONE',  ( 20.69253333261936234, 1.170048502530107726E-06, -0.7499999987613420460 ) ) ;
#2717 = VECTOR ( 'NONE', #4504, 1000.000000000000000 ) ;
#2718 = ORIENTED_EDGE ( 'NONE', *, *, #1771, .T. ) ;
#2719 = CARTESIAN_POINT ( 'NONE',  ( 37.99999881990883921, -3.999998832599993559, 0.7499999985999999952 ) ) ;
#2720 = B_SPLINE_CURVE_WITH_KNOTS ( 'NONE', 3,
 ( #1676, #3152, #2841, #1322 ),
 .UNSPECIFIED., .F., .F.,
 ( 4, 4 ),
 ( 0.000000000000000000, 1.000000000000000000 ),
 .UNSPECIFIED. ) ;
#2721 = PRODUCT_DEFINITION_FORMATION_WITH_SPECIFIED_SOURCE ( 'ANY', '', #2192, .NOT_KNOWN. ) ;
#2722 = CIRCLE ( 'NONE', #2499, 2.249999995800000541 ) ;
#2724 = EDGE_CURVE ( 'NONE', #4637, #3054, #4305, .T. ) ;
#2723 = PLANE ( 'NONE',  #3138 ) ;
#2725 = CARTESIAN_POINT ( 'NONE',  ( -8.584936287291206725, 22.46762206999999734, 0.4499999986000000618 ) ) ;
#2726 = ORIENTED_EDGE ( 'NONE', *, *, #112, .F. ) ;
#2727 = DIRECTION ( 'NONE',  ( 0.000000000000000000, 0.000000000000000000, 1.000000000000000000 ) ) ;
#2728 = CIRCLE ( 'NONE', #782, 1.499999997199991109 ) ;
#2729 = VECTOR ( 'NONE', #2847, 1000.000000000000000 ) ;
#2730 = CARTESIAN_POINT ( 'NONE',  ( -11.27419636427439364, -37.36946097062517680, -0.7499999986000001062 ) ) ;
#2731 = CARTESIAN_POINT ( 'NONE',  ( -8.306423680091157280, -30.99999865520000597, 0.000000000000000000 ) ) ;
#2732 = DIRECTION ( 'NONE',  ( 0.000000000000000000, 0.000000000000000000, 1.000000000000000000 ) ) ;
#2733 = B_SPLINE_CURVE_WITH_KNOTS ( 'NONE', 3,
 ( #4011, #1868, #86, #1514 ),
 .UNSPECIFIED., .F., .F.,
 ( 4, 4 ),
 ( 0.000000000000000000, 1.000000000000000000 ),
 .UNSPECIFIED. ) ;
#2734 = EDGE_CURVE ( 'NONE', #2556, #958, #3836, .T. ) ;
#2735 = ORIENTED_EDGE ( 'NONE', *, *, #4622, .F. ) ;
#2736 = CARTESIAN_POINT ( 'NONE',  ( 34.15000001750889425, 1.149999986000016516, -0.7499999985999999952 ) ) ;
#2737 = FACE_OUTER_BOUND ( 'NONE', #4150, .T. ) ;
#2738 = CARTESIAN_POINT ( 'NONE',  ( -14.92907049334987768, 28.15790927424072265, -0.4499999890000000446 ) ) ;
#2739 = ORIENTED_EDGE ( 'NONE', *, *, #2406, .F. ) ;
#2740 = EDGE_CURVE ( 'NONE', #4542, #2148, #592, .T. ) ;
#2741 = ORIENTED_EDGE ( 'NONE', *, *, #3938, .T. ) ;
#2742 = B_SPLINE_CURVE_WITH_KNOTS ( 'NONE', 3,
 ( #3732, #3685, #2221, #1945, #3377, #1521 ),
 .UNSPECIFIED., .F., .F.,
 ( 4, 2, 4 ),
 ( 0.000000000000000000, 0.5000000000000000000, 1.000000000000000000 ),
 .UNSPECIFIED. ) ;
#2743 = CARTESIAN_POINT ( 'NONE',  ( 23.65697733599736452, -9.202558192881015842, -0.7499999936604241357 ) ) ;
#2744 = FACE_BOUND ( 'NONE', #750, .T. ) ;
#2745 = ORIENTED_EDGE ( 'NONE', *, *, #2707, .T. ) ;
#2746 = CARTESIAN_POINT ( 'NONE',  ( -15.92499998469115674, -27.58290912159999664, 0.1500000047999999753 ) ) ;
#2747 = ORIENTED_EDGE ( 'NONE', *, *, #875, .F. ) ;
#2748 = EDGE_CURVE ( 'NONE', #4270, #547, #2653, .T. ) ;
#2749 = EDGE_CURVE ( 'NONE', #4493, #1006, #2981, .T. ) ;
#2750 = EDGE_CURVE ( 'NONE', #937, #2556, #1927, .T. ) ;
#2751 = CARTESIAN_POINT ( 'NONE',  ( -19.15321187979116146, 32.82050809520001167, -0.7499999985999999952 ) ) ;
#2752 = CARTESIAN_POINT ( 'NONE',  ( -9.999999998291153602, -3.999999950200029630, 0.2499999995333333780 ) ) ;
#2753 = CARTESIAN_POINT ( 'NONE',  ( 36.11947527083187026, -11.05938028553998720, -0.7499999950241491575 ) ) ;
#2754 = EDGE_LOOP ( 'NONE', ( #1888, #2373, #2172, #392, #4336, #455, #2387, #1497, #83, #1953, #1922, #143, #3121 ) ) ;
#2755 = EDGE_CURVE ( 'NONE', #3429, #155, #920, .T. ) ;
#2756 = CARTESIAN_POINT ( 'NONE',  ( 36.71661477935985829, -10.41902652995561596, 0.7499999899553081439 ) ) ;
#2757 = EDGE_CURVE ( 'NONE', #4437, #3473, #3271, .T. ) ;
#2758 = EDGE_CURVE ( 'NONE', #2683, #2641, #3340, .T. ) ;
#2759 = CARTESIAN_POINT ( 'NONE',  ( 37.99999881990883921, -4.761796928000015861, -0.7499999985999999952 ) ) ;
#2760 = DATE_AND_TIME ( #2703, #926 ) ;
#2761 = CARTESIAN_POINT ( 'NONE',  ( 33.06575283267082455, -14.33409673057500733, -0.7499999969216506468 ) ) ;
#2762 = ORIENTED_EDGE ( 'NONE', *, *, #2049, .F. ) ;
#2763 = VERTEX_POINT ( 'NONE', #96 ) ;
#2764 = B_SPLINE_CURVE_WITH_KNOTS ( 'NONE', 3,
 ( #1394, #1744, #4223, #3181 ),
 .UNSPECIFIED., .F., .F.,
 ( 4, 4 ),
 ( 0.000000000000000000, 1.000000000000000000 ),
 .UNSPECIFIED. ) ;
#2765 = CARTESIAN_POINT ( 'NONE',  ( -20.99999923269113467, -16.00000112316099532, 0.7499999991378600850 ) ) ;
#2766 = DIRECTION ( 'NONE',  ( 1.000000000000000000, 0.000000000000000000, 0.000000000000000000 ) ) ;
#2767 = CARTESIAN_POINT ( 'NONE',  ( -14.92907050589112394, 28.15790926699998664, 0.1500000027333335262 ) ) ;
#2768 = AXIS2_PLACEMENT_3D ( 'NONE', #1482, #79, #925 ) ;
#2769 = ORIENTED_EDGE ( 'NONE', *, *, #2593, .T. ) ;
#2770 = CARTESIAN_POINT ( 'NONE',  ( 22.99999880725683710, -2.499998824193994107, 0.7499999985999999952 ) ) ;
#2771 = VERTEX_POINT ( 'NONE', #478 ) ;
#2772 = CIRCLE ( 'NONE', #1792, 2.249999995800000541 ) ;
#2773 = CARTESIAN_POINT ( 'NONE',  ( 21.68298478900484838, -12.02163597982602816, 0.7499999961340920729 ) ) ;
#2774 = VERTEX_POINT ( 'NONE', #1598 ) ;
#2775 = EDGE_CURVE ( 'NONE', #4436, #3501, #3333, .T. ) ;
#2776 = EDGE_CURVE ( 'NONE', #2548, #3125, #3280, .T. ) ;
#2777 = AXIS2_PLACEMENT_3D ( 'NONE', #440, #3301, #491 ) ;
#2778 = FACE_OUTER_BOUND ( 'NONE', #2037, .T. ) ;
#2779 = CARTESIAN_POINT ( 'NONE',  ( -8.306424949854646300, 37.99999994530750769, 0.7500000012817760187 ) ) ;
#2780 = EDGE_LOOP ( 'NONE', ( #4554, #1070, #1197, #369 ) ) ;
#2781 = CARTESIAN_POINT ( 'NONE',  ( -20.99999923480563879, -16.00000112238050676, -0.7499999982814162802 ) ) ;
#2782 = B_SPLINE_CURVE_WITH_KNOTS ( 'NONE', 3,
 ( #1532, #2967, #1628, #4401 ),
 .UNSPECIFIED., .F., .F.,
 ( 4, 4 ),
 ( 0.000000000000000000, 1.000000000000000000 ),
 .UNSPECIFIED. ) ;
#2783 = FACE_OUTER_BOUND ( 'NONE', #4181, .T. ) ;
#2784 = DIRECTION ( 'NONE',  ( 0.000000000000000000, 0.000000000000000000, -1.000000000000000000 ) ) ;
#2785 = B_SPLINE_CURVE_WITH_KNOTS ( 'NONE', 3,
 ( #2468, #3932, #3570, #3527 ),
 .UNSPECIFIED., .F., .F.,
 ( 4, 4 ),
 ( 0.000000000000000000, 1.000000000000000000 ),
 .UNSPECIFIED. ) ;
#2786 = ORIENTED_EDGE ( 'NONE', *, *, #40, .F. ) ;
#2787 = ORIENTED_EDGE ( 'NONE', *, *, #1531, .T. ) ;
#2788 = DIRECTION ( 'NONE',  ( 0.000000000000000000, 0.000000000000000000, 1.000000000000000000 ) ) ;
#2789 = CARTESIAN_POINT ( 'NONE',  ( -9.999999996407659353, -3.999999950200006094, 0.7499999985708261097 ) ) ;
#2790 = CYLINDRICAL_SURFACE ( 'NONE', #2644, 2.999999994399968450 ) ;
#2791 = ORIENTED_EDGE ( 'NONE', *, *, #1287, .F. ) ;
#2792 = LINE ( 'NONE', #656, #3471 ) ;
#2793 = ORIENTED_EDGE ( 'NONE', *, *, #2651, .F. ) ;
#2794 = FACE_OUTER_BOUND ( 'NONE', #2899, .T. ) ;
#2795 = ORIENTED_EDGE ( 'NONE', *, *, #4292, .F. ) ;
#2796 = CARTESIAN_POINT ( 'NONE',  ( -17.07499999609113317, 29.57476752040000179, -0.7499999985999999952 ) ) ;
#2797 = CARTESIAN_POINT ( 'NONE',  ( 4.000000017908872607, -29.00000001360000823, 0.4499999986000000618 ) ) ;
#2798 = VECTOR ( 'NONE', #3351, 1000.000000000000000 ) ;
#2799 = CARTESIAN_POINT ( 'NONE',  ( -9.999999996407659353, -3.999999950200006094, 0.7499999985708261097 ) ) ;
#2800 = ORIENTED_EDGE ( 'NONE', *, *, #4481, .F. ) ;
#2801 = DIRECTION ( 'NONE',  ( 1.000000000000000000, 0.000000000000000000, 0.000000000000000000 ) ) ;
#2802 = CARTESIAN_POINT ( 'NONE',  ( 20.87345545989987983, -1.026059260460510103, -0.7499999973092634775 ) ) ;
#2803 = EDGE_CURVE ( 'NONE', #721, #3968, #1085, .T. ) ;
#2804 = CARTESIAN_POINT ( 'NONE',  ( -16.50000000309112380, 15.99999995320000679, 0.2499999995333333780 ) ) ;
#2805 = CIRCLE ( 'NONE', #1524, 1.499999997200018864 ) ;
#2806 = LOCAL_TIME ( 12, 51, 23.00000000000000000, #3672 ) ;
#2807 = CIRCLE ( 'NONE', #856, 1.500000029069059160 ) ;
#2808 = ORIENTED_EDGE ( 'NONE', *, *, #825, .T. ) ;
#2809 = CARTESIAN_POINT ( 'NONE',  ( -9.709695558946998872, -20.71484241577422480, 0.7499999986000001062 ) ) ;
#2810 = DIRECTION ( 'NONE',  ( 1.000000000000000000, 0.000000000000000000, 0.000000000000000000 ) ) ;
#2811 = CARTESIAN_POINT ( 'NONE',  ( 10.00000013409235677, -18.99999989020051316, -0.7499999993666757181 ) ) ;
#2812 = ORIENTED_EDGE ( 'NONE', *, *, #1771, .F. ) ;
#2813 = EDGE_CURVE ( 'NONE', #1941, #181, #3891, .T. ) ;
#2814 = FACE_BOUND ( 'NONE', #3465, .T. ) ;
#2815 = ORIENTED_EDGE ( 'NONE', *, *, #603, .F. ) ;
#2816 = VERTEX_POINT ( 'NONE', #1249 ) ;
#2817 = DIRECTION ( 'NONE',  ( -0.000000000000000000, -0.000000000000000000, -1.000000000000000000 ) ) ;
#2818 = CARTESIAN_POINT ( 'NONE',  ( -16.92092946503398565, 27.00790894990939961, -0.4499999890000000446 ) ) ;
#2819 = CARTESIAN_POINT ( 'NONE',  ( -5.801534475241838962, 37.41213461046741884, 0.7499999944231999782 ) ) ;
#2820 = ORIENTED_EDGE ( 'NONE', *, *, #3300, .T. ) ;
#2821 = CARTESIAN_POINT ( 'NONE',  ( 33.00000000610880591, 1.149999986000016516, -0.4499999890000000446 ) ) ;
#2822 = CARTESIAN_POINT ( 'NONE',  ( 20.87345546071986391, 1.026061600114980266, -0.7499999997293944620 ) ) ;
#2823 = DIRECTION ( 'NONE',  ( 0.000000000000000000, 0.000000000000000000, -1.000000000000000000 ) ) ;
#2824 = EDGE_CURVE ( 'NONE', #4510, #4231, #697, .T. ) ;
#2825 = ORIENTED_EDGE ( 'NONE', *, *, #2392, .F. ) ;
#2826 = ORIENTED_EDGE ( 'NONE', *, *, #1651, .T. ) ;
#2827 = CARTESIAN_POINT ( 'NONE',  ( -3.999999984091146210, -29.00000001360000823, 0.4499999986000000618 ) ) ;
#2828 = EDGE_CURVE ( 'NONE', #316, #2984, #3360, .T. ) ;
#2829 = CARTESIAN_POINT ( 'NONE',  ( -18.07092948743241223, 28.99976736775927577, -0.4499999890000000446 ) ) ;
#2830 = CARTESIAN_POINT ( 'NONE',  ( 23.65683428102519770, 9.356009920490500065, 0.7499999985999999952 ) ) ;
#2831 = PLANE ( 'NONE',  #633 ) ;
#2832 = ORIENTED_EDGE ( 'NONE', *, *, #2748, .T. ) ;
#2833 = EDGE_CURVE ( 'NONE', #677, #962, #4117, .T. ) ;
#2834 = CARTESIAN_POINT ( 'NONE',  ( 13.07273008105536150, -32.00000112560000076, -0.7500000020013917190 ) ) ;
#2835 = ORIENTED_EDGE ( 'NONE', *, *, #3723, .F. ) ;
#2836 = ORIENTED_EDGE ( 'NONE', *, *, #3874, .F. ) ;
#2837 = VECTOR ( 'NONE', #801, 999.9999999999998863 ) ;
#2838 = DIRECTION ( 'NONE',  ( 0.000000000000000000, 0.000000000000000000, 1.000000000000000000 ) ) ;
#2839 = CARTESIAN_POINT ( 'NONE',  ( 3.999999382357344313, -1.150000318960370249, -0.7499999985999999952 ) ) ;
#2840 = ORIENTED_EDGE ( 'NONE', *, *, #2197, .F. ) ;
#2841 = CARTESIAN_POINT ( 'NONE',  ( 23.47600221390884911, 8.176500030000005026, -0.2499999995333333780 ) ) ;
#2842 = VECTOR ( 'NONE', #2319, 1000.000000000000000 ) ;
#2843 = CYLINDRICAL_SURFACE ( 'NONE', #2901, 1.499999997199990220 ) ;
#2844 = DIRECTION ( 'NONE',  ( 0.000000000000000000, 0.000000000000000000, 1.000000000000000000 ) ) ;
#2845 = VERTEX_POINT ( 'NONE', #3480 ) ;
#2846 = CARTESIAN_POINT ( 'NONE',  ( -29.91958359310715920, -23.73834310545398907, 0.7499999891559800957 ) ) ;
#2847 = DIRECTION ( 'NONE',  ( 0.000000000000000000, 0.000000000000000000, 1.000000000000000000 ) ) ;
#2848 = DIRECTION ( 'NONE',  ( -0.000000000000000000, -0.000000000000000000, -1.000000000000000000 ) ) ;
#2849 = ADVANCED_FACE ( 'NONE', ( #1015 ), #2345, .F. ) ;
#2850 = CARTESIAN_POINT ( 'NONE',  ( -9.528107067402670438, -37.91958540763614138, 0.7499999943119700641 ) ) ;
#2851 = ORIENTED_EDGE ( 'NONE', *, *, #340, .F. ) ;
#2852 = DIRECTION ( 'NONE',  ( 0.000000000000000000, 0.000000000000000000, 1.000000000000000000 ) ) ;
#2853 = ORIENTED_EDGE ( 'NONE', *, *, #3773, .F. ) ;
#2854 = VERTEX_POINT ( 'NONE', #4236 ) ;
#2855 = CARTESIAN_POINT ( 'NONE',  ( 14.38475830660506283, 12.89688042086472208, -0.7499999985999999952 ) ) ;
#2856 = CARTESIAN_POINT ( 'NONE',  ( 34.15000001750889425, -1.149999986000016516, -0.4499999890000000446 ) ) ;
#2857 = ORIENTED_EDGE ( 'NONE', *, *, #4224, .F. ) ;
#2858 = CARTESIAN_POINT ( 'NONE',  ( -23.99999922803114316, -13.00000112719998313, -0.7499999983212393140 ) ) ;
#2859 = CARTESIAN_POINT ( 'NONE',  ( -18.74999961789114522, 15.99999995320000679, -0.7499999985999999952 ) ) ;
#2860 = EDGE_CURVE ( 'NONE', #3457, #4059, #757, .T. ) ;
#2861 = CIRCLE ( 'NONE', #4151, 1.499999997199991109 ) ;
#2862 = DIRECTION ( 'NONE',  ( -0.000000000000000000, -0.000000000000000000, -1.000000000000000000 ) ) ;
#2863 = CARTESIAN_POINT ( 'NONE',  ( -16.92092946426254585, 27.00790895035465411, 0.4499999986000000618 ) ) ;
#2864 = EDGE_LOOP ( 'NONE', ( #3517, #4609, #2587, #3950 ) ) ;
#2865 = DIRECTION ( 'NONE',  ( 0.000000000000000000, 0.000000000000000000, 1.000000000000000000 ) ) ;
#2866 = AXIS2_PLACEMENT_3D ( 'NONE', #3941, #651, #2473 ) ;
#2867 = CARTESIAN_POINT ( 'NONE',  ( 21.68298478900484838, -12.02163597982602816, 0.7499999961340920729 ) ) ;
#2868 = AXIS2_PLACEMENT_3D ( 'NONE', #3467, #2432, #4179 ) ;
#2869 = CARTESIAN_POINT ( 'NONE',  ( 8.071708628009940156, -0.0007426962716702973071, 0.7499999986000001062 ) ) ;
#2870 = CARTESIAN_POINT ( 'NONE',  ( 22.17472883220886359, 4.601280815200004426, -0.7499999985999999952 ) ) ;
#2871 = ORIENTED_EDGE ( 'NONE', *, *, #3576, .T. ) ;
#2872 = B_SPLINE_CURVE_WITH_KNOTS ( 'NONE', 3,
 ( #266, #1646, #2752, #1995 ),
 .UNSPECIFIED., .F., .F.,
 ( 4, 4 ),
 ( 0.000000000000000000, 1.000000000000000000 ),
 .UNSPECIFIED. ) ;
#2873 = EDGE_CURVE ( 'NONE', #3677, #330, #3127, .T. ) ;
#2874 = LINE ( 'NONE', #3897, #3318 ) ;
#2875 = ORIENTED_EDGE ( 'NONE', *, *, #964, .T. ) ;
#2876 = ORIENTED_EDGE ( 'NONE', *, *, #4139, .F. ) ;
#2877 = CARTESIAN_POINT ( 'NONE',  ( 23.47600221470835891, 8.176500033679007018, 0.7499999961340101384 ) ) ;
#2878 = DIRECTION ( 'NONE',  ( -0.000000000000000000, -0.000000000000000000, -1.000000000000000000 ) ) ;
#2879 = VERTEX_POINT ( 'NONE', #4560 ) ;
#2880 = ADVANCED_FACE ( 'NONE', ( #2778 ), #287, .F. ) ;
#2881 = EDGE_CURVE ( 'NONE', #424, #3880, #3045, .T. ) ;
#2882 = CARTESIAN_POINT ( 'NONE',  ( -21.39801447556011027, -16.00000112628293536, -0.7499999986000001062 ) ) ;
#2883 = DIRECTION ( 'NONE',  ( -0.000000000000000000, -0.000000000000000000, -1.000000000000000000 ) ) ;
#2884 = CARTESIAN_POINT ( 'NONE',  ( -10.08493650609113068, -22.46762270499999659, 0.4499999986000000618 ) ) ;
#2885 = CARTESIAN_POINT ( 'NONE',  ( -4.999999990691144980, 8.999999983200002163, 0.4499999986000000618 ) ) ;
#2886 = EDGE_CURVE ( 'NONE', #1298, #803, #992, .T. ) ;
#2887 = ADVANCED_FACE ( 'NONE', ( #569, #972 ), #2723, .T. ) ;
#2888 = EDGE_CURVE ( 'NONE', #1689, #2190, #2872, .T. ) ;
#2889 = VERTEX_POINT ( 'NONE', #4170 ) ;
#2890 = CARTESIAN_POINT ( 'NONE',  ( 23.65697733599736452, -9.202558192881015842, -0.7499999936604241357 ) ) ;
#2891 = CARTESIAN_POINT ( 'NONE',  ( 28.87821675953983203, -16.70329067554948566, 0.7499999978549199975 ) ) ;
#2892 = DIRECTION ( 'NONE',  ( -1.000000000000000000, 0.000000000000000000, 0.000000000000000000 ) ) ;
#2893 = B_SPLINE_CURVE_WITH_KNOTS ( 'NONE', 3,
 ( #1625, #951, #1485, #2586, #1139, #1252, #572, #463, #1887, #215 ),
 .UNSPECIFIED., .F., .F.,
 ( 4, 2, 2, 2, 4 ),
 ( 0.000000000000000000, 0.2499999999999993339, 0.4999999999999991118, 0.7499999999999995559, 1.000000000000000000 ),
 .UNSPECIFIED. ) ;
#2894 = CARTESIAN_POINT ( 'NONE',  ( 10.00000012939236704, -3.999999950200006094, 0.7500000003000401039 ) ) ;
#2895 = CARTESIAN_POINT ( 'NONE',  ( -11.80642531198713918, -37.06217839539252878, 0.7499999971706561297 ) ) ;
#2896 = ORIENTED_EDGE ( 'NONE', *, *, #1590, .F. ) ;
#2897 = CARTESIAN_POINT ( 'NONE',  ( -1.890884440237161623, 33.81616101929299845, -0.7500000009613524421 ) ) ;
#2898 = CARTESIAN_POINT ( 'NONE',  ( -26.49999963745763765, -28.57883796948351574, 0.7499999956487439778 ) ) ;
#2899 = EDGE_LOOP ( 'NONE', ( #3648, #4505, #1401, #1805 ) ) ;
#2900 = ORIENTED_EDGE ( 'NONE', *, *, #4154, .T. ) ;
#2901 = AXIS2_PLACEMENT_3D ( 'NONE', #409, #1832, #1475 ) ;
#2902 = CARTESIAN_POINT ( 'NONE',  ( -17.07499999609113317, 29.57476752040000179, 0.1500000047999999753 ) ) ;
#2903 = CARTESIAN_POINT ( 'NONE',  ( 1.750000022108871844, -29.00000001360000823, 0.4499999986000000618 ) ) ;
#2904 = ORIENTED_EDGE ( 'NONE', *, *, #375, .T. ) ;
#2905 = ADVANCED_FACE ( 'NONE', ( #661 ), #211, .F. ) ;
#2906 = CARTESIAN_POINT ( 'NONE',  ( -23.61960454061204828, -14.51528267034936981, -0.7499999985999999952 ) ) ;
#2907 = ADVANCED_FACE ( 'NONE', ( #621 ), #4142, .F. ) ;
#2908 = CIRCLE ( 'NONE', #365, 1.500000004826016031 ) ;
#2909 = CARTESIAN_POINT ( 'NONE',  ( 20.87345545972438288, 1.026061597326988206, 0.7500000008241241023 ) ) ;
#2910 = FACE_OUTER_BOUND ( 'NONE', #860, .T. ) ;
#2911 = CARTESIAN_POINT ( 'NONE',  ( -17.99999973683579313, -16.00000112159998267, 0.7499999985999999952 ) ) ;
#2912 = ORIENTED_EDGE ( 'NONE', *, *, #2888, .T. ) ;
#2913 = AXIS2_PLACEMENT_3D ( 'NONE', #831, #2511, #1499 ) ;
#2914 = CARTESIAN_POINT ( 'NONE',  ( -1.666666635357809678, -23.99999987900000420, 0.7499999985999999952 ) ) ;
#2915 = CARTESIAN_POINT ( 'NONE',  ( 37.99999881990887474, 4.761798198000000149, 0.7499999985999999952 ) ) ;
#2916 = CARTESIAN_POINT ( 'NONE',  ( -22.46410144456165270, 30.90896507352547218, -0.7499999985999999952 ) ) ;
#2917 = VECTOR ( 'NONE', #1584, 1000.000000000000000 ) ;
#2918 = EDGE_LOOP ( 'NONE', ( #3299, #2102 ) ) ;
#2919 = LINE ( 'NONE', #3675, #890 ) ;
#2920 = CARTESIAN_POINT ( 'NONE',  ( -2.499999986891154879, -29.00000001360000823, 0.1500000047999999753 ) ) ;
#2921 = EDGE_LOOP ( 'NONE', ( #3989, #4426, #2062, #3234, #941, #692, #2570, #2254, #2161, #1017, #1011, #3110, #2614 ) ) ;
#2922 = CARTESIAN_POINT ( 'NONE',  ( -23.99999922709108091, -4.333334098533312861, -0.7499999985999999952 ) ) ;
#2923 = EDGE_CURVE ( 'NONE', #1608, #65, #594, .T. ) ;
#2924 = DIRECTION ( 'NONE',  ( -0.000000000000000000, -0.000000000000000000, -1.000000000000000000 ) ) ;
#2925 = ORIENTED_EDGE ( 'NONE', *, *, #2860, .F. ) ;
#2926 = ORIENTED_EDGE ( 'NONE', *, *, #2077, .T. ) ;
#2927 = FACE_OUTER_BOUND ( 'NONE', #2658, .T. ) ;
#2928 = CARTESIAN_POINT ( 'NONE',  ( 21.68298478833336063, 12.02163833066799370, -0.7499999952006333181 ) ) ;
#2929 = EDGE_LOOP ( 'NONE', ( #795, #3657, #4144, #963, #511 ) ) ;
#2930 = CARTESIAN_POINT ( 'NONE',  ( -4.999999990691144980, 8.999999983200002163, 0.7499999985999999952 ) ) ;
#2931 = DIRECTION ( 'NONE',  ( 1.000000000000000000, 0.000000000000000000, 0.000000000000000000 ) ) ;
#2932 = DIRECTION ( 'NONE',  ( 0.000000000000000000, 0.000000000000000000, 1.000000000000000000 ) ) ;
#2933 = CYLINDRICAL_SURFACE ( 'NONE', #4162, 1.149999833600010790 ) ;
#2934 = EDGE_CURVE ( 'NONE', #3922, #3985, #4332, .T. ) ;
#2935 = ORIENTED_EDGE ( 'NONE', *, *, #98, .T. ) ;
#2936 = CARTESIAN_POINT ( 'NONE',  ( 37.99999881990883921, -3.999998832599993559, 0.4499999986000000618 ) ) ;
#2937 = CARTESIAN_POINT ( 'NONE',  ( 37.99999881990887474, 5.523595226600011010, 0.7499999985999999952 ) ) ;
#2938 = AXIS2_PLACEMENT_3D ( 'NONE', #4046, #127, #1548 ) ;
#2939 = CARTESIAN_POINT ( 'NONE',  ( -5.499999981291137097, -29.00000001360000823, 0.4499999986000000618 ) ) ;
#2940 = ORIENTED_EDGE ( 'NONE', *, *, #2828, .T. ) ;
#2941 = CARTESIAN_POINT ( 'NONE',  ( -5.668847746500125240, -23.99999988849851107, -0.7499999986000001062 ) ) ;
#2942 = CARTESIAN_POINT ( 'NONE',  ( -9.999999994541152404, -3.999999950200006094, -0.7499999976333775464 ) ) ;
#2943 = ORIENTED_EDGE ( 'NONE', *, *, #603, .T. ) ;
#2944 = DIRECTION ( 'NONE',  ( -1.000000000000000000, 0.000000000000000000, 0.000000000000000000 ) ) ;
#2945 = B_SPLINE_CURVE_WITH_KNOTS ( 'NONE', 3,
 ( #3516, #1688, #618, #2716 ),
 .UNSPECIFIED., .F., .F.,
 ( 4, 4 ),
 ( 0.000000000000000000, 0.5000000000000000000 ),
 .UNSPECIFIED. ) ;
#2946 = VECTOR ( 'NONE', #1530, 1000.000000000000000 ) ;
#2947 = CIRCLE ( 'NONE', #4606, 1.500000015599949776 ) ;
#2948 = CARTESIAN_POINT ( 'NONE',  ( -14.92907095960271846, -28.15790911661428098, -0.7550132910086272409 ) ) ;
#2949 = EDGE_LOOP ( 'NONE', ( #3012, #1242, #2857, #2509 ) ) ;
#2950 = EDGE_CURVE ( 'NONE', #4290, #4493, #1367, .T. ) ;
#2951 = AXIS2_PLACEMENT_3D ( 'NONE', #2331, #4503, #2617 ) ;
#2952 = ORIENTED_EDGE ( 'NONE', *, *, #2748, .F. ) ;
#2953 = EDGE_CURVE ( 'NONE', #2404, #3512, #1142, .T. ) ;
#2954 = CARTESIAN_POINT ( 'NONE',  ( -15.50407051159113969, 29.15383847909999560, -0.4499999890000000446 ) ) ;
#2955 = CARTESIAN_POINT ( 'NONE',  ( -3.999999984091146210, -29.00000001360000823, 0.4499999986000000618 ) ) ;
#2956 = ORIENTED_EDGE ( 'NONE', *, *, #292, .T. ) ;
#2957 = CARTESIAN_POINT ( 'NONE',  ( -15.53589821774162338, 34.90896506587498749, 0.4499999986000000618 ) ) ;
#2958 = CARTESIAN_POINT ( 'NONE',  ( 26.54391742015770461, -17.19946133431393065, 0.7499999985999999952 ) ) ;
#2959 = CARTESIAN_POINT ( 'NONE',  ( -1.931095900757789474, 33.88580931739998903, 0.7499999985999999952 ) ) ;
#2960 = DIRECTION ( 'NONE',  ( 1.000000000000000000, 0.000000000000000000, 0.000000000000000000 ) ) ;
#2961 = EDGE_LOOP ( 'NONE', ( #657, #3303, #2023, #1137 ) ) ;
#2962 = DIRECTION ( 'NONE',  ( -0.5000000004503858397, 0.8660254035244081550, 0.000000000000000000 ) ) ;
#2963 = CARTESIAN_POINT ( 'NONE',  ( 33.06575283445334179, -14.33409672815299984, 0.7499999979480540535 ) ) ;
#2964 = B_SPLINE_CURVE_WITH_KNOTS ( 'NONE', 3,
 ( #4608, #4256, #1386, #213 ),
 .UNSPECIFIED., .F., .F.,
 ( 4, 4 ),
 ( 0.000000000000000000, 1.000000000000000000 ),
 .UNSPECIFIED. ) ;
#2965 = EDGE_CURVE ( 'NONE', #878, #2335, #1980, .T. ) ;
#2966 = EDGE_CURVE ( 'NONE', #3290, #3809, #3991, .T. ) ;
#2967 = CARTESIAN_POINT ( 'NONE',  ( -13.49999998329112749, 12.99999995880000547, 0.2499999995333333780 ) ) ;
#2968 = VERTEX_POINT ( 'NONE', #1035 ) ;
#2969 = CARTESIAN_POINT ( 'NONE',  ( -8.585040951883282645, -22.48532359358026866, -0.7499999985999999952 ) ) ;
#2970 = EDGE_LOOP ( 'NONE', ( #2194, #845, #2832, #2064, #295, #2274, #4101, #4471, #3348, #1742 ) ) ;
#2971 = ADVANCED_FACE ( 'NONE', ( #3902 ), #683, .T. ) ;
#2972 = CARTESIAN_POINT ( 'NONE',  ( -11.80642531048511934, -37.06217839597849917, -0.7499999963850274565 ) ) ;
#2973 = CARTESIAN_POINT ( 'NONE',  ( -26.49999936210664586, 28.57883827777149577, 0.7500000027832800509 ) ) ;
#2974 = ORIENTED_EDGE ( 'NONE', *, *, #747, .T. ) ;
#2975 = ORIENTED_EDGE ( 'NONE', *, *, #112, .T. ) ;
#2976 = CARTESIAN_POINT ( 'NONE',  ( 37.99999881061339124, -6.285393118987014915, -0.7499999947857590721 ) ) ;
#2977 = CARTESIAN_POINT ( 'NONE',  ( 0.5813249401088963486, 31.47012192119997565, -0.2499999995333333780 ) ) ;
#2978 = VERTEX_POINT ( 'NONE', #2525 ) ;
#2979 = CARTESIAN_POINT ( 'NONE',  ( 36.11947483400085446, 11.05938057272198805, 0.7499999965497240462 ) ) ;
#2980 = CARTESIAN_POINT ( 'NONE',  ( 23.47600221421736322, -8.176497693117484644, 0.7499999962881899185 ) ) ;
#2981 = LINE ( 'NONE', #2321, #4116 ) ;
#2982 = CARTESIAN_POINT ( 'NONE',  ( -11.80642439905063590, 37.06217791210497836, 0.7500000022562499646 ) ) ;
#2983 = VECTOR ( 'NONE', #2674, 1000.000000000000000 ) ;
#2984 = VERTEX_POINT ( 'NONE', #355 ) ;
#2985 = CARTESIAN_POINT ( 'NONE',  ( -6.307439113629526695, 0.8703239255280561526, -0.7499999986000001062 ) ) ;
#2986 = DIRECTION ( 'NONE',  ( 1.000000000000000000, -0.000000000000000000, -0.000000000000000000 ) ) ;
#2987 = CARTESIAN_POINT ( 'NONE',  ( 26.50000000130886590, 1.168400015627568678E-06, 0.1500000047999999753 ) ) ;
#2988 = ORIENTED_EDGE ( 'NONE', *, *, #1914, .T. ) ;
#2989 = CARTESIAN_POINT ( 'NONE',  ( 24.49999881205985730, 4.000001177002998176, 0.4499999986000000618 ) ) ;
#2990 = CIRCLE ( 'NONE', #1118, 1.499999997199990220 ) ;
#2991 = ORIENTED_EDGE ( 'NONE', *, *, #3311, .T. ) ;
#2992 = CARTESIAN_POINT ( 'NONE',  ( -16.07907109165257609, -30.14976745361558486, -0.4499999890000000446 ) ) ;
#2993 = VECTOR ( 'NONE', #4254, 1000.000000000000000 ) ;
#2994 = CARTESIAN_POINT ( 'NONE',  ( 13.50000012889959855, 11.19746727092481287, 0.7499999986000001062 ) ) ;
#2995 = B_SPLINE_CURVE_WITH_KNOTS ( 'NONE', 3,
 ( #2517, #3225, #4351, #1861 ),
 .UNSPECIFIED., .F., .F.,
 ( 4, 4 ),
 ( 0.000000000000000000, 1.000000000000000000 ),
 .UNSPECIFIED. ) ;
#2996 = CARTESIAN_POINT ( 'NONE',  ( 37.99999881990883921, 4.000001169399997281, 0.4499999986000000618 ) ) ;
#2997 = ORIENTED_EDGE ( 'NONE', *, *, #3658, .F. ) ;
#2998 = VERTEX_POINT ( 'NONE', #3924 ) ;
#2999 = B_SPLINE_CURVE_WITH_KNOTS ( 'NONE', 3,
 ( #3056, #4496, #3763, #1276 ),
 .UNSPECIFIED., .F., .F.,
 ( 4, 4 ),
 ( 0.7775384200712899263, 1.000000000000000000 ),
 .UNSPECIFIED. ) ;
#3000 = DIRECTION ( 'NONE',  ( 1.000000000000000000, 0.000000000000000000, 0.000000000000000000 ) ) ;
#3001 = CARTESIAN_POINT ( 'NONE',  ( -13.66506332722111594, 18.66858396669801579, 0.4499999986000000618 ) ) ;
#3002 = VERTEX_POINT ( 'NONE', #2818 ) ;
#3003 = DIRECTION ( 'NONE',  ( 0.000000000000000000, 0.000000000000000000, 1.000000000000000000 ) ) ;
#3004 = DIRECTION ( 'NONE',  ( 1.000000000000000000, 0.000000000000000000, 0.000000000000000000 ) ) ;
#3005 = CARTESIAN_POINT ( 'NONE',  ( -29.92049284096281880, -23.73513618746975240, -0.7499999986000002172 ) ) ;
#3006 = CARTESIAN_POINT ( 'NONE',  ( -10.08493630289114584, 22.46762206999999734, 0.4499999986000000618 ) ) ;
#3007 = CARTESIAN_POINT ( 'NONE',  ( -1.245463017546870610, 32.86297941337485184, 0.7499999985999998842 ) ) ;
#3008 = CALENDAR_DATE ( 2025, 21, 1 ) ;
#3009 = CARTESIAN_POINT ( 'NONE',  ( -11.80642531048511934, -37.06217839597849917, -0.7499999963850274565 ) ) ;
#3010 = ORIENTED_EDGE ( 'NONE', *, *, #4003, .F. ) ;
#3011 = CARTESIAN_POINT ( 'NONE',  ( 5.000000125942372087, 1.000000040466492157, 0.7500000001937860983 ) ) ;
#3012 = ORIENTED_EDGE ( 'NONE', *, *, #228, .T. ) ;
#3013 = LINE ( 'NONE', #3986, #3519 ) ;
#3014 = LINE ( 'NONE', #933, #3327 ) ;
#3015 = VECTOR ( 'NONE', #3638, 1000.000000000000227 ) ;
#3016 = LINE ( 'NONE', #2948, #326 ) ;
#3017 = ORIENTED_EDGE ( 'NONE', *, *, #3813, .T. ) ;
#3018 = ORIENTED_EDGE ( 'NONE', *, *, #946, .T. ) ;
#3019 = CIRCLE ( 'NONE', #1223, 4.999999996476351072 ) ;
#3020 = VECTOR ( 'NONE', #874, 1000.000000000000000 ) ;
#3021 = EDGE_CURVE ( 'NONE', #4356, #1642, #336, .T. ) ;
#3022 = CC_DESIGN_APPROVAL ( #2677, ( #3249 ) ) ;
#3023 = CARTESIAN_POINT ( 'NONE',  ( 23.65736225708378626, 8.851047848768464732, -0.7499999985999999952 ) ) ;
#3024 = AXIS2_PLACEMENT_3D ( 'NONE', #894, #3757, #1643 ) ;
#3025 = CARTESIAN_POINT ( 'NONE',  ( 24.49999881970884985, -3.999998821393985438, 0.7499999985999999952 ) ) ;
#3026 = ORIENTED_EDGE ( 'NONE', *, *, #3745, .F. ) ;
#3027 = DIRECTION ( 'NONE',  ( -1.000000000000000000, 0.000000000000000000, 0.000000000000000000 ) ) ;
#3028 = CARTESIAN_POINT ( 'NONE',  ( -22.84022276260272122, 15.40231405902714101, -0.7499999985999998842 ) ) ;
#3029 = CARTESIAN_POINT ( 'NONE',  ( -11.80642440169117080, 37.06217792020001411, -0.2499999995333333780 ) ) ;
#3030 = CARTESIAN_POINT ( 'NONE',  ( 17.52606057050887500, 13.53463500839999689, -0.2499999995333333780 ) ) ;
#3031 = ORIENTED_EDGE ( 'NONE', *, *, #4412, .T. ) ;
#3032 = CARTESIAN_POINT ( 'NONE',  ( -9.999999998291087877, -13.99999991459998228, -0.7499999985999999952 ) ) ;
#3033 = CARTESIAN_POINT ( 'NONE',  ( -0.4042559427703644737, 32.06485023681976543, 0.7499999986000001062 ) ) ;
#3034 = EDGE_CURVE ( 'NONE', #1202, #1694, #3970, .T. ) ;
#3035 = ADVANCED_FACE ( 'NONE', ( #1760 ), #753, .F. ) ;
#3036 = EDGE_CURVE ( 'NONE', #3588, #3365, #4450, .T. ) ;
#3037 = CARTESIAN_POINT ( 'NONE',  ( -10.08493630289114584, 22.46762206999999734, 0.4499999986000000618 ) ) ;
#3038 = CARTESIAN_POINT ( 'NONE',  ( -22.46410219474762116, -30.90896482219498864, 0.7499999985999999952 ) ) ;
#3039 = EDGE_LOOP ( 'NONE', ( #2636, #527, #1614, #561 ) ) ;
#3040 = CARTESIAN_POINT ( 'NONE',  ( 37.99999881990883921, -3.999998832599993559, 0.4499999986000000618 ) ) ;
#3041 = CARTESIAN_POINT ( 'NONE',  ( 14.06124392392824696, 12.52798297025181640, 0.7499999985999998842 ) ) ;
#3042 = CARTESIAN_POINT ( 'NONE',  ( 1.666666762842246241, 1.000000032000021521, -0.7499999985999999952 ) ) ;
#3043 = EDGE_LOOP ( 'NONE', ( #3374, #4386, #159, #715, #885 ) ) ;
#3044 = ORIENTED_EDGE ( 'NONE', *, *, #3746, .T. ) ;
#3045 = B_SPLINE_CURVE_WITH_KNOTS ( 'NONE', 3,
 ( #2368, #2393, #1362, #1671, #3835, #3149, #4214, #4607, #3427, #4584 ),
 .UNSPECIFIED., .F., .F.,
 ( 4, 2, 2, 2, 4 ),
 ( 0.000000000000000000, 0.2500000000000000000, 0.5000000000000000000, 0.7500000000000000000, 1.000000000000000000 ),
 .UNSPECIFIED. ) ;
#3046 = CARTESIAN_POINT ( 'NONE',  ( 31.84999999470883125, -1.150000011399976430, -0.1499999931333333703 ) ) ;
#3047 = CARTESIAN_POINT ( 'NONE',  ( 13.07273008443635121, -28.66131842410299413, -0.7499999982652157948 ) ) ;
#3048 = VERTEX_POINT ( 'NONE', #44 ) ;
#3049 = CARTESIAN_POINT ( 'NONE',  ( 14.87979942625333862, -23.57219002867197233, -0.7499999986000001062 ) ) ;
#3050 = DIRECTION ( 'NONE',  ( 0.000000000000000000, 0.000000000000000000, 1.000000000000000000 ) ) ;
#3051 = CARTESIAN_POINT ( 'NONE',  ( -15.53589923927614613, -34.90896528546699784, -0.7499999985999999952 ) ) ;
#3052 = EDGE_CURVE ( 'NONE', #317, #3985, #22, .T. ) ;
#3053 = DIRECTION ( 'NONE',  ( 0.000000000000000000, 0.000000000000000000, 1.000000000000000000 ) ) ;
#3054 = VERTEX_POINT ( 'NONE', #3952 ) ;
#3055 = CARTESIAN_POINT ( 'NONE',  ( -9.999999997124643158, -18.99999989680001278, -0.7499999977542053387 ) ) ;
#3056 = CARTESIAN_POINT ( 'NONE',  ( 23.65697733376084955, 9.202560529677993983, 0.7499999951321840719 ) ) ;
#3057 = CIRCLE ( 'NONE', #3508, 1.150000011399976430 ) ;
#3058 = DIRECTION ( 'NONE',  ( 1.000000000000000000, 0.000000000000000000, 0.000000000000000000 ) ) ;
#3059 = CARTESIAN_POINT ( 'NONE',  ( 23.47600221316234581, 8.176500030271510511, -0.7499999954130937008 ) ) ;
#3060 = EDGE_LOOP ( 'NONE', ( #1013, #88, #3631, #3730 ) ) ;
#3061 = AXIS2_PLACEMENT_3D ( 'NONE', #2954, #2314, #1148 ) ;
#3062 = CARTESIAN_POINT ( 'NONE',  ( -22.84032581896946823, 15.40241709856005237, 0.7499999986000001062 ) ) ;
#3063 = B_SPLINE_CURVE_WITH_KNOTS ( 'NONE', 3,
 ( #2858, #3240, #4020, #2906, #27, #804, #2178, #47, #2882, #1472 ),
 .UNSPECIFIED., .F., .F.,
 ( 4, 2, 2, 2, 4 ),
 ( 0.000000000000000000, 0.2500000000000003331, 0.5000000000000006661, 0.7500000000000003331, 1.000000000000000000 ),
 .UNSPECIFIED. ) ;
#3064 = CARTESIAN_POINT ( 'NONE',  ( -22.46410219474762116, -30.90896482219498864, 0.4499999986000000618 ) ) ;
#3065 = CARTESIAN_POINT ( 'NONE',  ( 35.30000000350891298, 0.000000000000000000, 0.1500000047999999753 ) ) ;
#3066 = ORIENTED_EDGE ( 'NONE', *, *, #1104, .F. ) ;
#3067 = EDGE_LOOP ( 'NONE', ( #2151, #1392, #4187, #4363 ) ) ;
#3068 = VECTOR ( 'NONE', #2092, 1000.000000000000000 ) ;
#3069 = EDGE_CURVE ( 'NONE', #3210, #2715, #1700, .T. ) ;
#3070 = CARTESIAN_POINT ( 'NONE',  ( -4.999999990691144980, 8.999999983200002163, 0.7499999985999999952 ) ) ;
#3071 = FACE_OUTER_BOUND ( 'NONE', #3114, .T. ) ;
#3072 = VERTEX_POINT ( 'NONE', #4388 ) ;
#3073 = DIRECTION ( 'NONE',  ( 0.000000000000000000, 0.000000000000000000, 1.000000000000000000 ) ) ;
#3074 = VERTEX_POINT ( 'NONE', #1896 ) ;
#3075 = CARTESIAN_POINT ( 'NONE',  ( 17.68778267679838123, -20.56099659838900351, 0.7499999966888120095 ) ) ;
#3076 = CARTESIAN_POINT ( 'NONE',  ( -17.07500012309112591, -29.57476746960002600, 0.1500000047999999753 ) ) ;
#3077 = CARTESIAN_POINT ( 'NONE',  ( 20.69253333290238572, 1.167984015060241632E-06, 0.7500000003276501293 ) ) ;
#3078 = ORIENTED_EDGE ( 'NONE', *, *, #3728, .F. ) ;
#3079 = DIRECTION ( 'NONE',  ( -0.5000000575844151252, -0.8660253705380585032, 0.000000000000000000 ) ) ;
#3080 = CARTESIAN_POINT ( 'NONE',  ( -1.600804665145594496, 33.31372814649171943, 0.7499999986000001062 ) ) ;
#3081 = DIRECTION ( 'NONE',  ( 0.8660254062168368794, 0.4999999957869626366, 0.000000000000000000 ) ) ;
#3082 = ADVANCED_FACE ( 'NONE', ( #4440 ), #3707, .T. ) ;
#3083 = FACE_OUTER_BOUND ( 'NONE', #1919, .T. ) ;
#3084 = DESIGN_CONTEXT ( 'detailed design', #1488, 'design' ) ;
#3085 = ORIENTED_EDGE ( 'NONE', *, *, #1424, .F. ) ;
#3086 = CARTESIAN_POINT ( 'NONE',  ( -14.74999999789114469, 22.94967320139998535, 0.1500000047999999753 ) ) ;
#3087 = CARTESIAN_POINT ( 'NONE',  ( 13.07273008170882633, -32.00000112559997234, 0.2500000037176217105 ) ) ;
#3088 = EDGE_CURVE ( 'NONE', #3589, #3352, #3334, .T. ) ;
#3089 = EDGE_CURVE ( 'NONE', #3365, #4562, #2642, .T. ) ;
#3090 = EDGE_CURVE ( 'NONE', #3661, #2132, #2244, .T. ) ;
#3091 = CARTESIAN_POINT ( 'NONE',  ( 13.07273008394485636, -28.66131842020000420, 0.7499999991237880081 ) ) ;
#3092 = EDGE_LOOP ( 'NONE', ( #3163, #3419, #3078, #2925 ) ) ;
#3093 = EDGE_LOOP ( 'NONE', ( #1364, #1328 ) ) ;
#3094 = VECTOR ( 'NONE', #3567, 1000.000000000000114 ) ;
#3095 = ADVANCED_FACE ( 'NONE', ( #2927 ), #2292, .F. ) ;
#3096 = EDGE_CURVE ( 'NONE', #772, #4064, #3376, .T. ) ;
#3097 = PLANE ( 'NONE',  #62 ) ;
#3098 = CARTESIAN_POINT ( 'NONE',  ( 17.68778267270187854, -20.56099660264151652, -0.7499999956280483104 ) ) ;
#3099 = PERSON ( 'UNSPECIFIED', 'UNSPECIFIED', 'UNSPECIFIED', ('UNSPECIFIED'), ('UNSPECIFIED'), ('UNSPECIFIED') ) ;
#3100 = VERTEX_POINT ( 'NONE', #4038 ) ;
#3101 = CARTESIAN_POINT ( 'NONE',  ( 23.41495872881860407, -10.39267152763175872, 0.7499999986000002172 ) ) ;
#3102 = AXIS2_PLACEMENT_3D ( 'NONE', #180, #2217, #1190 ) ;
#3103 = ORIENTED_EDGE ( 'NONE', *, *, #3722, .T. ) ;
#3104 = CARTESIAN_POINT ( 'NONE',  ( -0.4043291162322842913, 32.06477313633111237, -0.7499999985999998842 ) ) ;
#3105 = ADVANCED_FACE ( 'NONE', ( #3354 ), #826, .T. ) ;
#3106 = ORGANIZATION ( 'UNSPECIFIED', 'UNSPECIFIED', '' ) ;
#3107 = AXIS2_PLACEMENT_3D ( 'NONE', #2746, #639, #2365 ) ;
#3108 = CARTESIAN_POINT ( 'NONE',  ( 13.50000010825285557, -11.19820891651151484, 0.7499999986000001062 ) ) ;
#3109 = CARTESIAN_POINT ( 'NONE',  ( 10.00000013172536129, -3.999999950200006094, -0.7499999992708412666 ) ) ;
#3110 = ORIENTED_EDGE ( 'NONE', *, *, #1049, .T. ) ;
#3111 = CARTESIAN_POINT ( 'NONE',  ( -27.03222806331833183, 28.27155590310992039, -0.7499999986000001062 ) ) ;
#3112 = CARTESIAN_POINT ( 'NONE',  ( -15.53589821774162338, 34.90896506587498749, 0.7499999985999999952 ) ) ;
#3113 = CARTESIAN_POINT ( 'NONE',  ( -8.306424949854646300, 37.99999994530750769, 0.7500000012817760187 ) ) ;
#3114 = EDGE_LOOP ( 'NONE', ( #1464, #3969, #2294, #3674 ) ) ;
#3115 = ORIENTED_EDGE ( 'NONE', *, *, #1501, .F. ) ;
#3116 = B_SPLINE_CURVE_WITH_KNOTS ( 'NONE', 3,
 ( #2179, #805, #3264, #1128 ),
 .UNSPECIFIED., .F., .F.,
 ( 4, 4 ),
 ( 0.000000000000000000, 1.000000000000000000 ),
 .UNSPECIFIED. ) ;
#3117 = CARTESIAN_POINT ( 'NONE',  ( -23.61960454020033140, 14.51528149433631754, 0.7499999985999999952 ) ) ;
#3118 = CYLINDRICAL_SURFACE ( 'NONE', #3933, 1.150000316200030737 ) ;
#3119 = EDGE_CURVE ( 'NONE', #1359, #4487, #3438, .T. ) ;
#3120 = LINE ( 'NONE', #1283, #4602 ) ;
#3121 = ORIENTED_EDGE ( 'NONE', *, *, #3668, .T. ) ;
#3122 = DIRECTION ( 'NONE',  ( 0.000000000000000000, 0.000000000000000000, 1.000000000000000000 ) ) ;
#3123 = ORIENTED_EDGE ( 'NONE', *, *, #2318, .T. ) ;
#3124 = CARTESIAN_POINT ( 'NONE',  ( -8.306423679943636174, -38.00000113073148356, -0.7499999962373624651 ) ) ;
#3125 = VERTEX_POINT ( 'NONE', #869 ) ;
#3126 = CARTESIAN_POINT ( 'NONE',  ( 31.84999999470883125, 0.000000000000000000, 0.4499999986000000618 ) ) ;
#3127 = LINE ( 'NONE', #2066, #1853 ) ;
#3128 = CARTESIAN_POINT ( 'NONE',  ( 12.31544841299140458, -35.02171500266521065, 0.7500000116040199671 ) ) ;
#3129 = ORIENTED_EDGE ( 'NONE', *, *, #1131, .T. ) ;
#3130 = CARTESIAN_POINT ( 'NONE',  ( 37.99999879450893303, -7.160966375567789477, 0.7499999899553165816 ) ) ;
#3131 = CARTESIAN_POINT ( 'NONE',  ( -1.666666618424450741, 1.000000031999986883, 0.7499999985999999952 ) ) ;
#3132 = CARTESIAN_POINT ( 'NONE',  ( -14.41506332969114190, 19.96762209159999557, 0.4499999986000000618 ) ) ;
#3133 = ORIENTED_EDGE ( 'NONE', *, *, #3760, .F. ) ;
#3134 = ORIENTED_EDGE ( 'NONE', *, *, #3282, .T. ) ;
#3135 = CARTESIAN_POINT ( 'NONE',  ( 30.77061681207737820, 16.08790902910350695, -0.7499999979219882373 ) ) ;
#3136 = FACE_OUTER_BOUND ( 'NONE', #3139, .T. ) ;
#3137 = DIRECTION ( 'NONE',  ( 0.000000000000000000, 0.000000000000000000, 1.000000000000000000 ) ) ;
#3138 = AXIS2_PLACEMENT_3D ( 'NONE', #2797, #1340, #3882 ) ;
#3139 = EDGE_LOOP ( 'NONE', ( #535, #394, #1964, #2028, #2735, #2671, #655, #3529, #724, #296 ) ) ;
#3140 = B_SPLINE_CURVE_WITH_KNOTS ( 'NONE', 3,
 ( #2532, #1502, #3977, #2493 ),
 .UNSPECIFIED., .F., .F.,
 ( 4, 4 ),
 ( 0.000000000000000000, 1.000000000000000000 ),
 .UNSPECIFIED. ) ;
#3141 = EDGE_CURVE ( 'NONE', #3239, #4578, #3996, .T. ) ;
#3142 = CARTESIAN_POINT ( 'NONE',  ( 5.000000130889858951, 1.000000038599985208, -0.7499999993666756071 ) ) ;
#3143 = EDGE_LOOP ( 'NONE', ( #1758, #4348, #4402, #725 ) ) ;
#3144 = AXIS2_PLACEMENT_3D ( 'NONE', #3581, #1797, #1863 ) ;
#3145 = CARTESIAN_POINT ( 'NONE',  ( 23.27891820092817099, -10.66878683693287400, 0.7499999986000002172 ) ) ;
#3146 = ORIENTED_EDGE ( 'NONE', *, *, #3990, .T. ) ;
#3147 = FACE_BOUND ( 'NONE', #4340, .T. ) ;
#3148 = AXIS2_PLACEMENT_3D ( 'NONE', #991, #3881, #660 ) ;
#3149 = CARTESIAN_POINT ( 'NONE',  ( 13.81313362763050634, -25.26275304784278575, 0.7499999985999999952 ) ) ;
#3150 = CARTESIAN_POINT ( 'NONE',  ( -8.999257253662165112, -0.9282914554341026303, 0.7499999986000001062 ) ) ;
#3151 = ORIENTED_EDGE ( 'NONE', *, *, #397, .T. ) ;
#3152 = CARTESIAN_POINT ( 'NONE',  ( 23.47600221390884911, 8.176500030000005026, 0.2499999995333333780 ) ) ;
#3153 = CARTESIAN_POINT ( 'NONE',  ( 21.68298478718669386, 12.02163832018151446, -0.2499999945841099303 ) ) ;
#3154 = CYLINDRICAL_SURFACE ( 'NONE', #439, 5.000000007599999741 ) ;
#3155 = ORIENTED_EDGE ( 'NONE', *, *, #2888, .F. ) ;
#3156 = ORIENTED_EDGE ( 'NONE', *, *, #1551, .F. ) ;
#3157 = ADVANCED_FACE ( 'NONE', ( #891, #1872 ), #2271, .T. ) ;
#3158 = CYLINDRICAL_SURFACE ( 'NONE', #2427, 6.999998776200021311 ) ;
#3159 = CARTESIAN_POINT ( 'NONE',  ( -11.27451881820081425, 37.36927374230865695, -0.7499999986000001062 ) ) ;
#3160 = CARTESIAN_POINT ( 'NONE',  ( 9.870457335574002400, -20.30749423319108260, -0.7499999986000002172 ) ) ;
#3161 = ORIENTED_EDGE ( 'NONE', *, *, #2749, .T. ) ;
#3162 = PLANE ( 'NONE',  #3393 ) ;
#3163 = ORIENTED_EDGE ( 'NONE', *, *, #3875, .T. ) ;
#3164 = CARTESIAN_POINT ( 'NONE',  ( -8.306423680091155504, -38.00000111439998562, 0.2499999997519506967 ) ) ;
#3165 = EDGE_LOOP ( 'NONE', ( #444, #2390, #2267, #1311 ) ) ;
#3166 = FACE_BOUND ( 'NONE', #2514, .T. ) ;
#3167 = EDGE_CURVE ( 'NONE', #3388, #4417, #4108, .T. ) ;
#3168 = CARTESIAN_POINT ( 'NONE',  ( 15.63098070454930699, -13.62712217020733085, 0.7499999985999998842 ) ) ;
#3169 = CIRCLE ( 'NONE', #1672, 2.249999995800000541 ) ;
#3170 = LINE ( 'NONE', #1647, #2114 ) ;
#3171 = VERTEX_POINT ( 'NONE', #3731 ) ;
#3172 = CARTESIAN_POINT ( 'NONE',  ( -20.99999923269113467, -16.00000112316099532, 0.7499999991378600850 ) ) ;
#3173 = CARTESIAN_POINT ( 'NONE',  ( -6.249999979891146751, -29.00000001360000823, 0.7499999985999999952 ) ) ;
#3174 = B_SPLINE_CURVE_WITH_KNOTS ( 'NONE', 3,
 ( #1991, #473, #1176, #1594 ),
 .UNSPECIFIED., .F., .F.,
 ( 4, 4 ),
 ( 0.000000000000000000, 1.000000000000000000 ),
 .UNSPECIFIED. ) ;
#3175 = AXIS2_PLACEMENT_3D ( 'NONE', #3510, #253, #1684 ) ;
#3176 = CARTESIAN_POINT ( 'NONE',  ( 4.000000017908872607, -29.00000001360000823, -0.7499999985999999952 ) ) ;
#3177 = VECTOR ( 'NONE', #480, 1000.000000000000000 ) ;
#3178 = ORIENTED_EDGE ( 'NONE', *, *, #1486, .F. ) ;
#3179 = VECTOR ( 'NONE', #248, 1000.000000000000227 ) ;
#3180 = ORIENTED_EDGE ( 'NONE', *, *, #432, .F. ) ;
#3181 = CARTESIAN_POINT ( 'NONE',  ( 20.69253333290238572, 1.167984015060241632E-06, 0.7500000003276501293 ) ) ;
#3182 = EDGE_CURVE ( 'NONE', #3733, #351, #580, .T. ) ;
#3183 = CARTESIAN_POINT ( 'NONE',  ( -9.999999997124643158, -18.99999989680001278, -0.7499999977542053387 ) ) ;
#3184 = DIRECTION ( 'NONE',  ( 1.000000000000000000, 0.000000000000000000, 0.000000000000000000 ) ) ;
#3185 = DIRECTION ( 'NONE',  ( -1.000000000000000000, 0.000000000000000000, 0.000000000000000000 ) ) ;
#3186 = ORIENTED_EDGE ( 'NONE', *, *, #3440, .T. ) ;
#3187 = DIRECTION ( 'NONE',  ( 1.000000000000000000, 0.000000000000000000, 0.000000000000000000 ) ) ;
#3188 = ORIENTED_EDGE ( 'NONE', *, *, #3876, .T. ) ;
#3189 = EDGE_LOOP ( 'NONE', ( #4404, #2374, #3826, #2571 ) ) ;
#3190 = CARTESIAN_POINT ( 'NONE',  ( 0.06439902292239545190, 31.73350883366321540, -0.7499999986000001062 ) ) ;
#3191 = B_SPLINE_CURVE_WITH_KNOTS ( 'NONE', 3,
 ( #4090, #2977, #538, #3355 ),
 .UNSPECIFIED., .F., .F.,
 ( 4, 4 ),
 ( 0.000000000000000000, 1.000000000000000000 ),
 .UNSPECIFIED. ) ;
#3192 = DIRECTION ( 'NONE',  ( 0.000000000000000000, 0.000000000000000000, 1.000000000000000000 ) ) ;
#3193 = DIRECTION ( 'NONE',  ( 0.000000000000000000, 0.000000000000000000, 1.000000000000000000 ) ) ;
#3194 = ORIENTED_EDGE ( 'NONE', *, *, #1422, .F. ) ;
#3195 = DIRECTION ( 'NONE',  ( 0.000000000000000000, 0.000000000000000000, 1.000000000000000000 ) ) ;
#3196 = CARTESIAN_POINT ( 'NONE',  ( -4.999999995684651033, 1.000000038133497249, 0.7499999985666601088 ) ) ;
#3197 = EDGE_CURVE ( 'NONE', #516, #671, #1189, .T. ) ;
#3198 = CARTESIAN_POINT ( 'NONE',  ( 31.84999999470883125, 0.000000000000000000, -0.7499999985999999952 ) ) ;
#3199 = ORIENTED_EDGE ( 'NONE', *, *, #3298, .F. ) ;
#3200 = ORIENTED_EDGE ( 'NONE', *, *, #1350, .F. ) ;
#3201 = LINE ( 'NONE', #738, #4377 ) ;
#3202 = DIRECTION ( 'NONE',  ( 0.000000000000000000, 0.000000000000000000, 1.000000000000000000 ) ) ;
#3203 = CARTESIAN_POINT ( 'NONE',  ( -16.07907051729113945, 30.14976769119997613, -0.1499999931333334258 ) ) ;
#3204 = B_SPLINE_CURVE_WITH_KNOTS ( 'NONE', 3,
 ( #1210, #2566, #2238, #796 ),
 .UNSPECIFIED., .F., .F.,
 ( 4, 4 ),
 ( 0.000000000000000000, 1.000000000000000000 ),
 .UNSPECIFIED. ) ;
#3205 = CARTESIAN_POINT ( 'NONE',  ( 8.999359419920500258, -22.07181044338238252, -0.7499999985999999952 ) ) ;
#3206 = EDGE_LOOP ( 'NONE', ( #1845, #3954, #3180, #305, #3811 ) ) ;
#3207 = AXIS2_PLACEMENT_3D ( 'NONE', #4022, #1273, #3384 ) ;
#3208 = DIRECTION ( 'NONE',  ( 1.000000000000000000, 0.000000000000000000, 0.000000000000000000 ) ) ;
#3209 = VERTEX_POINT ( 'NONE', #4485 ) ;
#3210 = VERTEX_POINT ( 'NONE', #2035 ) ;
#3211 = EDGE_CURVE ( 'NONE', #3054, #1932, #596, .T. ) ;
#3212 = VECTOR ( 'NONE', #3213, 1000.000000000000000 ) ;
#3213 = DIRECTION ( 'NONE',  ( 0.000000000000000000, 0.000000000000000000, 1.000000000000000000 ) ) ;
#3214 = CARTESIAN_POINT ( 'NONE',  ( -4.999999995684651033, 1.000000038133497249, 0.7499999985666601088 ) ) ;
#3215 = ORIENTED_EDGE ( 'NONE', *, *, #4141, .T. ) ;
#3216 = CARTESIAN_POINT ( 'NONE',  ( -29.99999924208163193, 22.51666060540000203, -0.7500000018499041188 ) ) ;
#3217 = CARTESIAN_POINT ( 'NONE',  ( -29.99999924129115314, -7.505553382733318735, 0.7499999985999999952 ) ) ;
#3218 = VECTOR ( 'NONE', #1938, 999.9999999999997726 ) ;
#3219 = EDGE_CURVE ( 'NONE', #464, #4216, #4269, .T. ) ;
#3220 = CARTESIAN_POINT ( 'NONE',  ( 30.77061680839987545, 16.08790903072851464, 0.7499999988234319348 ) ) ;
#3221 = DIRECTION ( 'NONE',  ( -1.000000000000000000, 0.000000000000000000, 0.000000000000000000 ) ) ;
#3222 = ORIENTED_EDGE ( 'NONE', *, *, #1082, .T. ) ;
#3223 = CARTESIAN_POINT ( 'NONE',  ( -28.38169385764929942, -27.03446065276413179, 0.7499999891559799847 ) ) ;
#3224 = ADVANCED_FACE ( 'NONE', ( #2337, #912 ), #585, .T. ) ;
#3225 = CARTESIAN_POINT ( 'NONE',  ( 37.99999881990883921, 6.285392255199997003, -0.2499999995333333780 ) ) ;
#3226 = CARTESIAN_POINT ( 'NONE',  ( 13.50000013010338407, 10.71555715438349310, -0.7499999952333064046 ) ) ;
#3227 = CARTESIAN_POINT ( 'NONE',  ( 13.50000012862187582, 10.71555715659999741, 0.7499999964708481404 ) ) ;
#3228 = VERTEX_POINT ( 'NONE', #1268 ) ;
#3229 = ADVANCED_FACE ( 'NONE', ( #1664 ), #615, .F. ) ;
#3230 = EDGE_CURVE ( 'NONE', #3352, #54, #687, .T. ) ;
#3231 = ADVANCED_FACE ( 'NONE', ( #4185 ), #3097, .F. ) ;
#3232 = CARTESIAN_POINT ( 'NONE',  ( -22.46410144456165270, 30.90896507352547218, 0.7499999985999999952 ) ) ;
#3233 = EDGE_LOOP ( 'NONE', ( #1057, #3285, #969, #4172 ) ) ;
#3234 = ORIENTED_EDGE ( 'NONE', *, *, #2934, .T. ) ;
#3235 = EDGE_CURVE ( 'NONE', #3788, #1024, #3947, .T. ) ;
#3236 = EDGE_CURVE ( 'NONE', #1932, #1284, #1413, .T. ) ;
#3237 = CARTESIAN_POINT ( 'NONE',  ( 8.629482667304824162, -37.80785392481863028, -0.7499999986000001062 ) ) ;
#3238 = CARTESIAN_POINT ( 'NONE',  ( -10.08493630289114584, 22.46762206999999734, 0.4499999986000000618 ) ) ;
#3239 = VERTEX_POINT ( 'NONE', #2475 ) ;
#3240 = CARTESIAN_POINT ( 'NONE',  ( -23.99999923335077767, -13.39763519010434933, -0.7499999985999999952 ) ) ;
#3241 = FACE_OUTER_BOUND ( 'NONE', #2864, .T. ) ;
#3242 = AXIS2_PLACEMENT_3D ( 'NONE', #749, #2171, #3208 ) ;
#3243 = CARTESIAN_POINT ( 'NONE',  ( 1.666666723613902112, -23.99999987899998288, -0.7499999985999999952 ) ) ;
#3244 = CYLINDRICAL_SURFACE ( 'NONE', #556, 6.999999868399980230 ) ;
#3245 = ORIENTED_EDGE ( 'NONE', *, *, #1899, .T. ) ;
#3246 = CIRCLE ( 'NONE', #1517, 1.150000316200029626 ) ;
#3247 = CARTESIAN_POINT ( 'NONE',  ( 37.99999881990883921, -6.285393118800001844, -0.2499999995333333780 ) ) ;
#3248 = VECTOR ( 'NONE', #3599, 1000.000000000000000 ) ;
#3249 = SECURITY_CLASSIFICATION ( '', '', #217 ) ;
#3250 = CARTESIAN_POINT ( 'NONE',  ( -16.50000000309115222, -16.00000112316099532, -0.7500000015687918742 ) ) ;
#3251 = CIRCLE ( 'NONE', #3628, 1.149999833600003685 ) ;
#3252 = CARTESIAN_POINT ( 'NONE',  ( 9.870324012080597953, -2.692560829893483998, -0.7499999986000001062 ) ) ;
#3253 = LINE ( 'NONE', #2920, #4299 ) ;
#3254 = VERTEX_POINT ( 'NONE', #3557 ) ;
#3255 = ADVANCED_FACE ( 'NONE', ( #349 ), #4642, .F. ) ;
#3256 = EDGE_CURVE ( 'NONE', #3869, #4390, #4042, .T. ) ;
#3257 = DIRECTION ( 'NONE',  ( 0.000000000000000000, 0.000000000000000000, 1.000000000000000000 ) ) ;
#3258 = ORIENTED_EDGE ( 'NONE', *, *, #4438, .T. ) ;
#3259 = ORIENTED_EDGE ( 'NONE', *, *, #4242, .F. ) ;
#3260 = DIRECTION ( 'NONE',  ( 0.000000000000000000, 0.000000000000000000, 1.000000000000000000 ) ) ;
#3261 = CARTESIAN_POINT ( 'NONE',  ( -13.66506323703964298, -18.66858433255250205, 0.7499999985999999952 ) ) ;
#3262 = EDGE_LOOP ( 'NONE', ( #4176, #2084, #1925, #1885 ) ) ;
#3263 = CYLINDRICAL_SURFACE ( 'NONE', #2341, 2.249999995800000541 ) ;
#3264 = CARTESIAN_POINT ( 'NONE',  ( 33.06575282938634786, -14.33409672776921262, 0.2500000000940627021 ) ) ;
#3265 = DIRECTION ( 'NONE',  ( -1.000000000000000000, 0.000000000000000000, 0.000000000000000000 ) ) ;
#3266 = CARTESIAN_POINT ( 'NONE',  ( 4.000000017908872607, -29.00000001360000823, 0.7499999985999999952 ) ) ;
#3267 = ORIENTED_EDGE ( 'NONE', *, *, #4291, .T. ) ;
#3268 = LINE ( 'NONE', #1181, #4127 ) ;
#3269 = EDGE_CURVE ( 'NONE', #4534, #3774, #109, .T. ) ;
#3270 = CYLINDRICAL_SURFACE ( 'NONE', #4605, 2.999999994400010195 ) ;
#3271 = B_SPLINE_CURVE_WITH_KNOTS ( 'NONE', 3,
 ( #167, #190, #4490, #4445 ),
 .UNSPECIFIED., .F., .F.,
 ( 4, 4 ),
 ( 0.000000000000000000, 1.000000000000000000 ),
 .UNSPECIFIED. ) ;
#3272 = CARTESIAN_POINT ( 'NONE',  ( 4.000000017908872607, -29.00000001360000823, 0.4499999986000000618 ) ) ;
#3273 = CARTESIAN_POINT ( 'NONE',  ( -9.334936302604123881, 21.16858394189899428, 0.4499999986000000618 ) ) ;
#3274 = CARTESIAN_POINT ( 'NONE',  ( -14.98459806690127749, -15.61939878644956359, 0.7499999986000001062 ) ) ;
#3275 = EDGE_LOOP ( 'NONE', ( #1246, #2395, #1140, #262 ) ) ;
#3276 = DIRECTION ( 'NONE',  ( -1.000000000000000000, 0.000000000000000000, 0.000000000000000000 ) ) ;
#3277 = DIRECTION ( 'NONE',  ( -0.000000000000000000, -0.000000000000000000, -1.000000000000000000 ) ) ;
#3278 = VERTEX_POINT ( 'NONE', #1508 ) ;
#3279 = ORIENTED_EDGE ( 'NONE', *, *, #3603, .F. ) ;
#3280 = CIRCLE ( 'NONE', #3586, 1.499999997200018864 ) ;
#3281 = B_SPLINE_CURVE_WITH_KNOTS ( 'NONE', 3,
 ( #3409, #1578, #3033, #3007, #3080, #924 ),
 .UNSPECIFIED., .F., .F.,
 ( 4, 2, 4 ),
 ( 0.000000000000000000, 0.5000000000000000000, 1.000000000000000000 ),
 .UNSPECIFIED. ) ;
#3282 = EDGE_CURVE ( 'NONE', #344, #699, #746, .T. ) ;
#3283 = CARTESIAN_POINT ( 'NONE',  ( -15.53589821774162338, 34.90896506587498749, 0.4499999986000000618 ) ) ;
#3284 = CARTESIAN_POINT ( 'NONE',  ( -14.09768588711744819, 14.84022348257258628, -0.7499999985999999952 ) ) ;
#3285 = ORIENTED_EDGE ( 'NONE', *, *, #3119, .T. ) ;
#3286 = CARTESIAN_POINT ( 'NONE',  ( 23.65747900464741704, -8.851331070012495417, -0.7499999985999999952 ) ) ;
#3287 = PLANE ( 'NONE',  #2913 ) ;
#3288 = LINE ( 'NONE', #1129, #2009 ) ;
#3289 = CARTESIAN_POINT ( 'NONE',  ( -22.99999937289115692, 22.51666060540000203, 0.000000000000000000 ) ) ;
#3290 = VERTEX_POINT ( 'NONE', #81 ) ;
#3291 = DIRECTION ( 'NONE',  ( -1.000000000000000000, 0.000000000000000000, 0.000000000000000000 ) ) ;
#3292 = CARTESIAN_POINT ( 'NONE',  ( 37.99999881990883921, 4.000001169399997281, 0.7499999986000002172 ) ) ;
#3293 = EDGE_CURVE ( 'NONE', #1913, #2854, #2087, .T. ) ;
#3294 = CARTESIAN_POINT ( 'NONE',  ( 8.071810639151951960, -22.99935921054311905, 0.7499999985999999952 ) ) ;
#3295 = EDGE_LOOP ( 'NONE', ( #3530, #1507, #2004, #2242 ) ) ;
#3296 = FACE_OUTER_BOUND ( 'NONE', #123, .T. ) ;
#3297 = CARTESIAN_POINT ( 'NONE',  ( 0.5813249367213613183, 31.47012191455100805, 0.7500000020050299199 ) ) ;
#3298 = EDGE_CURVE ( 'NONE', #4216, #3209, #4381, .T. ) ;
#3299 = ORIENTED_EDGE ( 'NONE', *, *, #1789, .F. ) ;
#3300 = EDGE_CURVE ( 'NONE', #3798, #3921, #1745, .T. ) ;
#3301 = DIRECTION ( 'NONE',  ( -0.000000000000000000, -0.000000000000000000, -1.000000000000000000 ) ) ;
#3302 = DIRECTION ( 'NONE',  ( 0.000000000000000000, 0.000000000000000000, 1.000000000000000000 ) ) ;
#3303 = ORIENTED_EDGE ( 'NONE', *, *, #4495, .F. ) ;
#3304 = ORIENTED_EDGE ( 'NONE', *, *, #3604, .F. ) ;
#3305 = CARTESIAN_POINT ( 'NONE',  ( 4.999999999108855953, 8.999999983200002163, 0.4499999986000000618 ) ) ;
#3306 = CARTESIAN_POINT ( 'NONE',  ( 37.19128301954140881, 9.667240329835008694, -0.7499999986000002172 ) ) ;
#3307 = ORIENTED_EDGE ( 'NONE', *, *, #678, .T. ) ;
#3308 = LINE ( 'NONE', #1523, #4380 ) ;
#3309 = CARTESIAN_POINT ( 'NONE',  ( -8.306424952585157229, 37.99999994548999638, -0.7499999991483438100 ) ) ;
#3310 = EDGE_CURVE ( 'NONE', #803, #4024, #2610, .T. ) ;
#3311 = EDGE_CURVE ( 'NONE', #4088, #3869, #2919, .T. ) ;
#3312 = DIRECTION ( 'NONE',  ( 0.000000000000000000, 0.000000000000000000, -1.000000000000000000 ) ) ;
#3313 = EDGE_CURVE ( 'NONE', #2998, #1510, #642, .T. ) ;
#3314 = DIRECTION ( 'NONE',  ( 1.000000000000000000, 0.000000000000000000, 0.000000000000000000 ) ) ;
#3315 = EDGE_LOOP ( 'NONE', ( #4009, #1528 ) ) ;
#3316 = DIRECTION ( 'NONE',  ( 0.000000000000000000, 0.000000000000000000, 1.000000000000000000 ) ) ;
#3317 = CARTESIAN_POINT ( 'NONE',  ( 20.65692436210886385, 9.202560462000020536, 9.757819552369539906E-16 ) ) ;
#3318 = VECTOR ( 'NONE', #3257, 1000.000000000000000 ) ;
#3319 = CARTESIAN_POINT ( 'NONE',  ( 37.99999881990883921, -3.999998832599993559, 0.7499999985999999952 ) ) ;
#3320 = ORIENTED_EDGE ( 'NONE', *, *, #1022, .T. ) ;
#3321 = DIRECTION ( 'NONE',  ( 0.000000000000000000, 0.000000000000000000, 1.000000000000000000 ) ) ;
#3322 = AXIS2_PLACEMENT_3D ( 'NONE', #4595, #3916, #768 ) ;
#3323 = DIRECTION ( 'NONE',  ( 0.000000000000000000, 0.000000000000000000, 1.000000000000000000 ) ) ;
#3324 = ORIENTED_EDGE ( 'NONE', *, *, #2707, .F. ) ;
#3325 = EDGE_CURVE ( 'NONE', #512, #128, #2167, .T. ) ;
#3326 = CARTESIAN_POINT ( 'NONE',  ( -23.99999922803114316, -13.00000112719998313, -0.7499999983212393140 ) ) ;
#3327 = VECTOR ( 'NONE', #3416, 1000.000000000000114 ) ;
#3328 = LINE ( 'NONE', #4058, #3618 ) ;
#3329 = ORIENTED_EDGE ( 'NONE', *, *, #4398, .F. ) ;
#3330 = VECTOR ( 'NONE', #56, 1000.000000000000000 ) ;
#3331 = EDGE_LOOP ( 'NONE', ( #4200, #1562, #4273, #565 ) ) ;
#3332 = B_SPLINE_CURVE_WITH_KNOTS ( 'NONE', 3,
 ( #3292, #2915, #2937, #1909 ),
 .UNSPECIFIED., .F., .F.,
 ( 4, 4 ),
 ( 0.8181982257749419452, 1.000000000000000000 ),
 .UNSPECIFIED. ) ;
#3333 = B_SPLINE_CURVE_WITH_KNOTS ( 'NONE', 3,
 ( #1224, #1968, #2959, #2602 ),
 .UNSPECIFIED., .F., .F.,
 ( 4, 4 ),
 ( 0.000000000000000000, 1.000000000000000000 ),
 .UNSPECIFIED. ) ;
#3334 = LINE ( 'NONE', #4017, #4492 ) ;
#3335 = DIRECTION ( 'NONE',  ( 1.000000000000000000, 0.000000000000000000, 0.000000000000000000 ) ) ;
#3336 = ORIENTED_EDGE ( 'NONE', *, *, #2115, .T. ) ;
#3337 = CARTESIAN_POINT ( 'NONE',  ( -29.99999924129115314, -22.51666037679998311, -0.2499999995333333780 ) ) ;
#3338 = B_SPLINE_CURVE_WITH_KNOTS ( 'NONE', 3,
 ( #3309, #94, #1525, #2673, #1993, #1620, #2296, #125, #209, #145 ),
 .UNSPECIFIED., .F., .F.,
 ( 4, 2, 2, 2, 4 ),
 ( 0.000000000000000000, 0.2500000000000000000, 0.5000000000000000000, 0.7500000000000000000, 1.000000000000000000 ),
 .UNSPECIFIED. ) ;
#3339 = DIRECTION ( 'NONE',  ( 1.000000000000000000, 0.000000000000000000, 0.000000000000000000 ) ) ;
#3340 = LINE ( 'NONE', #3712, #666 ) ;
#3341 = FACE_OUTER_BOUND ( 'NONE', #608, .T. ) ;
#3342 = ORIENTED_EDGE ( 'NONE', *, *, #2758, .F. ) ;
#3343 = CARTESIAN_POINT ( 'NONE',  ( 31.84999999470883125, 1.149999986000016516, 0.4499999986000000618 ) ) ;
#3344 = CARTESIAN_POINT ( 'NONE',  ( -17.65000015814105438, 30.57069700630890452, -0.7499999985999999952 ) ) ;
#3345 = CARTESIAN_POINT ( 'NONE',  ( -4.999999990691149421, -23.99999987900000420, 0.2499999995333333780 ) ) ;
#3346 = VERTEX_POINT ( 'NONE', #2613 ) ;
#3347 = DIRECTION ( 'NONE',  ( 1.000000000000000000, 0.000000000000000000, 0.000000000000000000 ) ) ;
#3348 = ORIENTED_EDGE ( 'NONE', *, *, #2750, .T. ) ;
#3349 = CARTESIAN_POINT ( 'NONE',  ( -4.999999990691144980, 8.999999983200002163, -0.7499999985999999952 ) ) ;
#3350 = FACE_OUTER_BOUND ( 'NONE', #3437, .T. ) ;
#3351 = DIRECTION ( 'NONE',  ( 0.000000000000000000, 0.000000000000000000, 1.000000000000000000 ) ) ;
#3352 = VERTEX_POINT ( 'NONE', #2146 ) ;
#3353 = ORIENTED_EDGE ( 'NONE', *, *, #303, .F. ) ;
#3354 = FACE_OUTER_BOUND ( 'NONE', #3067, .T. ) ;
#3355 = CARTESIAN_POINT ( 'NONE',  ( 0.5813249367213613183, 31.47012191455100805, 0.7500000020050299199 ) ) ;
#3356 = ORIENTED_EDGE ( 'NONE', *, *, #397, .F. ) ;
#3357 = ADVANCED_FACE ( 'NONE', ( #57 ), #3606, .T. ) ;
#3358 = CARTESIAN_POINT ( 'NONE',  ( -2.011518820091125814, 34.02510591460000455, 0.2499999995333333780 ) ) ;
#3359 = CARTESIAN_POINT ( 'NONE',  ( -6.249999979891146751, -29.00000001360000823, 0.4499999986000000618 ) ) ;
#3360 = LINE ( 'NONE', #522, #2983 ) ;
#3361 = CARTESIAN_POINT ( 'NONE',  ( -15.53589821774162338, 34.90896506587498749, 0.7499999985999999952 ) ) ;
#3362 = AXIS2_PLACEMENT_3D ( 'NONE', #3176, #2784, #4220 ) ;
#3363 = CARTESIAN_POINT ( 'NONE',  ( -8.585040951883282645, -22.48532359358026866, 0.4499999986000000618 ) ) ;
#3364 = FACE_OUTER_BOUND ( 'NONE', #107, .T. ) ;
#3365 = VERTEX_POINT ( 'NONE', #3226 ) ;
#3366 = CARTESIAN_POINT ( 'NONE',  ( 4.999999999108855953, 8.999999983200002163, 0.4499999986000000618 ) ) ;
#3367 = VECTOR ( 'NONE', #2577, 1000.000000000000114 ) ;
#3368 = EDGE_LOOP ( 'NONE', ( #1662, #4455, #1170, #1175 ) ) ;
#3369 = CARTESIAN_POINT ( 'NONE',  ( 6.250000013708873148, -29.00000001360000823, 0.4499999986000000618 ) ) ;
#3370 = ADVANCED_FACE ( 'NONE', ( #3296 ), #15, .F. ) ;
#3371 = AXIS2_PLACEMENT_3D ( 'NONE', #2040, #4604, #2108 ) ;
#3372 = DIRECTION ( 'NONE',  ( 0.000000000000000000, 0.000000000000000000, 1.000000000000000000 ) ) ;
#3373 = CARTESIAN_POINT ( 'NONE',  ( -9.567427771888626253, -21.03435567363848335, 0.4499999986000000618 ) ) ;
#3374 = ORIENTED_EDGE ( 'NONE', *, *, #2833, .F. ) ;
#3375 = ORIENTED_EDGE ( 'NONE', *, *, #3658, .T. ) ;
#3376 = LINE ( 'NONE', #3684, #2837 ) ;
#3377 = CARTESIAN_POINT ( 'NONE',  ( 37.99999879437807948, 7.160965721149539220, 0.7499999920391200448 ) ) ;
#3378 = ORIENTED_EDGE ( 'NONE', *, *, #235, .T. ) ;
#3379 = CARTESIAN_POINT ( 'NONE',  ( -14.45855333250598029, -27.34294881172447234, -0.7499999985999999952 ) ) ;
#3380 = CARTESIAN_POINT ( 'NONE',  ( 13.50000012534788318, -10.71555481374200625, 0.7499999961666700132 ) ) ;
#3381 = ADVANCED_FACE ( 'NONE', ( #1629 ), #1933, .F. ) ;
#3382 = EDGE_CURVE ( 'NONE', #1006, #1414, #184, .T. ) ;
#3383 = ADVANCED_FACE ( 'NONE', ( #154 ), #3389, .F. ) ;
#3384 = DIRECTION ( 'NONE',  ( 1.000000000000000000, 0.000000000000000000, 0.000000000000000000 ) ) ;
#3385 = CARTESIAN_POINT ( 'NONE',  ( 36.11947483400085446, 11.05938057272198805, 0.7499999965497240462 ) ) ;
#3386 = CARTESIAN_POINT ( 'NONE',  ( 23.65695811307835683, -9.202558160769507722, 0.7499999951323020886 ) ) ;
#3387 = DIRECTION ( 'NONE',  ( 0.000000000000000000, 0.000000000000000000, 1.000000000000000000 ) ) ;
#3388 = VERTEX_POINT ( 'NONE', #3059 ) ;
#3389 = CYLINDRICAL_SURFACE ( 'NONE', #4338, 2.999999994400010195 ) ;
#3390 = ORIENTED_EDGE ( 'NONE', *, *, #3687, .F. ) ;
#3391 = CARTESIAN_POINT ( 'NONE',  ( -23.92367112517532490, 13.78081900500150958, 0.7499999985999999952 ) ) ;
#3392 = CARTESIAN_POINT ( 'NONE',  ( -2.011518823389124577, 34.02510591720997724, -0.7499999964197217039 ) ) ;
#3393 = AXIS2_PLACEMENT_3D ( 'NONE', #2338, #4533, #1686 ) ;
#3394 = CARTESIAN_POINT ( 'NONE',  ( -14.77499966849113378, 27.58290912159999664, 0.4499999986000000618 ) ) ;
#3395 = ORIENTED_EDGE ( 'NONE', *, *, #2813, .T. ) ;
#3396 = ORIENTED_EDGE ( 'NONE', *, *, #418, .F. ) ;
#3397 = AXIS2_PLACEMENT_3D ( 'NONE', #350, #698, #1115 ) ;
#3398 = EDGE_CURVE ( 'NONE', #1515, #958, #4102, .T. ) ;
#3399 = VECTOR ( 'NONE', #2449, 1000.000000000000000 ) ;
#3400 = AXIS2_PLACEMENT_3D ( 'NONE', #3439, #4502, #2708 ) ;
#3401 = CARTESIAN_POINT ( 'NONE',  ( 23.59886170591082788, 9.812126561217850096, 0.7499999986000001062 ) ) ;
#3402 = DIRECTION ( 'NONE',  ( 1.000000000000000000, 0.000000000000000000, 0.000000000000000000 ) ) ;
#3403 = ORIENTED_EDGE ( 'NONE', *, *, #4612, .F. ) ;
#3404 = CARTESIAN_POINT ( 'NONE',  ( -1.890884440237161623, 33.81616101929299845, -0.7500000009613524421 ) ) ;
#3405 = CARTESIAN_POINT ( 'NONE',  ( -21.39763329527852775, 15.99999995332674807, -0.7499999986000001062 ) ) ;
#3406 = CARTESIAN_POINT ( 'NONE',  ( -14.77499966849113378, 27.58290912159999664, 0.1500000047999999753 ) ) ;
#3407 = DIRECTION ( 'NONE',  ( 0.000000000000000000, 0.000000000000000000, 1.000000000000000000 ) ) ;
#3408 = FACE_OUTER_BOUND ( 'NONE', #2527, .T. ) ;
#3409 = CARTESIAN_POINT ( 'NONE',  ( 0.5813249367213613183, 31.47012191455100805, 0.7500000020050299199 ) ) ;
#3410 = DATE_TIME_ROLE ( 'classification_date' ) ;
#3411 = FACE_OUTER_BOUND ( 'NONE', #1542, .T. ) ;
#3412 = CARTESIAN_POINT ( 'NONE',  ( -1.890884439051138122, 33.81616101816900510, 0.7500000022320300053 ) ) ;
#3413 = ORIENTED_EDGE ( 'NONE', *, *, #4498, .T. ) ;
#3414 = EDGE_CURVE ( 'NONE', #1840, #2169, #4447, .T. ) ;
#3415 = DIRECTION ( 'NONE',  ( 0.000000000000000000, 0.000000000000000000, 1.000000000000000000 ) ) ;
#3416 = DIRECTION ( 'NONE',  ( -0.5000000603243196506, -0.8660253689561735468, 0.000000000000000000 ) ) ;
#3417 = FACE_OUTER_BOUND ( 'NONE', #3092, .T. ) ;
#3418 = EDGE_LOOP ( 'NONE', ( #1900, #3026, #2643, #3307 ) ) ;
#3419 = ORIENTED_EDGE ( 'NONE', *, *, #3668, .F. ) ;
#3420 = CARTESIAN_POINT ( 'NONE',  ( 23.02707669417238279, 11.04894570018636379, 0.7499999986000001062 ) ) ;
#3421 = FACE_OUTER_BOUND ( 'NONE', #4055, .T. ) ;
#3422 = EDGE_LOOP ( 'NONE', ( #3450, #3803, #800, #1315 ) ) ;
#3423 = DIRECTION ( 'NONE',  ( 0.000000000000000000, 0.000000000000000000, -1.000000000000000000 ) ) ;
#3424 = ORIENTED_EDGE ( 'NONE', *, *, #2934, .F. ) ;
#3425 = FACE_OUTER_BOUND ( 'NONE', #3464, .T. ) ;
#3426 = EDGE_CURVE ( 'NONE', #560, #1400, #2772, .T. ) ;
#3427 = CARTESIAN_POINT ( 'NONE',  ( 14.87954715045697540, -23.57246056756428132, 0.7499999986000001062 ) ) ;
#3428 = CARTESIAN_POINT ( 'NONE',  ( 21.07256201516839411, -18.36243386610738426, -0.7499999986000001062 ) ) ;
#3429 = VERTEX_POINT ( 'NONE', #1582 ) ;
#3430 = CARTESIAN_POINT ( 'NONE',  ( 37.99999881990883921, 4.761798197999996596, -0.7499999985999999952 ) ) ;
#3431 = CYLINDRICAL_SURFACE ( 'NONE', #4044, 8.000000002000039245 ) ;
#3432 = PERSON_AND_ORGANIZATION_ROLE ( 'design_supplier' ) ;
#3433 = EDGE_CURVE ( 'NONE', #316, #1370, #1564, .T. ) ;
#3434 = AXIS2_PLACEMENT_3D ( 'NONE', #2002, #3909, #1368 ) ;
#3435 = CARTESIAN_POINT ( 'NONE',  ( -29.60337648233144847, 24.91844436471344082, 0.7500000111498404953 ) ) ;
#3436 = CARTESIAN_POINT ( 'NONE',  ( -23.80940133722767982, -30.13225586500493947, 0.7499999985999999952 ) ) ;
#3437 = EDGE_LOOP ( 'NONE', ( #4387, #4575, #1090, #1369, #1516, #2591, #3538, #2137, #4040, #3821 ) ) ;
#3438 = CIRCLE ( 'NONE', #1787, 1.499999997199991109 ) ;
#3439 = CARTESIAN_POINT ( 'NONE',  ( -10.08493650609113068, -22.46762270499999659, 0.4499999986000000618 ) ) ;
#3440 = EDGE_CURVE ( 'NONE', #699, #3798, #520, .T. ) ;
#3441 = DIRECTION ( 'NONE',  ( 0.000000000000000000, 0.000000000000000000, 1.000000000000000000 ) ) ;
#3442 = EDGE_CURVE ( 'NONE', #2291, #3788, #1860, .T. ) ;
#3443 = CARTESIAN_POINT ( 'NONE',  ( 16.50000013850888436, -10.71555481979999414, 9.757819552369539906E-16 ) ) ;
#3444 = ORIENTED_EDGE ( 'NONE', *, *, #4075, .T. ) ;
#3445 = ORIENTED_EDGE ( 'NONE', *, *, #4564, .F. ) ;
#3446 = AXIS2_PLACEMENT_3D ( 'NONE', #2326, #1626, #4098 ) ;
#3447 = B_SPLINE_CURVE_WITH_KNOTS ( 'NONE', 3,
 ( #2282, #1580, #4451, #4100 ),
 .UNSPECIFIED., .F., .F.,
 ( 4, 4 ),
 ( 0.000000000000000000, 1.000000000000000000 ),
 .UNSPECIFIED. ) ;
#3448 = CARTESIAN_POINT ( 'NONE',  ( 23.56438785743673137, 9.959864546906883831, 0.7499999985999999952 ) ) ;
#3449 = CARTESIAN_POINT ( 'NONE',  ( -15.71410143439513973, 19.21762206827698449, 0.4499999986000000618 ) ) ;
#3450 = ORIENTED_EDGE ( 'NONE', *, *, #4125, .F. ) ;
#3451 = CARTESIAN_POINT ( 'NONE',  ( 23.64511454355386633, -9.510744941925334928, 0.7499999985999999952 ) ) ;
#3452 = ORIENTED_EDGE ( 'NONE', *, *, #3745, .T. ) ;
#3453 = DIRECTION ( 'NONE',  ( -0.8660253669729565118, 0.5000000637593520203, 0.000000000000000000 ) ) ;
#3454 = B_SPLINE_CURVE_WITH_KNOTS ( 'NONE', 3,
 ( #1344, #4588, #3840, #1059 ),
 .UNSPECIFIED., .F., .F.,
 ( 4, 4 ),
 ( 0.000000000000000000, 1.000000000000000000 ),
 .UNSPECIFIED. ) ;
#3455 = DIRECTION ( 'NONE',  ( -1.000000000000000000, 5.597070699207871170E-10, 0.000000000000000000 ) ) ;
#3456 = CARTESIAN_POINT ( 'NONE',  ( 36.11947527590891127, -11.05938029419999857, 0.2499999995333333780 ) ) ;
#3457 = VERTEX_POINT ( 'NONE', #1237 ) ;
#3458 = CARTESIAN_POINT ( 'NONE',  ( -29.92035134323296930, 23.73529168952789448, -0.7499999986000001062 ) ) ;
#3459 = EDGE_CURVE ( 'NONE', #867, #3774, #1355, .T. ) ;
#3460 = CARTESIAN_POINT ( 'NONE',  ( 16.58583936942314807, -13.75283170512200925, -0.7499999986000002172 ) ) ;
#3461 = DATE_TIME_ROLE ( 'creation_date' ) ;
#3462 = EDGE_CURVE ( 'NONE', #1076, #4437, #2308, .T. ) ;
#3463 = CARTESIAN_POINT ( 'NONE',  ( -8.306424950203716406, 37.99999994458219277, 0.2499999997705633081 ) ) ;
#3464 = EDGE_LOOP ( 'NONE', ( #3133, #3844, #3831, #4279 ) ) ;
#3465 = EDGE_LOOP ( 'NONE', ( #1663, #494 ) ) ;
#3466 = DIRECTION ( 'NONE',  ( 1.000000000000000000, -8.300746920972144049E-10, -0.000000000000000000 ) ) ;
#3467 = CARTESIAN_POINT ( 'NONE',  ( -10.08493650609113068, -22.46762270499999659, 0.7499999985999999952 ) ) ;
#3468 = FACE_OUTER_BOUND ( 'NONE', #1894, .T. ) ;
#3469 = EDGE_LOOP ( 'NONE', ( #2975, #1037, #208, #824 ) ) ;
#3470 = VERTEX_POINT ( 'NONE', #927 ) ;
#3471 = VECTOR ( 'NONE', #1706, 1000.000000000000227 ) ;
#3472 = CARTESIAN_POINT ( 'NONE',  ( 3.999999789308872344, -38.00000113979998417, 0.7499999985999999952 ) ) ;
#3473 = VERTEX_POINT ( 'NONE', #4476 ) ;
#3474 = CYLINDRICAL_SURFACE ( 'NONE', #3107, 1.149999833600010790 ) ;
#3475 = AXIS2_PLACEMENT_3D ( 'NONE', #4328, #3582, #1798 ) ;
#3476 = ORIENTED_EDGE ( 'NONE', *, *, #2250, .F. ) ;
#3477 = FACE_BOUND ( 'NONE', #2133, .T. ) ;
#3478 = CIRCLE ( 'NONE', #1008, 1.499999997200020641 ) ;
#3479 = CIRCLE ( 'NONE', #1973, 4.999999996476351072 ) ;
#3480 = CARTESIAN_POINT ( 'NONE',  ( -8.785898446668605644, -23.21762278431113558, 0.7499999985999999952 ) ) ;
#3481 = CARTESIAN_POINT ( 'NONE',  ( 10.00000013370885910, -3.999999950200029630, -0.2499999995333333780 ) ) ;
#3482 = ORIENTED_EDGE ( 'NONE', *, *, #936, .F. ) ;
#3483 = CARTESIAN_POINT ( 'NONE',  ( 18.88495104653377865, -19.45831881402907371, 0.7499999986000001062 ) ) ;
#3484 = DIRECTION ( 'NONE',  ( 0.000000000000000000, 0.000000000000000000, 1.000000000000000000 ) ) ;
#3485 = CARTESIAN_POINT ( 'NONE',  ( -8.306424950203716406, 37.99999994458219277, -0.2499999959262733107 ) ) ;
#3486 = ORIENTED_EDGE ( 'NONE', *, *, #3893, .F. ) ;
#3487 = ORIENTED_EDGE ( 'NONE', *, *, #3398, .T. ) ;
#3488 = DIRECTION ( 'NONE',  ( 1.000000000000000000, 0.000000000000000000, 0.000000000000000000 ) ) ;
#3489 = EDGE_CURVE ( 'NONE', #4013, #1714, #4423, .T. ) ;
#3490 = CARTESIAN_POINT ( 'NONE',  ( -15.53589923927614613, -34.90896528546699784, 0.4499999986000000618 ) ) ;
#3491 = DIRECTION ( 'NONE',  ( 0.000000000000000000, 0.000000000000000000, 1.000000000000000000 ) ) ;
#3492 = EDGE_LOOP ( 'NONE', ( #3494, #490, #2459, #588, #3699, #685 ) ) ;
#3493 = CARTESIAN_POINT ( 'NONE',  ( 23.47600221390883846, -8.176497693199996419, -0.2499999995333333780 ) ) ;
#3494 = ORIENTED_EDGE ( 'NONE', *, *, #2115, .F. ) ;
#3495 = CARTESIAN_POINT ( 'NONE',  ( 23.56450835210454997, -9.959363650178540084, 0.7499999986000002172 ) ) ;
#3496 = ORIENTED_EDGE ( 'NONE', *, *, #3167, .F. ) ;
#3497 = FACE_OUTER_BOUND ( 'NONE', #2970, .T. ) ;
#3498 = CARTESIAN_POINT ( 'NONE',  ( 13.50000012534788318, -10.71555481374200625, 0.7499999961666700132 ) ) ;
#3499 = CARTESIAN_POINT ( 'NONE',  ( 10.09444396855331405, -37.24271944650143951, 0.7500000116040199671 ) ) ;
#3500 = EDGE_CURVE ( 'NONE', #351, #4417, #2492, .T. ) ;
#3501 = VERTEX_POINT ( 'NONE', #3412 ) ;
#3502 = CARTESIAN_POINT ( 'NONE',  ( -20.99999923269113467, -16.00000112159999333, 0.2499999995333333780 ) ) ;
#3503 = CARTESIAN_POINT ( 'NONE',  ( 17.52606057330785561, -13.53463267532051262, -0.7499999952333182840 ) ) ;
#3504 = DIRECTION ( 'NONE',  ( 1.000000000000000000, 0.000000000000000000, 0.000000000000000000 ) ) ;
#3505 = CARTESIAN_POINT ( 'NONE',  ( 35.30000000350891298, 0.000000000000000000, 0.4499999986000000618 ) ) ;
#3506 = ORIENTED_EDGE ( 'NONE', *, *, #465, .T. ) ;
#3507 = CARTESIAN_POINT ( 'NONE',  ( 17.52606057124986449, -13.53463267363449951, 0.7499999963187521379 ) ) ;
#3508 = AXIS2_PLACEMENT_3D ( 'NONE', #3198, #10, #3265 ) ;
#3509 = CARTESIAN_POINT ( 'NONE',  ( -15.53589923927614613, -34.90896528546699784, 0.7499999985999999952 ) ) ;
#3510 = CARTESIAN_POINT ( 'NONE',  ( 23.53861232490886479, -26.01698344979999789, 9.757819552369539906E-16 ) ) ;
#3511 = VECTOR ( 'NONE', #1519, 1000.000000000000000 ) ;
#3512 = VERTEX_POINT ( 'NONE', #839 ) ;
#3513 = CC_DESIGN_DATE_AND_TIME_ASSIGNMENT ( #2760, #3461, ( #2478 ) ) ;
#3514 = LINE ( 'NONE', #2770, #474 ) ;
#3515 = ORIENTED_EDGE ( 'NONE', *, *, #2400, .F. ) ;
#3516 = CARTESIAN_POINT ( 'NONE',  ( 20.87345545989987983, -1.026059260460510103, -0.7499999973092634775 ) ) ;
#3517 = ORIENTED_EDGE ( 'NONE', *, *, #1789, .T. ) ;
#3518 = CARTESIAN_POINT ( 'NONE',  ( -1.245389853020690385, 32.86305652014550560, -0.7499999986000001062 ) ) ;
#3519 = VECTOR ( 'NONE', #1631, 1000.000000000000000 ) ;
#3520 = DIRECTION ( 'NONE',  ( 0.000000000000000000, 0.000000000000000000, 1.000000000000000000 ) ) ;
#3521 = B_SPLINE_CURVE_WITH_KNOTS ( 'NONE', 3,
 ( #25, #337, #4018, #2573, #3284, #802, #4365, #3543, #1783, #356 ),
 .UNSPECIFIED., .F., .F.,
 ( 4, 2, 2, 2, 4 ),
 ( 0.000000000000000000, 0.2500000000000001665, 0.5000000000000003331, 0.7499999999999996669, 1.000000000000000000 ),
 .UNSPECIFIED. ) ;
#3522 = CARTESIAN_POINT ( 'NONE',  ( -5.656979375921331155, 1.000000018000019031, 0.7499999986000001062 ) ) ;
#3523 = ORIENTED_EDGE ( 'NONE', *, *, #2480, .F. ) ;
#3524 = CARTESIAN_POINT ( 'NONE',  ( -29.99999924129113538, 22.51666060540000203, -0.2500000021113153448 ) ) ;
#3525 = ADVANCED_FACE ( 'NONE', ( #3083 ), #1911, .F. ) ;
#3526 = ADVANCED_FACE ( 'NONE', ( #133 ), #4048, .F. ) ;
#3527 = CARTESIAN_POINT ( 'NONE',  ( -8.306423679943636174, -38.00000113073148356, -0.7499999962373624651 ) ) ;
#3528 = CARTESIAN_POINT ( 'NONE',  ( -29.99999924209464908, 22.51666060821649751, 0.7500000026525549535 ) ) ;
#3529 = ORIENTED_EDGE ( 'NONE', *, *, #4357, .T. ) ;
#3530 = ORIENTED_EDGE ( 'NONE', *, *, #3426, .F. ) ;
#3531 = PLANE ( 'NONE',  #2866 ) ;
#3532 = DIRECTION ( 'NONE',  ( 0.000000000000000000, 1.000000000000000000, 0.000000000000000000 ) ) ;
#3533 = CARTESIAN_POINT ( 'NONE',  ( -8.785898445474614959, -23.21762278500050058, 0.4499999986000000618 ) ) ;
#3534 = CARTESIAN_POINT ( 'NONE',  ( 28.87821676088836398, -16.70329067518100530, -0.7499999971314443847 ) ) ;
#3535 = ORIENTED_EDGE ( 'NONE', *, *, #971, .T. ) ;
#3536 = CARTESIAN_POINT ( 'NONE',  ( -23.40241638108103928, -14.84032771529675188, 0.7499999985999999952 ) ) ;
#3537 = ORIENTED_EDGE ( 'NONE', *, *, #688, .T. ) ;
#3538 = ORIENTED_EDGE ( 'NONE', *, *, #1632, .F. ) ;
#3539 = EDGE_CURVE ( 'NONE', #4072, #3809, #2183, .T. ) ;
#3540 = DIRECTION ( 'NONE',  ( -0.5000000093473407903, 0.8660253983877487238, 0.000000000000000000 ) ) ;
#3541 = VECTOR ( 'NONE', #966, 999.9999999999998863 ) ;
#3542 = DIRECTION ( 'NONE',  ( 0.000000000000000000, 0.000000000000000000, 1.000000000000000000 ) ) ;
#3543 = CARTESIAN_POINT ( 'NONE',  ( -15.71930131632702476, 15.92387947569115170, -0.7499999986000001062 ) ) ;
#3544 = VERTEX_POINT ( 'NONE', #4375 ) ;
#3545 = CARTESIAN_POINT ( 'NONE',  ( 21.87531874729636883, -18.19180265466199842, 0.7499999965614000397 ) ) ;
#3546 = B_SPLINE_CURVE_WITH_KNOTS ( 'NONE', 3,
 ( #4129, #693, #386, #3507 ),
 .UNSPECIFIED., .F., .F.,
 ( 4, 4 ),
 ( 0.000000000000000000, 1.000000000000000000 ),
 .UNSPECIFIED. ) ;
#3547 = CARTESIAN_POINT ( 'NONE',  ( 37.99999881061339124, -6.285393118987014915, -0.7499999947857590721 ) ) ;
#3548 = AXIS2_PLACEMENT_3D ( 'NONE', #1957, #3799, #4104 ) ;
#3549 = CIRCLE ( 'NONE', #1520, 1.499999997199991109 ) ;
#3550 = CARTESIAN_POINT ( 'NONE',  ( -26.49999963729113617, -28.57883796540000532, 0.2499999995333333780 ) ) ;
#3551 = AXIS2_PLACEMENT_3D ( 'NONE', #3999, #1062, #3620 ) ;
#3552 = FACE_OUTER_BOUND ( 'NONE', #1347, .T. ) ;
#3553 = AXIS2_PLACEMENT_3D ( 'NONE', #321, #1747, #4203 ) ;
#3554 = ORIENTED_EDGE ( 'NONE', *, *, #4169, .T. ) ;
#3555 = CARTESIAN_POINT ( 'NONE',  ( -29.36760976539109791, -25.48763538505599513, 0.7499999891559802068 ) ) ;
#3556 = DIRECTION ( 'NONE',  ( -1.000000000000000000, 0.000000000000000000, 0.000000000000000000 ) ) ;
#3557 = CARTESIAN_POINT ( 'NONE',  ( 28.87821675953983203, -16.70329067554948566, 0.7499999978549199975 ) ) ;
#3558 = EDGE_CURVE ( 'NONE', #4064, #2444, #1491, .T. ) ;
#3559 = CARTESIAN_POINT ( 'NONE',  ( 10.00000013370888219, -13.99999990140064732, -0.7499999985999999952 ) ) ;
#3560 = ORIENTED_EDGE ( 'NONE', *, *, #3702, .F. ) ;
#3561 = B_SPLINE_CURVE_WITH_KNOTS ( 'NONE', 3,
 ( #4147, #953, #4428, #876 ),
 .UNSPECIFIED., .F., .F.,
 ( 4, 4 ),
 ( 0.000000000000000000, 1.000000000000000000 ),
 .UNSPECIFIED. ) ;
#3562 = CARTESIAN_POINT ( 'NONE',  ( -2.749999994891144439, 8.999999983200002163, 0.4499999986000000618 ) ) ;
#3563 = ORIENTED_EDGE ( 'NONE', *, *, #2094, .T. ) ;
#3564 = ORIENTED_EDGE ( 'NONE', *, *, #3951, .F. ) ;
#3565 = ADVANCED_FACE ( 'NONE', ( #2608 ), #2255, .F. ) ;
#3566 = CARTESIAN_POINT ( 'NONE',  ( 33.00000000610880591, -1.150000011399976430, -0.4499999890000000446 ) ) ;
#3567 = DIRECTION ( 'NONE',  ( -0.9999999999999998890, -1.104346072232124844E-08, 0.000000000000000000 ) ) ;
#3568 = VERTEX_POINT ( 'NONE', #789 ) ;
#3569 = CARTESIAN_POINT ( 'NONE',  ( -8.306424949854646300, 37.99999994530750769, 0.7500000012817760187 ) ) ;
#3570 = CARTESIAN_POINT ( 'NONE',  ( -3.180039090398448121, -38.00000113979998417, -0.7499999985999999952 ) ) ;
#3571 = EDGE_CURVE ( 'NONE', #2472, #3239, #4520, .T. ) ;
#3572 = B_SPLINE_CURVE_WITH_KNOTS ( 'NONE', 3,
 ( #2031, #4574, #2358, #3872 ),
 .UNSPECIFIED., .F., .F.,
 ( 4, 4 ),
 ( 0.000000000000000000, 1.000000000000000000 ),
 .UNSPECIFIED. ) ;
#3573 = DIRECTION ( 'NONE',  ( 0.000000000000000000, 0.000000000000000000, 1.000000000000000000 ) ) ;
#3574 = CARTESIAN_POINT ( 'NONE',  ( -29.99999924005014407, -22.51666037799451914, -0.7499999947737230332 ) ) ;
#3575 = ORIENTED_EDGE ( 'NONE', *, *, #3021, .T. ) ;
#3576 = EDGE_CURVE ( 'NONE', #3783, #65, #2103, .T. ) ;
#3577 = ADVANCED_FACE ( 'NONE', ( #1550 ), #2163, .F. ) ;
#3578 = CARTESIAN_POINT ( 'NONE',  ( -9.567427771888626253, -21.03435567363848335, 0.7499999985999999952 ) ) ;
#3579 = EDGE_CURVE ( 'NONE', #3692, #1024, #819, .T. ) ;
#3580 = DIRECTION ( 'NONE',  ( 1.000000000000000000, 0.000000000000000000, 0.000000000000000000 ) ) ;
#3581 = CARTESIAN_POINT ( 'NONE',  ( -19.15321247669113447, -32.82050818410001369, -0.7499999985999999952 ) ) ;
#3582 = DIRECTION ( 'NONE',  ( 0.000000000000000000, 0.000000000000000000, -1.000000000000000000 ) ) ;
#3583 = ORIENTED_EDGE ( 'NONE', *, *, #1692, .T. ) ;
#3584 = EDGE_CURVE ( 'NONE', #495, #4088, #2162, .T. ) ;
#3585 = EDGE_CURVE ( 'NONE', #1768, #3072, #2446, .T. ) ;
#3586 = AXIS2_PLACEMENT_3D ( 'NONE', #2652, #3312, #4469 ) ;
#3587 = DIRECTION ( 'NONE',  ( 1.000000000000000000, 0.000000000000000000, 0.000000000000000000 ) ) ;
#3588 = VERTEX_POINT ( 'NONE', #456 ) ;
#3589 = VERTEX_POINT ( 'NONE', #4397 ) ;
#3590 = DIRECTION ( 'NONE',  ( 0.000000000000000000, 1.000000000000000000, 0.000000000000000000 ) ) ;
#3591 = VECTOR ( 'NONE', #2962, 1000.000000000000114 ) ;
#3592 = CARTESIAN_POINT ( 'NONE',  ( 23.64511454023103809, 9.510747278766270796, -0.7499999985999999952 ) ) ;
#3593 = ORIENTED_EDGE ( 'NONE', *, *, #765, .T. ) ;
#3594 = CARTESIAN_POINT ( 'NONE',  ( -1.890884441091127188, 33.81616101879999547, 0.2499999995333333780 ) ) ;
#3595 = CARTESIAN_POINT ( 'NONE',  ( 28.87821675953983203, -16.70329067554948566, 0.7499999978549199975 ) ) ;
#3596 = AXIS2_PLACEMENT_3D ( 'NONE', #591, #1690, #3453 ) ;
#3597 = B_SPLINE_CURVE_WITH_KNOTS ( 'NONE', 3,
 ( #3913, #2451, #2121, #3223, #319, #3555, #364, #2846, #3602, #1724 ),
 .UNSPECIFIED., .F., .F.,
 ( 4, 2, 2, 2, 4 ),
 ( 0.000000000000000000, 0.2500000000000000000, 0.5000000000000000000, 0.7500000000000000000, 1.000000000000000000 ),
 .UNSPECIFIED. ) ;
#3598 = CARTESIAN_POINT ( 'NONE',  ( -20.99999923269113467, 15.99999995320000679, 0.2499999995333333780 ) ) ;
#3599 = DIRECTION ( 'NONE',  ( 0.000000000000000000, 0.000000000000000000, 1.000000000000000000 ) ) ;
#3600 = ORIENTED_EDGE ( 'NONE', *, *, #1009, .F. ) ;
#3601 = FACE_OUTER_BOUND ( 'NONE', #3719, .T. ) ;
#3602 = CARTESIAN_POINT ( 'NONE',  ( -29.99999924129114959, -23.12752557643756646, 0.7499999891559800957 ) ) ;
#3603 = EDGE_CURVE ( 'NONE', #2011, #1932, #3268, .T. ) ;
#3604 = EDGE_CURVE ( 'NONE', #4636, #1689, #544, .T. ) ;
#3605 = FACE_BOUND ( 'NONE', #1535, .T. ) ;
#3606 = PLANE ( 'NONE',  #3144 ) ;
#3607 = CARTESIAN_POINT ( 'NONE',  ( 13.50000013010338407, 10.71555715438349310, -0.7499999952333064046 ) ) ;
#3608 = ORIENTED_EDGE ( 'NONE', *, *, #955, .T. ) ;
#3609 = FACE_OUTER_BOUND ( 'NONE', #132, .T. ) ;
#3610 = VERTEX_POINT ( 'NONE', #4002 ) ;
#3611 = VERTEX_POINT ( 'NONE', #2207 ) ;
#3612 = CARTESIAN_POINT ( 'NONE',  ( 15.17378334898069170, 13.44914615224071319, -0.7499999986000001062 ) ) ;
#3613 = DIRECTION ( 'NONE',  ( 0.000000000000000000, 0.000000000000000000, 1.000000000000000000 ) ) ;
#3614 = ORIENTED_EDGE ( 'NONE', *, *, #887, .T. ) ;
#3615 = CARTESIAN_POINT ( 'NONE',  ( -29.99999924005014407, -22.51666037799451914, -0.7499999947737230332 ) ) ;
#3616 = B_SPLINE_CURVE_WITH_KNOTS ( 'NONE', 3,
 ( #2822, #1738, #689, #270 ),
 .UNSPECIFIED., .F., .F.,
 ( 4, 4 ),
 ( 0.000000000000000000, 1.000000000000000000 ),
 .UNSPECIFIED. ) ;
#3617 = CARTESIAN_POINT ( 'NONE',  ( 21.87531874729636883, -18.19180265466199842, 0.7499999965614000397 ) ) ;
#3618 = VECTOR ( 'NONE', #3302, 1000.000000000000000 ) ;
#3619 = CARTESIAN_POINT ( 'NONE',  ( -3.499999993491154093, 8.999999983200002163, 0.4499999986000000618 ) ) ;
#3620 = DIRECTION ( 'NONE',  ( -1.000000000000000000, 0.000000000000000000, 0.000000000000000000 ) ) ;
#3621 = ORIENTED_EDGE ( 'NONE', *, *, #578, .F. ) ;
#3622 = VECTOR ( 'NONE', #3195, 1000.000000000000000 ) ;
#3623 = CARTESIAN_POINT ( 'NONE',  ( -5.656238915904612696, 1.000000032380615522, -0.7499999986000002172 ) ) ;
#3624 = PERSON_AND_ORGANIZATION ( #3099, #3106 ) ;
#3625 = AXIS2_PLACEMENT_3D ( 'NONE', #691, #3910, #2117 ) ;
#3626 = VECTOR ( 'NONE', #2307, 1000.000000000000000 ) ;
#3627 = CARTESIAN_POINT ( 'NONE',  ( -16.50000000309112380, -16.00000112159999333, 0.2499999995333333780 ) ) ;
#3628 = AXIS2_PLACEMENT_3D ( 'NONE', #124, #540, #499 ) ;
#3629 = CARTESIAN_POINT ( 'NONE',  ( -13.49999998329112749, 4.333332930133333427, 0.7499999985999999952 ) ) ;
#3630 = CARTESIAN_POINT ( 'NONE',  ( -13.88039468761620832, -14.51528266919964594, 0.7499999985999998842 ) ) ;
#3631 = ORIENTED_EDGE ( 'NONE', *, *, #4094, .T. ) ;
#3632 = CARTESIAN_POINT ( 'NONE',  ( -20.99999923269113467, 12.99999995879999659, 9.757819552369539906E-16 ) ) ;
#3633 = ADVANCED_FACE ( 'NONE', ( #3601 ), #385, .T. ) ;
#3634 = CARTESIAN_POINT ( 'NONE',  ( 18.91170196510806534, 13.03030279016235049, 0.7499999985999999952 ) ) ;
#3635 = EDGE_LOOP ( 'NONE', ( #3178, #2787, #2561, #2952 ) ) ;
#3636 = ORIENTED_EDGE ( 'NONE', *, *, #3938, .F. ) ;
#3637 = CARTESIAN_POINT ( 'NONE',  ( 10.75878883208544323, -36.79932579714331098, -0.7499999986000001062 ) ) ;
#3638 = DIRECTION ( 'NONE',  ( -0.8660253701214775113, 0.5000000583059542869, 0.000000000000000000 ) ) ;
#3639 = ORIENTED_EDGE ( 'NONE', *, *, #2278, .F. ) ;
#3640 = CARTESIAN_POINT ( 'NONE',  ( 20.87345545989987983, -1.026059260460510103, -0.7499999973092634775 ) ) ;
#3641 = FACE_OUTER_BOUND ( 'NONE', #3262, .T. ) ;
#3642 = ADVANCED_FACE ( 'NONE', ( #76 ), #194, .F. ) ;
#3643 = DIRECTION ( 'NONE',  ( 1.000000000000000000, 0.000000000000000000, 0.000000000000000000 ) ) ;
#3644 = FACE_OUTER_BOUND ( 'NONE', #4580, .T. ) ;
#3645 = ORIENTED_EDGE ( 'NONE', *, *, #2249, .F. ) ;
#3646 = CARTESIAN_POINT ( 'NONE',  ( 23.69253332770884768, 1.168400015627568678E-06, 9.757819552369539906E-16 ) ) ;
#3647 = CARTESIAN_POINT ( 'NONE',  ( 5.000000072458876232, -23.99999988958351338, 0.7500000003000401039 ) ) ;
#3648 = ORIENTED_EDGE ( 'NONE', *, *, #3313, .T. ) ;
#3649 = CARTESIAN_POINT ( 'NONE',  ( 5.000000125942372087, 1.000000040466492157, 0.7500000001937860983 ) ) ;
#3650 = CARTESIAN_POINT ( 'NONE',  ( 27.99999999850883015, 1.168400015627568678E-06, 0.1500000047999999753 ) ) ;
#3651 = EDGE_LOOP ( 'NONE', ( #2143, #1801 ) ) ;
#3652 = DIRECTION ( 'NONE',  ( 0.000000000000000000, 0.000000000000000000, 1.000000000000000000 ) ) ;
#3653 = B_SPLINE_CURVE_WITH_KNOTS ( 'NONE', 3,
 ( #3135, #199, #4152, #4479 ),
 .UNSPECIFIED., .F., .F.,
 ( 4, 4 ),
 ( 0.000000000000000000, 1.000000000000000000 ),
 .UNSPECIFIED. ) ;
#3654 = APPROVAL ( #1836, 'UNSPECIFIED' ) ;
#3655 = CARTESIAN_POINT ( 'NONE',  ( -16.92092946426254585, 27.00790895035465411, 0.4499999986000000618 ) ) ;
#3656 = ORIENTED_EDGE ( 'NONE', *, *, #2724, .T. ) ;
#3657 = ORIENTED_EDGE ( 'NONE', *, *, #2603, .T. ) ;
#3658 = EDGE_CURVE ( 'NONE', #482, #4231, #2606, .T. ) ;
#3659 = DIRECTION ( 'NONE',  ( -1.000000000000000000, 0.000000000000000000, 0.000000000000000000 ) ) ;
#3660 = DIRECTION ( 'NONE',  ( 1.000000000000000000, 0.000000000000000000, 0.000000000000000000 ) ) ;
#3661 = VERTEX_POINT ( 'NONE', #2025 ) ;
#3662 = CARTESIAN_POINT ( 'NONE',  ( 4.999999999108855953, 8.999999983200002163, 0.4499999986000000618 ) ) ;
#3663 = B_SPLINE_CURVE_WITH_KNOTS ( 'NONE', 3,
 ( #1061, #690, #2116, #3220 ),
 .UNSPECIFIED., .F., .F.,
 ( 4, 4 ),
 ( 0.000000000000000000, 1.000000000000000000 ),
 .UNSPECIFIED. ) ;
#3664 = AXIS2_PLACEMENT_3D ( 'NONE', #1419, #3321, #3983 ) ;
#3665 = CARTESIAN_POINT ( 'NONE',  ( -3.999999984091146210, -29.00000001360000823, 0.1500000047999999753 ) ) ;
#3666 = CARTESIAN_POINT ( 'NONE',  ( -11.80642439784915254, 37.06217791305748932, -0.7500000015666826725 ) ) ;
#3667 = DIRECTION ( 'NONE',  ( 0.000000000000000000, 0.000000000000000000, 1.000000000000000000 ) ) ;
#3668 = EDGE_CURVE ( 'NONE', #4562, #3048, #2381, .T. ) ;
#3669 = ORIENTED_EDGE ( 'NONE', *, *, #3090, .T. ) ;
#3670 = AXIS2_PLACEMENT_3D ( 'NONE', #3797, #2304, #576 ) ;
#3671 = DIRECTION ( 'NONE',  ( 0.000000000000000000, -1.000000000000000000, 0.000000000000000000 ) ) ;
#3672 = COORDINATED_UNIVERSAL_TIME_OFFSET ( 1, 0, .AHEAD. ) ;
#3673 = DIRECTION ( 'NONE',  ( 1.000000000000000000, 0.000000000000000000, 0.000000000000000000 ) ) ;
#3674 = ORIENTED_EDGE ( 'NONE', *, *, #1531, .F. ) ;
#3675 = CARTESIAN_POINT ( 'NONE',  ( -6.249999979891146751, -29.00000001360000823, 0.4499999986000000618 ) ) ;
#3676 = CARTESIAN_POINT ( 'NONE',  ( -16.07907051574822432, 30.14976769209051710, -0.7499999985999999952 ) ) ;
#3677 = VERTEX_POINT ( 'NONE', #857 ) ;
#3678 = B_SPLINE_CURVE_WITH_KNOTS ( 'NONE', 3,
 ( #3617, #406, #2958, #3595 ),
 .UNSPECIFIED., .F., .F.,
 ( 4, 4 ),
 ( 0.000000000000000000, 1.000000000000000000 ),
 .UNSPECIFIED. ) ;
#3679 = DIRECTION ( 'NONE',  ( -0.000000000000000000, -0.000000000000000000, -1.000000000000000000 ) ) ;
#3680 = DIRECTION ( 'NONE',  ( -1.000000000000000000, 0.000000000000000000, 0.000000000000000000 ) ) ;
#3681 = EDGE_LOOP ( 'NONE', ( #3353, #664, #957, #4570 ) ) ;
#3682 = ORIENTED_EDGE ( 'NONE', *, *, #737, .T. ) ;
#3683 = B_SPLINE_CURVE_WITH_KNOTS ( 'NONE', 3,
 ( #2155, #3594, #849, #3404 ),
 .UNSPECIFIED., .F., .F.,
 ( 4, 4 ),
 ( 0.000000000000000000, 1.000000000000000000 ),
 .UNSPECIFIED. ) ;
#3684 = CARTESIAN_POINT ( 'NONE',  ( -15.71410143439513973, 19.21762206827698449, 0.7499999985999999952 ) ) ;
#3685 = CARTESIAN_POINT ( 'NONE',  ( 36.71661448469295408, 10.41902665420222718, 0.7499999920391200448 ) ) ;
#3686 = ORIENTED_EDGE ( 'NONE', *, *, #2953, .T. ) ;
#3687 = EDGE_CURVE ( 'NONE', #351, #3922, #2999, .T. ) ;
#3688 = LINE ( 'NONE', #3379, #1449 ) ;
#3689 = PLANE ( 'NONE',  #2313 ) ;
#3690 = CARTESIAN_POINT ( 'NONE',  ( -13.04958329074284862, -36.34444069746692918, -0.7499999985999999952 ) ) ;
#3691 = LINE ( 'NONE', #1950, #3776 ) ;
#3692 = VERTEX_POINT ( 'NONE', #3386 ) ;
#3693 = DIRECTION ( 'NONE',  ( 0.000000000000000000, 0.000000000000000000, 1.000000000000000000 ) ) ;
#3694 =( NAMED_UNIT ( * ) PLANE_ANGLE_UNIT ( ) SI_UNIT ( $, .RADIAN. ) );
#3695 = CIRCLE ( 'NONE', #3768, 1.500000015599949776 ) ;
#3696 = CARTESIAN_POINT ( 'NONE',  ( -4.999999990691149421, -23.99999987900000420, -0.2499999995333333780 ) ) ;
#3697 = ORIENTED_EDGE ( 'NONE', *, *, #1976, .T. ) ;
#3698 = CARTESIAN_POINT ( 'NONE',  ( -14.92907095960271846, -28.15790911661428098, -0.4499999890000000446 ) ) ;
#3699 = ORIENTED_EDGE ( 'NONE', *, *, #398, .F. ) ;
#3700 = PLANE ( 'NONE',  #302 ) ;
#3701 = VECTOR ( 'NONE', #4308, 1000.000000000000114 ) ;
#3702 = EDGE_CURVE ( 'NONE', #1955, #3074, #2469, .T. ) ;
#3703 = CARTESIAN_POINT ( 'NONE',  ( 10.00000013409235677, -18.99999989020051316, -0.7499999993666757181 ) ) ;
#3704 = DIRECTION ( 'NONE',  ( 0.000000000000000000, 0.000000000000000000, 1.000000000000000000 ) ) ;
#3705 = ORIENTED_EDGE ( 'NONE', *, *, #3604, .T. ) ;
#3706 = VERTEX_POINT ( 'NONE', #3363 ) ;
#3707 = PLANE ( 'NONE',  #3061 ) ;
#3708 = DIRECTION ( 'NONE',  ( 0.000000000000000000, 0.000000000000000000, 1.000000000000000000 ) ) ;
#3709 = EDGE_LOOP ( 'NONE', ( #4512, #4586, #1110, #2896 ) ) ;
#3710 = CYLINDRICAL_SURFACE ( 'NONE', #256, 1.499999997199990220 ) ;
#3711 = FACE_OUTER_BOUND ( 'NONE', #227, .T. ) ;
#3712 = CARTESIAN_POINT ( 'NONE',  ( 2.500000020708881276, -29.00000001360000823, 0.1500000047999999753 ) ) ;
#3713 = B_SPLINE_CURVE_WITH_KNOTS ( 'NONE', 3,
 ( #631, #3769, #3391, #3117, #930, #3062, #555, #247, #1281, #579 ),
 .UNSPECIFIED., .F., .F.,
 ( 4, 2, 2, 2, 4 ),
 ( 0.000000000000000000, 0.2499999999999994449, 0.4999999999999988898, 0.7499999999999992228, 1.000000000000000000 ),
 .UNSPECIFIED. ) ;
#3714 = DIRECTION ( 'NONE',  ( -1.000000000000000000, 0.000000000000000000, 0.000000000000000000 ) ) ;
#3715 = ADVANCED_FACE ( 'NONE', ( #2678 ), #3431, .T. ) ;
#3716 = DIRECTION ( 'NONE',  ( 0.000000000000000000, 0.000000000000000000, -1.000000000000000000 ) ) ;
#3717 = CARTESIAN_POINT ( 'NONE',  ( -6.331276155842113340, -23.86538528208599530, 0.7499999986000001062 ) ) ;
#3718 = CARTESIAN_POINT ( 'NONE',  ( -11.80642531609113099, -37.06217840280001496, -0.2499999995333333780 ) ) ;
#3719 = EDGE_LOOP ( 'NONE', ( #810, #2241, #2592, #1799 ) ) ;
#3720 = CARTESIAN_POINT ( 'NONE',  ( -22.46410144456165270, 30.90896507352547218, -0.7499999985999999952 ) ) ;
#3721 = VERTEX_POINT ( 'NONE', #503 ) ;
#3722 = EDGE_CURVE ( 'NONE', #1335, #3501, #3281, .T. ) ;
#3723 = EDGE_CURVE ( 'NONE', #823, #1941, #4518, .T. ) ;
#3724 = CARTESIAN_POINT ( 'NONE',  ( 22.99999882048586741, -2.499998824193994107, 0.4499999986000000618 ) ) ;
#3725 = CARTESIAN_POINT ( 'NONE',  ( -10.08493630289114584, 22.46762206999999734, 0.7499999985999999952 ) ) ;
#3726 = CARTESIAN_POINT ( 'NONE',  ( -13.49999998329112749, -13.00000112720001511, -0.2499999995333333780 ) ) ;
#3727 = ORIENTED_EDGE ( 'NONE', *, *, #4015, .T. ) ;
#3728 = EDGE_CURVE ( 'NONE', #4059, #4562, #3561, .T. ) ;
#3729 = EDGE_CURVE ( 'NONE', #2268, #2494, #4400, .T. ) ;
#3730 = ORIENTED_EDGE ( 'NONE', *, *, #593, .F. ) ;
#3731 = CARTESIAN_POINT ( 'NONE',  ( -16.49999999621715219, 15.99999995991702129, -0.7500000017667113328 ) ) ;
#3732 = CARTESIAN_POINT ( 'NONE',  ( 36.11947483400085446, 11.05938057272198805, 0.7499999965497240462 ) ) ;
#3733 = VERTEX_POINT ( 'NONE', #1677 ) ;
#3734 = DIRECTION ( 'NONE',  ( 0.000000000000000000, 0.000000000000000000, -1.000000000000000000 ) ) ;
#3735 = CARTESIAN_POINT ( 'NONE',  ( 27.99999999850883015, 1.168400015627568678E-06, 0.4499999986000000618 ) ) ;
#3736 = CARTESIAN_POINT ( 'NONE',  ( -11.80642531048511934, -37.06217839597849917, -0.7499999963850274565 ) ) ;
#3737 = CARTESIAN_POINT ( 'NONE',  ( 26.50000000130886590, 1.168400015627568678E-06, -0.7499999985999999952 ) ) ;
#3738 = CARTESIAN_POINT ( 'NONE',  ( -16.10236593978874353, -16.00000113222415266, -0.7499999985999999952 ) ) ;
#3739 = B_SPLINE_CURVE_WITH_KNOTS ( 'NONE', 3,
 ( #612, #1661, #1612, #4528 ),
 .UNSPECIFIED., .F., .F.,
 ( 4, 4 ),
 ( 0.000000000000000000, 1.000000000000000000 ),
 .UNSPECIFIED. ) ;
#3740 = DATE_AND_TIME ( #3008, #636 ) ;
#3741 = CARTESIAN_POINT ( 'NONE',  ( -4.999999990724646182, -23.99999988840001564, 0.7499999985708261097 ) ) ;
#3742 = ORIENTED_EDGE ( 'NONE', *, *, #3934, .T. ) ;
#3743 = CARTESIAN_POINT ( 'NONE',  ( 21.68298479410885093, -12.02163597700001141, 0.2499999995333333780 ) ) ;
#3744 = ORIENTED_EDGE ( 'NONE', *, *, #3930, .T. ) ;
#3745 = EDGE_CURVE ( 'NONE', #3473, #1810, #1327, .T. ) ;
#3746 = EDGE_CURVE ( 'NONE', #3733, #39, #2157, .T. ) ;
#3747 = CARTESIAN_POINT ( 'NONE',  ( -2.499999986891154879, -29.00000001360000823, -0.7499999985999999952 ) ) ;
#3748 = CIRCLE ( 'NONE', #1722, 1.499999997200020641 ) ;
#3749 = DIRECTION ( 'NONE',  ( 0.000000000000000000, 0.000000000000000000, 1.000000000000000000 ) ) ;
#3750 = B_SPLINE_CURVE_WITH_KNOTS ( 'NONE', 3,
 ( #402, #6, #3927, #2856 ),
 .UNSPECIFIED., .F., .F.,
 ( 4, 4 ),
 ( 0.2500000025833332695, 1.000000000000000000 ),
 .UNSPECIFIED. ) ;
#3751 = CARTESIAN_POINT ( 'NONE',  ( -15.71410143745458043, 19.21762206651062144, 0.4499999986000000618 ) ) ;
#3752 = ORIENTED_EDGE ( 'NONE', *, *, #1899, .F. ) ;
#3753 = ORIENTED_EDGE ( 'NONE', *, *, #2530, .F. ) ;
#3754 = CARTESIAN_POINT ( 'NONE',  ( -22.99999924589113220, -22.51666037680000088, 0.000000000000000000 ) ) ;
#3755 = PLANE ( 'NONE',  #1743 ) ;
#3756 = EDGE_LOOP ( 'NONE', ( #4252, #4285, #2234, #4078 ) ) ;
#3757 = DIRECTION ( 'NONE',  ( 0.000000000000000000, 0.000000000000000000, 1.000000000000000000 ) ) ;
#3758 = CYLINDRICAL_SURFACE ( 'NONE', #1418, 1.500000014351892563 ) ;
#3760 = EDGE_CURVE ( 'NONE', #1934, #273, #3454, .T. ) ;
#3759 = CARTESIAN_POINT ( 'NONE',  ( -29.99999923510119970, -23.13122511941066151, -0.7499999986000001062 ) ) ;
#3761 = CARTESIAN_POINT ( 'NONE',  ( 30.44003896229937567, -16.24513634167848508, -0.7499999986000001062 ) ) ;
#3762 = DIRECTION ( 'NONE',  ( 0.000000000000000000, 0.000000000000000000, -1.000000000000000000 ) ) ;
#3763 = CARTESIAN_POINT ( 'NONE',  ( 23.59713629919561484, 8.509313227199946539, 0.7499999985999999952 ) ) ;
#3764 = APPROVAL_ROLE ( '' ) ;
#3765 = CARTESIAN_POINT ( 'NONE',  ( -11.80642531198713918, -37.06217839539252878, 0.7499999971706561297 ) ) ;
#3766 = CARTESIAN_POINT ( 'NONE',  ( 23.65697733376084955, 9.202560529677993983, 0.7499999951321840719 ) ) ;
#3767 = ORIENTED_EDGE ( 'NONE', *, *, #4398, .T. ) ;
#3768 = AXIS2_PLACEMENT_3D ( 'NONE', #3006, #3407, #1251 ) ;
#3769 = CARTESIAN_POINT ( 'NONE',  ( -23.99999923678164748, 13.39763402014101956, 0.7499999986000001062 ) ) ;
#3770 = CARTESIAN_POINT ( 'NONE',  ( 4.000000017908872607, -29.00000001360000823, 0.1500000047999999753 ) ) ;
#3771 = CYLINDRICAL_SURFACE ( 'NONE', #249, 2.999999994399968450 ) ;
#3772 = ORIENTED_EDGE ( 'NONE', *, *, #2589, .F. ) ;
#3773 = EDGE_CURVE ( 'NONE', #2335, #482, #2785, .T. ) ;
#3774 = VERTEX_POINT ( 'NONE', #1203 ) ;
#3775 = AXIS2_PLACEMENT_3D ( 'NONE', #1998, #900, #4382 ) ;
#3776 = VECTOR ( 'NONE', #1179, 1000.000000000000000 ) ;
#3777 = DIRECTION ( 'NONE',  ( 0.3420201455432401727, -0.9396926199787783984, 0.000000000000000000 ) ) ;
#3778 = AXIS2_PLACEMENT_3D ( 'NONE', #960, #1772, #3556 ) ;
#3779 = B_SPLINE_CURVE_WITH_KNOTS ( 'NONE', 3,
 ( #1134, #504, #2536, #790 ),
 .UNSPECIFIED., .F., .F.,
 ( 4, 4 ),
 ( 0.000000000000000000, 1.000000000000000000 ),
 .UNSPECIFIED. ) ;
#3780 = CARTESIAN_POINT ( 'NONE',  ( -14.77499966849113378, 27.58290912159999664, -0.7499999985999999952 ) ) ;
#3781 = ORIENTED_EDGE ( 'NONE', *, *, #3462, .T. ) ;
#3782 = CARTESIAN_POINT ( 'NONE',  ( -3.999999984091146210, -29.00000001360000823, -0.7499999985999999952 ) ) ;
#3783 = VERTEX_POINT ( 'NONE', #1324 ) ;
#3784 = CARTESIAN_POINT ( 'NONE',  ( -23.99999922725062973, 12.99999995879999659, -0.7499999982814162802 ) ) ;
#3785 = B_SPLINE_CURVE_WITH_KNOTS ( 'NONE', 3,
 ( #3935, #382, #3243, #713 ),
 .UNSPECIFIED., .F., .F.,
 ( 4, 4 ),
 ( 0.000000000000000000, 1.000000000000000000 ),
 .UNSPECIFIED. ) ;
#3786 = DIRECTION ( 'NONE',  ( 0.5000000603243062169, 0.8660253689561813184, 0.000000000000000000 ) ) ;
#3787 = CYLINDRICAL_SURFACE ( 'NONE', #2129, 2.249999995800000541 ) ;
#3788 = VERTEX_POINT ( 'NONE', #3865 ) ;
#3789 = EDGE_CURVE ( 'NONE', #911, #3054, #2534, .T. ) ;
#3790 = CARTESIAN_POINT ( 'NONE',  ( -15.71930132014066928, -15.92388065607629599, 0.7499999986000001062 ) ) ;
#3791 = EDGE_CURVE ( 'NONE', #2107, #3388, #3616, .T. ) ;
#3792 = CARTESIAN_POINT ( 'NONE',  ( 13.61669132933698378, -11.67362068205915193, -0.7499999986000001062 ) ) ;
#3793 = PERSON_AND_ORGANIZATION ( #3099, #3106 ) ;
#3794 = EDGE_CURVE ( 'NONE', #3239, #2132, #4293, .T. ) ;
#3795 = DIRECTION ( 'NONE',  ( 0.000000000000000000, 0.000000000000000000, 1.000000000000000000 ) ) ;
#3796 = B_SPLINE_CURVE_WITH_KNOTS ( 'NONE', 3,
 ( #3124, #942, #3164, #4601 ),
 .UNSPECIFIED., .F., .F.,
 ( 4, 4 ),
 ( 0.000000000000000000, 1.000000000000000000 ),
 .UNSPECIFIED. ) ;
#3797 = CARTESIAN_POINT ( 'NONE',  ( -4.999999990691144980, 8.999999983200002163, -0.7499999985999999952 ) ) ;
#3798 = VERTEX_POINT ( 'NONE', #4544 ) ;
#3799 = DIRECTION ( 'NONE',  ( 0.9396926202337730905, 0.3420201448426480884, 0.000000000000000000 ) ) ;
#3800 = CARTESIAN_POINT ( 'NONE',  ( 10.00000013370885910, -8.999999932400033487, 0.7499999985999999952 ) ) ;
#3801 = DIRECTION ( 'NONE',  ( 0.000000000000000000, 0.000000000000000000, 1.000000000000000000 ) ) ;
#3802 = ORIENTED_EDGE ( 'NONE', *, *, #4169, .F. ) ;
#3803 = ORIENTED_EDGE ( 'NONE', *, *, #1216, .T. ) ;
#3804 = B_SPLINE_CURVE_WITH_KNOTS ( 'NONE', 3,
 ( #2738, #4131, #2767, #1005 ),
 .UNSPECIFIED., .F., .F.,
 ( 4, 4 ),
 ( 0.000000000000000000, 0.7499999974166670080 ),
 .UNSPECIFIED. ) ;
#3805 = APPROVAL ( #2300, 'UNSPECIFIED' ) ;
#3806 = ADVANCED_FACE ( 'NONE', ( #2783 ), #4195, .F. ) ;
#3807 = CARTESIAN_POINT ( 'NONE',  ( 4.000000017908872607, -29.00000001360000823, 0.4499999986000000618 ) ) ;
#3808 = CARTESIAN_POINT ( 'NONE',  ( 32.98952240316987883, 14.41584370773851731, -0.7499999980067396654 ) ) ;
#3809 = VERTEX_POINT ( 'NONE', #3112 ) ;
#3810 = CYLINDRICAL_SURFACE ( 'NONE', #1075, 1.499999997200020641 ) ;
#3811 = ORIENTED_EDGE ( 'NONE', *, *, #30, .F. ) ;
#3812 = PLANE ( 'NONE',  #3596 ) ;
#3813 = EDGE_CURVE ( 'NONE', #2404, #1856, #1267, .T. ) ;
#3814 = DIRECTION ( 'NONE',  ( 0.000000000000000000, 0.000000000000000000, 1.000000000000000000 ) ) ;
#3815 = LINE ( 'NONE', #2418, #4297 ) ;
#3816 = LINE ( 'NONE', #3885, #1895 ) ;
#3817 = CARTESIAN_POINT ( 'NONE',  ( 17.52606057330785561, -13.53463267532051262, -0.7499999952333182840 ) ) ;
#3818 = AXIS2_PLACEMENT_3D ( 'NONE', #1295, #1691, #948 ) ;
#3819 = CARTESIAN_POINT ( 'NONE',  ( -29.91958358594240153, 23.73834337702029273, 0.7500000111498408284 ) ) ;
#3820 = ORIENTED_EDGE ( 'NONE', *, *, #130, .T. ) ;
#3821 = ORIENTED_EDGE ( 'NONE', *, *, #2407, .F. ) ;
#3822 = AXIS2_PLACEMENT_3D ( 'NONE', #3533, #2500, #3829 ) ;
#3823 = DIRECTION ( 'NONE',  ( -0.000000000000000000, -0.000000000000000000, -1.000000000000000000 ) ) ;
#3824 = CARTESIAN_POINT ( 'NONE',  ( -22.46410144456165270, 30.90896507352547218, 0.4499999986000000618 ) ) ;
#3825 = DIRECTION ( 'NONE',  ( 0.000000000000000000, 0.000000000000000000, 1.000000000000000000 ) ) ;
#3826 = ORIENTED_EDGE ( 'NONE', *, *, #1920, .T. ) ;
#3827 = ORIENTED_EDGE ( 'NONE', *, *, #1204, .F. ) ;
#3828 = VECTOR ( 'NONE', #1889, 1000.000000000000000 ) ;
#3829 = DIRECTION ( 'NONE',  ( 0.5000000585538370013, 0.8660253699783624359, 0.000000000000000000 ) ) ;
#3830 = CARTESIAN_POINT ( 'NONE',  ( 34.15000001750878766, 1.149999986000016516, -0.1499999931333333147 ) ) ;
#3831 = ORIENTED_EDGE ( 'NONE', *, *, #2775, .T. ) ;
#3832 = CARTESIAN_POINT ( 'NONE',  ( 17.52606056345737429, 13.53463501031249017, 0.7499999961666841131 ) ) ;
#3833 = ORIENTED_EDGE ( 'NONE', *, *, #4439, .F. ) ;
#3834 = FACE_OUTER_BOUND ( 'NONE', #1406, .T. ) ;
#3835 = CARTESIAN_POINT ( 'NONE',  ( 13.44564546011437578, -26.19586423896366512, 0.7499999986000001062 ) ) ;
#3836 = B_SPLINE_CURVE_WITH_KNOTS ( 'NONE', 3,
 ( #896, #1200, #2628, #545 ),
 .UNSPECIFIED., .F., .F.,
 ( 4, 4 ),
 ( 0.000000000000000000, 1.000000000000000000 ),
 .UNSPECIFIED. ) ;
#3837 = CARTESIAN_POINT ( 'NONE',  ( 10.00000013370885910, -3.999999950200029630, 0.2499999995333333780 ) ) ;
#3838 = ORIENTED_EDGE ( 'NONE', *, *, #2034, .F. ) ;
#3839 = DIRECTION ( 'NONE',  ( -0.000000000000000000, -0.000000000000000000, -1.000000000000000000 ) ) ;
#3840 = CARTESIAN_POINT ( 'NONE',  ( -1.931095902712527179, 33.88580932078582464, -0.7499999985999999952 ) ) ;
#3841 = PERSON_AND_ORGANIZATION ( #3099, #3106 ) ;
#3842 = DIRECTION ( 'NONE',  ( 0.000000000000000000, 0.000000000000000000, -1.000000000000000000 ) ) ;
#3843 = ORIENTED_EDGE ( 'NONE', *, *, #1167, .T. ) ;
#3844 = ORIENTED_EDGE ( 'NONE', *, *, #1769, .T. ) ;
#3845 = CARTESIAN_POINT ( 'NONE',  ( 34.15000001750889425, 0.000000000000000000, -0.7499999985999999952 ) ) ;
#3846 = B_SPLINE_CURVE_WITH_KNOTS ( 'NONE', 3,
 ( #1560, #2994, #4057, #3041, #2287, #4526, #1917, #157, #1958, #4085 ),
 .UNSPECIFIED., .F., .F.,
 ( 4, 2, 2, 2, 4 ),
 ( 0.000000000000000000, 0.2500000000000000000, 0.5000000000000000000, 0.7500000000000000000, 1.000000000000000000 ),
 .UNSPECIFIED. ) ;
#3847 = FACE_OUTER_BOUND ( 'NONE', #3863, .T. ) ;
#3848 = CARTESIAN_POINT ( 'NONE',  ( 30.77061681207737820, 16.08790902910350695, -0.7499999979219882373 ) ) ;
#3849 = EDGE_LOOP ( 'NONE', ( #3215, #4432, #2739, #982, #1453, #2455 ) ) ;
#3850 = B_SPLINE_CURVE_WITH_KNOTS ( 'NONE', 3,
 ( #1696, #4611, #3131, #3196 ),
 .UNSPECIFIED., .F., .F.,
 ( 4, 4 ),
 ( 0.000000000000000000, 1.000000000000000000 ),
 .UNSPECIFIED. ) ;
#3851 = VECTOR ( 'NONE', #1399, 1000.000000000000000 ) ;
#3852 = B_SPLINE_CURVE_WITH_KNOTS ( 'NONE', 3,
 ( #3640, #2223, #425, #71 ),
 .UNSPECIFIED., .F., .F.,
 ( 4, 4 ),
 ( 0.000000000000000000, 1.000000000000000000 ),
 .UNSPECIFIED. ) ;
#3853 = DIRECTION ( 'NONE',  ( -1.000000000000000000, 0.000000000000000000, 0.000000000000000000 ) ) ;
#3854 = VERTEX_POINT ( 'NONE', #647 ) ;
#3855 = FACE_OUTER_BOUND ( 'NONE', #202, .T. ) ;
#3856 = AXIS2_PLACEMENT_3D ( 'NONE', #193, #1839, #3079 ) ;
#3857 = EDGE_LOOP ( 'NONE', ( #645, #1648, #1992, #1483 ) ) ;
#3858 = DIRECTION ( 'NONE',  ( 0.000000000000000000, 0.000000000000000000, -1.000000000000000000 ) ) ;
#3859 = AXIS2_PLACEMENT_3D ( 'NONE', #4592, #2865, #1372 ) ;
#3860 = CIRCLE ( 'NONE', #178, 1.149999833600007237 ) ;
#3861 = CARTESIAN_POINT ( 'NONE',  ( 14.38475828808668489, -12.89687808434841720, 0.7499999985999999952 ) ) ;
#3862 = CARTESIAN_POINT ( 'NONE',  ( -5.214048559172860031, 37.13395752642647807, 0.7499999944232000892 ) ) ;
#3863 = EDGE_LOOP ( 'NONE', ( #2339, #1990, #893, #3482, #2201, #12 ) ) ;
#3864 = CARTESIAN_POINT ( 'NONE',  ( -18.07092915452951232, -28.99976748558416517, -0.4499999890000000446 ) ) ;
#3865 = CARTESIAN_POINT ( 'NONE',  ( 21.68298479463184947, -12.02163597843702902, -0.7499999953069438341 ) ) ;
#3866 = B_SPLINE_CURVE_WITH_KNOTS ( 'NONE', 3,
 ( #1649, #4239, #1018, #1763 ),
 .UNSPECIFIED., .F., .F.,
 ( 4, 4 ),
 ( 0.7461833422092865042, 1.000000000000000000 ),
 .UNSPECIFIED. ) ;
#3867 = EDGE_CURVE ( 'NONE', #1263, #2504, #2113, .T. ) ;
#3868 = EDGE_LOOP ( 'NONE', ( #3827, #1494, #4430, #922, #2812, #4324 ) ) ;
#3869 = VERTEX_POINT ( 'NONE', #3173 ) ;
#3870 = CARTESIAN_POINT ( 'NONE',  ( 13.50000012719687703, -10.71555481979999414, -0.7499999953385270146 ) ) ;
#3871 = CARTESIAN_POINT ( 'NONE',  ( -8.306424952585157229, 37.99999994548999638, -0.7499999991483438100 ) ) ;
#3872 = CARTESIAN_POINT ( 'NONE',  ( 21.68298479463184947, -12.02163597843702902, -0.7499999953069438341 ) ) ;
#3873 = ORIENTED_EDGE ( 'NONE', *, *, #2813, .F. ) ;
#3874 = EDGE_CURVE ( 'NONE', #3798, #449, #3850, .T. ) ;
#3875 = EDGE_CURVE ( 'NONE', #3457, #3048, #2324, .T. ) ;
#3876 = EDGE_CURVE ( 'NONE', #3100, #3904, #1156, .T. ) ;
#3877 = FACE_OUTER_BOUND ( 'NONE', #1431, .T. ) ;
#3878 = ORIENTED_EDGE ( 'NONE', *, *, #3382, .F. ) ;
#3879 = CARTESIAN_POINT ( 'NONE',  ( -23.99999922725062973, 12.99999995879999659, -0.7499999982814162802 ) ) ;
#3880 = VERTEX_POINT ( 'NONE', #1409 ) ;
#3881 = DIRECTION ( 'NONE',  ( 0.000000000000000000, 0.000000000000000000, -1.000000000000000000 ) ) ;
#3882 = DIRECTION ( 'NONE',  ( 1.000000000000000000, 0.000000000000000000, 0.000000000000000000 ) ) ;
#3883 = CARTESIAN_POINT ( 'NONE',  ( 36.11947527590891127, -11.05938029419999857, -0.2499999995333333780 ) ) ;
#3884 = ORIENTED_EDGE ( 'NONE', *, *, #1920, .F. ) ;
#3885 = CARTESIAN_POINT ( 'NONE',  ( -5.499999981291137097, -29.00000001360000823, 0.1500000047999999753 ) ) ;
#3886 = CARTESIAN_POINT ( 'NONE',  ( 37.99999881990883921, -3.999998832599993559, -0.7499999985999999952 ) ) ;
#3887 = CARTESIAN_POINT ( 'NONE',  ( -14.74999999789114469, 22.94967320139998535, -0.7499999985999999952 ) ) ;
#3888 = ORIENTED_EDGE ( 'NONE', *, *, #2833, .T. ) ;
#3889 = ORIENTED_EDGE ( 'NONE', *, *, #2060, .F. ) ;
#3890 = DIRECTION ( 'NONE',  ( 0.000000000000000000, 0.000000000000000000, 1.000000000000000000 ) ) ;
#3891 = CIRCLE ( 'NONE', #1112, 1.500000029069059160 ) ;
#3892 = CARTESIAN_POINT ( 'NONE',  ( -17.07499999609113317, 29.57476752040000179, 0.1500000047999999753 ) ) ;
#3893 = EDGE_CURVE ( 'NONE', #2596, #4133, #3906, .T. ) ;
#3894 = CARTESIAN_POINT ( 'NONE',  ( 34.08366031444223410, -13.24252458593331738, 0.7499999985999999952 ) ) ;
#3895 = AXIS2_PLACEMENT_3D ( 'NONE', #3754, #2220, #3659 ) ;
#3896 = ORIENTED_EDGE ( 'NONE', *, *, #3236, .F. ) ;
#3897 = CARTESIAN_POINT ( 'NONE',  ( 1.750000022108871844, -29.00000001360000823, 0.4499999986000000618 ) ) ;
#3898 = ORIENTED_EDGE ( 'NONE', *, *, #808, .T. ) ;
#3899 = AXIS2_PLACEMENT_3D ( 'NONE', #2682, #4126, #1657 ) ;
#3900 = ORIENTED_EDGE ( 'NONE', *, *, #2399, .F. ) ;
#3901 = CARTESIAN_POINT ( 'NONE',  ( 16.45855418724584496, -30.80705122514426719, -0.7499999985999999952 ) ) ;
#3902 = FACE_OUTER_BOUND ( 'NONE', #3960, .T. ) ;
#3903 = CARTESIAN_POINT ( 'NONE',  ( 13.07273007954135124, -32.00000112978851519, 0.7500000026637549944 ) ) ;
#3904 = VERTEX_POINT ( 'NONE', #1719 ) ;
#3905 = CARTESIAN_POINT ( 'NONE',  ( 20.31349654681437755, -18.64995699203580060, 0.7499999985999998842 ) ) ;
#3906 = B_SPLINE_CURVE_WITH_KNOTS ( 'NONE', 3,
 ( #2489, #1366, #2140, #2802 ),
 .UNSPECIFIED., .F., .F.,
 ( 4, 4 ),
 ( 0.000000000000000000, 1.000000000000000000 ),
 .UNSPECIFIED. ) ;
#3907 = CARTESIAN_POINT ( 'NONE',  ( -23.99999922709108091, -4.333334104776646711, 0.7499999985999999952 ) ) ;
#3908 = EDGE_CURVE ( 'NONE', #2335, #3100, #89, .T. ) ;
#3909 = DIRECTION ( 'NONE',  ( -0.2079116989976630969, 0.9781475989951133876, 0.000000000000000000 ) ) ;
#3910 = DIRECTION ( 'NONE',  ( 0.000000000000000000, 0.000000000000000000, -1.000000000000000000 ) ) ;
#3911 = B_SPLINE_CURVE_WITH_KNOTS ( 'NONE', 3,
 ( #1407, #1715, #3483, #3905, #2420, #3545 ),
 .UNSPECIFIED., .F., .F.,
 ( 4, 2, 4 ),
 ( 0.000000000000000000, 0.5000000000000000000, 1.000000000000000000 ),
 .UNSPECIFIED. ) ;
#3912 = ORIENTED_EDGE ( 'NONE', *, *, #360, .F. ) ;
#3913 = CARTESIAN_POINT ( 'NONE',  ( -26.49999963745763765, -28.57883796948351574, 0.7499999956487439778 ) ) ;
#3914 = DIRECTION ( 'NONE',  ( 0.000000000000000000, 0.000000000000000000, -1.000000000000000000 ) ) ;
#3915 = CARTESIAN_POINT ( 'NONE',  ( -16.07907051729112879, 30.14976769119997968, 0.4499999986000000618 ) ) ;
#3916 = DIRECTION ( 'NONE',  ( -0.000000000000000000, -0.000000000000000000, -1.000000000000000000 ) ) ;
#3917 = ORIENTED_EDGE ( 'NONE', *, *, #387, .T. ) ;
#3918 = B_SPLINE_CURVE_WITH_KNOTS ( 'NONE', 3,
 ( #122, #1616, #515, #3047 ),
 .UNSPECIFIED., .F., .F.,
 ( 4, 4 ),
 ( 0.000000000000000000, 1.000000000000000000 ),
 .UNSPECIFIED. ) ;
#3919 = EDGE_CURVE ( 'NONE', #2214, #1762, #2990, .T. ) ;
#3920 = DIRECTION ( 'NONE',  ( 1.000000000000000000, 0.000000000000000000, 0.000000000000000000 ) ) ;
#3921 = VERTEX_POINT ( 'NONE', #3974 ) ;
#3922 = VERTEX_POINT ( 'NONE', #2529 ) ;
#3923 = AXIS2_PLACEMENT_3D ( 'NONE', #4143, #921, #1693 ) ;
#3924 = CARTESIAN_POINT ( 'NONE',  ( -13.49999999362713687, -13.00000112719998313, 0.7500000024437449841 ) ) ;
#3925 = CIRCLE ( 'NONE', #3475, 1.150000011399976430 ) ;
#3926 = ADVANCED_FACE ( 'NONE', ( #4369 ), #3287, .T. ) ;
#3927 = CARTESIAN_POINT ( 'NONE',  ( 34.15000001750878766, -1.150000011399976430, -0.1499999931333333703 ) ) ;
#3928 = ORIENTED_EDGE ( 'NONE', *, *, #4110, .T. ) ;
#3929 = ADVANCED_FACE ( 'NONE', ( #2158 ), #3957, .F. ) ;
#3930 = EDGE_CURVE ( 'NONE', #461, #2771, #600, .T. ) ;
#3931 = CARTESIAN_POINT ( 'NONE',  ( 23.47600221376736229, -8.176497692327977518, -0.7499999952007280202 ) ) ;
#3932 = CARTESIAN_POINT ( 'NONE',  ( 1.946345499294212189, -38.00000113979998417, -0.7499999985999999952 ) ) ;
#3933 = AXIS2_PLACEMENT_3D ( 'NONE', #3892, #3202, #674 ) ;
#3934 = EDGE_CURVE ( 'NONE', #3346, #3254, #3678, .T. ) ;
#3935 = CARTESIAN_POINT ( 'NONE',  ( -4.999999986825653941, -23.99999988890000324, -0.7499999976333540097 ) ) ;
#3936 = VECTOR ( 'NONE', #2160, 1000.000000000000000 ) ;
#3937 = CARTESIAN_POINT ( 'NONE',  ( 5.000000075308874692, -23.99999988840001564, -0.7499999992708411556 ) ) ;
#3938 = EDGE_CURVE ( 'NONE', #2667, #2984, #978, .T. ) ;
#3939 = AXIS2_PLACEMENT_3D ( 'NONE', #3272, #2165, #1162 ) ;
#3940 = ORIENTED_EDGE ( 'NONE', *, *, #4094, .F. ) ;
#3941 = CARTESIAN_POINT ( 'NONE',  ( -15.71410143439513973, 19.21762206827698449, 0.4499999986000000618 ) ) ;
#3942 = ADVANCED_FACE ( 'NONE', ( #2599 ), #3689, .F. ) ;
#3943 = DIRECTION ( 'NONE',  ( 0.000000000000000000, 0.000000000000000000, 1.000000000000000000 ) ) ;
#3944 = CARTESIAN_POINT ( 'NONE',  ( 23.28815169683425168, 10.67602173294750756, 0.7499999986000002172 ) ) ;
#3945 = DIRECTION ( 'NONE',  ( 0.000000000000000000, 0.000000000000000000, -1.000000000000000000 ) ) ;
#3946 = ORIENTED_EDGE ( 'NONE', *, *, #1692, .F. ) ;
#3947 = B_SPLINE_CURVE_WITH_KNOTS ( 'NONE', 3,
 ( #965, #1773, #4163, #1988, #4532, #204, #1288, #4618, #1396, #4267, #1749, #1048, #2713, #2743 ),
 .UNSPECIFIED., .F., .F.,
 ( 4, 2, 2, 2, 2, 2, 4 ),
 ( 0.000000000000000000, 0.1943846043794489054, 0.2915769065691736772, 0.3887692087588984768, 0.5831538131383489088, 0.6803461153280744300, 0.7775384175178000623 ),
 .UNSPECIFIED. ) ;
#3948 = CARTESIAN_POINT ( 'NONE',  ( 4.000000221660387822, 1.150000318960342494, -0.7499999985999999952 ) ) ;
#3949 = EDGE_LOOP ( 'NONE', ( #2988, #357, #1707, #848 ) ) ;
#3950 = ORIENTED_EDGE ( 'NONE', *, *, #1294, .F. ) ;
#3951 = EDGE_CURVE ( 'NONE', #2968, #1123, #4184, .T. ) ;
#3952 = CARTESIAN_POINT ( 'NONE',  ( -17.65000015814105438, 30.57069700630890452, 0.4499999986000000618 ) ) ;
#3953 = CARTESIAN_POINT ( 'NONE',  ( 23.47274769713260056, 10.24933480362771832, -0.7499999986000001062 ) ) ;
#3954 = ORIENTED_EDGE ( 'NONE', *, *, #53, .T. ) ;
#3955 = CARTESIAN_POINT ( 'NONE',  ( -14.92907049334987768, 28.15790927424072265, -0.4499999890000000446 ) ) ;
#3956 = ADVANCED_FACE ( 'NONE', ( #3641 ), #2553, .T. ) ;
#3957 = CYLINDRICAL_SURFACE ( 'NONE', #521, 2.999999994400010195 ) ;
#3958 = CARTESIAN_POINT ( 'NONE',  ( -16.50000000309115222, -16.00000112316099532, -0.7500000015687918742 ) ) ;
#3959 = CARTESIAN_POINT ( 'NONE',  ( 20.69253333261936234, 1.170048502530107726E-06, -0.7499999987613420460 ) ) ;
#3960 = EDGE_LOOP ( 'NONE', ( #2695, #2, #2533, #554, #4209, #325 ) ) ;
#3961 = CARTESIAN_POINT ( 'NONE',  ( -9.368338101182695610, -1.480659980124217734, -0.7499999986000001062 ) ) ;
#3962 = CARTESIAN_POINT ( 'NONE',  ( -18.07092915452951232, -28.99976748558416517, -0.4499999890000000446 ) ) ;
#3963 = CARTESIAN_POINT ( 'NONE',  ( -15.71410141301363161, -19.21762231240650820, 0.4499999986000000618 ) ) ;
#3964 = CARTESIAN_POINT ( 'NONE',  ( 10.00000010780891380, -3.343020577937255489, 0.7499999986000001062 ) ) ;
#3965 = CARTESIAN_POINT ( 'NONE',  ( -13.25000000069112538, -22.94967320139998535, -0.7499999985999999952 ) ) ;
#3966 = ORIENTED_EDGE ( 'NONE', *, *, #3729, .T. ) ;
#3967 = PLANE ( 'NONE',  #3242 ) ;
#3968 = VERTEX_POINT ( 'NONE', #731 ) ;
#3969 = ORIENTED_EDGE ( 'NONE', *, *, #1732, .T. ) ;
#3970 = LINE ( 'NONE', #1781, #3212 ) ;
#3971 = DIRECTION ( 'NONE',  ( 1.000000000000000000, 0.000000000000000000, 0.000000000000000000 ) ) ;
#3972 = EDGE_LOOP ( 'NONE', ( #2712, #871 ) ) ;
#3973 = CARTESIAN_POINT ( 'NONE',  ( 23.65697733599736452, -9.202558192881015842, -0.7499999936604241357 ) ) ;
#3974 = CARTESIAN_POINT ( 'NONE',  ( 10.00000012939236704, -3.999999950200006094, 0.7500000003000401039 ) ) ;
#3975 = AXIS2_PLACEMENT_3D ( 'NONE', #3349, #4083, #3276 ) ;
#3976 = FACE_OUTER_BOUND ( 'NONE', #3039, .T. ) ;
#3977 = CARTESIAN_POINT ( 'NONE',  ( 28.87821675954272393, -16.70329067652290078, -0.2499999977608894086 ) ) ;
#3978 = EDGE_CURVE ( 'NONE', #838, #635, #3116, .T. ) ;
#3979 = ORIENTED_EDGE ( 'NONE', *, *, #2250, .T. ) ;
#3980 = CARTESIAN_POINT ( 'NONE',  ( -7.519395179561209730, 0.3684714679593816267, -0.7499999986000001062 ) ) ;
#3981 = CARTESIAN_POINT ( 'NONE',  ( -0.2247812302774911397, 0.2066744479405999979, -0.0007499999985999999995 ) ) ;
#3982 = FACE_OUTER_BOUND ( 'NONE', #2465, .T. ) ;
#3983 = DIRECTION ( 'NONE',  ( -1.000000000000000000, 5.597070699207871170E-10, 0.000000000000000000 ) ) ;
#3984 = CARTESIAN_POINT ( 'NONE',  ( 13.50000012862187582, 10.71555715659999741, 0.7499999964708481404 ) ) ;
#3985 = VERTEX_POINT ( 'NONE', #2909 ) ;
#3986 = CARTESIAN_POINT ( 'NONE',  ( -13.66506332722111594, 18.66858396669801579, 0.4499999986000000618 ) ) ;
#3987 = FACE_OUTER_BOUND ( 'NONE', #3165, .T. ) ;
#3988 = VERTEX_POINT ( 'NONE', #4303 ) ;
#3989 = ORIENTED_EDGE ( 'NONE', *, *, #875, .T. ) ;
#3990 = EDGE_CURVE ( 'NONE', #1779, #2845, #3995, .T. ) ;
#3991 = LINE ( 'NONE', #3283, #2232 ) ;
#3992 = CYLINDRICAL_SURFACE ( 'NONE', #2336, 5.000000007599999741 ) ;
#3993 = ORIENTED_EDGE ( 'NONE', *, *, #2479, .F. ) ;
#3994 = CARTESIAN_POINT ( 'NONE',  ( -29.99999924129108209, 7.505553610138687937, -0.7499999985999999952 ) ) ;
#3995 = LINE ( 'NONE', #426, #146 ) ;
#3996 = B_SPLINE_CURVE_WITH_KNOTS ( 'NONE', 3,
 ( #2976, #4415, #1194, #2623, #162, #4062, #846, #1944 ),
 .UNSPECIFIED., .F., .F.,
 ( 4, 2, 2, 4 ),
 ( 0.000000000000000000, 0.5000000000000002220, 0.7500000000000001110, 1.000000000000000000 ),
 .UNSPECIFIED. ) ;
#3997 = AXIS2_PLACEMENT_3D ( 'NONE', #4314, #1031, #2149 ) ;
#3998 = DIRECTION ( 'NONE',  ( 1.000000000000000000, 0.000000000000000000, 0.000000000000000000 ) ) ;
#3999 = CARTESIAN_POINT ( 'NONE',  ( -17.07500012309112591, -29.57476746960002600, -0.7499999985999999952 ) ) ;
#4000 = ORIENTED_EDGE ( 'NONE', *, *, #3773, .T. ) ;
#4001 = CIRCLE ( 'NONE', #4374, 1.500000015599949776 ) ;
#4002 = CARTESIAN_POINT ( 'NONE',  ( -11.80642531198713918, -37.06217839539252878, 0.7499999971706561297 ) ) ;
#4003 = EDGE_CURVE ( 'NONE', #3721, #420, #1084, .T. ) ;
#4004 = CARTESIAN_POINT ( 'NONE',  ( -25.15470005694441724, 29.35554720147497676, -0.7499999985999999952 ) ) ;
#4005 = ORIENTED_EDGE ( 'NONE', *, *, #3282, .F. ) ;
#4006 = AXIS2_PLACEMENT_3D ( 'NONE', #1585, #908, #2638 ) ;
#4007 = DIRECTION ( 'NONE',  ( 1.000000000000000000, 0.000000000000000000, 0.000000000000000000 ) ) ;
#4008 = CARTESIAN_POINT ( 'NONE',  ( -13.57632810439893944, -13.78082017626132050, 0.7499999986000001062 ) ) ;
#4009 = ORIENTED_EDGE ( 'NONE', *, *, #1373, .T. ) ;
#4010 = CARTESIAN_POINT ( 'NONE',  ( 21.87531874983037028, -18.19180265394748730, -0.7499999958137953948 ) ) ;
#4011 = CARTESIAN_POINT ( 'NONE',  ( -26.49999963966365257, -28.57883796959950828, -0.7499999945186460737 ) ) ;
#4012 = ORIENTED_EDGE ( 'NONE', *, *, #705, .T. ) ;
#4013 = VERTEX_POINT ( 'NONE', #4021 ) ;
#4014 = ADVANCED_FACE ( 'NONE', ( #3241 ), #2224, .F. ) ;
#4015 = EDGE_CURVE ( 'NONE', #2978, #1934, #3338, .T. ) ;
#4016 = B_SPLINE_CURVE_WITH_KNOTS ( 'NONE', 3,
 ( #1198, #3049, #2626, #566, #4488, #1271, #2696, #4138, #915, #263 ),
 .UNSPECIFIED., .F., .F.,
 ( 4, 2, 2, 2, 4 ),
 ( 0.000000000000000000, 0.2500000000000000000, 0.5000000000000000000, 0.7500000000000000000, 1.000000000000000000 ),
 .UNSPECIFIED. ) ;
#4017 = CARTESIAN_POINT ( 'NONE',  ( 31.84999999470883125, -1.150000011399976430, -0.7550132910086272409 ) ) ;
#4018 = CARTESIAN_POINT ( 'NONE',  ( -13.57632810141432600, 13.78081900553005390, -0.7499999985999998842 ) ) ;
#4019 = EDGE_LOOP ( 'NONE', ( #704, #3593, #2935, #3199 ) ) ;
#4020 = CARTESIAN_POINT ( 'NONE',  ( -23.92367112345651137, -13.78082017683129834, -0.7499999985999999952 ) ) ;
#4021 = CARTESIAN_POINT ( 'NONE',  ( 24.49999881205985730, 4.000001177026008214, 0.7499999985999999952 ) ) ;
#4022 = CARTESIAN_POINT ( 'NONE',  ( 4.999999999108855953, 8.999999983200002163, 0.7499999985999999952 ) ) ;
#4023 = CYLINDRICAL_SURFACE ( 'NONE', #1601, 1.500000004826016031 ) ;
#4024 = VERTEX_POINT ( 'NONE', #3735 ) ;
#4025 = DIRECTION ( 'NONE',  ( 1.000000000000000000, 0.000000000000000000, 0.000000000000000000 ) ) ;
#4026 = B_SPLINE_CURVE_WITH_KNOTS ( 'NONE', 3,
 ( #1774, #2189, #4289, #1397, #1816, #3205, #38, #3160, #1376, #2811 ),
 .UNSPECIFIED., .F., .F.,
 ( 4, 2, 2, 2, 4 ),
 ( 0.000000000000000000, 0.2500000000000000000, 0.5000000000000000000, 0.7500000000000000000, 1.000000000000000000 ),
 .UNSPECIFIED. ) ;
#4027 = CARTESIAN_POINT ( 'NONE',  ( -18.07092947489117307, 28.99976737499998336, 0.1500000027333333319 ) ) ;
#4028 = ORIENTED_EDGE ( 'NONE', *, *, #250, .F. ) ;
#4029 = CARTESIAN_POINT ( 'NONE',  ( 8.999257389474744073, -0.9282914538937883098, -0.7499999986000001062 ) ) ;
#4030 = CARTESIAN_POINT ( 'NONE',  ( -13.49999999362713687, -13.00000112719998313, 0.7500000024437449841 ) ) ;
#4031 = ORIENTED_EDGE ( 'NONE', *, *, #115, .F. ) ;
#4032 = CARTESIAN_POINT ( 'NONE',  ( 21.87531875030887818, -18.19180265619998593, -0.2499999995333333780 ) ) ;
#4033 = ADVANCED_FACE ( 'NONE', ( #2276 ), #2697, .F. ) ;
#4034 = DIRECTION ( 'NONE',  ( 0.000000000000000000, 0.000000000000000000, -1.000000000000000000 ) ) ;
#4035 = ORIENTED_EDGE ( 'NONE', *, *, #4639, .F. ) ;
#4036 = ORIENTED_EDGE ( 'NONE', *, *, #1574, .F. ) ;
#4037 = AXIS2_PLACEMENT_3D ( 'NONE', #427, #3573, #1500 ) ;
#4038 = CARTESIAN_POINT ( 'NONE',  ( 7.072730092637868893, -38.00000112919399697, 0.7500000029346749475 ) ) ;
#4039 = CARTESIAN_POINT ( 'NONE',  ( 37.79525347719395967, 8.022245499811321068, -0.7499999985999999952 ) ) ;
#4040 = ORIENTED_EDGE ( 'NONE', *, *, #4621, .F. ) ;
#4041 = CARTESIAN_POINT ( 'NONE',  ( -29.99999924084964675, -22.51666037680000088, 0.7499999954519940282 ) ) ;
#4042 = CIRCLE ( 'NONE', #1639, 2.249999995800000541 ) ;
#4043 = CARTESIAN_POINT ( 'NONE',  ( 7.072730092908848576, -38.00000113979998417, -0.2499999995333333780 ) ) ;
#4044 = AXIS2_PLACEMENT_3D ( 'NONE', #240, #3716, #170 ) ;
#4045 = CARTESIAN_POINT ( 'NONE',  ( 17.68778267270187854, -20.56099660264151652, -0.7499999956280483104 ) ) ;
#4046 = CARTESIAN_POINT ( 'NONE',  ( -15.92499998469115674, -27.58290912159999664, 0.1500000047999999753 ) ) ;
#4047 = ORIENTED_EDGE ( 'NONE', *, *, #3197, .T. ) ;
#4048 = PLANE ( 'NONE',  #2239 ) ;
#4049 = ADVANCED_FACE ( 'NONE', ( #3425 ), #1573, .T. ) ;
#4050 = CARTESIAN_POINT ( 'NONE',  ( -4.999999990691144980, 1.000000040466492157, -0.7499999977542054497 ) ) ;
#4051 = B_SPLINE_CURVE_WITH_KNOTS ( 'NONE', 3,
 ( #4525, #4178, #882, #959 ),
 .UNSPECIFIED., .F., .F.,
 ( 4, 4 ),
 ( 0.000000000000000000, 1.000000000000000000 ),
 .UNSPECIFIED. ) ;
#4052 = DIRECTION ( 'NONE',  ( 0.000000000000000000, 0.000000000000000000, 1.000000000000000000 ) ) ;
#4053 = ORIENTED_EDGE ( 'NONE', *, *, #952, .T. ) ;
#4054 = CARTESIAN_POINT ( 'NONE',  ( 5.656239050602424712, 1.000000032000021521, 0.7499999986000001062 ) ) ;
#4055 = EDGE_LOOP ( 'NONE', ( #4053, #4362, #1333, #4087, #2106, #3767 ) ) ;
#4056 = EDGE_CURVE ( 'NONE', #2715, #3692, #2005, .T. ) ;
#4057 = CARTESIAN_POINT ( 'NONE',  ( 13.61669133630235962, 11.67362300947022646, 0.7499999986000001062 ) ) ;
#4058 = CARTESIAN_POINT ( 'NONE',  ( -16.92092946503398565, 27.00790894990939961, -0.7550132910086272409 ) ) ;
#4059 = VERTEX_POINT ( 'NONE', #3380 ) ;
#4060 = VERTEX_POINT ( 'NONE', #1293 ) ;
#4061 = EDGE_CURVE ( 'NONE', #619, #994, #1222, .T. ) ;
#4062 = CARTESIAN_POINT ( 'NONE',  ( 36.68592295355333022, -10.39189676002262885, -0.7499999985999999952 ) ) ;
#4063 = CARTESIAN_POINT ( 'NONE',  ( -0.6168467935911414735, -38.00000113979998417, -0.7499999985999999952 ) ) ;
#4064 = VERTEX_POINT ( 'NONE', #1272 ) ;
#4065 = DIRECTION ( 'NONE',  ( 1.000000000000000000, 0.000000000000000000, 0.000000000000000000 ) ) ;
#4066 = DIRECTION ( 'NONE',  ( 1.000000000000000000, 0.000000000000000000, 0.000000000000000000 ) ) ;
#4067 = EDGE_CURVE ( 'NONE', #3880, #243, #4145, .T. ) ;
#4068 = ADVANCED_FACE ( 'NONE', ( #3711 ), #3758, .F. ) ;
#4069 = CARTESIAN_POINT ( 'NONE',  ( -27.03190525510597553, -28.27174208602468397, -0.7499999986000001062 ) ) ;
#4070 = ADVANCED_FACE ( 'NONE', ( #541, #1928, #166 ), #1596, .T. ) ;
#4071 = CARTESIAN_POINT ( 'NONE',  ( 33.06575283267082455, -14.33409673057500733, -0.7499999969216506468 ) ) ;
#4072 = VERTEX_POINT ( 'NONE', #500 ) ;
#4073 = CARTESIAN_POINT ( 'NONE',  ( 14.06124392210142915, -12.52798065083301360, -0.7499999985999998842 ) ) ;
#4074 = CARTESIAN_POINT ( 'NONE',  ( -5.668003543994601934, -23.99999988460098166, 0.7499999986000001062 ) ) ;
#4075 = EDGE_CURVE ( 'NONE', #4501, #421, #104, .T. ) ;
#4076 = ADVANCED_FACE ( 'NONE', ( #568 ), #1248, .F. ) ;
#4077 = CARTESIAN_POINT ( 'NONE',  ( -15.92499998469115674, 27.58290912159999664, -0.7499999985999999952 ) ) ;
#4078 = ORIENTED_EDGE ( 'NONE', *, *, #1589, .F. ) ;
#4079 = B_SPLINE_CURVE_WITH_KNOTS ( 'NONE', 3,
 ( #624, #3524, #4587, #312 ),
 .UNSPECIFIED., .F., .F.,
 ( 4, 4 ),
 ( 0.000000000000000000, 1.000000000000000000 ),
 .UNSPECIFIED. ) ;
#4080 = CARTESIAN_POINT ( 'NONE',  ( -9.999999997124643158, -18.99999989680001278, -0.7499999977542053387 ) ) ;
#4081 = VECTOR ( 'NONE', #985, 999.9999999999997726 ) ;
#4082 = ORIENTED_EDGE ( 'NONE', *, *, #2651, .T. ) ;
#4083 = DIRECTION ( 'NONE',  ( 0.000000000000000000, 0.000000000000000000, -1.000000000000000000 ) ) ;
#4084 = APPROVAL_PERSON_ORGANIZATION ( #4099, #2677, #599 ) ;
#4085 = CARTESIAN_POINT ( 'NONE',  ( 17.52606056345737429, 13.53463501031249017, 0.7499999961666841131 ) ) ;
#4086 = CARTESIAN_POINT ( 'NONE',  ( 37.99999881990883921, -3.999998832599993559, 0.7499999985999999952 ) ) ;
#4087 = ORIENTED_EDGE ( 'NONE', *, *, #1543, .T. ) ;
#4088 = VERTEX_POINT ( 'NONE', #3359 ) ;
#4089 = CARTESIAN_POINT ( 'NONE',  ( 13.50000012719687703, -10.71555481979999414, -0.7499999953385270146 ) ) ;
#4090 = CARTESIAN_POINT ( 'NONE',  ( 0.5813249349103655206, 31.47012191570949824, -0.7500000012986886011 ) ) ;
#4091 = ORIENTED_EDGE ( 'NONE', *, *, #4438, .F. ) ;
#4092 = DIRECTION ( 'NONE',  ( 1.000000000000000000, 0.000000000000000000, 0.000000000000000000 ) ) ;
#4093 = DIRECTION ( 'NONE',  ( 0.000000000000000000, 0.000000000000000000, 1.000000000000000000 ) ) ;
#4094 = EDGE_CURVE ( 'NONE', #2414, #1955, #1759, .T. ) ;
#4095 = ADVANCED_FACE ( 'NONE', ( #2019 ), #3812, .F. ) ;
#4096 = B_SPLINE_CURVE_WITH_KNOTS ( 'NONE', 3,
 ( #4585, #3837, #3481, #1016 ),
 .UNSPECIFIED., .F., .F.,
 ( 4, 4 ),
 ( 0.000000000000000000, 1.000000000000000000 ),
 .UNSPECIFIED. ) ;
#4097 = CARTESIAN_POINT ( 'NONE',  ( 32.98952240239333378, 14.41584370866250175, 0.7499999988553519570 ) ) ;
#4098 = DIRECTION ( 'NONE',  ( 1.000000000000000000, 0.000000000000000000, 0.000000000000000000 ) ) ;
#4099 = PERSON_AND_ORGANIZATION ( #3099, #3106 ) ;
#4100 = CARTESIAN_POINT ( 'NONE',  ( -9.567427771888626253, -21.03435567363848335, -0.7499999985999999952 ) ) ;
#4101 = ORIENTED_EDGE ( 'NONE', *, *, #2966, .T. ) ;
#4102 = LINE ( 'NONE', #3720, #827 ) ;
#4103 = ORIENTED_EDGE ( 'NONE', *, *, #1890, .F. ) ;
#4104 = DIRECTION ( 'NONE',  ( 0.000000000000000000, 0.000000000000000000, -1.000000000000000000 ) ) ;
#4105 = CARTESIAN_POINT ( 'NONE',  ( 24.49999881970884985, -2.499998835400002228, 0.4499999986000000618 ) ) ;
#4106 = DIRECTION ( 'NONE',  ( 1.000000000000000000, 0.000000000000000000, 0.000000000000000000 ) ) ;
#4107 = VERTEX_POINT ( 'NONE', #234 ) ;
#4108 = B_SPLINE_CURVE_WITH_KNOTS ( 'NONE', 3,
 ( #1962, #1217, #3023, #2645 ),
 .UNSPECIFIED., .F., .F.,
 ( 4, 4 ),
 ( 0.000000000000000000, 0.2224837895419754796 ),
 .UNSPECIFIED. ) ;
#4109 = VERTEX_POINT ( 'NONE', #2440 ) ;
#4110 = EDGE_CURVE ( 'NONE', #2414, #1166, #1195, .T. ) ;
#4111 = CARTESIAN_POINT ( 'NONE',  ( 22.60290737175493803, 11.49092068611174433, 0.7499999985999998842 ) ) ;
#4112 = CARTESIAN_POINT ( 'NONE',  ( 20.69253333330883748, 1.168400015627568678E-06, -0.2500000001686967788 ) ) ;
#4113 = VERTEX_POINT ( 'NONE', #1733 ) ;
#4114 = FACE_OUTER_BOUND ( 'NONE', #226, .T. ) ;
#4115 = CARTESIAN_POINT ( 'NONE',  ( 15.22190043319188213, -23.20533159177850990, 0.7499999991986160408 ) ) ;
#4116 = VECTOR ( 'NONE', #147, 1000.000000000000114 ) ;
#4117 = LINE ( 'NONE', #3406, #1039 ) ;
#4118 = CARTESIAN_POINT ( 'NONE',  ( 28.87821676088836398, -16.70329067518100530, -0.7499999971314443847 ) ) ;
#4119 = AXIS2_PLACEMENT_3D ( 'NONE', #3807, #2385, #229 ) ;
#4120 = ORIENTED_EDGE ( 'NONE', *, *, #2185, .F. ) ;
#4121 = FACE_OUTER_BOUND ( 'NONE', #4379, .T. ) ;
#4122 = CARTESIAN_POINT ( 'NONE',  ( -14.98471845789040557, -15.61960644051873359, -0.7499999985999999952 ) ) ;
#4123 = CALENDAR_DATE ( 2025, 21, 1 ) ;
#4124 = CARTESIAN_POINT ( 'NONE',  ( -23.99999922678364328, -13.00000113041899219, 0.7499999992146959560 ) ) ;
#4125 = EDGE_CURVE ( 'NONE', #4060, #2547, #2415, .T. ) ;
#4126 = DIRECTION ( 'NONE',  ( 0.000000000000000000, 0.000000000000000000, 1.000000000000000000 ) ) ;
#4127 = VECTOR ( 'NONE', #2535, 1000.000000000000000 ) ;
#4128 = ORIENTED_EDGE ( 'NONE', *, *, #85, .T. ) ;
#4129 = CARTESIAN_POINT ( 'NONE',  ( 21.68298478900484838, -12.02163597982602816, 0.7499999961340920729 ) ) ;
#4130 = FACE_OUTER_BOUND ( 'NONE', #3331, .T. ) ;
#4131 = CARTESIAN_POINT ( 'NONE',  ( -14.92907050589112394, 28.15790926699998664, -0.1499999931333332870 ) ) ;
#4132 = VERTEX_POINT ( 'NONE', #4331 ) ;
#4133 = VERTEX_POINT ( 'NONE', #265 ) ;
#4134 = CARTESIAN_POINT ( 'NONE',  ( -17.07499999609113317, 29.57476752040000179, 0.4499999986000000618 ) ) ;
#4135 = B_SPLINE_CURVE_WITH_KNOTS ( 'NONE', 3,
 ( #2127, #3559, #1463, #2101 ),
 .UNSPECIFIED., .F., .F.,
 ( 4, 4 ),
 ( 0.000000000000000000, 1.000000000000000000 ),
 .UNSPECIFIED. ) ;
#4136 = DIRECTION ( 'NONE',  ( 0.000000000000000000, 0.000000000000000000, -1.000000000000000000 ) ) ;
#4137 = EDGE_LOOP ( 'NONE', ( #4461, #4005, #1243, #1681 ) ) ;
#4138 = CARTESIAN_POINT ( 'NONE',  ( 13.11952903565558515, -27.66193549318179024, -0.7499999986000002172 ) ) ;
#4139 = EDGE_CURVE ( 'NONE', #4637, #1349, #4206, .T. ) ;
#4140 = DIRECTION ( 'NONE',  ( 0.000000000000000000, 0.000000000000000000, 1.000000000000000000 ) ) ;
#4141 = EDGE_CURVE ( 'NONE', #54, #2879, #2166, .T. ) ;
#4142 = PLANE ( 'NONE',  #3818 ) ;
#4143 = CARTESIAN_POINT ( 'NONE',  ( 24.49999881970884985, -2.499998835400002228, 0.7499999985999999952 ) ) ;
#4144 = ORIENTED_EDGE ( 'NONE', *, *, #2923, .T. ) ;
#4145 = B_SPLINE_CURVE_WITH_KNOTS ( 'NONE', 3,
 ( #4115, #851, #895, #3075 ),
 .UNSPECIFIED., .F., .F.,
 ( 4, 4 ),
 ( 0.000000000000000000, 1.000000000000000000 ),
 .UNSPECIFIED. ) ;
#4146 = CARTESIAN_POINT ( 'NONE',  ( -16.49999999821563534, -16.00000112191399282, 0.7500000026999951164 ) ) ;
#4147 = CARTESIAN_POINT ( 'NONE',  ( 13.50000012534788318, -10.71555481374200625, 0.7499999961666700132 ) ) ;
#4148 = B_SPLINE_CURVE_WITH_KNOTS ( 'NONE', 3,
 ( #828, #4112, #1269, #587 ),
 .UNSPECIFIED., .F., .F.,
 ( 4, 4 ),
 ( 0.000000000000000000, 1.000000000000000000 ),
 .UNSPECIFIED. ) ;
#4149 = CARTESIAN_POINT ( 'NONE',  ( 30.77061681207737820, 16.08790902910350695, -0.7499999979219882373 ) ) ;
#4150 = EDGE_LOOP ( 'NONE', ( #3686, #4262, #1023, #613 ) ) ;
#4151 = AXIS2_PLACEMENT_3D ( 'NONE', #4577, #637, #1989 ) ;
#4152 = CARTESIAN_POINT ( 'NONE',  ( 30.77061681514588543, 16.08790903445574827, 0.2500000005943716630 ) ) ;
#4153 = CC_DESIGN_PERSON_AND_ORGANIZATION_ASSIGNMENT ( #1205, #2231, ( #2192 ) ) ;
#4154 = EDGE_CURVE ( 'NONE', #273, #681, #1007, .T. ) ;
#4155 = CARTESIAN_POINT ( 'NONE',  ( -13.66506323703964298, -18.66858433255250205, 0.4499999986000000618 ) ) ;
#4156 = ADVANCED_FACE ( 'NONE', ( #3497 ), #1318, .T. ) ;
#4157 = B_SPLINE_CURVE_WITH_KNOTS ( 'NONE', 3,
 ( #2982, #546, #2279, #3361 ),
 .UNSPECIFIED., .F., .F.,
 ( 4, 4 ),
 ( 0.000000000000000000, 0.2538166419169807786 ),
 .UNSPECIFIED. ) ;
#4158 = CARTESIAN_POINT ( 'NONE',  ( -22.46410144456165270, 30.90896507352547218, 0.4499999986000000618 ) ) ;
#4159 = VERTEX_POINT ( 'NONE', #308 ) ;
#4160 = ORIENTED_EDGE ( 'NONE', *, *, #1936, .F. ) ;
#4161 = LOCAL_TIME ( 12, 51, 23.00000000000000000, #574 ) ;
#4162 = AXIS2_PLACEMENT_3D ( 'NONE', #428, #74, #2205 ) ;
#4163 = CARTESIAN_POINT ( 'NONE',  ( 22.23981189193577634, -11.76999418971321099, -0.7499999986000001062 ) ) ;
#4164 = CARTESIAN_POINT ( 'NONE',  ( -20.99999923269113467, -16.00000112316099532, 0.7499999991378600850 ) ) ;
#4165 = ORIENTED_EDGE ( 'NONE', *, *, #1049, .F. ) ;
#4166 = DIRECTION ( 'NONE',  ( 0.000000000000000000, 0.000000000000000000, 1.000000000000000000 ) ) ;
#4167 = ORIENTED_EDGE ( 'NONE', *, *, #4358, .T. ) ;
#4168 = CARTESIAN_POINT ( 'NONE',  ( -14.41506332969114190, 19.96762209159999557, 0.4499999986000000618 ) ) ;
#4169 = EDGE_CURVE ( 'NONE', #1687, #2482, #781, .T. ) ;
#4170 = CARTESIAN_POINT ( 'NONE',  ( -22.46410219474762116, -30.90896482219498864, -0.7499999985999999952 ) ) ;
#4171 = CARTESIAN_POINT ( 'NONE',  ( 5.500000015108863494, -29.00000001360000823, 0.4499999986000000618 ) ) ;
#4172 = ORIENTED_EDGE ( 'NONE', *, *, #3919, .F. ) ;
#4173 = CARTESIAN_POINT ( 'NONE',  ( -5.499999981291137097, -29.00000001360000823, -0.7499999985999999952 ) ) ;
#4174 = CARTESIAN_POINT ( 'NONE',  ( 15.17368207277859860, -13.44928846556475577, -0.7499999985999999952 ) ) ;
#4175 = CARTESIAN_POINT ( 'NONE',  ( 36.11947527083187026, -11.05938028553998720, -0.7499999950241491575 ) ) ;
#4176 = ORIENTED_EDGE ( 'NONE', *, *, #1233, .F. ) ;
#4177 = EDGE_LOOP ( 'NONE', ( #2027, #862, #3554, #2285 ) ) ;
#4178 = CARTESIAN_POINT ( 'NONE',  ( 20.87345546952735376, 1.026061593477842759, 0.2500000030135277052 ) ) ;
#4179 = DIRECTION ( 'NONE',  ( 1.000000000000000000, 0.000000000000000000, 0.000000000000000000 ) ) ;
#4180 = LINE ( 'NONE', #2378, #1967 ) ;
#4181 = EDGE_LOOP ( 'NONE', ( #1382, #2523, #1426, #4047 ) ) ;
#4182 = ORIENTED_EDGE ( 'NONE', *, *, #3585, .T. ) ;
#4183 = ADVANCED_FACE ( 'NONE', ( #1117, #285, #970, #1383, #4559, #3166, #3477, #1710, #4212, #3147, #3834, #1034, #1360, #2085 ), #620, .T. ) ;
#4184 = B_SPLINE_CURVE_WITH_KNOTS ( 'NONE', 3,
 ( #1473, #3217, #9, #1434 ),
 .UNSPECIFIED., .F., .F.,
 ( 4, 4 ),
 ( 0.000000000000000000, 1.000000000000000000 ),
 .UNSPECIFIED. ) ;
#4185 = FACE_OUTER_BOUND ( 'NONE', #2961, .T. ) ;
#4186 = CARTESIAN_POINT ( 'NONE',  ( 32.98952240450886109, 14.41584371079998306, 0.2499999995333333780 ) ) ;
#4187 = ORIENTED_EDGE ( 'NONE', *, *, #4564, .T. ) ;
#4188 = CYLINDRICAL_SURFACE ( 'NONE', #408, 2.999999994400010195 ) ;
#4189 = ORIENTED_EDGE ( 'NONE', *, *, #1987, .T. ) ;
#4190 = DIRECTION ( 'NONE',  ( -0.5000000085614868528, 0.8660253988414619020, 0.000000000000000000 ) ) ;
#4191 = DIRECTION ( 'NONE',  ( 0.000000000000000000, 0.000000000000000000, 1.000000000000000000 ) ) ;
#4192 = CARTESIAN_POINT ( 'NONE',  ( -7.663148399746343209, 37.94891648475629609, 0.7499999944231998672 ) ) ;
#4193 = ORIENTED_EDGE ( 'NONE', *, *, #2401, .T. ) ;
#4194 = CARTESIAN_POINT ( 'NONE',  ( 36.11947526929787244, -11.05938028777550564, 0.7499999957184361188 ) ) ;
#4195 = CYLINDRICAL_SURFACE ( 'NONE', #370, 2.249999995800000541 ) ;
#4196 = PERSON_AND_ORGANIZATION ( #3099, #3106 ) ;
#4197 = CIRCLE ( 'NONE', #4037, 2.249999995800000541 ) ;
#4198 = CARTESIAN_POINT ( 'NONE',  ( 37.99999881990883921, 4.000001169399997281, 0.7499999986000002172 ) ) ;
#4199 = ORIENTED_EDGE ( 'NONE', *, *, #432, .T. ) ;
#4200 = ORIENTED_EDGE ( 'NONE', *, *, #3235, .F. ) ;
#4201 = EDGE_CURVE ( 'NONE', #416, #117, #2460, .T. ) ;
#4202 = CARTESIAN_POINT ( 'NONE',  ( 21.07273008370885847, -28.66131842020000420, 9.757819552369539906E-16 ) ) ;
#4203 = DIRECTION ( 'NONE',  ( 0.000000000000000000, 0.000000000000000000, -1.000000000000000000 ) ) ;
#4204 = DIRECTION ( 'NONE',  ( 0.000000000000000000, 0.000000000000000000, 1.000000000000000000 ) ) ;
#4205 = ORIENTED_EDGE ( 'NONE', *, *, #2001, .T. ) ;
#4206 = CIRCLE ( 'NONE', #607, 1.150000316200033179 ) ;
#4207 = B_SPLINE_CURVE_WITH_KNOTS ( 'NONE', 3,
 ( #2315, #1570, #3306, #91, #4039, #1218, #1174, #4389 ),
 .UNSPECIFIED., .F., .F.,
 ( 4, 2, 2, 4 ),
 ( 0.000000000000000000, 0.5000000000000002220, 0.7499999999999998890, 1.000000000000000000 ),
 .UNSPECIFIED. ) ;
#4208 = FACE_BOUND ( 'NONE', #2096, .T. ) ;
#4209 = ORIENTED_EDGE ( 'NONE', *, *, #398, .T. ) ;
#4210 = CARTESIAN_POINT ( 'NONE',  ( -8.585040951883282645, -22.48532359358026866, -0.7499999985999999952 ) ) ;
#4211 = VERTEX_POINT ( 'NONE', #331 ) ;
#4212 = FACE_BOUND ( 'NONE', #1033, .T. ) ;
#4213 = ADVANCED_FACE ( 'NONE', ( #4456 ), #1536, .F. ) ;
#4214 = CARTESIAN_POINT ( 'NONE',  ( 14.03926550056774225, -24.81665387483393914, 0.7499999986000001062 ) ) ;
#4215 = CARTESIAN_POINT ( 'NONE',  ( -7.519339969896348563, 0.3683381460624311488, 0.7499999986000001062 ) ) ;
#4216 = VERTEX_POINT ( 'NONE', #3369 ) ;
#4217 = CARTESIAN_POINT ( 'NONE',  ( 37.19202324294472817, -9.665549711330854166, 0.7499999899553103644 ) ) ;
#4218 = B_SPLINE_CURVE_WITH_KNOTS ( 'NONE', 3,
 ( #2863, #4306, #4491, #2654 ),
 .UNSPECIFIED., .F., .F.,
 ( 4, 4 ),
 ( 0.2500000025833332695, 1.000000000000000000 ),
 .UNSPECIFIED. ) ;
#4219 = CARTESIAN_POINT ( 'NONE',  ( 7.072730092637868893, -38.00000112919399697, 0.7500000029346749475 ) ) ;
#4220 = DIRECTION ( 'NONE',  ( -1.000000000000000000, 0.000000000000000000, 0.000000000000000000 ) ) ;
#4221 = ORIENTED_EDGE ( 'NONE', *, *, #2803, .F. ) ;
#4222 = ORIENTED_EDGE ( 'NONE', *, *, #1445, .T. ) ;
#4223 = CARTESIAN_POINT ( 'NONE',  ( 20.69253333330883748, -0.3490646802887338307, 0.7499999975276000486 ) ) ;
#4224 = EDGE_CURVE ( 'NONE', #4024, #803, #981, .T. ) ;
#4225 = EDGE_CURVE ( 'NONE', #792, #1779, #2263, .T. ) ;
#4226 = EDGE_CURVE ( 'NONE', #3209, #3611, #3, .T. ) ;
#4227 = PLANE ( 'NONE',  #3553 ) ;
#4228 = CARTESIAN_POINT ( 'NONE',  ( 13.07273008170889206, -29.77421265952164120, 0.7499999985999999952 ) ) ;
#4229 = ORIENTED_EDGE ( 'NONE', *, *, #602, .T. ) ;
#4230 = LINE ( 'NONE', #1641, #774 ) ;
#4231 = VERTEX_POINT ( 'NONE', #2972 ) ;
#4232 = CARTESIAN_POINT ( 'NONE',  ( 23.65683006785830145, -9.356112535541491582, 0.7499999985999999952 ) ) ;
#4233 = ORIENTED_EDGE ( 'NONE', *, *, #1081, .F. ) ;
#4234 = CARTESIAN_POINT ( 'NONE',  ( 32.98952240239333378, 14.41584370866250175, 0.7499999988553519570 ) ) ;
#4235 = VECTOR ( 'NONE', #3441, 1000.000000000000000 ) ;
#4236 = CARTESIAN_POINT ( 'NONE',  ( -4.999999986825653941, -23.99999988890000324, -0.7499999976333540097 ) ) ;
#4237 = CARTESIAN_POINT ( 'NONE',  ( -2.724747381100762755, 35.10354110951335826, 0.7499999944232000892 ) ) ;
#4238 = ORIENTED_EDGE ( 'NONE', *, *, #2243, .T. ) ;
#4239 = CARTESIAN_POINT ( 'NONE',  ( -14.29274126539447032, -35.62670299213385050, 0.7499999985999999952 ) ) ;
#4240 = B_SPLINE_CURVE_WITH_KNOTS ( 'NONE', 3,
 ( #1656, #1326, #2804, #956 ),
 .UNSPECIFIED., .F., .F.,
 ( 4, 4 ),
 ( 0.000000000000000000, 1.000000000000000000 ),
 .UNSPECIFIED. ) ;
#4241 = CARTESIAN_POINT ( 'NONE',  ( 36.11947483400085446, 11.05938057272198805, 0.7499999965497240462 ) ) ;
#4242 = EDGE_CURVE ( 'NONE', #1202, #677, #751, .T. ) ;
#4243 = DIRECTION ( 'NONE',  ( 1.000000000000000000, 0.000000000000000000, 0.000000000000000000 ) ) ;
#4244 = ORIENTED_EDGE ( 'NONE', *, *, #2923, .F. ) ;
#4245 = ORIENTED_EDGE ( 'NONE', *, *, #1060, .T. ) ;
#4246 = FACE_OUTER_BOUND ( 'NONE', #1450, .T. ) ;
#4247 = CARTESIAN_POINT ( 'NONE',  ( 20.87345546071986391, 1.026061600114980266, -0.7499999997293944620 ) ) ;
#4248 = CARTESIAN_POINT ( 'NONE',  ( -17.99999973295975764, 15.99999995320001211, -0.7499999985999999952 ) ) ;
#4249 = ORIENTED_EDGE ( 'NONE', *, *, #3874, .T. ) ;
#4250 = CARTESIAN_POINT ( 'NONE',  ( -8.306424949854646300, 37.99999994530750769, 0.7500000012817760187 ) ) ;
#4251 = ORIENTED_EDGE ( 'NONE', *, *, #2197, .T. ) ;
#4252 = ORIENTED_EDGE ( 'NONE', *, *, #1718, .F. ) ;
#4253 = ADVANCED_FACE ( 'NONE', ( #1841 ), #3700, .T. ) ;
#4254 = DIRECTION ( 'NONE',  ( 0.000000000000000000, 0.000000000000000000, 1.000000000000000000 ) ) ;
#4255 = CARTESIAN_POINT ( 'NONE',  ( -16.07907109165257609, -30.14976745361558486, -0.4499999890000000446 ) ) ;
#4256 = CARTESIAN_POINT ( 'NONE',  ( -13.49999998329112749, -4.333334104776646711, -0.7499999985999999952 ) ) ;
#4257 = ORIENTED_EDGE ( 'NONE', *, *, #160, .F. ) ;
#4258 = DIRECTION ( 'NONE',  ( 0.000000000000000000, -1.000000000000000000, 0.000000000000000000 ) ) ;
#4259 = CARTESIAN_POINT ( 'NONE',  ( -8.306423681440161744, -38.00000113025497939, 0.7499999973493221006 ) ) ;
#4260 = CARTESIAN_POINT ( 'NONE',  ( 37.99999880989285117, -6.285393121375021153, 0.7499999958985381632 ) ) ;
#4261 = ORIENTED_EDGE ( 'NONE', *, *, #1161, .T. ) ;
#4262 = ORIENTED_EDGE ( 'NONE', *, *, #4271, .F. ) ;
#4263 = CARTESIAN_POINT ( 'NONE',  ( -20.99999923674764091, 15.99999995098400163, 0.7499999992146959560 ) ) ;
#4264 = CIRCLE ( 'NONE', #3362, 1.499999997199991109 ) ;
#4265 = EDGE_CURVE ( 'NONE', #1370, #316, #1348, .T. ) ;
#4266 = LINE ( 'NONE', #3824, #557 ) ;
#4267 = CARTESIAN_POINT ( 'NONE',  ( 23.56438786231501936, -9.959862209143434342, -0.7499999986000001062 ) ) ;
#4268 = CARTESIAN_POINT ( 'NONE',  ( -14.92907049334987768, 28.15790927424075107, -0.7499999985999999952 ) ) ;
#4269 = CIRCLE ( 'NONE', #4119, 2.249999995800000541 ) ;
#4270 = VERTEX_POINT ( 'NONE', #2545 ) ;
#4271 = EDGE_CURVE ( 'NONE', #421, #3512, #4360, .T. ) ;
#4272 = CARTESIAN_POINT ( 'NONE',  ( 17.52606056345737429, 13.53463501031249017, 0.7499999961666841131 ) ) ;
#4273 = ORIENTED_EDGE ( 'NONE', *, *, #1912, .F. ) ;
#4274 = AXIS2_PLACEMENT_3D ( 'NONE', #48, #1107, #1850 ) ;
#4275 = ORIENTED_EDGE ( 'NONE', *, *, #1875, .T. ) ;
#4276 = ADVANCED_FACE ( 'NONE', ( #841 ), #4384, .F. ) ;
#4277 = CARTESIAN_POINT ( 'NONE',  ( -23.99999922709114486, -13.00000112720001511, -0.2499999995333333780 ) ) ;
#4278 = FACE_OUTER_BOUND ( 'NONE', #4137, .T. ) ;
#4279 = ORIENTED_EDGE ( 'NONE', *, *, #1705, .T. ) ;
#4280 = CARTESIAN_POINT ( 'NONE',  ( -29.99999924208163193, 22.51666060540000203, -0.7500000018499041188 ) ) ;
#4281 = EDGE_CURVE ( 'NONE', #92, #2107, #722, .T. ) ;
#4282 = CARTESIAN_POINT ( 'NONE',  ( 17.52606057124986449, -13.53463267363449951, 0.7499999963187521379 ) ) ;
#4283 = FACE_OUTER_BOUND ( 'NONE', #1824, .T. ) ;
#4284 = DIRECTION ( 'NONE',  ( 1.000000000000000000, 0.000000000000000000, 0.000000000000000000 ) ) ;
#4285 = ORIENTED_EDGE ( 'NONE', *, *, #303, .T. ) ;
#4286 = CARTESIAN_POINT ( 'NONE',  ( 36.11947527083187026, -11.05938028553998720, -0.7499999950241491575 ) ) ;
#4287 = PLANE ( 'NONE',  #707 ) ;
#4288 = CARTESIAN_POINT ( 'NONE',  ( 23.65697733376084955, 9.202560529677993983, 0.7499999951321840719 ) ) ;
#4289 = CARTESIAN_POINT ( 'NONE',  ( 6.307439214430462293, -23.87032378897180607, -0.7499999986000001062 ) ) ;
#4290 = VERTEX_POINT ( 'NONE', #2992 ) ;
#4291 = EDGE_CURVE ( 'NONE', #3346, #1236, #1552, .T. ) ;
#4292 = EDGE_CURVE ( 'NONE', #889, #516, #4405, .T. ) ;
#4293 = B_SPLINE_CURVE_WITH_KNOTS ( 'NONE', 3,
 ( #3547, #1040, #2759, #3886 ),
 .UNSPECIFIED., .F., .F.,
 ( 4, 4 ),
 ( 0.000000000000000000, 1.000000000000000000 ),
 .UNSPECIFIED. ) ;
#4294 = CARTESIAN_POINT ( 'NONE',  ( -22.84022276111670990, -15.40231523572901828, 0.7499999986000001062 ) ) ;
#4295 = ORIENTED_EDGE ( 'NONE', *, *, #53, .F. ) ;
#4296 = ORIENTED_EDGE ( 'NONE', *, *, #4242, .T. ) ;
#4297 = VECTOR ( 'NONE', #949, 1000.000000000000000 ) ;
#4298 = CARTESIAN_POINT ( 'NONE',  ( 14.06140054734137834, 12.52790144564554708, -0.7499999986000001062 ) ) ;
#4299 = VECTOR ( 'NONE', #815, 1000.000000000000000 ) ;
#4300 = FACE_OUTER_BOUND ( 'NONE', #1063, .T. ) ;
#4301 = ORIENTED_EDGE ( 'NONE', *, *, #4376, .T. ) ;
#4302 = CARTESIAN_POINT ( 'NONE',  ( -4.999999990691113894, 1.000000031999986883, -0.2499999995333333780 ) ) ;
#4303 = CARTESIAN_POINT ( 'NONE',  ( -18.07092917009111943, -28.99976747660002019, 0.4499999986000000618 ) ) ;
#4304 = AXIS2_PLACEMENT_3D ( 'NONE', #1046, #2030, #2810 ) ;
#4305 = LINE ( 'NONE', #1547, #4640 ) ;
#4306 = CARTESIAN_POINT ( 'NONE',  ( -16.92092946349115934, 27.00790895080001874, 0.1500000027333333319 ) ) ;
#4307 = ORIENTED_EDGE ( 'NONE', *, *, #518, .T. ) ;
#4308 = DIRECTION ( 'NONE',  ( 0.5000000045653940628, -0.8660254011486071546, 0.000000000000000000 ) ) ;
#4309 = PLANE ( 'NONE',  #932 ) ;
#4310 = CARTESIAN_POINT ( 'NONE',  ( 9.368471552930861534, -1.480604767357881935, -0.7499999985999998842 ) ) ;
#4311 = CARTESIAN_POINT ( 'NONE',  ( -20.99999923269113467, 15.99999995320000679, -0.7499999984407081932 ) ) ;
#4312 = ORIENTED_EDGE ( 'NONE', *, *, #3934, .F. ) ;
#4313 = B_SPLINE_CURVE_WITH_KNOTS ( 'NONE', 3,
 ( #714, #383, #787, #1155 ),
 .UNSPECIFIED., .F., .F.,
 ( 4, 4 ),
 ( 0.000000000000000000, 1.000000000000000000 ),
 .UNSPECIFIED. ) ;
#4314 = CARTESIAN_POINT ( 'NONE',  ( 4.000000017908872607, -29.00000001360000823, 0.4499999986000000618 ) ) ;
#4315 = ORIENTED_EDGE ( 'NONE', *, *, #1621, .F. ) ;
#4316 = ORIENTED_EDGE ( 'NONE', *, *, #2734, .F. ) ;
#4317 = CARTESIAN_POINT ( 'NONE',  ( 7.072730091601364677, -38.00000112814699804, -0.7500000015762178229 ) ) ;
#4318 = CARTESIAN_POINT ( 'NONE',  ( 23.59898171861015115, 9.811648482285317385, -0.7499999985999998842 ) ) ;
#4319 = VERTEX_POINT ( 'NONE', #863 ) ;
#4320 = DIRECTION ( 'NONE',  ( 1.000000000000000000, 0.000000000000000000, 0.000000000000000000 ) ) ;
#4321 = DIRECTION ( 'NONE',  ( 1.000000000000000000, 0.000000000000000000, 0.000000000000000000 ) ) ;
#4322 = DIRECTION ( 'NONE',  ( 1.000000000000000000, 0.000000000000000000, 0.000000000000000000 ) ) ;
#4323 = DIRECTION ( 'NONE',  ( 0.000000000000000000, 0.000000000000000000, 1.000000000000000000 ) ) ;
#4324 = ORIENTED_EDGE ( 'NONE', *, *, #1750, .F. ) ;
#4325 = DIRECTION ( 'NONE',  ( 0.000000000000000000, 0.000000000000000000, 1.000000000000000000 ) ) ;
#4326 = CARTESIAN_POINT ( 'NONE',  ( 9.368471545410267609, -21.51939510696382740, 0.7499999985999998842 ) ) ;
#4327 = DIRECTION ( 'NONE',  ( 1.000000000000000000, 0.000000000000000000, 0.000000000000000000 ) ) ;
#4328 = CARTESIAN_POINT ( 'NONE',  ( 31.84999999470883125, 0.000000000000000000, -0.7499999985999999952 ) ) ;
#4329 = EDGE_CURVE ( 'NONE', #39, #3588, #3204, .T. ) ;
#4330 = ORIENTED_EDGE ( 'NONE', *, *, #278, .T. ) ;
#4331 = CARTESIAN_POINT ( 'NONE',  ( -22.46410219474762116, -30.90896482219498864, 0.4499999986000000618 ) ) ;
#4332 = B_SPLINE_CURVE_WITH_KNOTS ( 'NONE', 3,
 ( #2877, #422, #2109, #1101 ),
 .UNSPECIFIED., .F., .F.,
 ( 4, 4 ),
 ( 0.000000000000000000, 1.000000000000000000 ),
 .UNSPECIFIED. ) ;
#4333 = VECTOR ( 'NONE', #837, 1000.000000000000000 ) ;
#4334 = CARTESIAN_POINT ( 'NONE',  ( 21.68298479043334481, 12.02163832910149743, 0.7499999964422379151 ) ) ;
#4335 = ORIENTED_EDGE ( 'NONE', *, *, #3096, .F. ) ;
#4336 = ORIENTED_EDGE ( 'NONE', *, *, #1890, .T. ) ;
#4337 = CARTESIAN_POINT ( 'NONE',  ( -16.07907107609112174, -30.14976746259998563, 0.1500000027333333319 ) ) ;
#4338 = AXIS2_PLACEMENT_3D ( 'NONE', #506, #2354, #880 ) ;
#4339 = CARTESIAN_POINT ( 'NONE',  ( -15.53589923927614613, -34.90896528546699784, -0.7499999985999999952 ) ) ;
#4340 = EDGE_LOOP ( 'NONE', ( #2218, #1458 ) ) ;
#4341 = CARTESIAN_POINT ( 'NONE',  ( -8.785898189750119158, 23.21762208034400388, 0.4499999986000000618 ) ) ;
#4342 = CARTESIAN_POINT ( 'NONE',  ( -15.92499998469115674, -27.58290912159999664, 0.4499999986000000618 ) ) ;
#4343 = EDGE_CURVE ( 'NONE', #1053, #2428, #3748, .T. ) ;
#4344 = B_SPLINE_CURVE_WITH_KNOTS ( 'NONE', 3,
 ( #3009, #3718, #4429, #3765 ),
 .UNSPECIFIED., .F., .F.,
 ( 4, 4 ),
 ( 0.000000000000000000, 1.000000000000000000 ),
 .UNSPECIFIED. ) ;
#4345 = CIRCLE ( 'NONE', #4427, 1.149999986000016516 ) ;
#4346 = CARTESIAN_POINT ( 'NONE',  ( -20.99999923480563879, -16.00000112238050676, -0.7499999982814162802 ) ) ;
#4347 = CARTESIAN_POINT ( 'NONE',  ( 4.000000017908872607, -29.00000001360000823, -0.7499999985999999952 ) ) ;
#4348 = ORIENTED_EDGE ( 'NONE', *, *, #779, .F. ) ;
#4349 = CARTESIAN_POINT ( 'NONE',  ( -9.999999975791126872, -3.343020577670848148, -0.7499999986000001062 ) ) ;
#4350 = CARTESIAN_POINT ( 'NONE',  ( 5.500000015108863494, -29.00000001360000823, -0.7499999985999999952 ) ) ;
#4351 = CARTESIAN_POINT ( 'NONE',  ( 37.99999881990883921, 6.285392255199997003, 0.2499999995333333780 ) ) ;
#4352 = ORIENTED_EDGE ( 'NONE', *, *, #1089, .T. ) ;
#4353 = B_SPLINE_CURVE_WITH_KNOTS ( 'NONE', 3,
 ( #4494, #3430, #437, #2349 ),
 .UNSPECIFIED., .F., .F.,
 ( 4, 4 ),
 ( 0.000000000000000000, 1.000000000000000000 ),
 .UNSPECIFIED. ) ;
#4354 = CARTESIAN_POINT ( 'NONE',  ( -13.49999999362713687, -13.00000112719998313, 0.7500000024437449841 ) ) ;
#4355 = PLANE ( 'NONE',  #3856 ) ;
#4356 = VERTEX_POINT ( 'NONE', #3724 ) ;
#4357 = EDGE_CURVE ( 'NONE', #2551, #994, #508, .T. ) ;
#4358 = EDGE_CURVE ( 'NONE', #512, #2444, #3013, .T. ) ;
#4359 = DIRECTION ( 'NONE',  ( 0.000000000000000000, 0.000000000000000000, -1.000000000000000000 ) ) ;
#4360 = B_SPLINE_CURVE_WITH_KNOTS ( 'NONE', 3,
 ( #2191, #417, #2922, #3326 ),
 .UNSPECIFIED., .F., .F.,
 ( 4, 4 ),
 ( 0.000000000000000000, 1.000000000000000000 ),
 .UNSPECIFIED. ) ;
#4361 = CARTESIAN_POINT ( 'NONE',  ( -14.92907096134688061, -28.15790911560703336, 0.4499999986000000618 ) ) ;
#4362 = ORIENTED_EDGE ( 'NONE', *, *, #212, .T. ) ;
#4363 = ORIENTED_EDGE ( 'NONE', *, *, #1732, .F. ) ;
#4364 = DIRECTION ( 'NONE',  ( 0.000000000000000000, 0.000000000000000000, 1.000000000000000000 ) ) ;
#4365 = CARTESIAN_POINT ( 'NONE',  ( -14.98459806480563117, 15.61939760764368579, -0.7499999986000001062 ) ) ;
#4366 = ORIENTED_EDGE ( 'NONE', *, *, #4067, .F. ) ;
#4367 = DIRECTION ( 'NONE',  ( -0.5000000004503858397, 0.8660254035244081550, 0.000000000000000000 ) ) ;
#4368 = AXIS2_PLACEMENT_3D ( 'NONE', #709, #2176, #1761 ) ;
#4369 = FACE_OUTER_BOUND ( 'NONE', #3275, .T. ) ;
#4370 = CIRCLE ( 'NONE', #1823, 1.499999997200018864 ) ;
#4371 = CARTESIAN_POINT ( 'NONE',  ( -20.99999923674764091, 15.99999995098400163, 0.7499999992146959560 ) ) ;
#4372 = DIRECTION ( 'NONE',  ( 1.000000000000000000, 0.000000000000000000, 0.000000000000000000 ) ) ;
#4373 = ORIENTED_EDGE ( 'NONE', *, *, #52, .F. ) ;
#4374 = AXIS2_PLACEMENT_3D ( 'NONE', #866, #158, #4106 ) ;
#4375 = CARTESIAN_POINT ( 'NONE',  ( 34.15000001750884451, -1.149999998699996473, 0.4499999986000000618 ) ) ;
#4376 = EDGE_CURVE ( 'NONE', #4319, #672, #4345, .T. ) ;
#4377 = VECTOR ( 'NONE', #2098, 1000.000000000000000 ) ;
#4378 = CYLINDRICAL_SURFACE ( 'NONE', #3939, 2.249999995800000541 ) ;
#4379 = EDGE_LOOP ( 'NONE', ( #274, #2150, #2483, #469 ) ) ;
#4380 = VECTOR ( 'NONE', #404, 1000.000000000000000 ) ;
#4381 = LINE ( 'NONE', #2212, #4419 ) ;
#4382 = DIRECTION ( 'NONE',  ( 1.000000000000000000, 0.000000000000000000, 0.000000000000000000 ) ) ;
#4383 = ORIENTED_EDGE ( 'NONE', *, *, #1718, .T. ) ;
#4384 = CYLINDRICAL_SURFACE ( 'NONE', #4576, 1.150000316200029626 ) ;
#4385 = DIRECTION ( 'NONE',  ( 0.000000000000000000, 0.000000000000000000, 1.000000000000000000 ) ) ;
#4386 = ORIENTED_EDGE ( 'NONE', *, *, #2424, .T. ) ;
#4387 = ORIENTED_EDGE ( 'NONE', *, *, #3293, .F. ) ;
#4388 = CARTESIAN_POINT ( 'NONE',  ( 5.000000072458876232, -23.99999988958351338, 0.7500000003000401039 ) ) ;
#4389 = CARTESIAN_POINT ( 'NONE',  ( 37.99999881215187969, 6.285392255026501118, -0.7499999956750285079 ) ) ;
#4390 = VERTEX_POINT ( 'NONE', #609 ) ;
#4391 = ADVANCED_FACE ( 'NONE', ( #907 ), #2006, .F. ) ;
#4392 = FACE_OUTER_BOUND ( 'NONE', #3060, .T. ) ;
#4393 = CARTESIAN_POINT ( 'NONE',  ( 7.072730092908848576, -38.00000113979998417, 0.2499999995333333780 ) ) ;
#4394 = CARTESIAN_POINT ( 'NONE',  ( -26.49999935789116279, 28.57883827020000211, -0.2499999995333333780 ) ) ;
#4395 = LINE ( 'NONE', #2322, #3177 ) ;
#4396 = ORIENTED_EDGE ( 'NONE', *, *, #1106, .T. ) ;
#4397 = CARTESIAN_POINT ( 'NONE',  ( 31.84999999470883125, -1.150000011399976430, -0.7499999985999999952 ) ) ;
#4398 = EDGE_CURVE ( 'NONE', #2816, #2551, #1305, .T. ) ;
#4399 = CARTESIAN_POINT ( 'NONE',  ( -7.560625137152644726, -23.34619891436995331, 0.7499999985999998842 ) ) ;
#4400 = B_SPLINE_CURVE_WITH_KNOTS ( 'NONE', 3,
 ( #4448, #3738, #1229, #4122, #1253, #2702, #2655, #902, #2299, #2371 ),
 .UNSPECIFIED., .F., .F.,
 ( 4, 2, 2, 2, 4 ),
 ( 0.000000000000000000, 0.2499999999999985012, 0.4999999999999984457, 0.7499999999999992228, 1.000000000000000000 ),
 .UNSPECIFIED. ) ;
#4401 = CARTESIAN_POINT ( 'NONE',  ( -13.49999998419163028, 12.99999995879999659, -0.7500000015687918742 ) ) ;
#4402 = ORIENTED_EDGE ( 'NONE', *, *, #3298, .T. ) ;
#4403 = DIRECTION ( 'NONE',  ( 0.000000000000000000, 0.000000000000000000, 1.000000000000000000 ) ) ;
#4404 = ORIENTED_EDGE ( 'NONE', *, *, #1167, .F. ) ;
#4405 = LINE ( 'NONE', #4433, #3828 ) ;
#4406 = EDGE_CURVE ( 'NONE', #2547, #2774, #3478, .T. ) ;
#4407 = B_SPLINE_CURVE_WITH_KNOTS ( 'NONE', 3,
 ( #3615, #379, #3994, #3216 ),
 .UNSPECIFIED., .F., .F.,
 ( 4, 4 ),
 ( 0.000000000000000000, 1.000000000000000000 ),
 .UNSPECIFIED. ) ;
#4408 = CARTESIAN_POINT ( 'NONE',  ( -11.75000000349110607, -22.94967320139998535, -0.7499999985999999952 ) ) ;
#4409 = ORIENTED_EDGE ( 'NONE', *, *, #1374, .F. ) ;
#4410 = VERTEX_POINT ( 'NONE', #2736 ) ;
#4411 = EDGE_CURVE ( 'NONE', #1856, #4547, #3713, .T. ) ;
#4412 = EDGE_CURVE ( 'NONE', #1779, #3706, #255, .T. ) ;
#4413 = EDGE_CURVE ( 'NONE', #3985, #2107, #4051, .T. ) ;
#4414 = AXIS2_PLACEMENT_3D ( 'NONE', #1952, #3387, #2327 ) ;
#4415 = CARTESIAN_POINT ( 'NONE',  ( 37.99999881606246532, -7.163173905321251311, -0.7499999986000004393 ) ) ;
#4416 = CARTESIAN_POINT ( 'NONE',  ( -2.749999994891144439, 8.999999983200002163, 0.7499999985999999952 ) ) ;
#4417 = VERTEX_POINT ( 'NONE', #176 ) ;
#4418 = CYLINDRICAL_SURFACE ( 'NONE', #3024, 1.149999986000016516 ) ;
#4419 = VECTOR ( 'NONE', #4403, 1000.000000000000000 ) ;
#4420 = EDGE_CURVE ( 'NONE', #1076, #1687, #3653, .T. ) ;
#4421 = CARTESIAN_POINT ( 'NONE',  ( -20.99999923269113467, 15.99999995320000679, -0.7499999984407081932 ) ) ;
#4422 = ADVANCED_FACE ( 'NONE', ( #2356 ), #2376, .F. ) ;
#4423 = CIRCLE ( 'NONE', #3899, 1.500000004826016031 ) ;
#4424 = CARTESIAN_POINT ( 'NONE',  ( -26.49999963966365257, -28.57883796959950828, -0.7499999945186460737 ) ) ;
#4425 = FACE_OUTER_BOUND ( 'NONE', #3681, .T. ) ;
#4426 = ORIENTED_EDGE ( 'NONE', *, *, #3182, .T. ) ;
#4427 = AXIS2_PLACEMENT_3D ( 'NONE', #3845, #1981, #2330 ) ;
#4428 = CARTESIAN_POINT ( 'NONE',  ( 13.50000011870885963, -10.71555481979996394, -0.2499999995333333780 ) ) ;
#4429 = CARTESIAN_POINT ( 'NONE',  ( -11.80642531609113099, -37.06217840280001496, 0.2499999995333333780 ) ) ;
#4430 = ORIENTED_EDGE ( 'NONE', *, *, #118, .F. ) ;
#4431 = CARTESIAN_POINT ( 'NONE',  ( -9.999999998291153602, -18.99999989680004120, -0.2499999995333333780 ) ) ;
#4432 = ORIENTED_EDGE ( 'NONE', *, *, #1172, .T. ) ;
#4433 = CARTESIAN_POINT ( 'NONE',  ( -2.749999994891144439, 8.999999983200002163, 0.4499999986000000618 ) ) ;
#4434 = CARTESIAN_POINT ( 'NONE',  ( 10.00000012939236704, -3.999999950200006094, 0.7500000003000401039 ) ) ;
#4435 = DIRECTION ( 'NONE',  ( 0.000000000000000000, 1.000000000000000000, 0.000000000000000000 ) ) ;
#4436 = VERTEX_POINT ( 'NONE', #223 ) ;
#4437 = VERTEX_POINT ( 'NONE', #1659 ) ;
#4438 = EDGE_CURVE ( 'NONE', #2548, #1053, #1610, .T. ) ;
#4439 = EDGE_CURVE ( 'NONE', #1658, #3988, #1754, .T. ) ;
#4440 = FACE_OUTER_BOUND ( 'NONE', #1100, .T. ) ;
#4441 = CARTESIAN_POINT ( 'NONE',  ( -11.75000000349110607, -22.94967320139998535, 0.1500000047999999753 ) ) ;
#4442 = VERTEX_POINT ( 'NONE', #2029 ) ;
#4443 = CARTESIAN_POINT ( 'NONE',  ( -29.99999924129115314, -22.51666037679998311, 0.2499999995333333780 ) ) ;
#4444 = DIRECTION ( 'NONE',  ( 0.8660254268214971907, 0.4999999600986421711, 0.000000000000000000 ) ) ;
#4445 = CARTESIAN_POINT ( 'NONE',  ( 36.11947483817385063, 11.05938056825500659, -0.7499999954800304902 ) ) ;
#4446 = CARTESIAN_POINT ( 'NONE',  ( 17.52606057050887500, 13.53463500839999689, 0.2499999995333333780 ) ) ;
#4447 = B_SPLINE_CURVE_WITH_KNOTS ( 'NONE', 3,
 ( #2635, #1607, #4431, #4080 ),
 .UNSPECIFIED., .F., .F.,
 ( 4, 4 ),
 ( 0.000000000000000000, 1.000000000000000000 ),
 .UNSPECIFIED. ) ;
#4448 = CARTESIAN_POINT ( 'NONE',  ( -16.50000000309115222, -16.00000112316099532, -0.7500000015687918742 ) ) ;
#4449 = COORDINATED_UNIVERSAL_TIME_OFFSET ( 1, 0, .AHEAD. ) ;
#4450 = B_SPLINE_CURVE_WITH_KNOTS ( 'NONE', 3,
 ( #2175, #4628, #5, #1429, #3612, #2855, #4298, #1077, #2507, #1825 ),
 .UNSPECIFIED., .F., .F.,
 ( 4, 2, 2, 2, 4 ),
 ( 0.000000000000000000, 0.2500000000000000000, 0.5000000000000000000, 0.7500000000000000000, 1.000000000000000000 ),
 .UNSPECIFIED. ) ;
#4451 = CARTESIAN_POINT ( 'NONE',  ( -9.852772029538813925, -20.39371587240557915, -0.7499999985999999952 ) ) ;
#4452 = ORIENTED_EDGE ( 'NONE', *, *, #4003, .T. ) ;
#4453 = CARTESIAN_POINT ( 'NONE',  ( 21.68298479410885093, -12.02163597700001141, -0.2499999995333333780 ) ) ;
#4454 = CIRCLE ( 'NONE', #700, 1.150000316200033179 ) ;
#4455 = ORIENTED_EDGE ( 'NONE', *, *, #3990, .F. ) ;
#4456 = FACE_OUTER_BOUND ( 'NONE', #3949, .T. ) ;
#4457 = APPROVAL_PERSON_ORGANIZATION ( #3793, #3805, #3764 ) ;
#4458 = AXIS2_PLACEMENT_3D ( 'NONE', #872, #1965, #3423 ) ;
#4459 = CARTESIAN_POINT ( 'NONE',  ( 10.00000013244237174, -18.99999989680001278, 0.7500000000875340911 ) ) ;
#4460 = DIRECTION ( 'NONE',  ( 1.000000000000000000, 0.000000000000000000, 0.000000000000000000 ) ) ;
#4461 = ORIENTED_EDGE ( 'NONE', *, *, #3440, .F. ) ;
#4462 = EDGE_LOOP ( 'NONE', ( #4452, #1028, #2835, #3018 ) ) ;
#4463 = CARTESIAN_POINT ( 'NONE',  ( 22.23981188404887632, 11.76999652809769792, 0.7499999986000001062 ) ) ;
#4464 = FACE_OUTER_BOUND ( 'NONE', #3189, .T. ) ;
#4465 = ORIENTED_EDGE ( 'NONE', *, *, #602, .F. ) ;
#4466 = CARTESIAN_POINT ( 'NONE',  ( 2.750000003308855412, 8.999999983200002163, 0.4499999986000000618 ) ) ;
#4467 = CARTESIAN_POINT ( 'NONE',  ( -23.40241638321512596, 14.84032653844848504, -0.7499999986000001062 ) ) ;
#4468 = EDGE_CURVE ( 'NONE', #1180, #2879, #1239, .T. ) ;
#4469 = DIRECTION ( 'NONE',  ( -1.000000000000000000, 0.000000000000000000, 0.000000000000000000 ) ) ;
#4470 = CARTESIAN_POINT ( 'NONE',  ( 17.52606057095537651, 13.53463500962698340, -0.7499999953385155793 ) ) ;
#4471 = ORIENTED_EDGE ( 'NONE', *, *, #259, .F. ) ;
#4472 = CARTESIAN_POINT ( 'NONE',  ( -3.499999993491154093, 8.999999983200002163, -0.7499999985999999952 ) ) ;
#4473 = CARTESIAN_POINT ( 'NONE',  ( -13.66506323703964298, -18.66858433255250205, 0.4499999986000000618 ) ) ;
#4474 = DATE_AND_TIME ( #4123, #2806 ) ;
#4475 = DIRECTION ( 'NONE',  ( 0.000000000000000000, 0.000000000000000000, 1.000000000000000000 ) ) ;
#4476 = CARTESIAN_POINT ( 'NONE',  ( 36.11947483817385063, 11.05938056825500659, -0.7499999954800304902 ) ) ;
#4477 = B_SPLINE_CURVE_WITH_KNOTS ( 'NONE', 3,
 ( #3227, #2454, #1095, #3607 ),
 .UNSPECIFIED., .F., .F.,
 ( 4, 4 ),
 ( 0.000000000000000000, 1.000000000000000000 ),
 .UNSPECIFIED. ) ;
#4478 = ORIENTED_EDGE ( 'NONE', *, *, #4552, .T. ) ;
#4479 = CARTESIAN_POINT ( 'NONE',  ( 30.77061680839987545, 16.08790903072851464, 0.7499999988234319348 ) ) ;
#4480 = DIRECTION ( 'NONE',  ( 0.000000000000000000, 0.000000000000000000, -1.000000000000000000 ) ) ;
#4481 = EDGE_CURVE ( 'NONE', #1349, #1202, #1682, .T. ) ;
#4482 = LINE ( 'NONE', #1261, #95 ) ;
#4483 = VERTEX_POINT ( 'NONE', #2765 ) ;
#4484 = ORIENTED_EDGE ( 'NONE', *, *, #1609, .T. ) ;
#4485 = CARTESIAN_POINT ( 'NONE',  ( 6.250000013708873148, -29.00000001360000823, 0.7499999985999999952 ) ) ;
#4486 = CARTESIAN_POINT ( 'NONE',  ( 4.999999999108855953, 8.999999983200002163, 0.4499999986000000618 ) ) ;
#4487 = VERTEX_POINT ( 'NONE', #3747 ) ;
#4488 = CARTESIAN_POINT ( 'NONE',  ( 13.81319777395447979, -25.26277832003686541, -0.7499999986000001062 ) ) ;
#4489 = DIRECTION ( 'NONE',  ( 0.000000000000000000, 0.000000000000000000, -1.000000000000000000 ) ) ;
#4490 = CARTESIAN_POINT ( 'NONE',  ( 35.07615736514649285, 12.17820161836365145, -0.7499999985999999952 ) ) ;
#4491 = CARTESIAN_POINT ( 'NONE',  ( -16.92092946349115934, 27.00790895080001874, -0.1499999931333333703 ) ) ;
#4492 = VECTOR ( 'NONE', #90, 1000.000000000000000 ) ;
#4493 = VERTEX_POINT ( 'NONE', #530 ) ;
#4494 = CARTESIAN_POINT ( 'NONE',  ( 37.99999881990883921, 4.000001169399997281, -0.7499999985999999952 ) ) ;
#4495 = EDGE_CURVE ( 'NONE', #2291, #3457, #3546, .T. ) ;
#4496 = CARTESIAN_POINT ( 'NONE',  ( 23.65747900025574424, 8.851333411844917620, 0.7499999985999999952 ) ) ;
#4497 = PERSON_AND_ORGANIZATION_ROLE ( 'classification_officer' ) ;
#4498 = EDGE_CURVE ( 'NONE', #889, #1312, #1746, .T. ) ;
#4499 = LINE ( 'NONE', #1183, #817 ) ;
#4500 = DIRECTION ( 'NONE',  ( 0.000000000000000000, 0.000000000000000000, 1.000000000000000000 ) ) ;
#4501 = VERTEX_POINT ( 'NONE', #2144 ) ;
#4502 = DIRECTION ( 'NONE',  ( 0.000000000000000000, 0.000000000000000000, 1.000000000000000000 ) ) ;
#4503 = DIRECTION ( 'NONE',  ( 0.000000000000000000, 0.000000000000000000, 1.000000000000000000 ) ) ;
#4504 = DIRECTION ( 'NONE',  ( 0.000000000000000000, 0.000000000000000000, 1.000000000000000000 ) ) ;
#4505 = ORIENTED_EDGE ( 'NONE', *, *, #2400, .T. ) ;
#4506 = EDGE_CURVE ( 'NONE', #3210, #317, #2764, .T. ) ;
#4507 = ORIENTED_EDGE ( 'NONE', *, *, #235, .F. ) ;
#4508 = CARTESIAN_POINT ( 'NONE',  ( 31.84999999470883125, -1.150000011399976430, 0.4499999986000000618 ) ) ;
#4509 = DIRECTION ( 'NONE',  ( 0.000000000000000000, 0.000000000000000000, -1.000000000000000000 ) ) ;
#4510 = VERTEX_POINT ( 'NONE', #673 ) ;
#4511 = CARTESIAN_POINT ( 'NONE',  ( -11.75000000349110607, 22.94967320139998535, 0.1500000047999999753 ) ) ;
#4512 = ORIENTED_EDGE ( 'NONE', *, *, #3579, .F. ) ;
#4513 = CARTESIAN_POINT ( 'NONE',  ( 23.59703237527238073, -8.509025344264644630, 0.7499999985999999952 ) ) ;
#4514 = CARTESIAN_POINT ( 'NONE',  ( 25.00000000410887324, 1.168400015627568678E-06, 0.1500000047999999753 ) ) ;
#4515 = CARTESIAN_POINT ( 'NONE',  ( -2.334169657545157595, 34.58395354853152526, 0.7499999944232000892 ) ) ;
#4516 = ORIENTED_EDGE ( 'NONE', *, *, #2881, .F. ) ;
#4517 = CARTESIAN_POINT ( 'NONE',  ( 23.69253332770884768, 1.168400015627568678E-06, 9.757819552369539906E-16 ) ) ;
#4518 = LINE ( 'NONE', #4473, #4573 ) ;
#4519 = CARTESIAN_POINT ( 'NONE',  ( 34.15000001750889425, -1.149999986000016516, -0.4499999890000000446 ) ) ;
#4520 = B_SPLINE_CURVE_WITH_KNOTS ( 'NONE', 3,
 ( #1811, #484, #3247, #811 ),
 .UNSPECIFIED., .F., .F.,
 ( 4, 4 ),
 ( 0.000000000000000000, 1.000000000000000000 ),
 .UNSPECIFIED. ) ;
#4521 = CARTESIAN_POINT ( 'NONE',  ( 32.35282119789335553, 15.09862217034798526, -0.7499999985999999952 ) ) ;
#4522 = ORIENTED_EDGE ( 'NONE', *, *, #3978, .T. ) ;
#4523 = ADVANCED_FACE ( 'NONE', ( #4246 ), #297, .F. ) ;
#4524 = CIRCLE ( 'NONE', #3997, 2.249999995800000541 ) ;
#4525 = CARTESIAN_POINT ( 'NONE',  ( 20.87345545972438288, 1.026061597326988206, 0.7500000008241241023 ) ) ;
#4526 = CARTESIAN_POINT ( 'NONE',  ( 15.17368206228487360, 13.44929077754862412, 0.7499999985999999952 ) ) ;
#4527 = CIRCLE ( 'NONE', #3102, 2.249999995800000541 ) ;
#4528 = CARTESIAN_POINT ( 'NONE',  ( 13.50000012862187582, 10.71555715659999741, 0.7499999964708481404 ) ) ;
#4529 = ORIENTED_EDGE ( 'NONE', *, *, #4125, .T. ) ;
#4530 = ORIENTED_EDGE ( 'NONE', *, *, #2407, .T. ) ;
#4531 = AXIS2_PLACEMENT_3D ( 'NONE', #2405, #2788, #13 ) ;
#4532 = CARTESIAN_POINT ( 'NONE',  ( 22.71886938239314091, -11.38695815563495728, -0.7499999986000002172 ) ) ;
#4533 = DIRECTION ( 'NONE',  ( 0.000000000000000000, 0.000000000000000000, 1.000000000000000000 ) ) ;
#4534 = VERTEX_POINT ( 'NONE', #4616 ) ;
#4535 = CARTESIAN_POINT ( 'NONE',  ( -16.50000000309115222, -13.00000112719998313, 9.757819552369539906E-16 ) ) ;
#4536 = ORIENTED_EDGE ( 'NONE', *, *, #251, .F. ) ;
#4537 = B_SPLINE_CURVE_WITH_KNOTS ( 'NONE', 3,
 ( #116, #2640, #1537, #2973 ),
 .UNSPECIFIED., .F., .F.,
 ( 4, 4 ),
 ( 0.7253290687863276354, 1.000000000000000000 ),
 .UNSPECIFIED. ) ;
#4538 = CARTESIAN_POINT ( 'NONE',  ( -1.600991857134590690, 33.31405236741620257, -0.7499999986000001062 ) ) ;
#4540 = ADVANCED_FACE ( 'NONE', ( #1025 ), #2164, .T. ) ;
#4539 = CARTESIAN_POINT ( 'NONE',  ( 17.07321318935387211, -13.69945564659519377, 0.7499999986000001062 ) ) ;
#4541 = PLANE ( 'NONE',  #21 ) ;
#4542 = VERTEX_POINT ( 'NONE', #2431 ) ;
#4543 = CARTESIAN_POINT ( 'NONE',  ( 37.83382058406620985, -8.036252229347615739, 0.7499999899553149163 ) ) ;
#4544 = CARTESIAN_POINT ( 'NONE',  ( 5.000000125942372087, 1.000000040466492157, 0.7500000001937860983 ) ) ;
#4545 = DIRECTION ( 'NONE',  ( -1.000000000000000000, 0.000000000000000000, 0.000000000000000000 ) ) ;
#4546 = VERTEX_POINT ( 'NONE', #3962 ) ;
#4547 = VERTEX_POINT ( 'NONE', #4263 ) ;
#4548 = CARTESIAN_POINT ( 'NONE',  ( 18.45041315121181924, -29.65705088744569196, -0.7499999985999999952 ) ) ;
#4549 = CARTESIAN_POINT ( 'NONE',  ( 37.99999881990883921, -3.999998832599993559, -0.7499999985999999952 ) ) ;
#4550 = CARTESIAN_POINT ( 'NONE',  ( 13.07273007954135124, -32.00000112978851519, 0.7500000026637549944 ) ) ;
#4551 = ORIENTED_EDGE ( 'NONE', *, *, #3459, .F. ) ;
#4552 = EDGE_CURVE ( 'NONE', #4211, #4013, #3201, .T. ) ;
#4553 = FACE_BOUND ( 'NONE', #2921, .T. ) ;
#4554 = ORIENTED_EDGE ( 'NONE', *, *, #626, .T. ) ;
#4555 = CARTESIAN_POINT ( 'NONE',  ( 22.60299245676138113, -11.49089857315314944, 0.7499999985999999952 ) ) ;
#4556 = ORIENTED_EDGE ( 'NONE', *, *, #578, .T. ) ;
#4557 = ADVANCED_FACE ( 'NONE', ( #1045 ), #3531, .F. ) ;
#4558 = ADVANCED_FACE ( 'NONE', ( #1438 ), #3158, .T. ) ;
#4559 = FACE_BOUND ( 'NONE', #59, .T. ) ;
#4560 = CARTESIAN_POINT ( 'NONE',  ( 30.69999998330885660, 6.436517985264345043E-10, 0.4499999986000000618 ) ) ;
#4561 = CARTESIAN_POINT ( 'NONE',  ( -18.07092948743241223, 28.99976736775927577, -0.4499999890000000446 ) ) ;
#4562 = VERTEX_POINT ( 'NONE', #3870 ) ;
#4563 = DIRECTION ( 'NONE',  ( 1.000000000000000000, 0.000000000000000000, 0.000000000000000000 ) ) ;
#4564 = EDGE_CURVE ( 'NONE', #867, #2968, #3597, .T. ) ;
#4565 = ADVANCED_FACE ( 'NONE', ( #345 ), #1812, .F. ) ;
#4566 = CARTESIAN_POINT ( 'NONE',  ( 21.68298478718669386, 12.02163832018151446, 0.2499999992336800481 ) ) ;
#4567 = VECTOR ( 'NONE', #3520, 1000.000000000000000 ) ;
#4568 = CARTESIAN_POINT ( 'NONE',  ( 34.15000001750889425, 1.149999986000016516, 0.4499999986000000618 ) ) ;
#4569 = EDGE_LOOP ( 'NONE', ( #1099, #3186, #4249, #3583 ) ) ;
#4570 = ORIENTED_EDGE ( 'NONE', *, *, #1009, .T. ) ;
#4571 = DIRECTION ( 'NONE',  ( 1.000000000000000000, 0.000000000000000000, 0.000000000000000000 ) ) ;
#4572 = LINE ( 'NONE', #4617, #2130 ) ;
#4573 = VECTOR ( 'NONE', #1300, 1000.000000000000114 ) ;
#4574 = CARTESIAN_POINT ( 'NONE',  ( 18.91170198064368080, -13.03030043924111503, -0.7499999985999999952 ) ) ;
#4575 = ORIENTED_EDGE ( 'NONE', *, *, #1250, .F. ) ;
#4576 = AXIS2_PLACEMENT_3D ( 'NONE', #61, #2286, #84 ) ;
#4577 = CARTESIAN_POINT ( 'NONE',  ( 4.999999999108855953, 8.999999983200002163, -0.7499999985999999952 ) ) ;
#4578 = VERTEX_POINT ( 'NONE', #4286 ) ;
#4579 = CARTESIAN_POINT ( 'NONE',  ( 22.93089519336924198, -11.16589500776434818, 0.7499999986000002172 ) ) ;
#4580 = EDGE_LOOP ( 'NONE', ( #1865, #1317, #3900, #4478 ) ) ;
#4581 = EDGE_CURVE ( 'NONE', #911, #967, #1064, .T. ) ;
#4582 = DIRECTION ( 'NONE',  ( 0.000000000000000000, 0.000000000000000000, -1.000000000000000000 ) ) ;
#4583 = EDGE_CURVE ( 'NONE', #3721, #1840, #1474, .T. ) ;
#4584 = CARTESIAN_POINT ( 'NONE',  ( 15.22190043319188213, -23.20533159177850990, 0.7499999991986160408 ) ) ;
#4585 = CARTESIAN_POINT ( 'NONE',  ( 10.00000012939236704, -3.999999950200006094, 0.7500000003000401039 ) ) ;
#4586 = ORIENTED_EDGE ( 'NONE', *, *, #4056, .F. ) ;
#4587 = CARTESIAN_POINT ( 'NONE',  ( -29.99999924129113538, 22.51666060540000203, 0.2500000041270823425 ) ) ;
#4588 = CARTESIAN_POINT ( 'NONE',  ( -1.971307364333797274, 33.95545762277131985, -0.7499999985999999952 ) ) ;
#4589 = DIRECTION ( 'NONE',  ( 0.000000000000000000, 0.000000000000000000, 1.000000000000000000 ) ) ;
#4590 = ORIENTED_EDGE ( 'NONE', *, *, #2303, .F. ) ;
#4591 = ORIENTED_EDGE ( 'NONE', *, *, #4201, .F. ) ;
#4592 = CARTESIAN_POINT ( 'NONE',  ( -13.25000000069112538, -22.94967320139998535, 0.1500000047999999753 ) ) ;
#4593 = CARTESIAN_POINT ( 'NONE',  ( -8.920989637752022361, 37.99999994619602006, -0.7499999986000001062 ) ) ;
#4594 = ADVANCED_FACE ( 'NONE', ( #836 ), #3270, .F. ) ;
#4595 = CARTESIAN_POINT ( 'NONE',  ( 31.84999999470883125, 0.000000000000000000, 0.4499999986000000618 ) ) ;
#4596 = ORIENTED_EDGE ( 'NONE', *, *, #2589, .T. ) ;
#4597 = AXIS2_PLACEMENT_3D ( 'NONE', #798, #3704, #4460 ) ;
#4598 = B_SPLINE_CURVE_WITH_KNOTS ( 'NONE', 3,
 ( #1476, #2911, #1852, #1879 ),
 .UNSPECIFIED., .F., .F.,
 ( 4, 4 ),
 ( 0.000000000000000000, 1.000000000000000000 ),
 .UNSPECIFIED. ) ;
#4599 = CARTESIAN_POINT ( 'NONE',  ( 23.47600221390883846, -8.176497693199996419, 0.2499999995333333780 ) ) ;
#4600 = ORIENTED_EDGE ( 'NONE', *, *, #4139, .T. ) ;
#4601 = CARTESIAN_POINT ( 'NONE',  ( -8.306423681440161744, -38.00000113025497939, 0.7499999973493221006 ) ) ;
#4602 = VECTOR ( 'NONE', #2008, 1000.000000000000000 ) ;
#4603 = ORIENTED_EDGE ( 'NONE', *, *, #458, .F. ) ;
#4604 = DIRECTION ( 'NONE',  ( 0.000000000000000000, 0.000000000000000000, -1.000000000000000000 ) ) ;
#4605 = AXIS2_PLACEMENT_3D ( 'NONE', #3317, #457, #2256 ) ;
#4606 = AXIS2_PLACEMENT_3D ( 'NONE', #3725, #3372, #532 ) ;
#4607 = CARTESIAN_POINT ( 'NONE',  ( 14.57454950265288396, -23.96815081502999689, 0.7499999986000002172 ) ) ;
#4608 = CARTESIAN_POINT ( 'NONE',  ( -13.49999999440762366, -13.00000113071200758, -0.7500000017667113328 ) ) ;
#4609 = ORIENTED_EDGE ( 'NONE', *, *, #1428, .T. ) ;
#4610 = FACE_OUTER_BOUND ( 'NONE', #1961, .T. ) ;
#4611 = CARTESIAN_POINT ( 'NONE',  ( 1.666666753842212856, 1.000000031999986883, 0.7499999985999999952 ) ) ;
#4612 = EDGE_CURVE ( 'NONE', #635, #3254, #1653, .T. ) ;
#4613 = CARTESIAN_POINT ( 'NONE',  ( -13.49999998419163028, 12.99999995879999659, -0.7500000015687918742 ) ) ;
#4614 = ORIENTED_EDGE ( 'NONE', *, *, #3034, .T. ) ;
#4615 = EDGE_LOOP ( 'NONE', ( #4222, #2359, #2237, #3424 ) ) ;
#4616 = CARTESIAN_POINT ( 'NONE',  ( -15.71410141301363161, -19.21762231240650820, 0.7499999985999999952 ) ) ;
#4617 = CARTESIAN_POINT ( 'NONE',  ( 3.500000001908865066, 8.999999983200002163, 0.1500000047999999753 ) ) ;
#4618 = CARTESIAN_POINT ( 'NONE',  ( 23.28815170244633492, -10.67601939466746330, -0.7499999986000001062 ) ) ;
#4619 = CARTESIAN_POINT ( 'NONE',  ( -10.70820863877304596, -37.60337810329868802, 0.7499999943119698420 ) ) ;
#4620 = VERTEX_POINT ( 'NONE', #4350 ) ;
#4621 = EDGE_CURVE ( 'NONE', #1768, #282, #586, .T. ) ;
#4622 = EDGE_CURVE ( 'NONE', #2504, #1150, #3332, .T. ) ;
#4623 = B_SPLINE_CURVE_WITH_KNOTS ( 'NONE', 3,
 ( #1766, #3550, #2531, #1456 ),
 .UNSPECIFIED., .F., .F.,
 ( 4, 4 ),
 ( 0.000000000000000000, 1.000000000000000000 ),
 .UNSPECIFIED. ) ;
#4624 = CARTESIAN_POINT ( 'NONE',  ( 25.00000000410887324, 1.168400015627568678E-06, 0.4499999986000000618 ) ) ;
#4625 = ORIENTED_EDGE ( 'NONE', *, *, #3729, .F. ) ;
#4626 = ORIENTED_EDGE ( 'NONE', *, *, #318, .F. ) ;
#4627 = CARTESIAN_POINT ( 'NONE',  ( 31.60000333912332238, 15.66531548029802323, 0.7499999993660599884 ) ) ;
#4628 = CARTESIAN_POINT ( 'NONE',  ( 17.07321319062774023, 13.69945797813115362, -0.7499999986000001062 ) ) ;
#4629 = DIRECTION ( 'NONE',  ( 1.000000000000000000, 0.000000000000000000, 0.000000000000000000 ) ) ;
#4630 = EDGE_LOOP ( 'NONE', ( #268, #139, #1946, #2010 ) ) ;
#4631 = LINE ( 'NONE', #2112, #3622 ) ;
#4632 = CARTESIAN_POINT ( 'NONE',  ( -3.180039089091137861, -38.00000113979998417, 0.7499999985999999952 ) ) ;
#4633 = PLANE ( 'NONE',  #293 ) ;
#4634 = EDGE_CURVE ( 'NONE', #1762, #2214, #407, .T. ) ;
#4635 = EDGE_CURVE ( 'NONE', #672, #2477, #1505, .T. ) ;
#4636 = VERTEX_POINT ( 'NONE', #4050 ) ;
#4637 = VERTEX_POINT ( 'NONE', #3344 ) ;
#4638 = DIRECTION ( 'NONE',  ( 1.000000000000000000, 0.000000000000000000, 0.000000000000000000 ) ) ;
#4639 = EDGE_CURVE ( 'NONE', #4109, #4547, #3779, .T. ) ;
#4640 = VECTOR ( 'NONE', #1576, 1000.000000000000000 ) ;
#4641 = CARTESIAN_POINT ( 'NONE',  ( -16.49999999821563534, -16.00000112191399282, 0.7500000026999951164 ) ) ;
#4642 = CYLINDRICAL_SURFACE ( 'NONE', #3664, 1.150000011399969546 ) ;
#4643 = CARTESIAN_POINT ( 'NONE',  ( -16.49999999621715219, 15.99999995991702129, -0.7500000017667113328 ) ) ;
#4644 = VECTOR ( 'NONE', #3542, 1000.000000000000000 ) ;
#4645 = ORIENTED_EDGE ( 'NONE', *, *, #3096, .T. ) ;
ENDSEC;
END-ISO-10303-21;
