ISO-10303-21;
HEADER;
FILE_DESCRIPTION (( 'STEP AP203' ),
    '1' );
FILE_NAME ('PEN-XL.STEP',
    '2025-01-21T11:55:46',
    ( '' ),
    ( '' ),
    'SwSTEP 2.0',
    'SolidWorks 2024',
    '' );
FILE_SCHEMA (( 'CONFIG_CONTROL_DESIGN' ));
ENDSEC;

DATA;
#1 = VERTEX_POINT ( 'NONE', #194 ) ;
#2 = CARTESIAN_POINT ( 'NONE',  ( -25.92347911680843708, -16.28110804935864309, -0.7499999986000001062 ) ) ;
#3 = CARTESIAN_POINT ( 'NONE',  ( 27.29887419679610616, 1.361971346751977840, 0.7499999983663099279 ) ) ;
#4 = AXIS2_PLACEMENT_3D ( 'NONE', #1780, #2051, #1474 ) ;
#5 = CARTESIAN_POINT ( 'NONE',  ( 5.807822419224923038, -46.49999999641654824, 0.7499999985999979968 ) ) ;
#6 = CIRCLE ( 'NONE', #939, 1.499999999999999556 ) ;
#7 = CARTESIAN_POINT ( 'NONE',  ( 4.999999803455307479, -26.99999987921702882, 0.7499999985999999952 ) ) ;
#8 = DIRECTION ( 'NONE',  ( -1.815852218230840173E-11, -1.048382767004165731E-11, 1.000000000000000000 ) ) ;
#9 = CARTESIAN_POINT ( 'NONE',  ( 9.904003539521589516, 32.81585065547548652, 0.7500000021710750975 ) ) ;
#10 = ORIENTED_EDGE ( 'NONE', *, *, #1570, .F. ) ;
#11 = EDGE_CURVE ( 'NONE', #3227, #3682, #4033, .T. ) ;
#12 = VERTEX_POINT ( 'NONE', #259 ) ;
#13 = ORIENTED_EDGE ( 'NONE', *, *, #2785, .F. ) ;
#14 = AXIS2_PLACEMENT_3D ( 'NONE', #1627, #3479, #2584 ) ;
#15 = EDGE_CURVE ( 'NONE', #2656, #2732, #3776, .T. ) ;
#16 = CARTESIAN_POINT ( 'NONE',  ( 12.56294459730009017, 31.05566260791348299, -0.7500000012377074921 ) ) ;
#17 = CARTESIAN_POINT ( 'NONE',  ( -33.00000081063042501, 28.86751459573347489, 0.7499999985999979968 ) ) ;
#18 = LINE ( 'NONE', #2847, #1139 ) ;
#19 = CC_DESIGN_PERSON_AND_ORGANIZATION_ASSIGNMENT ( #3298, #75, ( #145 ) ) ;
#20 = EDGE_LOOP ( 'NONE', ( #1143, #458, #3645, #858, #1366, #2869, #1095, #3738, #2769, #2594, #64, #1888 ) ) ;
#21 = CARTESIAN_POINT ( 'NONE',  ( -13.88020159230396899, -17.01499251175403771, 0.7499999985999998842 ) ) ;
#22 = CYLINDRICAL_SURFACE ( 'NONE', #268, 1.150000000000012124 ) ;
#23 = CARTESIAN_POINT ( 'NONE',  ( -16.49999979167490594, -18.50000000780002551, 0.2499999995333341274 ) ) ;
#24 = EDGE_CURVE ( 'NONE', #1037, #4010, #2007, .T. ) ;
#25 = DIRECTION ( 'NONE',  ( 0.000000000000000000, 0.000000000000000000, -1.000000000000000000 ) ) ;
#26 = CARTESIAN_POINT ( 'NONE',  ( -14.33493640832839233, -29.82883818246293117, 0.7499999980269783650 ) ) ;
#27 = CARTESIAN_POINT ( 'NONE',  ( -9.999999797191405193, -23.00000009923802580, 0.7499999985999999952 ) ) ;
#28 = ORIENTED_EDGE ( 'NONE', *, *, #2919, .F. ) ;
#29 = ORIENTED_EDGE ( 'NONE', *, *, #2486, .T. ) ;
#30 = VERTEX_POINT ( 'NONE', #1860 ) ;
#31 = AXIS2_PLACEMENT_3D ( 'NONE', #2855, #8, #2238 ) ;
#32 = B_SPLINE_CURVE_WITH_KNOTS ( 'NONE', 3,
 ( #3758, #922, #2, #3551, #390, #1414, #3631, #2990, #2622, #785 ),
 .UNSPECIFIED., .F., .F.,
 ( 4, 2, 2, 2, 4 ),
 ( 0.000000000000000000, 0.2500000000000000000, 0.5000000000000000000, 0.7500000000000000000, 1.000000000000000000 ),
 .UNSPECIFIED. ) ;
#33 = AXIS2_PLACEMENT_3D ( 'NONE', #3651, #2453, #4019 ) ;
#34 = DIRECTION ( 'NONE',  ( -0.000000000000000000, 0.000000000000000000, 1.000000000000000000 ) ) ;
#35 = EDGE_CURVE ( 'NONE', #169, #3550, #4030, .T. ) ;
#36 = DIRECTION ( 'NONE',  ( -1.000000000000000000, 0.000000000000000000, -1.815850710536654050E-11 ) ) ;
#37 = VERTEX_POINT ( 'NONE', #3986 ) ;
#38 = CARTESIAN_POINT ( 'NONE',  ( -26.00000009662589662, 15.50000001339998867, -0.7499999966976472754 ) ) ;
#39 = VECTOR ( 'NONE', #2587, 1000.000000000000000 ) ;
#40 = DIRECTION ( 'NONE',  ( 0.000000000000000000, 0.000000000000000000, -1.000000000000000000 ) ) ;
#41 = DIRECTION ( 'NONE',  ( 0.4999999999999919509, 0.8660254037844432595, 0.000000000000000000 ) ) ;
#42 = PLANE ( 'NONE',  #2436 ) ;
#43 = ADVANCED_FACE ( 'NONE', ( #3418 ), #1487, .F. ) ;
#44 = DIRECTION ( 'NONE',  ( -0.5000000000000033307, 0.8660254037844368202, -1.815850082013639600E-11 ) ) ;
#45 = EDGE_CURVE ( 'NONE', #1021, #3313, #3181, .T. ) ;
#46 = DIRECTION ( 'NONE',  ( 0.000000000000000000, 0.000000000000000000, -1.000000000000000000 ) ) ;
#47 = ORIENTED_EDGE ( 'NONE', *, *, #2469, .T. ) ;
#48 = CYLINDRICAL_SURFACE ( 'NONE', #3869, 1.150000000000012124 ) ;
#49 = ORIENTED_EDGE ( 'NONE', *, *, #1824, .F. ) ;
#50 = EDGE_LOOP ( 'NONE', ( #260, #1480, #1198, #1866, #2733, #3397 ) ) ;
#51 = ORIENTED_EDGE ( 'NONE', *, *, #213, .F. ) ;
#52 = FACE_BOUND ( 'NONE', #1418, .T. ) ;
#53 = CARTESIAN_POINT ( 'NONE',  ( 30.30096373092508344, -13.86197171720002252, 0.2499999995333341274 ) ) ;
#54 = ORIENTED_EDGE ( 'NONE', *, *, #2907, .T. ) ;
#55 = DIRECTION ( 'NONE',  ( 0.000000000000000000, 0.000000000000000000, -1.000000000000000000 ) ) ;
#56 = DIRECTION ( 'NONE',  ( 1.000000000000000000, 0.000000000000000000, 0.000000000000000000 ) ) ;
#57 = CARTESIAN_POINT ( 'NONE',  ( -18.25000000001103473, -31.60992723815200733, -0.7588613171576548133 ) ) ;
#58 = B_SPLINE_CURVE_WITH_KNOTS ( 'NONE', 3,
 ( #2776, #1864, #4035, #2111 ),
 .UNSPECIFIED., .F., .F.,
 ( 4, 4 ),
 ( 0.000000000000000000, 1.000000000000000000 ),
 .UNSPECIFIED. ) ;
#59 = AXIS2_PLACEMENT_3D ( 'NONE', #652, #928, #630 ) ;
#60 = ADVANCED_FACE ( 'NONE', ( #2131 ), #1137, .F. ) ;
#61 = DIRECTION ( 'NONE',  ( -0.000000000000000000, 0.000000000000000000, 1.000000000000000000 ) ) ;
#62 = CARTESIAN_POINT ( 'NONE',  ( 9.999999721333113101, -31.99999987921703237, -0.7499999985999999952 ) ) ;
#63 = DIRECTION ( 'NONE',  ( 1.815852218230855036E-11, -1.048382767004157330E-11, -1.000000000000000000 ) ) ;
#64 = ORIENTED_EDGE ( 'NONE', *, *, #1168, .F. ) ;
#65 = FACE_BOUND ( 'NONE', #902, .T. ) ;
#66 = CIRCLE ( 'NONE', #1929, 7.000000000000000000 ) ;
#67 = VECTOR ( 'NONE', #2734, 1000.000000000000000 ) ;
#68 = EDGE_CURVE ( 'NONE', #2950, #1775, #4055, .T. ) ;
#69 = EDGE_CURVE ( 'NONE', #3987, #1461, #1986, .T. ) ;
#70 = DIRECTION ( 'NONE',  ( -0.000000000000000000, 0.000000000000000000, 1.000000000000000000 ) ) ;
#71 = EDGE_LOOP ( 'NONE', ( #2458, #3366, #2450, #2322 ) ) ;
#72 = ORIENTED_EDGE ( 'NONE', *, *, #1640, .F. ) ;
#73 = ORIENTED_EDGE ( 'NONE', *, *, #276, .F. ) ;
#74 = AXIS2_PLACEMENT_3D ( 'NONE', #376, #2547, #2874 ) ;
#75 = PERSON_AND_ORGANIZATION_ROLE ( 'creator' ) ;
#76 = CARTESIAN_POINT ( 'NONE',  ( -33.00000081063042501, 28.86751459573347489, 0.7499999985999979968 ) ) ;
#77 = ORIENTED_EDGE ( 'NONE', *, *, #3243, .T. ) ;
#78 = CARTESIAN_POINT ( 'NONE',  ( 9.904003539521589516, 32.81585065547548652, 0.7500000021710750975 ) ) ;
#79 = LINE ( 'NONE', #3610, #665 ) ;
#80 = CARTESIAN_POINT ( 'NONE',  ( 15.43250407047858097, 19.83009289776799378, 0.7499999992500141488 ) ) ;
#81 = PLANE ( 'NONE',  #1178 ) ;
#82 = CARTESIAN_POINT ( 'NONE',  ( -18.66506342725060463, -27.32883818246295604, 0.7499999979745590739 ) ) ;
#83 = CARTESIAN_POINT ( 'NONE',  ( -23.00000010127489958, -18.50000000780002551, 0.2499999995333341274 ) ) ;
#84 = EDGE_LOOP ( 'NONE', ( #3642, #3025, #2805, #335 ) ) ;
#85 = EDGE_CURVE ( 'NONE', #220, #2346, #286, .T. ) ;
#86 = LINE ( 'NONE', #112, #709 ) ;
#87 = ADVANCED_FACE ( 'NONE', ( #1532 ), #1774, .T. ) ;
#88 = EDGE_CURVE ( 'NONE', #2506, #262, #2157, .T. ) ;
#89 = CARTESIAN_POINT ( 'NONE',  ( -33.00000006618292048, -32.33161453644675731, -0.7499999985999999952 ) ) ;
#90 = CARTESIAN_POINT ( 'NONE',  ( 27.29887419679610616, 1.361971346751977840, 0.7499999983663099279 ) ) ;
#91 = ORIENTED_EDGE ( 'NONE', *, *, #985, .T. ) ;
#92 = VERTEX_POINT ( 'NONE', #3352 ) ;
#93 = VECTOR ( 'NONE', #2260, 1000.000000000000000 ) ;
#94 = ORIENTED_EDGE ( 'NONE', *, *, #838, .T. ) ;
#95 = EDGE_CURVE ( 'NONE', #30, #372, #2856, .T. ) ;
#96 = DIRECTION ( 'NONE',  ( 1.815852218230855036E-11, -1.048382767004157330E-11, -1.000000000000000000 ) ) ;
#97 = CARTESIAN_POINT ( 'NONE',  ( 9.999999721333113101, -31.99999987921703237, 0.7612734287194810046 ) ) ;
#98 = MANIFOLD_SOLID_BREP ( 'CBORE for M5 Hex Head Bolt1', #2918 ) ;
#99 = CIRCLE ( 'NONE', #1368, 1.150000000000012124 ) ;
#100 = ORIENTED_EDGE ( 'NONE', *, *, #3164, .F. ) ;
#101 = CARTESIAN_POINT ( 'NONE',  ( 44.15000000002297753, 1.149999999999984368, 0.4499999986000000618 ) ) ;
#102 = CARTESIAN_POINT ( 'NONE',  ( 30.65575544890988624, -13.68119629643258861, 0.7499999986000001062 ) ) ;
#103 = CARTESIAN_POINT ( 'NONE',  ( 18.36197127527361417, 19.94519195835098202, -0.7499999981624789758 ) ) ;
#104 = CIRCLE ( 'NONE', #3555, 5.000000000000000000 ) ;
#105 = B_SPLINE_CURVE_WITH_KNOTS ( 'NONE', 3,
 ( #556, #494, #1152, #3697 ),
 .UNSPECIFIED., .F., .F.,
 ( 4, 4 ),
 ( 0.000000000000000000, 1.000000000000000000 ),
 .UNSPECIFIED. ) ;
#106 = VECTOR ( 'NONE', #3042, 1000.000000000000000 ) ;
#107 = DIRECTION ( 'NONE',  ( 1.000000000000000000, 0.000000000000000000, 0.000000000000000000 ) ) ;
#108 = ORIENTED_EDGE ( 'NONE', *, *, #2940, .F. ) ;
#109 = FACE_OUTER_BOUND ( 'NONE', #1347, .T. ) ;
#110 = DIRECTION ( 'NONE',  ( 1.000000000000000000, 0.000000000000000000, 0.000000000000000000 ) ) ;
#111 = ORIENTED_EDGE ( 'NONE', *, *, #3670, .F. ) ;
#112 = CARTESIAN_POINT ( 'NONE',  ( -19.92907078565939116, 36.81816314839847593, -0.7588613172741205393 ) ) ;
#113 = CARTESIAN_POINT ( 'NONE',  ( 4.999999803455307479, -31.99999987921703237, 0.7499999985999999952 ) ) ;
#114 = CARTESIAN_POINT ( 'NONE',  ( 13.99999976256308187, -17.27217277508852433, 0.7499999990333441335 ) ) ;
#115 = ORIENTED_EDGE ( 'NONE', *, *, #451, .T. ) ;
#116 = VERTEX_POINT ( 'NONE', #1305 ) ;
#117 = VERTEX_POINT ( 'NONE', #2572 ) ;
#118 = CARTESIAN_POINT ( 'NONE',  ( 5.999999417025114745, -43.49999999500003867, 0.7499999985999999952 ) ) ;
#119 = CARTESIAN_POINT ( 'NONE',  ( -21.18729065311872262, 44.69746388589893371, 0.7499999977466698109 ) ) ;
#120 = EDGE_CURVE ( 'NONE', #2824, #539, #1287, .T. ) ;
#121 = ORIENTED_EDGE ( 'NONE', *, *, #1091, .F. ) ;
#122 = CARTESIAN_POINT ( 'NONE',  ( -20.38789305654420403, 43.31286663318972785, 0.4499999977757015435 ) ) ;
#123 = CARTESIAN_POINT ( 'NONE',  ( 15.49726096132497233, -19.87120165479705136, -0.7499999986000001062 ) ) ;
#124 = CARTESIAN_POINT ( 'NONE',  ( -6.499999473734363598, 17.49999999999998934, 0.4499999986000000618 ) ) ;
#125 = CARTESIAN_POINT ( 'NONE',  ( 18.36197127827959719, 19.94519195976945980, 0.7499999990333441335 ) ) ;
#126 = VERTEX_POINT ( 'NONE', #2530 ) ;
#127 = CARTESIAN_POINT ( 'NONE',  ( 24.33146750382508827, -16.90358202970002210, -0.7499999985999999952 ) ) ;
#128 = FACE_OUTER_BOUND ( 'NONE', #1053, .T. ) ;
#129 = VERTEX_POINT ( 'NONE', #3148 ) ;
#130 = SECURITY_CLASSIFICATION ( '', '', #530 ) ;
#131 = DIRECTION ( 'NONE',  ( -0.5000000000000033307, 0.8660254037844368202, -1.815850082013639600E-11 ) ) ;
#132 = CARTESIAN_POINT ( 'NONE',  ( 34.49999983552509519, -4.000000000000031086, 0.7499999985999999952 ) ) ;
#133 = LINE ( 'NONE', #3929, #2762 ) ;
#134 = ORIENTED_EDGE ( 'NONE', *, *, #607, .F. ) ;
#135 = ORIENTED_EDGE ( 'NONE', *, *, #2189, .T. ) ;
#136 = AXIS2_PLACEMENT_3D ( 'NONE', #1074, #3908, #2676 ) ;
#137 = CIRCLE ( 'NONE', #669, 1.150000000000012124 ) ;
#138 = ORIENTED_EDGE ( 'NONE', *, *, #15, .T. ) ;
#139 = CALENDAR_DATE ( 2025, 21, 1 ) ;
#140 = CARTESIAN_POINT ( 'NONE',  ( -13.49999979727489752, 5.166666673000447574, -0.7499999985999999952 ) ) ;
#141 = EDGE_CURVE ( 'NONE', #1609, #882, #1554, .T. ) ;
#142 = EDGE_CURVE ( 'NONE', #3765, #1037, #2900, .T. ) ;
#143 = DIRECTION ( 'NONE',  ( -1.000000000000000000, 0.000000000000000000, 0.000000000000000000 ) ) ;
#144 = CARTESIAN_POINT ( 'NONE',  ( 42.42925220293555810, -12.66083073040100082, 0.7499999985999979968 ) ) ;
#145 = PRODUCT_DEFINITION ( 'UNKNOWN', '', #2298, #994 ) ;
#146 = CYLINDRICAL_SURFACE ( 'NONE', #2069, 1.499999999999997780 ) ;
#147 = CARTESIAN_POINT ( 'NONE',  ( 41.85000000002300879, -1.150000000000039879, 0.4499999986000000618 ) ) ;
#148 = DIRECTION ( 'NONE',  ( 0.000000000000000000, 0.000000000000000000, 1.000000000000000000 ) ) ;
#149 = CARTESIAN_POINT ( 'NONE',  ( 43.11947573885158391, 15.05938009376195375, -0.7499999985999999952 ) ) ;
#150 = EDGE_LOOP ( 'NONE', ( #2149, #134, #3209, #2562 ) ) ;
#151 = EDGE_CURVE ( 'NONE', #3582, #1710, #270, .T. ) ;
#152 = DIRECTION ( 'NONE',  ( -0.000000000000000000, 0.000000000000000000, 1.000000000000000000 ) ) ;
#153 = CARTESIAN_POINT ( 'NONE',  ( 41.85000000002300879, 1.149999999999984368, 0.4499999986000000618 ) ) ;
#154 = CARTESIAN_POINT ( 'NONE',  ( 36.01972644196707307, 21.57460629365395732, 0.2500000011838649505 ) ) ;
#155 = ORIENTED_EDGE ( 'NONE', *, *, #490, .T. ) ;
#156 = ORIENTED_EDGE ( 'NONE', *, *, #1502, .T. ) ;
#157 = CC_DESIGN_APPROVAL ( #3571, ( #130 ) ) ;
#158 = ORIENTED_EDGE ( 'NONE', *, *, #2384, .T. ) ;
#159 = CARTESIAN_POINT ( 'NONE',  ( -26.00000009567490622, -15.49999998800000256, 0.2499999995333341274 ) ) ;
#160 = DIRECTION ( 'NONE',  ( 1.000000000000000000, 0.000000000000000000, 0.000000000000000000 ) ) ;
#161 = CARTESIAN_POINT ( 'NONE',  ( 38.00000000002298606, -2.775557561562891351E-14, -0.7588613151671350643 ) ) ;
#162 = CARTESIAN_POINT ( 'NONE',  ( 15.43250406672358466, 19.83009289686699006, -0.7499999978499718445 ) ) ;
#163 = VECTOR ( 'NONE', #1022, 1000.000000000000000 ) ;
#164 = ORIENTED_EDGE ( 'NONE', *, *, #264, .F. ) ;
#165 = ORIENTED_EDGE ( 'NONE', *, *, #1118, .F. ) ;
#166 = PLANE ( 'NONE',  #2294 ) ;
#167 = AXIS2_PLACEMENT_3D ( 'NONE', #2115, #2719, #1760 ) ;
#168 = CARTESIAN_POINT ( 'NONE',  ( -23.78087561683694062, 18.42387952288112629, 0.7499999986000002172 ) ) ;
#169 = VERTEX_POINT ( 'NONE', #4076 ) ;
#170 = CARTESIAN_POINT ( 'NONE',  ( 47.99999978896360631, 9.825658719101127758, -0.7499999985999999952 ) ) ;
#171 = CIRCLE ( 'NONE', #3881, 1.150000000000011235 ) ;
#172 = ADVANCED_FACE ( 'NONE', ( #4093 ), #988, .F. ) ;
#173 = EDGE_CURVE ( 'NONE', #2678, #741, #303, .T. ) ;
#174 = DIRECTION ( 'NONE',  ( 1.000000000000000000, 0.000000000000000000, 0.000000000000000000 ) ) ;
#175 = CARTESIAN_POINT ( 'NONE',  ( 15.01937693311855071, -19.53417381154304877, 0.7499999985999999952 ) ) ;
#176 = VERTEX_POINT ( 'NONE', #1266 ) ;
#177 = ORIENTED_EDGE ( 'NONE', *, *, #3194, .T. ) ;
#178 = CARTESIAN_POINT ( 'NONE',  ( 36.01972644477505270, 21.57460628377097578, 0.7499999998550420655 ) ) ;
#179 = EDGE_LOOP ( 'NONE', ( #389, #1746, #2426, #1205 ) ) ;
#180 = AXIS2_PLACEMENT_3D ( 'NONE', #3963, #1089, #2342 ) ;
#181 = CYLINDRICAL_SURFACE ( 'NONE', #338, 2.250000000000001776 ) ;
#182 = FACE_BOUND ( 'NONE', #4094, .T. ) ;
#183 = CARTESIAN_POINT ( 'NONE',  ( -13.58399255795811378, -39.49999999641654114, 0.7499999985999979968 ) ) ;
#184 = LINE ( 'NONE', #3669, #273 ) ;
#185 = ORIENTED_EDGE ( 'NONE', *, *, #2431, .T. ) ;
#186 = ORIENTED_EDGE ( 'NONE', *, *, #1367, .T. ) ;
#187 = LINE ( 'NONE', #1545, #1631 ) ;
#188 = DIRECTION ( 'NONE',  ( 0.000000000000000000, 0.000000000000000000, -1.000000000000000000 ) ) ;
#189 = EDGE_LOOP ( 'NONE', ( #492, #1852, #3028, #1778 ) ) ;
#190 = CYLINDRICAL_SURFACE ( 'NONE', #1642, 1.500000000000001332 ) ;
#191 = EDGE_CURVE ( 'NONE', #1252, #1985, #3968, .T. ) ;
#192 = CARTESIAN_POINT ( 'NONE',  ( 31.61201176647959699, -9.826980619188047328, -0.7499999979345822743 ) ) ;
#193 = CARTESIAN_POINT ( 'NONE',  ( -13.49999979835839170, -15.49999999480600188, -0.7499999964333112779 ) ) ;
#194 = CARTESIAN_POINT ( 'NONE',  ( 32.99999983552509519, -2.500000000000030198, 0.7499999985999999952 ) ) ;
#195 = ORIENTED_EDGE ( 'NONE', *, *, #2665, .T. ) ;
#196 = DIRECTION ( 'NONE',  ( -0.000000000000000000, 0.000000000000000000, 1.000000000000000000 ) ) ;
#197 = VERTEX_POINT ( 'NONE', #323 ) ;
#198 = ORIENTED_EDGE ( 'NONE', *, *, #4026, .F. ) ;
#199 = CIRCLE ( 'NONE', #3182, 1.150000000000012124 ) ;
#200 = COORDINATED_UNIVERSAL_TIME_OFFSET ( 1, 0, .AHEAD. ) ;
#201 = CARTESIAN_POINT ( 'NONE',  ( 26.32129958087109500, -15.88971192484753203, -0.7499999985999999952 ) ) ;
#202 = AXIS2_PLACEMENT_3D ( 'NONE', #1373, #1641, #36 ) ;
#203 = CARTESIAN_POINT ( 'NONE',  ( 9.999999721333113101, -26.99999982605424975, 0.7499999985999999952 ) ) ;
#204 = CARTESIAN_POINT ( 'NONE',  ( -4.999999786874903762, -31.99999987921703237, 0.7612734287194810046 ) ) ;
#205 = DIRECTION ( 'NONE',  ( -1.000000000000000000, 0.000000000000000000, 0.000000000000000000 ) ) ;
#206 = ORIENTED_EDGE ( 'NONE', *, *, #371, .F. ) ;
#207 = VERTEX_POINT ( 'NONE', #2898 ) ;
#208 = CARTESIAN_POINT ( 'NONE',  ( -20.38789305654739437, 43.31286663318895336, 0.7499999977757014769 ) ) ;
#209 = LINE ( 'NONE', #3391, #1862 ) ;
#210 = ORIENTED_EDGE ( 'NONE', *, *, #222, .F. ) ;
#211 = AXIS2_PLACEMENT_3D ( 'NONE', #3858, #1663, #2353 ) ;
#212 = CARTESIAN_POINT ( 'NONE',  ( 14.16173307577079399, 18.27730679135288838, 0.7499999985999998842 ) ) ;
#213 = EDGE_CURVE ( 'NONE', #3227, #1448, #267, .T. ) ;
#214 = CARTESIAN_POINT ( 'NONE',  ( 18.13296922807541378, 20.06187436285351922, 0.7499999986000001062 ) ) ;
#215 = CARTESIAN_POINT ( 'NONE',  ( 13.99999976192509088, -5.757391047625542768, -0.7499999985999999952 ) ) ;
#216 = CARTESIAN_POINT ( 'NONE',  ( 31.61201175652508866, 9.826980244399985409, -0.2499999995333329339 ) ) ;
#217 = ORIENTED_EDGE ( 'NONE', *, *, #515, .F. ) ;
#218 = CARTESIAN_POINT ( 'NONE',  ( 13.99999972994943498, 17.52918741982512074, -0.7499999986000001062 ) ) ;
#219 = VERTEX_POINT ( 'NONE', #2220 ) ;
#220 = VERTEX_POINT ( 'NONE', #2588 ) ;
#221 = CARTESIAN_POINT ( 'NONE',  ( 30.30096373282006894, -13.86197172091852003, -0.7499999980177621817 ) ) ;
#222 = EDGE_CURVE ( 'NONE', #3605, #1812, #2239, .T. ) ;
#223 = EDGE_CURVE ( 'NONE', #4034, #1739, #1961, .T. ) ;
#224 = CARTESIAN_POINT ( 'NONE',  ( -16.75000000001145040, 31.60992723815175864, -0.7588613171617912823 ) ) ;
#225 = CARTESIAN_POINT ( 'NONE',  ( 7.819463546721694414, -44.64119041366998175, -0.7499999985999999952 ) ) ;
#226 = DIRECTION ( 'NONE',  ( 0.000000000000000000, 0.000000000000000000, -1.000000000000000000 ) ) ;
#227 = ORIENTED_EDGE ( 'NONE', *, *, #774, .T. ) ;
#228 = ORIENTED_EDGE ( 'NONE', *, *, #2538, .T. ) ;
#229 = DIRECTION ( 'NONE',  ( 0.000000000000000000, 0.000000000000000000, -1.000000000000000000 ) ) ;
#230 = CARTESIAN_POINT ( 'NONE',  ( -18.66666656154142245, 18.50000000779997222, 0.7499999985999999952 ) ) ;
#231 = ORIENTED_EDGE ( 'NONE', *, *, #804, .T. ) ;
#232 = CARTESIAN_POINT ( 'NONE',  ( 14.03267186343787465, 17.78198746802423358, 0.7499999986000001062 ) ) ;
#233 = AXIS2_PLACEMENT_3D ( 'NONE', #3824, #3841, #44 ) ;
#234 = AXIS2_PLACEMENT_3D ( 'NONE', #1743, #3732, #160 ) ;
#235 = CARTESIAN_POINT ( 'NONE',  ( 15.88366394964950779, 20.06835839731235893, 0.7499999986000001062 ) ) ;
#236 = FACE_BOUND ( 'NONE', #4058, .T. ) ;
#237 = ORIENTED_EDGE ( 'NONE', *, *, #2226, .T. ) ;
#238 = ORIENTED_EDGE ( 'NONE', *, *, #2519, .T. ) ;
#239 = VECTOR ( 'NONE', #1654, 1000.000000000000000 ) ;
#240 = CARTESIAN_POINT ( 'NONE',  ( -33.00000011423342983, -36.37306621121760486, 0.7499999985999979968 ) ) ;
#241 = VECTOR ( 'NONE', #3741, 1000.000000000000227 ) ;
#242 = ORIENTED_EDGE ( 'NONE', *, *, #2095, .F. ) ;
#243 = ORIENTED_EDGE ( 'NONE', *, *, #2841, .F. ) ;
#244 = DIRECTION ( 'NONE',  ( -0.4999999999999919509, -0.8660254037844432595, 0.000000000000000000 ) ) ;
#245 = EDGE_CURVE ( 'NONE', #1969, #1585, #3795, .T. ) ;
#246 = AXIS2_PLACEMENT_3D ( 'NONE', #2175, #3106, #256 ) ;
#247 = CYLINDRICAL_SURFACE ( 'NONE', #234, 1.500000000000001332 ) ;
#248 = DIRECTION ( 'NONE',  ( -0.000000000000000000, 0.000000000000000000, 1.000000000000000000 ) ) ;
#249 = CARTESIAN_POINT ( 'NONE',  ( -6.249999473734363598, -37.00000000000003553, 0.7499999986000004393 ) ) ;
#250 = ADVANCED_FACE ( 'NONE', ( #361 ), #968, .F. ) ;
#251 = EDGE_CURVE ( 'NONE', #12, #3062, #3052, .T. ) ;
#252 = ORIENTED_EDGE ( 'NONE', *, *, #1640, .T. ) ;
#253 = CARTESIAN_POINT ( 'NONE',  ( -2.749999473734360045, 17.49999999999998934, 0.7499999986000004393 ) ) ;
#254 = CARTESIAN_POINT ( 'NONE',  ( -23.00000010694391861, 18.50000000544996226, 0.7499999976310041117 ) ) ;
#255 = ORIENTED_EDGE ( 'NONE', *, *, #3317, .T. ) ;
#256 = DIRECTION ( 'NONE',  ( -1.000000000000000000, 0.000000000000000000, 0.000000000000000000 ) ) ;
#257 = CARTESIAN_POINT ( 'NONE',  ( 18.36197127827959719, 19.94519195976945980, 0.7499999990333441335 ) ) ;
#258 = LINE ( 'NONE', #2799, #4012 ) ;
#259 = CARTESIAN_POINT ( 'NONE',  ( -7.249999473734364486, 17.49999999999998934, 0.4499999986000000618 ) ) ;
#260 = ORIENTED_EDGE ( 'NONE', *, *, #3015, .F. ) ;
#261 = CARTESIAN_POINT ( 'NONE',  ( 16.99999974804408609, -20.27219263117902059, -0.7499999978968925340 ) ) ;
#262 = VERTEX_POINT ( 'NONE', #2199 ) ;
#263 = ORIENTED_EDGE ( 'NONE', *, *, #3950, .T. ) ;
#264 = EDGE_CURVE ( 'NONE', #2347, #1280, #3462, .T. ) ;
#265 = CARTESIAN_POINT ( 'NONE',  ( 47.99999978896360631, 3.999999999999976019, 48.47984059516105049 ) ) ;
#266 = B_SPLINE_CURVE_WITH_KNOTS ( 'NONE', 3,
 ( #3408, #3386, #1434, #554 ),
 .UNSPECIFIED., .F., .F.,
 ( 4, 4 ),
 ( 0.000000000000000000, 1.000000000000000000 ),
 .UNSPECIFIED. ) ;
#267 = CIRCLE ( 'NONE', #2592, 1.500000000000001332 ) ;
#268 = AXIS2_PLACEMENT_3D ( 'NONE', #2583, #1318, #3836 ) ;
#269 = EDGE_CURVE ( 'NONE', #3431, #3091, #328, .T. ) ;
#270 = B_SPLINE_CURVE_WITH_KNOTS ( 'NONE', 3,
 ( #9, #1006, #3483, #2258 ),
 .UNSPECIFIED., .F., .F.,
 ( 4, 4 ),
 ( 0.000000000000000000, 1.000000000000000000 ),
 .UNSPECIFIED. ) ;
#271 = DIRECTION ( 'NONE',  ( 1.000000000000000000, 0.000000000000000000, 0.000000000000000000 ) ) ;
#272 = DIRECTION ( 'NONE',  ( 1.000000000000000000, 0.000000000000000000, 0.000000000000000000 ) ) ;
#273 = VECTOR ( 'NONE', #2721, 1000.000000000000114 ) ;
#274 = LINE ( 'NONE', #3441, #1479 ) ;
#275 = CIRCLE ( 'NONE', #1469, 1.500000000000001332 ) ;
#276 = EDGE_CURVE ( 'NONE', #3465, #1151, #3615, .T. ) ;
#277 = ORIENTED_EDGE ( 'NONE', *, *, #2134, .F. ) ;
#278 = CARTESIAN_POINT ( 'NONE',  ( -16.49999979039940001, -18.49999999628354530, 0.7499999973666701125 ) ) ;
#279 = CARTESIAN_POINT ( 'NONE',  ( 17.23567798321677813, -20.27231073546107254, -0.7499999986000001062 ) ) ;
#280 = ORIENTED_EDGE ( 'NONE', *, *, #120, .F. ) ;
#281 = CARTESIAN_POINT ( 'NONE',  ( 46.11947574155298213, 11.84227390251996148, -0.7499999985999999952 ) ) ;
#282 = FACE_BOUND ( 'NONE', #3890, .T. ) ;
#283 = AXIS2_PLACEMENT_3D ( 'NONE', #2973, #2686, #787 ) ;
#284 = EDGE_CURVE ( 'NONE', #3110, #3695, #1923, .T. ) ;
#285 = PLANE ( 'NONE',  #570 ) ;
#286 = LINE ( 'NONE', #3742, #3314 ) ;
#287 = ORIENTED_EDGE ( 'NONE', *, *, #2135, .F. ) ;
#288 = DIRECTION ( 'NONE',  ( -0.000000000000000000, 0.000000000000000000, 1.000000000000000000 ) ) ;
#289 = ORIENTED_EDGE ( 'NONE', *, *, #781, .T. ) ;
#290 = ORIENTED_EDGE ( 'NONE', *, *, #3892, .T. ) ;
#291 = FACE_OUTER_BOUND ( 'NONE', #3760, .T. ) ;
#292 = CARTESIAN_POINT ( 'NONE',  ( 44.15000000002297753, -1.150000000000039879, -0.7588613151671350643 ) ) ;
#293 = DIRECTION ( 'NONE',  ( 0.000000000000000000, 0.000000000000000000, -1.000000000000000000 ) ) ;
#294 = DIRECTION ( 'NONE',  ( -1.000000000000000000, 0.000000000000000000, 0.000000000000000000 ) ) ;
#295 = ORIENTED_EDGE ( 'NONE', *, *, #3092, .F. ) ;
#296 = ORIENTED_EDGE ( 'NONE', *, *, #3601, .F. ) ;
#297 = CARTESIAN_POINT ( 'NONE',  ( -13.49999979035840170, 15.50000001339998867, 0.7499999973666701125 ) ) ;
#298 = DIRECTION ( 'NONE',  ( -0.5000000148810764822, -0.8660253951928449379, 0.000000000000000000 ) ) ;
#299 = B_SPLINE_CURVE_WITH_KNOTS ( 'NONE', 3,
 ( #1385, #1965, #3268, #2613, #1407, #3561 ),
 .UNSPECIFIED., .F., .F.,
 ( 4, 2, 4 ),
 ( 0.000000000000000000, 0.5000000000000000000, 1.000000000000000000 ),
 .UNSPECIFIED. ) ;
#300 = CARTESIAN_POINT ( 'NONE',  ( -3.999999473734361377, -37.00000000000003553, -0.7499999985999999952 ) ) ;
#301 = DIRECTION ( 'NONE',  ( 0.000000000000000000, 0.000000000000000000, -1.000000000000000000 ) ) ;
#302 = CARTESIAN_POINT ( 'NONE',  ( 18.36197127434810383, -19.94519233753402787, 0.7499999989791641397 ) ) ;
#303 = LINE ( 'NONE', #3206, #1393 ) ;
#304 = EDGE_LOOP ( 'NONE', ( #3871, #2063, #3315, #316 ) ) ;
#305 = ADVANCED_FACE ( 'NONE', ( #1382 ), #2062, .F. ) ;
#306 = AXIS2_PLACEMENT_3D ( 'NONE', #1586, #2849, #1237 ) ;
#307 = ADVANCED_FACE ( 'NONE', ( #3885 ), #2647, .F. ) ;
#308 = ORIENTED_EDGE ( 'NONE', *, *, #325, .T. ) ;
#309 = EDGE_LOOP ( 'NONE', ( #3506, #227, #4059, #242 ) ) ;
#310 = AXIS2_PLACEMENT_3D ( 'NONE', #3877, #1038, #2310 ) ;
#311 = DIRECTION ( 'NONE',  ( 0.000000000000000000, 0.000000000000000000, -1.000000000000000000 ) ) ;
#312 = AXIS2_PLACEMENT_3D ( 'NONE', #2651, #2024, #3291 ) ;
#313 = CARTESIAN_POINT ( 'NONE',  ( -23.07092921437054045, -37.66002157711567833, -0.7499999985999999952 ) ) ;
#314 = CARTESIAN_POINT ( 'NONE',  ( 17.47294426304839376, -20.27234513106972003, 0.7499999985999999952 ) ) ;
#315 = DIRECTION ( 'NONE',  ( 0.000000000000000000, 0.000000000000000000, -1.000000000000000000 ) ) ;
#316 = ORIENTED_EDGE ( 'NONE', *, *, #2542, .F. ) ;
#317 = DIRECTION ( 'NONE',  ( 1.000000000000000000, 0.000000000000000000, 0.000000000000000000 ) ) ;
#318 = CARTESIAN_POINT ( 'NONE',  ( -20.71410153292219292, 27.87787628813617857, 0.4499999979315959520 ) ) ;
#319 = CARTESIAN_POINT ( 'NONE',  ( 32.99999983552509519, -2.500000000000030198, 0.4499999986000000618 ) ) ;
#320 = ADVANCED_FACE ( 'NONE', ( #128 ), #2915, .F. ) ;
#321 = CARTESIAN_POINT ( 'NONE',  ( 18.36197127517510808, -19.94519233541602787, -0.7499999981000471383 ) ) ;
#322 = DIRECTION ( 'NONE',  ( 0.000000000000000000, 0.000000000000000000, 1.000000000000000000 ) ) ;
#323 = CARTESIAN_POINT ( 'NONE',  ( -9.999999806958397741, -1.499999997200018864, -0.7500000007666342006 ) ) ;
#324 = ORIENTED_EDGE ( 'NONE', *, *, #2993, .F. ) ;
#325 = EDGE_CURVE ( 'NONE', #1252, #2614, #2316, .T. ) ;
#326 = ORIENTED_EDGE ( 'NONE', *, *, #1253, .F. ) ;
#327 = ORIENTED_EDGE ( 'NONE', *, *, #2965, .T. ) ;
#328 = CIRCLE ( 'NONE', #596, 6.999999999999999112 ) ;
#329 = EDGE_CURVE ( 'NONE', #3748, #1913, #3861, .T. ) ;
#330 = LINE ( 'NONE', #2864, #1898 ) ;
#331 = CARTESIAN_POINT ( 'NONE',  ( 15.43250406672358466, 19.83009289686699006, -0.7499999978499718445 ) ) ;
#332 = CARTESIAN_POINT ( 'NONE',  ( -19.92907078565908563, -36.81816314839888804, -0.7499999985999999952 ) ) ;
#333 = B_SPLINE_CURVE_WITH_KNOTS ( 'NONE', 3,
 ( #3609, #2946, #764, #3301 ),
 .UNSPECIFIED., .F., .F.,
 ( 4, 4 ),
 ( 0.000000000000000000, 1.000000000000000000 ),
 .UNSPECIFIED. ) ;
#334 = AXIS2_PLACEMENT_3D ( 'NONE', #2526, #1282, #2871 ) ;
#335 = ORIENTED_EDGE ( 'NONE', *, *, #2354, .T. ) ;
#336 = CARTESIAN_POINT ( 'NONE',  ( 15.43250407395257895, 19.83009288351048127, 9.757819552369539906E-16 ) ) ;
#337 = DIRECTION ( 'NONE',  ( 1.000000000000000000, 0.000000000000000000, 0.000000000000000000 ) ) ;
#338 = AXIS2_PLACEMENT_3D ( 'NONE', #1413, #531, #2139 ) ;
#339 = CARTESIAN_POINT ( 'NONE',  ( 38.87264290905359587, 19.61355081979446169, 0.7500000000343319817 ) ) ;
#340 = VECTOR ( 'NONE', #1443, 1000.000000000000000 ) ;
#341 = DIRECTION ( 'NONE',  ( 0.5000000000000039968, -0.8660254037844363761, 1.815852218230854713E-11 ) ) ;
#342 = DIRECTION ( 'NONE',  ( 0.000000000000000000, 1.000000000000000000, 0.000000000000000000 ) ) ;
#343 = CARTESIAN_POINT ( 'NONE',  ( 5.807822419224923038, -46.49999999641654824, 0.7499999985999979968 ) ) ;
#344 = ORIENTED_EDGE ( 'NONE', *, *, #4053, .T. ) ;
#345 = EDGE_CURVE ( 'NONE', #2788, #3282, #1183, .T. ) ;
#346 = PLANE ( 'NONE',  #3543 ) ;
#347 = VERTEX_POINT ( 'NONE', #1023 ) ;
#348 = ORIENTED_EDGE ( 'NONE', *, *, #3988, .T. ) ;
#349 = AXIS2_PLACEMENT_3D ( 'NONE', #393, #2624, #3879 ) ;
#350 = AXIS2_PLACEMENT_3D ( 'NONE', #1562, #3509, #4063 ) ;
#351 = DIRECTION ( 'NONE',  ( -1.000000000000000000, 0.000000000000000000, 0.000000000000000000 ) ) ;
#352 = DIRECTION ( 'NONE',  ( -1.815852218230854713E-11, 1.048382767004157330E-11, 1.000000000000000000 ) ) ;
#353 = ADVANCED_FACE ( 'NONE', ( #3636 ), #2039, .F. ) ;
#354 = EDGE_CURVE ( 'NONE', #4034, #220, #394, .T. ) ;
#355 = ORIENTED_EDGE ( 'NONE', *, *, #3619, .T. ) ;
#356 = CARTESIAN_POINT ( 'NONE',  ( -13.49999980658198417, 15.89819207852509741, 0.7499999985999999952 ) ) ;
#357 = DIRECTION ( 'NONE',  ( -0.000000000000000000, -0.000000000000000000, -1.000000000000000000 ) ) ;
#358 = DIRECTION ( 'NONE',  ( -1.815852218230854713E-11, 1.048382767004157330E-11, 1.000000000000000000 ) ) ;
#359 = CARTESIAN_POINT ( 'NONE',  ( 1.562999941355613931, 41.15685426039444650, -0.7500000023161716989 ) ) ;
#360 = CARTESIAN_POINT ( 'NONE',  ( 21.33198159875501787, -34.64807595516764138, -0.7499999985999999952 ) ) ;
#361 = FACE_OUTER_BOUND ( 'NONE', #1186, .T. ) ;
#362 = ORIENTED_EDGE ( 'NONE', *, *, #3870, .T. ) ;
#363 = ORIENTED_EDGE ( 'NONE', *, *, #2868, .F. ) ;
#364 = ORIENTED_EDGE ( 'NONE', *, *, #3801, .T. ) ;
#365 = CIRCLE ( 'NONE', #31, 1.499999999999998890 ) ;
#366 = CIRCLE ( 'NONE', #2028, 1.500000000000001332 ) ;
#367 = ORIENTED_EDGE ( 'NONE', *, *, #1319, .F. ) ;
#368 = COORDINATED_UNIVERSAL_TIME_OFFSET ( 1, 0, .AHEAD. ) ;
#369 = CARTESIAN_POINT ( 'NONE',  ( -4.093854296798898673, 43.49999999499998182, -0.7500000025639165235 ) ) ;
#370 = VECTOR ( 'NONE', #3415, 1000.000000000000000 ) ;
#371 = EDGE_CURVE ( 'NONE', #2461, #1151, #199, .T. ) ;
#372 = VERTEX_POINT ( 'NONE', #1979 ) ;
#373 = DIRECTION ( 'NONE',  ( -0.000000000000000000, 0.000000000000000000, 1.000000000000000000 ) ) ;
#374 = CARTESIAN_POINT ( 'NONE',  ( 14.61506409435072662, -19.10238220207512683, -0.7499999986000003283 ) ) ;
#375 = CC_DESIGN_DATE_AND_TIME_ASSIGNMENT ( #3872, #1412, ( #145 ) ) ;
#376 = CARTESIAN_POINT ( 'NONE',  ( -19.41506342724516543, -28.62787628813648411, 0.4499999979473214284 ) ) ;
#377 = EDGE_CURVE ( 'NONE', #2810, #4034, #2357, .T. ) ;
#378 = CARTESIAN_POINT ( 'NONE',  ( -28.11549388338821487, -40.69746388589617681, 0.4499999976627990228 ) ) ;
#379 = LINE ( 'NONE', #3205, #1310 ) ;
#380 = CARTESIAN_POINT ( 'NONE',  ( 4.999999500427426469, 6.500000135683469793, 0.7612734287194810046 ) ) ;
#381 = ORIENTED_EDGE ( 'NONE', *, *, #88, .T. ) ;
#382 = DIRECTION ( 'NONE',  ( -0.000000000000000000, -0.000000000000000000, 1.000000000000000000 ) ) ;
#383 = CARTESIAN_POINT ( 'NONE',  ( -4.999999473734362709, 17.49999999999998934, 0.7499999986000004393 ) ) ;
#384 = ORIENTED_EDGE ( 'NONE', *, *, #3838, .F. ) ;
#385 = EDGE_LOOP ( 'NONE', ( #2699, #718, #1346, #942 ) ) ;
#386 = ORIENTED_EDGE ( 'NONE', *, *, #1944, .F. ) ;
#387 = APPROVAL_STATUS ( 'not_yet_approved' ) ;
#388 = LINE ( 'NONE', #997, #3459 ) ;
#389 = ORIENTED_EDGE ( 'NONE', *, *, #1263, .T. ) ;
#390 = CARTESIAN_POINT ( 'NONE',  ( -25.40202547703762903, -17.34041665934822163, -0.7499999986000001062 ) ) ;
#391 = CARTESIAN_POINT ( 'NONE',  ( 31.66957936233229987, -12.49372753531674007, 0.7499999985999999952 ) ) ;
#392 = ADVANCED_FACE ( 'NONE', ( #2339 ), #3597, .F. ) ;
#393 = CARTESIAN_POINT ( 'NONE',  ( 47.99999978896360631, 9.825658719101127758, 48.47984059516105049 ) ) ;
#394 = CIRCLE ( 'NONE', #4039, 5.000000000000000888 ) ;
#395 = AXIS2_PLACEMENT_3D ( 'NONE', #2074, #3407, #1521 ) ;
#396 = CARTESIAN_POINT ( 'NONE',  ( -18.78014675496516972, 43.49999999499998182, -0.7499999985999999952 ) ) ;
#397 = ORIENTED_EDGE ( 'NONE', *, *, #1090, .F. ) ;
#398 = FACE_OUTER_BOUND ( 'NONE', #84, .T. ) ;
#399 = DIRECTION ( 'NONE',  ( -1.000000000000000000, 0.000000000000000000, -1.815850710536654050E-11 ) ) ;
#400 = VERTEX_POINT ( 'NONE', #3285 ) ;
#401 = CARTESIAN_POINT ( 'NONE',  ( -16.49999979167490594, -18.49999999840004605, -0.7499999965687359493 ) ) ;
#402 = CIRCLE ( 'NONE', #3320, 2.250000000000001776 ) ;
#403 = ADVANCED_FACE ( 'NONE', ( #1709 ), #1403, .T. ) ;
#404 = DIRECTION ( 'NONE',  ( -1.000000000000000000, 0.000000000000000000, -0.000000000000000000 ) ) ;
#405 = EDGE_LOOP ( 'NONE', ( #2708, #3036 ) ) ;
#406 = ORIENTED_EDGE ( 'NONE', *, *, #2655, .F. ) ;
#407 = ORIENTED_EDGE ( 'NONE', *, *, #680, .T. ) ;
#408 = CYLINDRICAL_SURFACE ( 'NONE', #3751, 1.500000000000001332 ) ;
#409 = CARTESIAN_POINT ( 'NONE',  ( -21.18729065311811155, -44.69746388589928898, 0.7499999977466695888 ) ) ;
#410 = EDGE_LOOP ( 'NONE', ( #2730, #2741 ) ) ;
#411 = CARTESIAN_POINT ( 'NONE',  ( 7.123669005258598474, 35.59618518713345026, 0.7499999985999999952 ) ) ;
#412 = CARTESIAN_POINT ( 'NONE',  ( 14.02851400055180520, -17.76374280348360912, -0.7499999986000001062 ) ) ;
#413 = CYLINDRICAL_SURFACE ( 'NONE', #2795, 2.999999994399980441 ) ;
#414 = CARTESIAN_POINT ( 'NONE',  ( -23.00000010647740112, -18.50000000521653831, -0.7499999966976401700 ) ) ;
#415 = ORIENTED_EDGE ( 'NONE', *, *, #894, .F. ) ;
#416 = DIRECTION ( 'NONE',  ( -0.8660254037844363761, -0.5000000000000039968, 0.000000000000000000 ) ) ;
#417 = CARTESIAN_POINT ( 'NONE',  ( -19.41506342724552781, 28.62787628813617857, 0.4499999979473216505 ) ) ;
#418 = VERTEX_POINT ( 'NONE', #149 ) ;
#419 = DIRECTION ( 'NONE',  ( -1.815852218230854713E-11, 1.048382767004157330E-11, 1.000000000000000000 ) ) ;
#420 = LINE ( 'NONE', #1690, #500 ) ;
#421 = DIRECTION ( 'NONE',  ( -1.000000000000000000, 0.000000000000000000, 0.000000000000000000 ) ) ;
#422 = ORIENTED_EDGE ( 'NONE', *, *, #3749, .T. ) ;
#423 = ORIENTED_EDGE ( 'NONE', *, *, #680, .F. ) ;
#424 = ADVANCED_FACE ( 'NONE', ( #1422 ), #2997, .F. ) ;
#425 = EDGE_CURVE ( 'NONE', #3705, #1115, #3316, .T. ) ;
#426 = VERTEX_POINT ( 'NONE', #2440 ) ;
#427 = AXIS2_PLACEMENT_3D ( 'NONE', #813, #3980, #2742 ) ;
#428 = CARTESIAN_POINT ( 'NONE',  ( 47.99999978896360631, -4.000000000000031086, 0.4499999986000033370 ) ) ;
#429 = AXIS2_PLACEMENT_3D ( 'NONE', #3037, #1524, #2723 ) ;
#430 = ORIENTED_EDGE ( 'NONE', *, *, #3394, .T. ) ;
#431 = FACE_OUTER_BOUND ( 'NONE', #3068, .T. ) ;
#432 = DIRECTION ( 'NONE',  ( -0.000000000000000000, -0.000000000000000000, -1.000000000000000000 ) ) ;
#433 = CARTESIAN_POINT ( 'NONE',  ( 47.99999978896360631, 7.068285425421510837, -0.7499999985999999952 ) ) ;
#434 = VECTOR ( 'NONE', #3545, 1000.000000000000000 ) ;
#435 = DIRECTION ( 'NONE',  ( 1.000000000000000000, 0.000000000000000000, 0.000000000000000000 ) ) ;
#436 = ORIENTED_EDGE ( 'NONE', *, *, #2693, .T. ) ;
#437 = CARTESIAN_POINT ( 'NONE',  ( 30.65510024709234571, -13.68153014875240281, -0.7499999986000001062 ) ) ;
#438 = CARTESIAN_POINT ( 'NONE',  ( 16.99999975632507443, -17.27217277080000812, 9.757819552369539906E-16 ) ) ;
#439 = ORIENTED_EDGE ( 'NONE', *, *, #1253, .T. ) ;
#440 = CARTESIAN_POINT ( 'NONE',  ( 2.500000526265644396, -37.00000000000003553, 0.7499999985999999952 ) ) ;
#441 = ADVANCED_FACE ( 'NONE', ( #3018 ), #1811, .F. ) ;
#442 = AXIS2_PLACEMENT_3D ( 'NONE', #1549, #540, #1813 ) ;
#443 = DIRECTION ( 'NONE',  ( -1.000000000000000000, 0.000000000000000000, 0.000000000000000000 ) ) ;
#444 = CARTESIAN_POINT ( 'NONE',  ( 47.99999978896360631, -4.450631159944235193, -0.7499999985999999952 ) ) ;
#445 = ORIENTED_EDGE ( 'NONE', *, *, #760, .T. ) ;
#446 = VERTEX_POINT ( 'NONE', #2397 ) ;
#447 = EDGE_CURVE ( 'NONE', #2678, #2656, #1766, .T. ) ;
#448 = CC_DESIGN_PERSON_AND_ORGANIZATION_ASSIGNMENT ( #3381, #3007, ( #130 ) ) ;
#449 = VERTEX_POINT ( 'NONE', #2483 ) ;
#450 = PLANE ( 'NONE',  #2329 ) ;
#451 = EDGE_CURVE ( 'NONE', #2661, #3431, #3327, .T. ) ;
#452 = LINE ( 'NONE', #2662, #2957 ) ;
#453 = PLANE ( 'NONE',  #1928 ) ;
#454 = CARTESIAN_POINT ( 'NONE',  ( 5.999999417025114745, -31.99999987921703237, 0.7499999985999999952 ) ) ;
#455 = ORIENTED_EDGE ( 'NONE', *, *, #474, .F. ) ;
#456 = CARTESIAN_POINT ( 'NONE',  ( -21.18729065311328341, 44.69746388589579311, 0.4499999977466698775 ) ) ;
#457 = DIRECTION ( 'NONE',  ( 1.000000000000000000, 0.000000000000000000, 0.000000000000000000 ) ) ;
#458 = ORIENTED_EDGE ( 'NONE', *, *, #1603, .T. ) ;
#459 = CARTESIAN_POINT ( 'NONE',  ( 40.99999978896359920, 7.068285425421510837, -0.7499999985999999952 ) ) ;
#460 = AXIS2_PLACEMENT_3D ( 'NONE', #857, #4003, #814 ) ;
#461 = CARTESIAN_POINT ( 'NONE',  ( -21.92092921436311670, -35.66816314839879709, -0.7588613172668593476 ) ) ;
#462 = DIRECTION ( 'NONE',  ( -1.815852218230854713E-11, 1.048382767004157330E-11, 1.000000000000000000 ) ) ;
#463 = VERTEX_POINT ( 'NONE', #901 ) ;
#464 = ORIENTED_EDGE ( 'NONE', *, *, #682, .T. ) ;
#465 = AXIS2_PLACEMENT_3D ( 'NONE', #508, #2683, #1144 ) ;
#466 = ADVANCED_FACE ( 'NONE', ( #2104 ), #1218, .T. ) ;
#467 = ORIENTED_EDGE ( 'NONE', *, *, #2548, .T. ) ;
#468 = DATE_AND_TIME ( #1452, #2556 ) ;
#469 = DIRECTION ( 'NONE',  ( -0.000000000000000000, -0.000000000000000000, -1.000000000000000000 ) ) ;
#470 = CARTESIAN_POINT ( 'NONE',  ( 5.000000526265646172, 17.49999999999998934, 0.4499999986000000618 ) ) ;
#471 = CARTESIAN_POINT ( 'NONE',  ( -14.65938447876012418, 17.90222402525129652, -0.7499999986000001062 ) ) ;
#472 = CYLINDRICAL_SURFACE ( 'NONE', #211, 6.999999999999999112 ) ;
#473 = EDGE_CURVE ( 'NONE', #837, #1105, #1330, .T. ) ;
#474 = EDGE_CURVE ( 'NONE', #891, #92, #2657, .T. ) ;
#475 = EDGE_LOOP ( 'NONE', ( #3358, #3070, #2244, #1738 ) ) ;
#476 = CARTESIAN_POINT ( 'NONE',  ( 31.96079041915352192, -11.34984591449582503, -0.7499999986000001062 ) ) ;
#477 = CARTESIAN_POINT ( 'NONE',  ( 13.99999976192509088, -17.27217277080000812, 0.000000000000000000 ) ) ;
#478 = ORIENTED_EDGE ( 'NONE', *, *, #371, .T. ) ;
#479 = CARTESIAN_POINT ( 'NONE',  ( -13.49999980377728726, -15.89819206913660743, -0.7499999985999999952 ) ) ;
#480 = CARTESIAN_POINT ( 'NONE',  ( 31.61201176832908999, -9.826980619385528470, 0.7499999988344899782 ) ) ;
#481 = CARTESIAN_POINT ( 'NONE',  ( 16.21364387052187794, -20.19364501049077631, 0.7499999986000002172 ) ) ;
#482 = ORIENTED_EDGE ( 'NONE', *, *, #2341, .F. ) ;
#483 = VERTEX_POINT ( 'NONE', #3104 ) ;
#484 = EDGE_LOOP ( 'NONE', ( #528, #736, #1856, #138, #535, #4080, #1865, #2581, #348, #1831, #228, #2009, #1801, #3019, #972, #1887, #758, #344, #1046, #3606, #2960, #1830, #263, #696, #1383, #2881 ) ) ;
#486 = CARTESIAN_POINT ( 'NONE',  ( -26.00000010674291673, -15.49999998800000256, -0.7499999969354413931 ) ) ;
#485 = CIRCLE ( 'NONE', #2084, 1.499999999999994449 ) ;
#487 = LINE ( 'NONE', #1476, #835 ) ;
#488 = LINE ( 'NONE', #786, #1206 ) ;
#489 = CARTESIAN_POINT ( 'NONE',  ( 3.500000526265645284, 17.49999999999998934, 0.7499999985999999952 ) ) ;
#490 = EDGE_CURVE ( 'NONE', #483, #1105, #2674, .T. ) ;
#491 = VECTOR ( 'NONE', #3655, 1000.000000000000000 ) ;
#492 = ORIENTED_EDGE ( 'NONE', *, *, #1072, .F. ) ;
#493 = EDGE_LOOP ( 'NONE', ( #1764, #2183, #2744, #3657 ) ) ;
#494 = CARTESIAN_POINT ( 'NONE',  ( 38.87264290452510807, 19.61355081599996808, -0.2499999995333329339 ) ) ;
#495 = ADVANCED_FACE ( 'NONE', ( #3080 ), #2768, .T. ) ;
#496 = APPROVAL_PERSON_ORGANIZATION ( #3933, #2161, #1097 ) ;
#497 = CARTESIAN_POINT ( 'NONE',  ( -29.50000017035045374, -38.39379220117031366, 48.47984059516105049 ) ) ;
#498 = ORIENTED_EDGE ( 'NONE', *, *, #748, .F. ) ;
#499 = CARTESIAN_POINT ( 'NONE',  ( 9.999999608525072858, -8.666666469866523670, 0.7499999985999999952 ) ) ;
#500 = VECTOR ( 'NONE', #2958, 1000.000000000000000 ) ;
#501 = LINE ( 'NONE', #3701, #106 ) ;
#502 = FACE_OUTER_BOUND ( 'NONE', #3843, .T. ) ;
#503 = CARTESIAN_POINT ( 'NONE',  ( 31.61201175652508866, 9.826980244399985409, 0.2499999995333341274 ) ) ;
#504 = VERTEX_POINT ( 'NONE', #3961 ) ;
#505 = DIRECTION ( 'NONE',  ( -1.000000000000000000, 0.000000000000000000, 0.000000000000000000 ) ) ;
#506 = ORIENTED_EDGE ( 'NONE', *, *, #3625, .F. ) ;
#507 = ORIENTED_EDGE ( 'NONE', *, *, #3503, .T. ) ;
#508 = CARTESIAN_POINT ( 'NONE',  ( -20.92500000001101768, -36.24316314839878572, -0.7588613172548028807 ) ) ;
#509 = B_SPLINE_CURVE_WITH_KNOTS ( 'NONE', 3,
 ( #3638, #1751, #2709, #2297 ),
 .UNSPECIFIED., .F., .F.,
 ( 4, 4 ),
 ( 0.000000000000000000, 1.000000000000000000 ),
 .UNSPECIFIED. ) ;
#510 = B_SPLINE_CURVE_WITH_KNOTS ( 'NONE', 3,
 ( #1212, #4038, #3444, #3424, #2917, #2537, #2826, #595, #1868, #4098 ),
 .UNSPECIFIED., .F., .F.,
 ( 4, 2, 2, 2, 4 ),
 ( 0.000000000000000000, 0.2499999999999990008, 0.4999999999999993339, 0.7499999999999996669, 1.000000000000000000 ),
 .UNSPECIFIED. ) ;
#511 = CARTESIAN_POINT ( 'NONE',  ( -3.999999473734361377, -37.00000000000003553, 0.7499999985999999952 ) ) ;
#512 = CARTESIAN_POINT ( 'NONE',  ( -7.249999473734364486, 17.49999999999998934, 0.7499999985999999952 ) ) ;
#513 = CARTESIAN_POINT ( 'NONE',  ( 31.61201176832908999, -9.826980619385528470, 0.7499999988344899782 ) ) ;
#514 = EDGE_CURVE ( 'NONE', #126, #418, #984, .T. ) ;
#515 = EDGE_CURVE ( 'NONE', #3440, #921, #209, .T. ) ;
#516 = ORIENTED_EDGE ( 'NONE', *, *, #329, .F. ) ;
#517 = CARTESIAN_POINT ( 'NONE',  ( -21.92092921436378106, 35.66816314839857682, -0.7499999985999999952 ) ) ;
#518 = DIRECTION ( 'NONE',  ( 0.000000000000000000, 0.000000000000000000, -1.000000000000000000 ) ) ;
#519 = ORIENTED_EDGE ( 'NONE', *, *, #3288, .T. ) ;
#520 = CARTESIAN_POINT ( 'NONE',  ( 13.99999974676251924, 17.52845500834802550, 0.7499999986000001062 ) ) ;
#521 = CARTESIAN_POINT ( 'NONE',  ( -19.77500000003343317, 36.24316314840486797, 0.4499999978609484641 ) ) ;
#522 = CARTESIAN_POINT ( 'NONE',  ( 47.99999978896360631, 9.825658719101127758, 0.7499999985999979968 ) ) ;
#523 = DIRECTION ( 'NONE',  ( 1.000000000000000000, 0.000000000000000000, 0.000000000000000000 ) ) ;
#524 = ORIENTED_EDGE ( 'NONE', *, *, #3767, .F. ) ;
#525 = ADVANCED_FACE ( 'NONE', ( #4047 ), #2791, .F. ) ;
#526 = LINE ( 'NONE', #240, #3593 ) ;
#527 = EDGE_LOOP ( 'NONE', ( #3728, #912, #2006, #1271 ) ) ;
#528 = ORIENTED_EDGE ( 'NONE', *, *, #1529, .T. ) ;
#529 = VECTOR ( 'NONE', #382, 1000.000000000000000 ) ;
#530 = SECURITY_CLASSIFICATION_LEVEL ( 'unclassified' ) ;
#531 = DIRECTION ( 'NONE',  ( -0.000000000000000000, 0.000000000000000000, 1.000000000000000000 ) ) ;
#532 = CARTESIAN_POINT ( 'NONE',  ( -4.093854296674914295, 43.49999999499998182, -0.2500000028700529175 ) ) ;
#533 = DIRECTION ( 'NONE',  ( -0.000000000000000000, 0.000000000000000000, 1.000000000000000000 ) ) ;
#534 = DIRECTION ( 'NONE',  ( -1.000000000000000000, -4.625929269271481378E-15, -1.815850710536654050E-11 ) ) ;
#535 = ORIENTED_EDGE ( 'NONE', *, *, #3015, .T. ) ;
#536 = ORIENTED_EDGE ( 'NONE', *, *, #2265, .F. ) ;
#537 = CARTESIAN_POINT ( 'NONE',  ( -18.25000000003299050, -31.60992723816469407, 0.4499999979372140690 ) ) ;
#538 = CARTESIAN_POINT ( 'NONE',  ( -26.00000011080740592, 15.89745669627176383, 0.7499999986000001062 ) ) ;
#539 = VERTEX_POINT ( 'NONE', #881 ) ;
#540 = DIRECTION ( 'NONE',  ( 0.000000000000000000, 0.000000000000000000, 1.000000000000000000 ) ) ;
#541 = LINE ( 'NONE', #1530, #3027 ) ;
#542 = CARTESIAN_POINT ( 'NONE',  ( -27.46410137485333536, -39.56921896543772021, 0.7499999976864532014 ) ) ;
#543 = CARTESIAN_POINT ( 'NONE',  ( -26.00000010138387196, 15.89819207412009483, -0.7499999986000001062 ) ) ;
#544 = EDGE_LOOP ( 'NONE', ( #2160, #1308, #3930, #3367 ) ) ;
#545 = EDGE_CURVE ( 'NONE', #129, #2461, #3412, .T. ) ;
#546 = DIRECTION ( 'NONE',  ( -0.000000000000000000, 0.000000000000000000, 1.000000000000000000 ) ) ;
#547 = EDGE_LOOP ( 'NONE', ( #255, #4087, #681, #2405 ) ) ;
#548 = EDGE_LOOP ( 'NONE', ( #1031, #1043, #571, #867 ) ) ;
#549 = SHAPE_DEFINITION_REPRESENTATION ( #2516, #580 ) ;
#550 = EDGE_CURVE ( 'NONE', #889, #1563, #1062, .T. ) ;
#551 = PLANE ( 'NONE',  #1406 ) ;
#552 = CARTESIAN_POINT ( 'NONE',  ( -9.999999806958397741, 6.500000135683469793, -0.7499999985999999952 ) ) ;
#553 = CARTESIAN_POINT ( 'NONE',  ( -20.92500000001118465, -36.24316314839887099, -0.7499999985999999952 ) ) ;
#554 = CARTESIAN_POINT ( 'NONE',  ( -33.00000081063042501, 28.86751459573347489, -0.7499999985999999952 ) ) ;
#555 = ORIENTED_EDGE ( 'NONE', *, *, #1319, .T. ) ;
#556 = CARTESIAN_POINT ( 'NONE',  ( 38.87264290990458449, 19.61355081871946027, -0.7499999990383470205 ) ) ;
#557 = CARTESIAN_POINT ( 'NONE',  ( -25.40202546863073962, 17.34041667246348695, 0.7499999986000001062 ) ) ;
#558 = ORIENTED_EDGE ( 'NONE', *, *, #2077, .T. ) ;
#559 = CARTESIAN_POINT ( 'NONE',  ( 46.11947574155298213, 11.84227390251996148, 0.7499999985999979968 ) ) ;
#560 = VECTOR ( 'NONE', #2230, 1000.000000000000000 ) ;
#561 = B_SPLINE_CURVE_WITH_KNOTS ( 'NONE', 3,
 ( #1857, #2083, #1155, #3082 ),
 .UNSPECIFIED., .F., .F.,
 ( 4, 4 ),
 ( 0.000000000000000000, 1.000000000000000000 ),
 .UNSPECIFIED. ) ;
#562 = VECTOR ( 'NONE', #1213, 1000.000000000000000 ) ;
#563 = CARTESIAN_POINT ( 'NONE',  ( 34.49999983552509519, 2.499999999999974243, 0.4499999986000000618 ) ) ;
#564 = DIRECTION ( 'NONE',  ( 0.8660253951928449379, -0.5000000148810764822, 1.048382735802020413E-11 ) ) ;
#565 = DIRECTION ( 'NONE',  ( 1.000000000000000000, 0.000000000000000000, 0.000000000000000000 ) ) ;
#566 = ORIENTED_EDGE ( 'NONE', *, *, #545, .F. ) ;
#567 = VECTOR ( 'NONE', #1958, 1000.000000000000000 ) ;
#568 = EDGE_CURVE ( 'NONE', #3770, #2088, #2850, .T. ) ;
#569 = DIRECTION ( 'NONE',  ( -0.000000000000000000, 0.000000000000000000, 1.000000000000000000 ) ) ;
#570 = AXIS2_PLACEMENT_3D ( 'NONE', #1180, #1531, #2728 ) ;
#571 = ORIENTED_EDGE ( 'NONE', *, *, #88, .F. ) ;
#572 = EDGE_LOOP ( 'NONE', ( #3962, #2170, #2415, #2921 ) ) ;
#573 = EDGE_CURVE ( 'NONE', #3272, #1575, #923, .T. ) ;
#574 = FACE_OUTER_BOUND ( 'NONE', #1686, .T. ) ;
#575 = EDGE_CURVE ( 'NONE', #3105, #3292, #2793, .T. ) ;
#576 = VECTOR ( 'NONE', #1299, 1000.000000000000000 ) ;
#577 = CARTESIAN_POINT ( 'NONE',  ( 9.999999564891586701, 6.500000135683469793, -0.7499999985999999952 ) ) ;
#578 = LINE ( 'NONE', #3116, #2924 ) ;
#579 = CARTESIAN_POINT ( 'NONE',  ( -3.046656747720105418, 43.49999999492949598, 0.7500000033696555546 ) ) ;
#580 = ADVANCED_BREP_SHAPE_REPRESENTATION ( 'PEN-XL', ( #98, #638 ), #974 ) ;
#581 = EDGE_CURVE ( 'NONE', #1533, #2635, #3005, .T. ) ;
#582 = ORIENTED_EDGE ( 'NONE', *, *, #447, .F. ) ;
#583 = ORIENTED_EDGE ( 'NONE', *, *, #990, .T. ) ;
#584 = CARTESIAN_POINT ( 'NONE',  ( 12.56294459730009017, 31.05566260791348299, -0.7500000012377074921 ) ) ;
#585 = LINE ( 'NONE', #2231, #3781 ) ;
#586 = EDGE_LOOP ( 'NONE', ( #657, #3403, #3914, #1547 ) ) ;
#587 = CARTESIAN_POINT ( 'NONE',  ( -23.00000010647740112, -18.50000000521653831, -0.7499999966976401700 ) ) ;
#588 = DIRECTION ( 'NONE',  ( -0.000000000000000000, 0.000000000000000000, 1.000000000000000000 ) ) ;
#589 = CARTESIAN_POINT ( 'NONE',  ( 31.66957938529451511, 12.49372713969566639, -0.7499999985999999952 ) ) ;
#590 = CARTESIAN_POINT ( 'NONE',  ( -0.5477311239479751848, 42.69036296177549161, -0.7499999985999999952 ) ) ;
#591 = ORIENTED_EDGE ( 'NONE', *, *, #2597, .F. ) ;
#592 = CARTESIAN_POINT ( 'NONE',  ( -26.00000009567490622, -5.166666667399538504, 0.7499999985999999952 ) ) ;
#593 = EDGE_LOOP ( 'NONE', ( #1557, #3808, #2629, #3039, #498, #3379, #3463, #3484 ) ) ;
#594 = EDGE_LOOP ( 'NONE', ( #3641, #406 ) ) ;
#595 = CARTESIAN_POINT ( 'NONE',  ( 31.89869800840361336, 10.55730335603106695, 0.7499999986000001062 ) ) ;
#596 = AXIS2_PLACEMENT_3D ( 'NONE', #1651, #2933, #3558 ) ;
#597 = CIRCLE ( 'NONE', #1397, 6.999999999999999112 ) ;
#598 = LINE ( 'NONE', #1622, #3940 ) ;
#599 = CARTESIAN_POINT ( 'NONE',  ( 7.819463546721694414, -44.64119041366998175, 0.7499999985999979968 ) ) ;
#600 = VECTOR ( 'NONE', #2480, 1000.000000000000000 ) ;
#601 = DIRECTION ( 'NONE',  ( -1.000000000000000000, 0.000000000000000000, 0.000000000000000000 ) ) ;
#602 = ORIENTED_EDGE ( 'NONE', *, *, #966, .F. ) ;
#603 = ORIENTED_EDGE ( 'NONE', *, *, #2538, .F. ) ;
#604 = CARTESIAN_POINT ( 'NONE',  ( -13.57612027903751795, 16.28087550945979345, 0.7499999985999999952 ) ) ;
#605 = DIRECTION ( 'NONE',  ( -0.000000000000000000, 0.000000000000000000, 1.000000000000000000 ) ) ;
#606 = CARTESIAN_POINT ( 'NONE',  ( 9.904003539521589516, 32.81585065547548652, 0.7500000021710750975 ) ) ;
#607 = EDGE_CURVE ( 'NONE', #3748, #750, #3434, .T. ) ;
#608 = ADVANCED_FACE ( 'NONE', ( #1915 ), #22, .F. ) ;
#609 = CARTESIAN_POINT ( 'NONE',  ( -13.49999979035840170, 15.50000001339998867, 0.7499999973666701125 ) ) ;
#610 = CARTESIAN_POINT ( 'NONE',  ( 6.250000526265647949, -37.00000000000003553, 0.7499999986000004393 ) ) ;
#611 = CARTESIAN_POINT ( 'NONE',  ( -14.33493640832336702, 29.82883818245954544, 0.4499999980269786537 ) ) ;
#612 = ORIENTED_EDGE ( 'NONE', *, *, #4100, .T. ) ;
#613 = DIRECTION ( 'NONE',  ( 9.079261556471976945E-12, 5.241913029066799106E-12, -1.000000000000000000 ) ) ;
#614 = ORIENTED_EDGE ( 'NONE', *, *, #3449, .T. ) ;
#615 = ORIENTED_EDGE ( 'NONE', *, *, #264, .T. ) ;
#616 = CYLINDRICAL_SURFACE ( 'NONE', #1073, 8.000000002000019705 ) ;
#617 = CARTESIAN_POINT ( 'NONE',  ( -16.49999979167490594, 18.50000000779997222, -0.2499999995333329339 ) ) ;
#618 = CARTESIAN_POINT ( 'NONE',  ( -13.49999979835839170, -15.49999999480600188, -0.7499999964333112779 ) ) ;
#619 = EDGE_CURVE ( 'NONE', #1966, #3686, #585, .T. ) ;
#620 = CARTESIAN_POINT ( 'NONE',  ( 3.068867685249665467, -39.49999999641654114, -0.7499999985999999952 ) ) ;
#621 = VECTOR ( 'NONE', #2650, 1000.000000000000000 ) ;
#622 = ORIENTED_EDGE ( 'NONE', *, *, #581, .F. ) ;
#623 = CARTESIAN_POINT ( 'NONE',  ( 5.000000526265646172, 17.49999999999998934, 0.7499999986000004393 ) ) ;
#624 = CARTESIAN_POINT ( 'NONE',  ( 45.30000000002296190, -2.775557561562891351E-14, -0.7499999985999999952 ) ) ;
#625 = ADVANCED_FACE ( 'NONE', ( #1626 ), #2890, .F. ) ;
#626 = FACE_OUTER_BOUND ( 'NONE', #1375, .T. ) ;
#627 = CC_DESIGN_PERSON_AND_ORGANIZATION_ASSIGNMENT ( #1779, #4015, ( #2298 ) ) ;
#628 = FACE_BOUND ( 'NONE', #2573, .T. ) ;
#629 = CARTESIAN_POINT ( 'NONE',  ( 13.99999975649107675, 17.27217239314649078, -0.7499999980999861871 ) ) ;
#630 = DIRECTION ( 'NONE',  ( 1.000000000000000000, 0.000000000000000000, 0.000000000000000000 ) ) ;
#631 = VERTEX_POINT ( 'NONE', #3179 ) ;
#632 = B_SPLINE_CURVE_WITH_KNOTS ( 'NONE', 3,
 ( #2141, #532, #3976, #1147 ),
 .UNSPECIFIED., .F., .F.,
 ( 4, 4 ),
 ( 0.000000000000000000, 1.000000000000000000 ),
 .UNSPECIFIED. ) ;
#633 = CIRCLE ( 'NONE', #3809, 2.250000000000001776 ) ;
#634 = DIRECTION ( 'NONE',  ( -0.000000000000000000, -0.000000000000000000, 1.000000000000000000 ) ) ;
#635 = VERTEX_POINT ( 'NONE', #3496 ) ;
#636 = ADVANCED_FACE ( 'NONE', ( #1546 ), #3759, .T. ) ;
#637 = ORIENTED_EDGE ( 'NONE', *, *, #2384, .F. ) ;
#638 = AXIS2_PLACEMENT_3D ( 'NONE', #1718, #2010, #2987 ) ;
#639 = AXIS2_PLACEMENT_3D ( 'NONE', #3498, #301, #2854 ) ;
#640 = B_SPLINE_CURVE_WITH_KNOTS ( 'NONE', 3,
 ( #3512, #1937, #2813, #1895, #1566, #3161 ),
 .UNSPECIFIED., .F., .F.,
 ( 4, 2, 4 ),
 ( 0.000000000000000000, 0.5000000000000000000, 1.000000000000000000 ),
 .UNSPECIFIED. ) ;
#641 = DIRECTION ( 'NONE',  ( 0.000000000000000000, 0.000000000000000000, -1.000000000000000000 ) ) ;
#642 = CARTESIAN_POINT ( 'NONE',  ( 7.819463549363914190, -44.64119041652944730, -0.7499999985999999952 ) ) ;
#643 = CARTESIAN_POINT ( 'NONE',  ( -23.00000010127489958, 15.50000001339998867, 9.757819552369539906E-16 ) ) ;
#644 = ORIENTED_EDGE ( 'NONE', *, *, #3297, .F. ) ;
#645 = CARTESIAN_POINT ( 'NONE',  ( -20.92500000001101768, -36.24316314839878572, -0.7588613172548028807 ) ) ;
#646 = CARTESIAN_POINT ( 'NONE',  ( -33.00000011423342983, -36.37306621121760486, 48.47984059516105049 ) ) ;
#647 = DIRECTION ( 'NONE',  ( -0.5000000000000042188, 0.8660254037844361541, -1.815850710536661158E-11 ) ) ;
#648 = EDGE_CURVE ( 'NONE', #3523, #3748, #3907, .T. ) ;
#649 = EDGE_CURVE ( 'NONE', #675, #2648, #727, .T. ) ;
#650 = FACE_BOUND ( 'NONE', #1853, .T. ) ;
#651 = CARTESIAN_POINT ( 'NONE',  ( -9.999999797191405193, -43.49999999500003867, -0.7499999985999999952 ) ) ;
#652 = CARTESIAN_POINT ( 'NONE',  ( -4.999999473734362709, 17.49999999999998934, 0.4499999986000000618 ) ) ;
#653 = ORIENTED_EDGE ( 'NONE', *, *, #3870, .F. ) ;
#654 = B_SPLINE_CURVE_WITH_KNOTS ( 'NONE', 3,
 ( #2749, #843, #1838, #3043, #1795, #589, #2177, #887, #1486, #1815 ),
 .UNSPECIFIED., .F., .F.,
 ( 4, 2, 2, 2, 4 ),
 ( 0.000000000000000000, 0.2500000000000000000, 0.5000000000000000000, 0.7500000000000000000, 1.000000000000000000 ),
 .UNSPECIFIED. ) ;
#655 = LINE ( 'NONE', #2044, #4071 ) ;
#656 = ORIENTED_EDGE ( 'NONE', *, *, #3972, .T. ) ;
#657 = ORIENTED_EDGE ( 'NONE', *, *, #1060, .T. ) ;
#658 = EDGE_CURVE ( 'NONE', #2437, #2888, #3478, .T. ) ;
#659 = EDGE_CURVE ( 'NONE', #2082, #3743, #640, .T. ) ;
#660 = B_SPLINE_CURVE_WITH_KNOTS ( 'NONE', 3,
 ( #2158, #592, #3111, #1470 ),
 .UNSPECIFIED., .F., .F.,
 ( 4, 4 ),
 ( 0.000000000000000000, 1.000000000000000000 ),
 .UNSPECIFIED. ) ;
#661 = AXIS2_PLACEMENT_3D ( 'NONE', #3941, #1685, #3925 ) ;
#662 = CYLINDRICAL_SURFACE ( 'NONE', #3810, 2.250000000000001776 ) ;
#663 = DIRECTION ( 'NONE',  ( 1.000000000000000000, 0.000000000000000000, 0.000000000000000000 ) ) ;
#664 = CARTESIAN_POINT ( 'NONE',  ( -13.58399255795811378, -46.49999999641654824, -0.7499999985999999952 ) ) ;
#665 = VECTOR ( 'NONE', #765, 1000.000000000000000 ) ;
#666 = ORIENTED_EDGE ( 'NONE', *, *, #730, .T. ) ;
#667 = CARTESIAN_POINT ( 'NONE',  ( -14.09777577862712050, 17.34061532266555261, 0.7499999985999999952 ) ) ;
#668 = CARTESIAN_POINT ( 'NONE',  ( 27.29887418563609103, 1.361971352733970519, -0.2499999980164589741 ) ) ;
#669 = AXIS2_PLACEMENT_3D ( 'NONE', #3527, #1081, #2350 ) ;
#670 = CARTESIAN_POINT ( 'NONE',  ( -28.11549388338821487, -40.69746388589617681, 0.4499999976627990228 ) ) ;
#671 = CARTESIAN_POINT ( 'NONE',  ( 3.500000526265645284, 17.49999999999998934, 0.4499999986000000618 ) ) ;
#672 = CARTESIAN_POINT ( 'NONE',  ( 18.36197127434810383, -19.94519233753402787, 0.7499999989791641397 ) ) ;
#673 = CARTESIAN_POINT ( 'NONE',  ( -12.78014581711942022, 43.49999999505599391, -0.7499999985999999952 ) ) ;
#674 = VERTEX_POINT ( 'NONE', #624 ) ;
#675 = VERTEX_POINT ( 'NONE', #4089 ) ;
#676 = EDGE_LOOP ( 'NONE', ( #3177, #2515, #2269, #198 ) ) ;
#677 = EDGE_CURVE ( 'NONE', #3090, #3743, #1590, .T. ) ;
#678 = AXIS2_PLACEMENT_3D ( 'NONE', #846, #1515, #1842 ) ;
#679 = CC_DESIGN_DATE_AND_TIME_ASSIGNMENT ( #782, #3688, ( #130 ) ) ;
#680 = EDGE_CURVE ( 'NONE', #635, #2879, #1261, .T. ) ;
#681 = ORIENTED_EDGE ( 'NONE', *, *, #966, .T. ) ;
#682 = EDGE_CURVE ( 'NONE', #1696, #1447, #597, .T. ) ;
#683 = CALENDAR_DATE ( 2025, 21, 1 ) ;
#684 = DIRECTION ( 'NONE',  ( -1.815852218230840173E-11, -1.048382767004165731E-11, 1.000000000000000000 ) ) ;
#685 = ORIENTED_EDGE ( 'NONE', *, *, #781, .F. ) ;
#686 = CYLINDRICAL_SURFACE ( 'NONE', #2165, 1.150000000000012124 ) ;
#687 = DIRECTION ( 'NONE',  ( -0.4999999999999919509, -0.8660254037844432595, -1.815852218230840173E-11 ) ) ;
#688 = CARTESIAN_POINT ( 'NONE',  ( -4.999999786874903762, -26.99999987921702882, -0.7499999985999999952 ) ) ;
#689 = CARTESIAN_POINT ( 'NONE',  ( -26.00000006618291692, -32.33161443482040909, 0.7499999985999979968 ) ) ;
#690 = DIRECTION ( 'NONE',  ( 0.4999999999999919509, 0.8660254037844432595, 1.815852218230840173E-11 ) ) ;
#691 = DIRECTION ( 'NONE',  ( 0.5000000000000039968, -0.8660254037844363761, 1.815852218230854713E-11 ) ) ;
#692 = ORIENTED_EDGE ( 'NONE', *, *, #1906, .F. ) ;
#693 = CARTESIAN_POINT ( 'NONE',  ( 13.99999976192509088, -17.27217277080000812, -0.2499999995333329339 ) ) ;
#694 = CARTESIAN_POINT ( 'NONE',  ( -27.46410218690803617, 39.56922037095561251, 48.47984059522806177 ) ) ;
#695 = EDGE_LOOP ( 'NONE', ( #2427, #1116, #1947, #3584 ) ) ;
#696 = ORIENTED_EDGE ( 'NONE', *, *, #269, .T. ) ;
#697 = AXIS2_PLACEMENT_3D ( 'NONE', #1440, #3960, #3884 ) ;
#698 = EDGE_CURVE ( 'NONE', #2321, #2437, #3711, .T. ) ;
#699 = ADVANCED_FACE ( 'NONE', ( #2685 ), #453, .F. ) ;
#700 = ORIENTED_EDGE ( 'NONE', *, *, #3337, .F. ) ;
#701 = CARTESIAN_POINT ( 'NONE',  ( 47.99999978896360631, 3.999999999999976019, 0.4499999986000000618 ) ) ;
#702 = CIRCLE ( 'NONE', #1637, 6.999999999999999112 ) ;
#703 = ORIENTED_EDGE ( 'NONE', *, *, #575, .F. ) ;
#704 = DIRECTION ( 'NONE',  ( 1.000000000000000000, 0.000000000000000000, 0.000000000000000000 ) ) ;
#705 = CARTESIAN_POINT ( 'NONE',  ( 27.29887419091259204, -1.361971726116018022, 0.7499999983955221161 ) ) ;
#706 = PLANE ( 'NONE',  #349 ) ;
#707 = EDGE_CURVE ( 'NONE', #2082, #1578, #841, .T. ) ;
#708 = CARTESIAN_POINT ( 'NONE',  ( 18.36197127672509311, 19.94519196119998128, -0.2499999995333329339 ) ) ;
#709 = VECTOR ( 'NONE', #419, 1000.000000000000000 ) ;
#710 = ORIENTED_EDGE ( 'NONE', *, *, #864, .F. ) ;
#711 = CARTESIAN_POINT ( 'NONE',  ( -21.07907078568085879, -38.81002157711569112, 0.4499999978103576548 ) ) ;
#712 = DIRECTION ( 'NONE',  ( 0.000000000000000000, 0.000000000000000000, 1.000000000000000000 ) ) ;
#713 = ORIENTED_EDGE ( 'NONE', *, *, #3173, .T. ) ;
#714 = CARTESIAN_POINT ( 'NONE',  ( -16.10254310193777272, -18.50000000133617561, -0.7499999986000003283 ) ) ;
#715 = EDGE_LOOP ( 'NONE', ( #3198, #3211, #3807, #3452 ) ) ;
#716 = DIRECTION ( 'NONE',  ( 0.000000000000000000, 0.000000000000000000, -1.000000000000000000 ) ) ;
#717 = ORIENTED_EDGE ( 'NONE', *, *, #3547, .T. ) ;
#718 = ORIENTED_EDGE ( 'NONE', *, *, #2941, .T. ) ;
#719 = EDGE_LOOP ( 'NONE', ( #2765, #780, #158, #1016 ) ) ;
#720 = APPROVAL_DATE_TIME ( #1639, #2161 ) ;
#721 = CARTESIAN_POINT ( 'NONE',  ( -19.77500000001100489, -36.24316314839878572, -0.7588613172339205848 ) ) ;
#722 = ORIENTED_EDGE ( 'NONE', *, *, #2569, .T. ) ;
#723 = CARTESIAN_POINT ( 'NONE',  ( 47.99999978896360631, 9.825658719101127758, 0.7499999985999979968 ) ) ;
#724 = CYLINDRICAL_SURFACE ( 'NONE', #2462, 2.999999994399978664 ) ;
#725 = DIRECTION ( 'NONE',  ( 0.8660254037844432595, -0.4999999999999919509, 1.048382767004165731E-11 ) ) ;
#726 = AXIS2_PLACEMENT_3D ( 'NONE', #866, #2750, #1817 ) ;
#727 = CIRCLE ( 'NONE', #3056, 1.499999999999994449 ) ;
#728 = LINE ( 'NONE', #147, #567 ) ;
#729 = DIRECTION ( 'NONE',  ( -1.815852218230840173E-11, -1.048382767004165731E-11, 1.000000000000000000 ) ) ;
#730 = EDGE_CURVE ( 'NONE', #3562, #3377, #2128, .T. ) ;
#731 = DIRECTION ( 'NONE',  ( -0.5000000000000039968, 0.8660254037844363761, -1.815852218230854713E-11 ) ) ;
#732 = ORIENTED_EDGE ( 'NONE', *, *, #3017, .T. ) ;
#733 = ADVANCED_FACE ( 'NONE', ( #3302 ), #724, .F. ) ;
#734 = CARTESIAN_POINT ( 'NONE',  ( -14.09777578634893480, -17.34061533271470168, -0.7499999985999999952 ) ) ;
#735 = VECTOR ( 'NONE', #2167, 1000.000000000000000 ) ;
#736 = ORIENTED_EDGE ( 'NONE', *, *, #3372, .T. ) ;
#737 = CARTESIAN_POINT ( 'NONE',  ( -18.25000000001145040, 31.60992723815175864, -0.7588613171890290499 ) ) ;
#738 = CARTESIAN_POINT ( 'NONE',  ( 14.55128849721113049, -19.02578194768453912, 0.7499999985999999952 ) ) ;
#739 = ORIENTED_EDGE ( 'NONE', *, *, #2282, .F. ) ;
#740 = VERTEX_POINT ( 'NONE', #2991 ) ;
#741 = VERTEX_POINT ( 'NONE', #2289 ) ;
#742 = PLANE ( 'NONE',  #1538 ) ;
#743 = VERTEX_POINT ( 'NONE', #144 ) ;
#744 = EDGE_CURVE ( 'NONE', #1258, #1533, #2875, .T. ) ;
#745 = CARTESIAN_POINT ( 'NONE',  ( 4.343334476191590632, 38.37651972466649397, 0.7499999985999999952 ) ) ;
#746 = DIRECTION ( 'NONE',  ( -1.815852218230840173E-11, -1.048382767004165731E-11, 1.000000000000000000 ) ) ;
#747 = CARTESIAN_POINT ( 'NONE',  ( -16.49999979167490594, -15.49999998800000256, 9.757819552369539906E-16 ) ) ;
#748 = EDGE_CURVE ( 'NONE', #1051, #1129, #79, .T. ) ;
#749 = CARTESIAN_POINT ( 'NONE',  ( -33.00000025404040116, -28.86751278379104235, 0.7500000033021300139 ) ) ;
#750 = VERTEX_POINT ( 'NONE', #3590 ) ;
#751 = CARTESIAN_POINT ( 'NONE',  ( -13.49999979035840170, 15.50000001339998867, 0.7499999973666701125 ) ) ;
#752 = DIRECTION ( 'NONE',  ( 0.000000000000000000, 0.000000000000000000, 1.000000000000000000 ) ) ;
#753 = ORIENTED_EDGE ( 'NONE', *, *, #3445, .T. ) ;
#754 = LINE ( 'NONE', #1047, #2133 ) ;
#755 = EDGE_CURVE ( 'NONE', #2899, #3341, #3646, .T. ) ;
#756 = DIRECTION ( 'NONE',  ( 0.000000000000000000, 0.000000000000000000, -1.000000000000000000 ) ) ;
#757 = CARTESIAN_POINT ( 'NONE',  ( -21.07907078565890302, -38.81002157710300082, -0.7588613172845112276 ) ) ;
#758 = ORIENTED_EDGE ( 'NONE', *, *, #3838, .T. ) ;
#759 = ORIENTED_EDGE ( 'NONE', *, *, #120, .T. ) ;
#760 = EDGE_CURVE ( 'NONE', #3443, #3282, #868, .T. ) ;
#761 = EDGE_LOOP ( 'NONE', ( #3834, #367, #2819, #4044 ) ) ;
#762 = CIRCLE ( 'NONE', #3280, 6.999999999999999112 ) ;
#763 = LINE ( 'NONE', #2031, #1211 ) ;
#764 = CARTESIAN_POINT ( 'NONE',  ( -9.999999786874907315, -15.83333339973352949, 0.7499999985999999952 ) ) ;
#765 = DIRECTION ( 'NONE',  ( 0.000000000000000000, 1.000000000000000000, 0.000000000000000000 ) ) ;
#766 = DIRECTION ( 'NONE',  ( 1.815852218230839850E-11, 1.048382767004165569E-11, -1.000000000000000000 ) ) ;
#767 = CIRCLE ( 'NONE', #3294, 2.250000000000001776 ) ;
#768 = VECTOR ( 'NONE', #1919, 1000.000000000000000 ) ;
#769 = LINE ( 'NONE', #3221, #910 ) ;
#770 = DIRECTION ( 'NONE',  ( 0.000000000000000000, 0.000000000000000000, -1.000000000000000000 ) ) ;
#771 = CARTESIAN_POINT ( 'NONE',  ( -23.00000010127489958, 18.50000000779997222, 0.000000000000000000 ) ) ;
#772 = VERTEX_POINT ( 'NONE', #1396 ) ;
#773 = CARTESIAN_POINT ( 'NONE',  ( -18.66506342724516543, -27.32883818245981900, 0.4499999979745591960 ) ) ;
#774 = EDGE_CURVE ( 'NONE', #12, #2348, #1782, .T. ) ;
#775 = AXIS2_PLACEMENT_3D ( 'NONE', #792, #2726, #1791 ) ;
#776 = CARTESIAN_POINT ( 'NONE',  ( 36.50000000002298606, -2.775557561562891351E-14, -0.7588613151671350643 ) ) ;
#777 = FACE_OUTER_BOUND ( 'NONE', #3904, .T. ) ;
#778 = ORIENTED_EDGE ( 'NONE', *, *, #2692, .F. ) ;
#779 = ORIENTED_EDGE ( 'NONE', *, *, #1527, .T. ) ;
#780 = ORIENTED_EDGE ( 'NONE', *, *, #707, .T. ) ;
#781 = EDGE_CURVE ( 'NONE', #3743, #262, #2000, .T. ) ;
#782 = DATE_AND_TIME ( #2408, #2820 ) ;
#783 = EDGE_CURVE ( 'NONE', #1185, #3150, #3054, .T. ) ;
#784 = FACE_BOUND ( 'NONE', #2925, .T. ) ;
#785 = CARTESIAN_POINT ( 'NONE',  ( -23.00000010647740112, -18.50000000521653831, -0.7499999966976401700 ) ) ;
#786 = CARTESIAN_POINT ( 'NONE',  ( -33.00000011423342983, -36.37306621121760486, 0.7499999985999979968 ) ) ;
#787 = DIRECTION ( 'NONE',  ( 0.000000000000000000, -1.000000000000000000, 0.000000000000000000 ) ) ;
#788 = ORIENTED_EDGE ( 'NONE', *, *, #3260, .T. ) ;
#789 = PLANE ( 'NONE',  #2561 ) ;
#790 = DIRECTION ( 'NONE',  ( 0.000000000000000000, 0.000000000000000000, 1.000000000000000000 ) ) ;
#791 = ORIENTED_EDGE ( 'NONE', *, *, #1650, .F. ) ;
#792 = CARTESIAN_POINT ( 'NONE',  ( -4.999999473734362709, 17.49999999999998934, 0.7499999986000004393 ) ) ;
#793 = AXIS2_PLACEMENT_3D ( 'NONE', #3674, #2123, #518 ) ;
#794 = FACE_OUTER_BOUND ( 'NONE', #3334, .T. ) ;
#795 = CARTESIAN_POINT ( 'NONE',  ( 36.01972644196707307, 21.57460629365395732, -0.2499999994595189234 ) ) ;
#796 = ORIENTED_EDGE ( 'NONE', *, *, #3868, .T. ) ;
#797 = ORIENTED_EDGE ( 'NONE', *, *, #953, .T. ) ;
#798 = AXIS2_PLACEMENT_3D ( 'NONE', #1807, #1745, #226 ) ;
#799 = VECTOR ( 'NONE', #2540, 1000.000000000000000 ) ;
#800 = VERTEX_POINT ( 'NONE', #1477 ) ;
#801 = EDGE_CURVE ( 'NONE', #3559, #400, #488, .T. ) ;
#802 = DIRECTION ( 'NONE',  ( 1.000000000000000000, 0.000000000000000000, 0.000000000000000000 ) ) ;
#803 = PRODUCT_RELATED_PRODUCT_CATEGORY ( 'detail', '', ( #3474 ) ) ;
#804 = EDGE_CURVE ( 'NONE', #772, #2020, #1464, .T. ) ;
#805 = B_SPLINE_CURVE_WITH_KNOTS ( 'NONE', 3,
 ( #2716, #1141, #2404, #261 ),
 .UNSPECIFIED., .F., .F.,
 ( 4, 4 ),
 ( 0.000000000000000000, 1.000000000000000000 ),
 .UNSPECIFIED. ) ;
#806 = AXIS2_PLACEMENT_3D ( 'NONE', #2527, #1916, #945 ) ;
#807 = B_SPLINE_CURVE_WITH_KNOTS ( 'NONE', 3,
 ( #3175, #2209, #4085, #1561 ),
 .UNSPECIFIED., .F., .F.,
 ( 4, 4 ),
 ( 0.000000000000000000, 1.000000000000000000 ),
 .UNSPECIFIED. ) ;
#808 = DIRECTION ( 'NONE',  ( -0.8660254037844433705, 0.4999999999999919509, -1.048382767004166054E-11 ) ) ;
#809 = DIRECTION ( 'NONE',  ( -1.000000000000000000, 0.000000000000000000, 0.000000000000000000 ) ) ;
#810 = CARTESIAN_POINT ( 'NONE',  ( 1.562999947125109923, 41.15685426219994980, -0.2499999995333329339 ) ) ;
#811 = VERTEX_POINT ( 'NONE', #2055 ) ;
#812 = ORIENTED_EDGE ( 'NONE', *, *, #2907, .F. ) ;
#813 = CARTESIAN_POINT ( 'NONE',  ( -4.999999473734362709, 17.49999999999998934, 0.7499999985999999952 ) ) ;
#814 = DIRECTION ( 'NONE',  ( -0.5000000000000042188, 0.8660254037844361541, -1.815850710536661158E-11 ) ) ;
#815 = ORIENTED_EDGE ( 'NONE', *, *, #1437, .F. ) ;
#816 = CARTESIAN_POINT ( 'NONE',  ( -16.49999978987540317, 18.50000001438345620, -0.7499999964333183833 ) ) ;
#817 = CARTESIAN_POINT ( 'NONE',  ( 20.38187187665860378, 27.89531049493346160, 0.7499999985999999952 ) ) ;
#818 = LINE ( 'NONE', #3001, #2302 ) ;
#819 = DIRECTION ( 'NONE',  ( -1.000000000000000000, 0.000000000000000000, 0.000000000000000000 ) ) ;
#820 = ORIENTED_EDGE ( 'NONE', *, *, #804, .F. ) ;
#821 = DIRECTION ( 'NONE',  ( -0.000000000000000000, -0.000000000000000000, 1.000000000000000000 ) ) ;
#822 = ORIENTED_EDGE ( 'NONE', *, *, #2984, .F. ) ;
#823 = ORIENTED_EDGE ( 'NONE', *, *, #4028, .T. ) ;
#825 = DIRECTION ( 'NONE',  ( 0.000000000000000000, 0.000000000000000000, -1.000000000000000000 ) ) ;
#824 = CIRCLE ( 'NONE', #1953, 2.250000000000001776 ) ;
#826 = ADVANCED_FACE ( 'NONE', ( #2098 ), #3977, .F. ) ;
#827 = EDGE_CURVE ( 'NONE', #2182, #1517, #3095, .T. ) ;
#828 = EDGE_CURVE ( 'NONE', #2403, #1556, #3971, .T. ) ;
#829 = DIRECTION ( 'NONE',  ( -1.815852218230840173E-11, -1.048382767004165731E-11, 1.000000000000000000 ) ) ;
#830 = CARTESIAN_POINT ( 'NONE',  ( -23.00000010127489958, -18.50000000780002551, 0.000000000000000000 ) ) ;
#831 = CARTESIAN_POINT ( 'NONE',  ( 44.15000000002297753, 1.149999999999984368, -0.7499999985999999952 ) ) ;
#832 = CIRCLE ( 'NONE', #3021, 2.250000000000001776 ) ;
#833 = EDGE_LOOP ( 'NONE', ( #482, #1597 ) ) ;
#834 = DIRECTION ( 'NONE',  ( 1.000000000000000000, 0.000000000000000000, 0.000000000000000000 ) ) ;
#835 = VECTOR ( 'NONE', #3384, 1000.000000000000000 ) ;
#836 = CARTESIAN_POINT ( 'NONE',  ( -23.00000010694391861, 18.50000000544996226, 0.7499999976310041117 ) ) ;
#837 = VERTEX_POINT ( 'NONE', #3997 ) ;
#838 = EDGE_CURVE ( 'NONE', #2441, #3343, #1950, .T. ) ;
#839 = FACE_OUTER_BOUND ( 'NONE', #1239, .T. ) ;
#840 = AXIS2_PLACEMENT_3D ( 'NONE', #1837, #842, #1222 ) ;
#841 = B_SPLINE_CURVE_WITH_KNOTS ( 'NONE', 3,
 ( #2930, #3897, #2663, #705 ),
 .UNSPECIFIED., .F., .F.,
 ( 4, 4 ),
 ( 0.000000000000000000, 1.000000000000000000 ),
 .UNSPECIFIED. ) ;
#842 = DIRECTION ( 'NONE',  ( 0.000000000000000000, -1.000000000000000000, 0.000000000000000000 ) ) ;
#843 = CARTESIAN_POINT ( 'NONE',  ( 31.79245333266571194, 10.18111672997209460, -0.7499999986000001062 ) ) ;
#844 = CARTESIAN_POINT ( 'NONE',  ( 36.50000000002298606, -2.775557561562891351E-14, -0.7588613151671350643 ) ) ;
#845 = ORIENTED_EDGE ( 'NONE', *, *, #3337, .T. ) ;
#846 = CARTESIAN_POINT ( 'NONE',  ( 4.000000526265646172, -37.00000000000003553, -0.7499999985999999952 ) ) ;
#847 = EDGE_LOOP ( 'NONE', ( #3432, #1410, #2017, #3665 ) ) ;
#848 = VERTEX_POINT ( 'NONE', #1103 ) ;
#849 = CARTESIAN_POINT ( 'NONE',  ( -13.49999979835839170, -15.49999999480600188, -0.7499999964333112779 ) ) ;
#850 = LINE ( 'NONE', #224, #3093 ) ;
#851 = B_SPLINE_CURVE_WITH_KNOTS ( 'NONE', 3,
 ( #1075, #795, #154, #1135 ),
 .UNSPECIFIED., .F., .F.,
 ( 4, 4 ),
 ( 0.000000000000000000, 1.000000000000000000 ),
 .UNSPECIFIED. ) ;
#852 = DIRECTION ( 'NONE',  ( -0.000000000000000000, 0.000000000000000000, 1.000000000000000000 ) ) ;
#853 = CARTESIAN_POINT ( 'NONE',  ( 44.15000000002297753, -2.775557561562891351E-14, 0.4499999986000000618 ) ) ;
#854 = VERTEX_POINT ( 'NONE', #1433 ) ;
#855 = EDGE_LOOP ( 'NONE', ( #3901, #3637, #3883, #3048 ) ) ;
#856 = CARTESIAN_POINT ( 'NONE',  ( 41.85000000002300879, -1.150000000000039879, -0.7499999985999999952 ) ) ;
#857 = CARTESIAN_POINT ( 'NONE',  ( -18.25000000003340617, 31.60992723816444183, 0.4499999979372140690 ) ) ;
#858 = ORIENTED_EDGE ( 'NONE', *, *, #3771, .F. ) ;
#859 = CARTESIAN_POINT ( 'NONE',  ( 14.65959827820460504, 19.16623594265753994, 0.7499999986000001062 ) ) ;
#860 = ADVANCED_FACE ( 'NONE', ( #3339 ), #1148, .F. ) ;
#861 = B_SPLINE_CURVE_WITH_KNOTS ( 'NONE', 3,
 ( #4042, #2099, #3364, #513 ),
 .UNSPECIFIED., .F., .F.,
 ( 4, 4 ),
 ( 0.000000000000000000, 1.000000000000000000 ),
 .UNSPECIFIED. ) ;
#862 = AXIS2_PLACEMENT_3D ( 'NONE', #1108, #2607, #3241 ) ;
#863 = CARTESIAN_POINT ( 'NONE',  ( 38.03446850823583958, 20.41975887365632047, -0.7499999985999998842 ) ) ;
#864 = EDGE_CURVE ( 'NONE', #2132, #2648, #3010, .T. ) ;
#865 = FACE_BOUND ( 'NONE', #2787, .T. ) ;
#866 = CARTESIAN_POINT ( 'NONE',  ( -19.41506342725060463, -28.62787628813962115, 0.7499999985999999952 ) ) ;
#867 = ORIENTED_EDGE ( 'NONE', *, *, #1326, .F. ) ;
#868 = B_SPLINE_CURVE_WITH_KNOTS ( 'NONE', 3,
 ( #1415, #3531, #3652, #3668 ),
 .UNSPECIFIED., .F., .F.,
 ( 4, 4 ),
 ( 0.000000000000000000, 1.000000000000000000 ),
 .UNSPECIFIED. ) ;
#869 = AXIS2_PLACEMENT_3D ( 'NONE', #477, #2081, #3981 ) ;
#870 = CARTESIAN_POINT ( 'NONE',  ( 15.01538565447869722, 19.53627678068978923, -0.7499999986000001062 ) ) ;
#871 = ORIENTED_EDGE ( 'NONE', *, *, #2534, .T. ) ;
#872 = VERTEX_POINT ( 'NONE', #2116 ) ;
#873 = AXIS2_PLACEMENT_3D ( 'NONE', #1294, #2559, #663 ) ;
#874 = DIRECTION ( 'NONE',  ( -1.000000000000000000, 0.000000000000000000, -0.000000000000000000 ) ) ;
#875 = AXIS2_PLACEMENT_3D ( 'NONE', #3617, #1981, #3577 ) ;
#876 = CARTESIAN_POINT ( 'NONE',  ( 42.42925220293555810, -12.66083073040102924, -0.7499999985999999952 ) ) ;
#877 = CARTESIAN_POINT ( 'NONE',  ( -13.49999979397093774, 15.89745671869096100, -0.7499999986000004393 ) ) ;
#878 = FACE_OUTER_BOUND ( 'NONE', #2287, .T. ) ;
#879 = ORIENTED_EDGE ( 'NONE', *, *, #1248, .F. ) ;
#880 = PLANE ( 'NONE',  #1568 ) ;
#881 = CARTESIAN_POINT ( 'NONE',  ( -14.33493640832336702, 29.82883818245954544, 0.4499999980269786537 ) ) ;
#882 = VERTEX_POINT ( 'NONE', #225 ) ;
#883 = LINE ( 'NONE', #3700, #2246 ) ;
#884 = CIRCLE ( 'NONE', #350, 6.999999999999999112 ) ;
#885 = EDGE_CURVE ( 'NONE', #3341, #2403, #1499, .T. ) ;
#886 = CARTESIAN_POINT ( 'NONE',  ( -9.999999786874907315, -15.83333339973352949, -0.7499999985999999952 ) ) ;
#887 = CARTESIAN_POINT ( 'NONE',  ( 30.96217091983366743, 13.43963746361783329, -0.7499999986000002172 ) ) ;
#888 = CARTESIAN_POINT ( 'NONE',  ( -23.78110816979973663, 18.42347900706615604, -0.7499999986000001062 ) ) ;
#889 = VERTEX_POINT ( 'NONE', #2372 ) ;
#890 = DIRECTION ( 'NONE',  ( 0.000000000000000000, 0.000000000000000000, -1.000000000000000000 ) ) ;
#891 = VERTEX_POINT ( 'NONE', #3713 ) ;
#892 = ORIENTED_EDGE ( 'NONE', *, *, #3777, .F. ) ;
#893 = DIRECTION ( 'NONE',  ( -0.5000000000000039968, 0.8660254037844363761, 0.000000000000000000 ) ) ;
#894 = EDGE_CURVE ( 'NONE', #3242, #1786, #1790, .T. ) ;
#895 = DIRECTION ( 'NONE',  ( 0.000000000000000000, 0.000000000000000000, -1.000000000000000000 ) ) ;
#896 = DIRECTION ( 'NONE',  ( 0.000000000000000000, -1.000000000000000000, 0.000000000000000000 ) ) ;
#897 = CARTESIAN_POINT ( 'NONE',  ( 1.562999947125109923, 41.15685426219994980, 0.2499999995333341274 ) ) ;
#898 = EDGE_LOOP ( 'NONE', ( #989, #1789, #1893, #1438 ) ) ;
#899 = ORIENTED_EDGE ( 'NONE', *, *, #2164, .T. ) ;
#900 = CARTESIAN_POINT ( 'NONE',  ( -4.999999473734362709, 18.99999999999998934, 0.4499999986000000618 ) ) ;
#901 = CARTESIAN_POINT ( 'NONE',  ( -33.00000081063042501, 28.86751459573347489, -0.7499999985999999952 ) ) ;
#902 = EDGE_LOOP ( 'NONE', ( #2050, #206, #2259, #3866, #415 ) ) ;
#903 = FACE_OUTER_BOUND ( 'NONE', #676, .T. ) ;
#904 = AXIS2_PLACEMENT_3D ( 'NONE', #1810, #229, #1505 ) ;
#905 = CARTESIAN_POINT ( 'NONE',  ( 4.343334472227594389, 38.37651972863048400, -0.7499999985999999952 ) ) ;
#906 = CARTESIAN_POINT ( 'NONE',  ( -13.49999979727489752, -15.49999998800000256, -0.2499999995333329339 ) ) ;
#907 = EDGE_CURVE ( 'NONE', #3559, #1280, #3783, .T. ) ;
#908 = CARTESIAN_POINT ( 'NONE',  ( -4.999999473734362709, 17.49999999999998934, 0.7499999985999999952 ) ) ;
#909 = ORIENTED_EDGE ( 'NONE', *, *, #1136, .F. ) ;
#910 = VECTOR ( 'NONE', #3922, 1000.000000000000000 ) ;
#911 = DIRECTION ( 'NONE',  ( 0.000000000000000000, 0.000000000000000000, -1.000000000000000000 ) ) ;
#912 = ORIENTED_EDGE ( 'NONE', *, *, #1052, .F. ) ;
#913 = ORIENTED_EDGE ( 'NONE', *, *, #2548, .F. ) ;
#914 = DIRECTION ( 'NONE',  ( -1.000000000000000000, 0.000000000000000000, -0.000000000000000000 ) ) ;
#915 = AXIS2_PLACEMENT_3D ( 'NONE', #2106, #3124, #3371 ) ;
#916 = ADVANCED_FACE ( 'NONE', ( #2498 ), #1214, .F. ) ;
#917 = ADVANCED_FACE ( 'NONE', ( #2521 ), #4102, .F. ) ;
#918 = LINE ( 'NONE', #1255, #2566 ) ;
#919 = CARTESIAN_POINT ( 'NONE',  ( 16.99999975394808516, -20.27217987337501270, 0.7499999992093799861 ) ) ;
#920 = CARTESIAN_POINT ( 'NONE',  ( -0.06490246301489573100, 42.49029110707075318, 0.7500000034461731246 ) ) ;
#921 = VERTEX_POINT ( 'NONE', #2783 ) ;
#922 = CARTESIAN_POINT ( 'NONE',  ( -26.00000011259148280, -15.89745668129353540, -0.7499999986000001062 ) ) ;
#923 = LINE ( 'NONE', #2564, #3839 ) ;
#924 = EDGE_LOOP ( 'NONE', ( #2632, #1514, #3715, #2954 ) ) ;
#925 = CARTESIAN_POINT ( 'NONE',  ( -13.78589830265217131, 31.87787628813934404, 0.7499999980154664625 ) ) ;
#926 = CARTESIAN_POINT ( 'NONE',  ( -29.50000017035045374, -38.39379220117031366, 0.7499999985999979968 ) ) ;
#927 = CARTESIAN_POINT ( 'NONE',  ( 34.49999983552509519, -2.500000000000030198, 0.7499999985999999952 ) ) ;
#928 = DIRECTION ( 'NONE',  ( -0.000000000000000000, 0.000000000000000000, 1.000000000000000000 ) ) ;
#929 = ORIENTED_EDGE ( 'NONE', *, *, #3125, .T. ) ;
#930 = DIRECTION ( 'NONE',  ( -1.000000000000000000, -1.063255776489360080E-08, 0.000000000000000000 ) ) ;
#931 = VERTEX_POINT ( 'NONE', #331 ) ;
#932 = VERTEX_POINT ( 'NONE', #1583 ) ;
#933 = DIRECTION ( 'NONE',  ( 0.000000000000000000, 0.000000000000000000, 1.000000000000000000 ) ) ;
#934 = AXIS2_PLACEMENT_3D ( 'NONE', #771, #3307, #457 ) ;
#935 = EDGE_CURVE ( 'NONE', #1619, #3110, #2829, .T. ) ;
#936 = CARTESIAN_POINT ( 'NONE',  ( -21.07907078565937553, 38.81002157710267397, -0.7588613173158852421 ) ) ;
#937 = DIRECTION ( 'NONE',  ( 1.815852218230839850E-11, 1.048382767004165569E-11, -1.000000000000000000 ) ) ;
#938 = CARTESIAN_POINT ( 'NONE',  ( 1.562999943197612707, 41.15685425792395336, 0.7500000034971850971 ) ) ;
#939 = AXIS2_PLACEMENT_3D ( 'NONE', #3382, #469, #3360 ) ;
#940 = CC_DESIGN_PERSON_AND_ORGANIZATION_ASSIGNMENT ( #1698, #3915, ( #3474 ) ) ;
#941 = ORIENTED_EDGE ( 'NONE', *, *, #677, .F. ) ;
#942 = ORIENTED_EDGE ( 'NONE', *, *, #1227, .F. ) ;
#943 = CARTESIAN_POINT ( 'NONE',  ( -14.98500725492941754, 18.11979819036779915, 0.7499999985999999952 ) ) ;
#944 = CARTESIAN_POINT ( 'NONE',  ( 40.99999978896359920, 7.068285425421510837, 0.7499999985999999952 ) ) ;
#945 = DIRECTION ( 'NONE',  ( 0.000000000000000000, 0.000000000000000000, -1.000000000000000000 ) ) ;
#946 = CARTESIAN_POINT ( 'NONE',  ( -13.49999978800839351, 15.50000001339998867, -0.7499999965687292880 ) ) ;
#947 = CARTESIAN_POINT ( 'NONE',  ( 13.99999975953558717, 17.27217238979997305, 0.7499999989791741317 ) ) ;
#948 = DIRECTION ( 'NONE',  ( -1.000000000000000000, 0.000000000000000000, 0.000000000000000000 ) ) ;
#949 = EDGE_LOOP ( 'NONE', ( #1138, #2576, #3102, #1973, #3359, #3747, #1754, #115 ) ) ;
#950 = VERTEX_POINT ( 'NONE', #599 ) ;
#951 = ORIENTED_EDGE ( 'NONE', *, *, #575, .T. ) ;
#952 = CARTESIAN_POINT ( 'NONE',  ( -23.39745680341121670, -18.50000000258633648, 0.7499999986000001062 ) ) ;
#953 = EDGE_CURVE ( 'NONE', #837, #3550, #807, .T. ) ;
#954 = LINE ( 'NONE', #936, #1030 ) ;
#955 = ADVANCED_FACE ( 'NONE', ( #1848 ), #3755, .F. ) ;
#956 = DIRECTION ( 'NONE',  ( -0.000000000000000000, 0.000000000000000000, 1.000000000000000000 ) ) ;
#957 = DIRECTION ( 'NONE',  ( 0.000000000000000000, 0.000000000000000000, -1.000000000000000000 ) ) ;
#958 = ORIENTED_EDGE ( 'NONE', *, *, #2993, .T. ) ;
#959 = LINE ( 'NONE', #336, #560 ) ;
#960 = CARTESIAN_POINT ( 'NONE',  ( 17.93002209159547888, -20.13428612226338288, -0.7499999985999998842 ) ) ;
#961 = CYLINDRICAL_SURFACE ( 'NONE', #14, 2.250000000000001776 ) ;
#962 = AXIS2_PLACEMENT_3D ( 'NONE', #3486, #634, #1907 ) ;
#963 = FACE_BOUND ( 'NONE', #833, .T. ) ;
#964 = EDGE_CURVE ( 'NONE', #1619, #2595, #402, .T. ) ;
#965 = CARTESIAN_POINT ( 'NONE',  ( -2.499999473734360045, -37.00000000000003553, -0.7499999985999999952 ) ) ;
#966 = EDGE_CURVE ( 'NONE', #1775, #2394, #275, .T. ) ;
#967 = VECTOR ( 'NONE', #2375, 1000.000000000000114 ) ;
#968 = CYLINDRICAL_SURFACE ( 'NONE', #2119, 1.150000000000012124 ) ;
#969 = ORIENTED_EDGE ( 'NONE', *, *, #222, .T. ) ;
#970 = LOCAL_TIME ( 12, 55, 46.00000000000000000, #368 ) ;
#971 = DIRECTION ( 'NONE',  ( -0.000000000000000000, -0.000000000000000000, 1.000000000000000000 ) ) ;
#972 = ORIENTED_EDGE ( 'NONE', *, *, #1417, .T. ) ;
#973 = VERTEX_POINT ( 'NONE', #618 ) ;
#974 =( GEOMETRIC_REPRESENTATION_CONTEXT ( 3 ) GLOBAL_UNCERTAINTY_ASSIGNED_CONTEXT ( ( #3229 ) ) GLOBAL_UNIT_ASSIGNED_CONTEXT ( ( #3565, #2943, #3585 ) ) REPRESENTATION_CONTEXT ( 'NONE', 'WORKASPACE' ) );
#975 = AXIS2_PLACEMENT_3D ( 'NONE', #563, #1771, #3720 ) ;
#976 = DIRECTION ( 'NONE',  ( -0.000000000000000000, 0.000000000000000000, 1.000000000000000000 ) ) ;
#977 = PLANE ( 'NONE',  #1602 ) ;
#978 = DIRECTION ( 'NONE',  ( 0.000000000000000000, 0.000000000000000000, -1.000000000000000000 ) ) ;
#979 = ORIENTED_EDGE ( 'NONE', *, *, #619, .T. ) ;
#980 = CARTESIAN_POINT ( 'NONE',  ( -14.98477469849523835, -18.11939765389904267, 0.7499999986000001062 ) ) ;
#981 = DIRECTION ( 'NONE',  ( -0.000000000000000000, 0.000000000000000000, 1.000000000000000000 ) ) ;
#982 = B_SPLINE_CURVE_WITH_KNOTS ( 'NONE', 3,
 ( #1058, #2602, #3569, #122 ),
 .UNSPECIFIED., .F., .F.,
 ( 4, 4 ),
 ( 2.168404344971008868E-19, 0.0003000000000000001363 ),
 .UNSPECIFIED. ) ;
#983 = CARTESIAN_POINT ( 'NONE',  ( -16.49999979167490594, -18.49999999840004605, -0.7499999965687359493 ) ) ;
#984 = B_SPLINE_CURVE_WITH_KNOTS ( 'NONE', 3,
 ( #4024, #2460, #1525, #1788 ),
 .UNSPECIFIED., .F., .F.,
 ( 4, 4 ),
 ( 0.000000000000000000, 1.000000000000000000 ),
 .UNSPECIFIED. ) ;
#985 = EDGE_CURVE ( 'NONE', #3058, #2321, #578, .T. ) ;
#986 = CARTESIAN_POINT ( 'NONE',  ( -22.28014621683366414, 42.56217813218137991, 0.4499999977492116776 ) ) ;
#987 = CARTESIAN_POINT ( 'NONE',  ( -9.884715308274921952, 43.49999999499998182, 0.7499999985999999952 ) ) ;
#988 = CYLINDRICAL_SURFACE ( 'NONE', #3051, 2.999999994400016412 ) ;
#989 = ORIENTED_EDGE ( 'NONE', *, *, #2901, .T. ) ;
#990 = EDGE_CURVE ( 'NONE', #3171, #1451, #3539, .T. ) ;
#991 = EDGE_CURVE ( 'NONE', #950, #882, #2808, .T. ) ;
#992 = ORIENTED_EDGE ( 'NONE', *, *, #3643, .T. ) ;
#993 = VERTEX_POINT ( 'NONE', #17 ) ;
#994 = DESIGN_CONTEXT ( 'detailed design', #1490, 'design' ) ;
#995 = AXIS2_PLACEMENT_3D ( 'NONE', #908, #1158, #565 ) ;
#996 = CARTESIAN_POINT ( 'NONE',  ( 11.59219068284106413, 31.50573486969240022, -0.7499999985999998842 ) ) ;
#997 = CARTESIAN_POINT ( 'NONE',  ( -18.66506342724516543, -27.32883818245981900, 0.4499999979745591960 ) ) ;
#998 = AXIS2_PLACEMENT_3D ( 'NONE', #1359, #790, #1997 ) ;
#999 = AXIS2_PLACEMENT_3D ( 'NONE', #1828, #1762, #534 ) ;
#1000 = ORIENTED_EDGE ( 'NONE', *, *, #2283, .F. ) ;
#1001 = FACE_OUTER_BOUND ( 'NONE', #3541, .T. ) ;
#1002 = DIRECTION ( 'NONE',  ( 0.000000000000000000, -1.000000000000000000, 0.000000000000000000 ) ) ;
#1003 = DIRECTION ( 'NONE',  ( -0.000000000000000000, -0.000000000000000000, 1.000000000000000000 ) ) ;
#1004 = CARTESIAN_POINT ( 'NONE',  ( 2.750000526265644396, 17.49999999999998934, 0.7499999985999999952 ) ) ;
#1005 = CARTESIAN_POINT ( 'NONE',  ( -19.75000000001120171, -31.60992723815839156, -0.7499999985999999952 ) ) ;
#1006 = CARTESIAN_POINT ( 'NONE',  ( 9.904003534325077851, 32.81585064959999443, 0.2499999995333341274 ) ) ;
#1007 = EDGE_LOOP ( 'NONE', ( #1000, #2523 ) ) ;
#1008 = ADVANCED_FACE ( 'NONE', ( #2187 ), #977, .T. ) ;
#1009 = ADVANCED_FACE ( 'NONE', ( #2248 ), #3508, .F. ) ;
#1010 = CARTESIAN_POINT ( 'NONE',  ( 22.34163542531558733, 17.91745175429798564, -0.7499999985999999952 ) ) ;
#1011 = ORIENTED_EDGE ( 'NONE', *, *, #3503, .F. ) ;
#1012 = EDGE_LOOP ( 'NONE', ( #1027, #519, #1172, #3675 ) ) ;
#1013 = ADVANCED_FACE ( 'NONE', ( #3447 ), #1934, .F. ) ;
#1014 = DIRECTION ( 'NONE',  ( -1.000000000000000000, 0.000000000000000000, -1.815850710536654050E-11 ) ) ;
#1015 = DIRECTION ( 'NONE',  ( 0.000000000000000000, 0.000000000000000000, -1.000000000000000000 ) ) ;
#1016 = ORIENTED_EDGE ( 'NONE', *, *, #677, .T. ) ;
#1017 = LINE ( 'NONE', #723, #3614 ) ;
#1018 = CARTESIAN_POINT ( 'NONE',  ( 13.99999976063556772, -17.27217277080000812, -0.7499999981624879686 ) ) ;
#1019 = DIRECTION ( 'NONE',  ( 1.000000000000000000, 0.000000000000000000, 1.815850710536658573E-11 ) ) ;
#1020 = CARTESIAN_POINT ( 'NONE',  ( -26.00000010674291673, -15.49999998800000256, -0.7499999969354413931 ) ) ;
#1021 = VERTEX_POINT ( 'NONE', #1871 ) ;
#1022 = DIRECTION ( 'NONE',  ( -1.815852218230855036E-11, 1.048382767004157330E-11, 1.000000000000000000 ) ) ;
#1023 = CARTESIAN_POINT ( 'NONE',  ( -19.92907078567407453, 36.81816314839847593, 0.4499999978521226351 ) ) ;
#1024 = ORIENTED_EDGE ( 'NONE', *, *, #2305, .T. ) ;
#1025 = CARTESIAN_POINT ( 'NONE',  ( -27.46410137485061398, -39.56921896543930472, 0.4499999976864524354 ) ) ;
#1026 = DIRECTION ( 'NONE',  ( 1.000000000000000000, 0.000000000000000000, 0.000000000000000000 ) ) ;
#1027 = ORIENTED_EDGE ( 'NONE', *, *, #2779, .T. ) ;
#1028 = ORIENTED_EDGE ( 'NONE', *, *, #1721, .F. ) ;
#1029 = VECTOR ( 'NONE', #3785, 1000.000000000000000 ) ;
#1030 = VECTOR ( 'NONE', #1540, 1000.000000000000000 ) ;
#1031 = ORIENTED_EDGE ( 'NONE', *, *, #2617, .T. ) ;
#1032 = APPROVAL_STATUS ( 'not_yet_approved' ) ;
#1033 = FACE_OUTER_BOUND ( 'NONE', #2145, .T. ) ;
#1034 = VECTOR ( 'NONE', #3281, 1000.000000000000000 ) ;
#1035 = EDGE_CURVE ( 'NONE', #1985, #1252, #3057, .T. ) ;
#1036 = ADVANCED_FACE ( 'NONE', ( #1033 ), #742, .F. ) ;
#1037 = VERTEX_POINT ( 'NONE', #369 ) ;
#1038 = DIRECTION ( 'NONE',  ( -0.000000000000000000, 0.000000000000000000, 1.000000000000000000 ) ) ;
#1039 = CARTESIAN_POINT ( 'NONE',  ( 14.09979963319258367, -18.04780600954559233, -0.7499999986000001062 ) ) ;
#1040 = PLANE ( 'NONE',  #3467 ) ;
#1041 = CARTESIAN_POINT ( 'NONE',  ( 18.36197127527361417, 19.94519195835098202, -0.7499999981624789758 ) ) ;
#1042 = CIRCLE ( 'NONE', #3365, 5.000000000000000000 ) ;
#1043 = ORIENTED_EDGE ( 'NONE', *, *, #2994, .F. ) ;
#1044 = LINE ( 'NONE', #1731, #4078 ) ;
#1045 = DIRECTION ( 'NONE',  ( -0.000000000000000000, 0.000000000000000000, 1.000000000000000000 ) ) ;
#1046 = ORIENTED_EDGE ( 'NONE', *, *, #141, .T. ) ;
#1047 = CARTESIAN_POINT ( 'NONE',  ( -20.53589821374390922, -43.56921908423613843, 48.47984059531193424 ) ) ;
#1048 = CARTESIAN_POINT ( 'NONE',  ( -20.92500000001165716, 36.24316314839856545, -0.7499999985999999952 ) ) ;
#1049 = CARTESIAN_POINT ( 'NONE',  ( -9.999999786874907315, 1.500000135683465796, -0.7499999985999999952 ) ) ;
#1050 = EDGE_LOOP ( 'NONE', ( #3353, #100, #3851, #2457 ) ) ;
#1051 = VERTEX_POINT ( 'NONE', #428 ) ;
#1052 = EDGE_CURVE ( 'NONE', #3313, #1472, #388, .T. ) ;
#1053 = EDGE_LOOP ( 'NONE', ( #1094, #1428, #969, #10 ) ) ;
#1054 = CARTESIAN_POINT ( 'NONE',  ( -15.08493640832336879, 31.12787628813620699, 0.4499999979997408861 ) ) ;
#1055 = FACE_OUTER_BOUND ( 'NONE', #2221, .T. ) ;
#1056 = EDGE_CURVE ( 'NONE', #750, #446, #2127, .T. ) ;
#1057 = ORIENTED_EDGE ( 'NONE', *, *, #3525, .T. ) ;
#1058 = CARTESIAN_POINT ( 'NONE',  ( -20.38789305654739437, 43.31286663318895336, 0.7499999977757014769 ) ) ;
#1059 = CARTESIAN_POINT ( 'NONE',  ( 31.61201176832908999, -9.826980619385528470, 0.7499999988344899782 ) ) ;
#1060 = EDGE_CURVE ( 'NONE', #3377, #3254, #3041, .T. ) ;
#1061 = FACE_OUTER_BOUND ( 'NONE', #3595, .T. ) ;
#1062 = CIRCLE ( 'NONE', #1989, 6.999999999999999112 ) ;
#1063 = AXIS2_PLACEMENT_3D ( 'NONE', #1912, #315, #3794 ) ;
#1064 = AXIS2_PLACEMENT_3D ( 'NONE', #2207, #3772, #893 ) ;
#1065 = DIRECTION ( 'NONE',  ( -0.4999999999999916733, -0.8660254037844434816, -1.815850082013640892E-11 ) ) ;
#1066 = ORIENTED_EDGE ( 'NONE', *, *, #907, .T. ) ;
#1067 = DIRECTION ( 'NONE',  ( -0.5000000000000039968, 0.8660254037844363761, -1.815852218230854713E-11 ) ) ;
#1068 = DIRECTION ( 'NONE',  ( -0.000000000000000000, -0.000000000000000000, 1.000000000000000000 ) ) ;
#1069 = EDGE_LOOP ( 'NONE', ( #2223, #951, #290, #3113 ) ) ;
#1070 = EDGE_CURVE ( 'NONE', #2725, #993, #3630, .T. ) ;
#1071 = CARTESIAN_POINT ( 'NONE',  ( -5.499999473734362709, -37.00000000000003553, -0.7499999985999999952 ) ) ;
#1072 = EDGE_CURVE ( 'NONE', #1448, #1229, #1312, .T. ) ;
#1073 = AXIS2_PLACEMENT_3D ( 'NONE', #1539, #3135, #1889 ) ;
#1074 = CARTESIAN_POINT ( 'NONE',  ( -20.92500000001165716, 36.24316314839856545, -0.7499999985999999952 ) ) ;
#1075 = CARTESIAN_POINT ( 'NONE',  ( 36.01972643939857477, 21.57460628627647026, -0.7499999991009680400 ) ) ;
#1076 = ORIENTED_EDGE ( 'NONE', *, *, #213, .T. ) ;
#1077 = ORIENTED_EDGE ( 'NONE', *, *, #2569, .F. ) ;
#1078 = VERTEX_POINT ( 'NONE', #1332 ) ;
#1079 = AXIS2_PLACEMENT_3D ( 'NONE', #688, #1003, #2272 ) ;
#1080 = FACE_BOUND ( 'NONE', #20, .T. ) ;
#1081 = DIRECTION ( 'NONE',  ( 0.000000000000000000, 0.000000000000000000, -1.000000000000000000 ) ) ;
#1082 = DIRECTION ( 'NONE',  ( 1.000000000000000000, 0.000000000000000000, 1.815850710536658573E-11 ) ) ;
#1083 = DIRECTION ( 'NONE',  ( 0.000000000000000000, 0.000000000000000000, 1.000000000000000000 ) ) ;
#1084 = CARTESIAN_POINT ( 'NONE',  ( 45.30000000002296190, -2.775557561562891351E-14, 0.4499999986000000618 ) ) ;
#1085 = LINE ( 'NONE', #1004, #3815 ) ;
#1086 = CARTESIAN_POINT ( 'NONE',  ( 31.91501135995128280, -11.73836549559373843, -0.7499999985999999952 ) ) ;
#1087 = DIRECTION ( 'NONE',  ( -0.000000000000000000, -0.000000000000000000, -1.000000000000000000 ) ) ;
#1088 = ORIENTED_EDGE ( 'NONE', *, *, #3387, .F. ) ;
#1089 = DIRECTION ( 'NONE',  ( -1.815852218230840173E-11, -1.048382767004165731E-11, 1.000000000000000000 ) ) ;
#1090 = EDGE_CURVE ( 'NONE', #854, #400, #1677, .T. ) ;
#1091 = EDGE_CURVE ( 'NONE', #772, #1556, #2600, .T. ) ;
#1092 = FACE_OUTER_BOUND ( 'NONE', #2381, .T. ) ;
#1093 = CARTESIAN_POINT ( 'NONE',  ( -20.92500000003344596, 36.24316314841117048, 0.4499999978400660572 ) ) ;
#1094 = ORIENTED_EDGE ( 'NONE', *, *, #515, .T. ) ;
#1095 = ORIENTED_EDGE ( 'NONE', *, *, #223, .F. ) ;
#1096 = ORIENTED_EDGE ( 'NONE', *, *, #2043, .F. ) ;
#1097 = APPROVAL_ROLE ( '' ) ;
#1098 = AXIS2_PLACEMENT_3D ( 'NONE', #3818, #1955, #1610 ) ;
#1099 = CARTESIAN_POINT ( 'NONE',  ( -19.92907078565891865, -36.81816314839880988, -0.7588613172427465248 ) ) ;
#1100 = VECTOR ( 'NONE', #641, 1000.000000000000000 ) ;
#1101 = CYLINDRICAL_SURFACE ( 'NONE', #3549, 1.499999999999997780 ) ;
#1102 = B_SPLINE_CURVE_WITH_KNOTS ( 'NONE', 3,
 ( #2401, #2086, #2677, #3351 ),
 .UNSPECIFIED., .F., .F.,
 ( 4, 4 ),
 ( 0.000000000000000000, 1.000000000000000000 ),
 .UNSPECIFIED. ) ;
#1103 = CARTESIAN_POINT ( 'NONE',  ( -21.92092921437771480, -35.66816314839879709, 0.4499999978280095347 ) ) ;
#1104 = CIRCLE ( 'NONE', #3425, 1.150000000000010347 ) ;
#1105 = VERTEX_POINT ( 'NONE', #3916 ) ;
#1106 = ORIENTED_EDGE ( 'NONE', *, *, #3988, .F. ) ;
#1107 = CARTESIAN_POINT ( 'NONE',  ( 9.999999564891586701, -1.499999523066508633, 0.7500000019666200890 ) ) ;
#1108 = CARTESIAN_POINT ( 'NONE',  ( 5.000000526265646172, 17.49999999999998934, 0.7499999986000004393 ) ) ;
#1109 = EDGE_LOOP ( 'NONE', ( #1707, #422, #2638, #3687 ) ) ;
#1110 = DIRECTION ( 'NONE',  ( 0.000000000000000000, 0.000000000000000000, -1.000000000000000000 ) ) ;
#1111 = ADVANCED_FACE ( 'NONE', ( #1055 ), #3854, .F. ) ;
#1112 = AXIS2_PLACEMENT_3D ( 'NONE', #3457, #2851, #4090 ) ;
#1113 = LINE ( 'NONE', #132, #3275 ) ;
#1114 = DIRECTION ( 'NONE',  ( 0.8660254037844432595, -0.4999999999999919509, 1.048382767004165731E-11 ) ) ;
#1115 = VERTEX_POINT ( 'NONE', #2285 ) ;
#1116 = ORIENTED_EDGE ( 'NONE', *, *, #3567, .T. ) ;
#1117 = EDGE_CURVE ( 'NONE', #1, #2321, #1658, .T. ) ;
#1118 = EDGE_CURVE ( 'NONE', #1544, #1756, #3975, .T. ) ;
#1119 = ORIENTED_EDGE ( 'NONE', *, *, #3899, .F. ) ;
#1120 = APPROVAL_ROLE ( '' ) ;
#1121 = DIRECTION ( 'NONE',  ( -1.000000000000000000, 0.000000000000000000, 0.000000000000000000 ) ) ;
#1122 = FACE_OUTER_BOUND ( 'NONE', #3623, .T. ) ;
#1123 = CARTESIAN_POINT ( 'NONE',  ( -13.49999979727489752, -5.166666654200041897, 0.7499999985999999952 ) ) ;
#1124 = DIRECTION ( 'NONE',  ( -0.000000000000000000, -0.000000000000000000, -1.000000000000000000 ) ) ;
#1125 = EDGE_LOOP ( 'NONE', ( #797, #2091, #2671, #1693 ) ) ;
#1126 = ORIENTED_EDGE ( 'NONE', *, *, #245, .T. ) ;
#1127 = CARTESIAN_POINT ( 'NONE',  ( 9.999999564891586701, -1.499999523066508633, -0.7499999985999999952 ) ) ;
#1128 = DIRECTION ( 'NONE',  ( -0.5000000000000041078, 0.8660254037844363761, 0.000000000000000000 ) ) ;
#1129 = VERTEX_POINT ( 'NONE', #701 ) ;
#1130 = AXIS2_PLACEMENT_3D ( 'NONE', #844, #3085, #1181 ) ;
#1131 = CYLINDRICAL_SURFACE ( 'NONE', #246, 6.999999999999999112 ) ;
#1132 = AXIS2_PLACEMENT_3D ( 'NONE', #1645, #746, #2014 ) ;
#1133 = EDGE_CURVE ( 'NONE', #993, #1447, #2268, .T. ) ;
#1134 = CARTESIAN_POINT ( 'NONE',  ( 42.42925220293555810, -12.66083073040100082, 0.7499999985999979968 ) ) ;
#1135 = CARTESIAN_POINT ( 'NONE',  ( 36.01972644477505270, 21.57460628377097578, 0.7499999998550420655 ) ) ;
#1136 = EDGE_CURVE ( 'NONE', #1555, #2212, #2927, .T. ) ;
#1137 = CYLINDRICAL_SURFACE ( 'NONE', #1130, 1.499999999999994449 ) ;
#1138 = ORIENTED_EDGE ( 'NONE', *, *, #3950, .F. ) ;
#1139 = VECTOR ( 'NONE', #3117, 1000.000000000000000 ) ;
#1140 = EDGE_CURVE ( 'NONE', #3505, #1526, #1700, .T. ) ;
#1141 = CARTESIAN_POINT ( 'NONE',  ( 16.99999975632507443, -20.27217276519998990, 0.2500000001739555722 ) ) ;
#1142 = ORIENTED_EDGE ( 'NONE', *, *, #1927, .T. ) ;
#1143 = ORIENTED_EDGE ( 'NONE', *, *, #2821, .F. ) ;
#1144 = DIRECTION ( 'NONE',  ( 1.000000000000000000, 0.000000000000000000, 1.815850082013637984E-11 ) ) ;
#1145 = CIRCLE ( 'NONE', #74, 1.500000000000001332 ) ;
#1146 = EDGE_CURVE ( 'NONE', #1966, #674, #137, .T. ) ;
#1147 = CARTESIAN_POINT ( 'NONE',  ( -4.093854296136401061, 43.49999999511447157, 0.7500000033441499570 ) ) ;
#1148 = PLANE ( 'NONE',  #2722 ) ;
#1149 = CARTESIAN_POINT ( 'NONE',  ( 13.99999975649107675, 17.27217239314649078, -0.7499999980999861871 ) ) ;
#1150 = ORIENTED_EDGE ( 'NONE', *, *, #173, .F. ) ;
#1151 = VERTEX_POINT ( 'NONE', #3608 ) ;
#1152 = CARTESIAN_POINT ( 'NONE',  ( 38.87264290452510807, 19.61355081599996808, 0.2499999995333341274 ) ) ;
#1153 = CARTESIAN_POINT ( 'NONE',  ( -20.83333333140841148, 18.50000000779997222, 0.7499999985999999952 ) ) ;
#1154 = ORIENTED_EDGE ( 'NONE', *, *, #2304, .F. ) ;
#1155 = CARTESIAN_POINT ( 'NONE',  ( 41.70386479265861368, 16.57743699999997133, 0.7499999985999999952 ) ) ;
#1156 = LINE ( 'NONE', #3022, #3495 ) ;
#1157 = DIRECTION ( 'NONE',  ( -0.5000000000000039968, 0.8660254037844363761, -1.815852218230854713E-11 ) ) ;
#1158 = DIRECTION ( 'NONE',  ( -0.000000000000000000, 0.000000000000000000, 1.000000000000000000 ) ) ;
#1159 = ORIENTED_EDGE ( 'NONE', *, *, #2894, .F. ) ;
#1160 = LINE ( 'NONE', #1776, #3532 ) ;
#1161 = ORIENTED_EDGE ( 'NONE', *, *, #2469, .F. ) ;
#1162 = ORIENTED_EDGE ( 'NONE', *, *, #3849, .F. ) ;
#1164 = CARTESIAN_POINT ( 'NONE',  ( -4.999999786874903762, -31.99999987921703237, -0.7499999985999999952 ) ) ;
#1163 = VECTOR ( 'NONE', #613, 1000.000000000000000 ) ;
#1165 = LINE ( 'NONE', #2433, #1370 ) ;
#1166 = DIRECTION ( 'NONE',  ( -0.000000000000000000, -0.000000000000000000, 1.000000000000000000 ) ) ;
#1167 = CARTESIAN_POINT ( 'NONE',  ( 17.39296458036654514, 20.25740799316905338, -0.7499999985999998842 ) ) ;
#1168 = EDGE_CURVE ( 'NONE', #3926, #740, #763, .T. ) ;
#1169 = AXIS2_PLACEMENT_3D ( 'NONE', #3264, #1067, #416 ) ;
#1170 = ADVANCED_FACE ( 'NONE', ( #1623 ), #1949, .F. ) ;
#1171 = ORIENTED_EDGE ( 'NONE', *, *, #3243, .F. ) ;
#1172 = ORIENTED_EDGE ( 'NONE', *, *, #3194, .F. ) ;
#1173 = CYLINDRICAL_SURFACE ( 'NONE', #427, 2.250000000000001776 ) ;
#1174 = VECTOR ( 'NONE', #1679, 1000.000000000000000 ) ;
#1175 = DIRECTION ( 'NONE',  ( 0.000000000000000000, 0.000000000000000000, -1.000000000000000000 ) ) ;
#1176 = ORIENTED_EDGE ( 'NONE', *, *, #3849, .T. ) ;
#1177 = CARTESIAN_POINT ( 'NONE',  ( 15.01545519839760523, 19.53641489896859440, 0.7499999986000002172 ) ) ;
#1178 = AXIS2_PLACEMENT_3D ( 'NONE', #2037, #3304, #1357 ) ;
#1179 = CARTESIAN_POINT ( 'NONE',  ( 16.37467409536003515, 20.21735233663915565, 0.7499999985999998842 ) ) ;
#1180 = CARTESIAN_POINT ( 'NONE',  ( 41.85000000002300879, 1.149999999999984368, -0.7588613151671350643 ) ) ;
#1181 = DIRECTION ( 'NONE',  ( 1.000000000000000000, 0.000000000000000000, 0.000000000000000000 ) ) ;
#1182 = EDGE_LOOP ( 'NONE', ( #2102, #1672, #1909, #582, #2373, #2966 ) ) ;
#1183 = B_SPLINE_CURVE_WITH_KNOTS ( 'NONE', 3,
 ( #3903, #2628, #83, #2376 ),
 .UNSPECIFIED., .F., .F.,
 ( 4, 4 ),
 ( 0.000000000000000000, 1.000000000000000000 ),
 .UNSPECIFIED. ) ;
#1184 = CARTESIAN_POINT ( 'NONE',  ( 38.00000000002298606, -2.775557561562891351E-14, -0.7499999985999999952 ) ) ;
#1185 = VERTEX_POINT ( 'NONE', #1164 ) ;
#1186 = EDGE_LOOP ( 'NONE', ( #507, #823, #2364, #296 ) ) ;
#1187 = APPROVAL_STATUS ( 'not_yet_approved' ) ;
#1188 = CARTESIAN_POINT ( 'NONE',  ( -13.58399255795811378, -46.49999999641654824, 0.7499999985999979968 ) ) ;
#1189 = EDGE_CURVE ( 'NONE', #2347, #950, #1798, .T. ) ;
#1190 = CARTESIAN_POINT ( 'NONE',  ( 47.99999978896360631, -4.000000000000031086, 0.7499999985999999952 ) ) ;
#1191 = CARTESIAN_POINT ( 'NONE',  ( -15.71912429008254186, 18.42387952354449610, -0.7499999986000003283 ) ) ;
#1192 = DIRECTION ( 'NONE',  ( 0.000000000000000000, -1.000000000000000000, 0.000000000000000000 ) ) ;
#1193 = ADVANCED_FACE ( 'NONE', ( #2757 ), #181, .F. ) ;
#1194 = EDGE_LOOP ( 'NONE', ( #2324, #2616, #3118, #2137 ) ) ;
#1195 = ADVANCED_FACE ( 'NONE', ( #3710 ), #3994, .F. ) ;
#1196 = CARTESIAN_POINT ( 'NONE',  ( 4.000000526265646172, -37.00000000000003553, 0.7499999986000004393 ) ) ;
#1197 = DIRECTION ( 'NONE',  ( 0.4539905073389040036, 0.8910065203163020087, 0.000000000000000000 ) ) ;
#1198 = ORIENTED_EDGE ( 'NONE', *, *, #2640, .T. ) ;
#1199 = LINE ( 'NONE', #4005, #1581 ) ;
#1200 = VECTOR ( 'NONE', #731, 999.9999999999998863 ) ;
#1201 = DIRECTION ( 'NONE',  ( -0.000000000000000000, 0.000000000000000000, 1.000000000000000000 ) ) ;
#1202 = EDGE_CURVE ( 'NONE', #1636, #207, #3145, .T. ) ;
#1203 = CARTESIAN_POINT ( 'NONE',  ( -13.49999979727489752, -15.49999998800000256, 0.2499999995333341274 ) ) ;
#1204 = CARTESIAN_POINT ( 'NONE',  ( 0.7872078514800148197, 41.86018308147120592, -0.7499999986000002172 ) ) ;
#1205 = ORIENTED_EDGE ( 'NONE', *, *, #2366, .F. ) ;
#1206 = VECTOR ( 'NONE', #1455, 1000.000000000000000 ) ;
#1207 = B_SPLINE_CURVE_WITH_KNOTS ( 'NONE', 3,
 ( #2773, #3438, #215, #2422 ),
 .UNSPECIFIED., .F., .F.,
 ( 4, 4 ),
 ( 0.000000000000000000, 1.000000000000000000 ),
 .UNSPECIFIED. ) ;
#1208 = CARTESIAN_POINT ( 'NONE',  ( 14.25737982103130363, 18.51478749607749208, -0.7499999985999999952 ) ) ;
#1209 = EDGE_LOOP ( 'NONE', ( #397, #929, #407, #1272 ) ) ;
#1210 = EDGE_LOOP ( 'NONE', ( #653, #602 ) ) ;
#1211 = VECTOR ( 'NONE', #3300, 1000.000000000000000 ) ;
#1212 = CARTESIAN_POINT ( 'NONE',  ( 30.30096372935559046, 13.86197133311947738, 0.7499999976580421501 ) ) ;
#1213 = DIRECTION ( 'NONE',  ( 0.000000000000000000, 1.000000000000000000, -0.000000000000000000 ) ) ;
#1214 = CYLINDRICAL_SURFACE ( 'NONE', #2206, 1.500000000000001332 ) ;
#1215 = FACE_OUTER_BOUND ( 'NONE', #3134, .T. ) ;
#1216 = EDGE_LOOP ( 'NONE', ( #1307, #277, #2060, #1800 ) ) ;
#1217 = CARTESIAN_POINT ( 'NONE',  ( 26.32129957179207835, -15.88971192947352762, 0.7499999985999999952 ) ) ;
#1218 = CYLINDRICAL_SURFACE ( 'NONE', #1534, 6.999999999999999112 ) ;
#1219 = ORIENTED_EDGE ( 'NONE', *, *, #3995, .T. ) ;
#1220 = CARTESIAN_POINT ( 'NONE',  ( 9.999999564891586701, -1.499999523066508633, 0.7500000019666200890 ) ) ;
#1221 = CIRCLE ( 'NONE', #1351, 6.999999999999999112 ) ;
#1222 = DIRECTION ( 'NONE',  ( 1.000000000000000000, 0.000000000000000000, 0.000000000000000000 ) ) ;
#1223 = DIRECTION ( 'NONE',  ( 1.815852218230840173E-11, 1.048382767004165892E-11, -1.000000000000000000 ) ) ;
#1224 = CARTESIAN_POINT ( 'NONE',  ( -3.568935449575830532, 43.49999999421955721, -0.7499999986000001062 ) ) ;
#1225 = ORIENTED_EDGE ( 'NONE', *, *, #991, .F. ) ;
#1226 = EDGE_CURVE ( 'NONE', #973, #2182, #2501, .T. ) ;
#1227 = EDGE_CURVE ( 'NONE', #2020, #2403, #3689, .T. ) ;
#1228 = CARTESIAN_POINT ( 'NONE',  ( 15.21419312606869845, 19.69636683833099156, -0.7499999986000001062 ) ) ;
#1229 = VERTEX_POINT ( 'NONE', #2409 ) ;
#1230 = ORIENTED_EDGE ( 'NONE', *, *, #1052, .T. ) ;
#1231 = CARTESIAN_POINT ( 'NONE',  ( -18.78014675496516972, 43.49999999505599391, 0.7499999985999979968 ) ) ;
#1232 = CIRCLE ( 'NONE', #1559, 5.000000000000000000 ) ;
#1233 = CARTESIAN_POINT ( 'NONE',  ( 12.56294459730009017, 31.05566260791348299, -0.7500000012377074921 ) ) ;
#1234 = CARTESIAN_POINT ( 'NONE',  ( -23.00000010127489958, -15.49999998800000256, 9.757819552369539906E-16 ) ) ;
#1235 = FACE_OUTER_BOUND ( 'NONE', #3121, .T. ) ;
#1236 = ORIENTED_EDGE ( 'NONE', *, *, #658, .F. ) ;
#1237 = DIRECTION ( 'NONE',  ( 1.000000000000000000, 0.000000000000000000, 0.000000000000000000 ) ) ;
#1238 = DIRECTION ( 'NONE',  ( -1.000000000000000000, 0.000000000000000000, 0.000000000000000000 ) ) ;
#1239 = EDGE_LOOP ( 'NONE', ( #1635, #899, #77, #3409, #2005, #3847, #3598, #1468 ) ) ;
#1240 = CARTESIAN_POINT ( 'NONE',  ( 10.69749839831391469, 32.09801075567890649, 0.7499999985999998842 ) ) ;
#1241 = CIRCLE ( 'NONE', #306, 2.250000000000001776 ) ;
#1242 = AXIS2_PLACEMENT_3D ( 'NONE', #2166, #895, #3428 ) ;
#1243 = FACE_BOUND ( 'NONE', #3342, .T. ) ;
#1244 = DIRECTION ( 'NONE',  ( 0.8910065205549672074, -0.4539905068704971347, 0.000000000000000000 ) ) ;
#1245 = DIRECTION ( 'NONE',  ( 0.000000000000000000, 0.000000000000000000, 1.000000000000000000 ) ) ;
#1246 = ORIENTED_EDGE ( 'NONE', *, *, #2048, .F. ) ;
#1247 = VECTOR ( 'NONE', #1114, 1000.000000000000000 ) ;
#1248 = EDGE_CURVE ( 'NONE', #3272, #1343, #1867, .T. ) ;
#1249 = B_SPLINE_CURVE_WITH_KNOTS ( 'NONE', 3,
 ( #192, #2400, #2129, #480 ),
 .UNSPECIFIED., .F., .F.,
 ( 4, 4 ),
 ( 0.000000000000000000, 1.000000000000000000 ),
 .UNSPECIFIED. ) ;
#1250 = CARTESIAN_POINT ( 'NONE',  ( -14.33493640832839233, -29.82883818246293117, 0.7499999980269783650 ) ) ;
#1251 = ORIENTED_EDGE ( 'NONE', *, *, #141, .F. ) ;
#1252 = VERTEX_POINT ( 'NONE', #2094 ) ;
#1253 = EDGE_CURVE ( 'NONE', #3189, #854, #6, .T. ) ;
#1254 = DIRECTION ( 'NONE',  ( 0.000000000000000000, -1.000000000000000000, 0.000000000000000000 ) ) ;
#1255 = CARTESIAN_POINT ( 'NONE',  ( -6.249999473734363598, -37.00000000000003553, 0.7499999985999999952 ) ) ;
#1256 = CARTESIAN_POINT ( 'NONE',  ( 5.000000526265646172, 17.49999999999998934, 0.7499999985999999952 ) ) ;
#1257 = LINE ( 'NONE', #2560, #2872 ) ;
#1258 = VERTEX_POINT ( 'NONE', #1758 ) ;
#1259 = EDGE_LOOP ( 'NONE', ( #1840, #3616, #1598, #362 ) ) ;
#1260 = CARTESIAN_POINT ( 'NONE',  ( 31.61201176832908999, -9.826980619385528470, 0.7499999988344899782 ) ) ;
#1261 = LINE ( 'NONE', #3278, #1333 ) ;
#1262 = CARTESIAN_POINT ( 'NONE',  ( 9.904003539845080084, 32.81585065511999488, -0.7500000009079994534 ) ) ;
#1263 = EDGE_CURVE ( 'NONE', #1290, #772, #3250, .T. ) ;
#1264 = CARTESIAN_POINT ( 'NONE',  ( 2.750000526265644396, 17.49999999999998934, 0.4499999986000000618 ) ) ;
#1265 = CARTESIAN_POINT ( 'NONE',  ( -4.999999786874903762, -31.99999987921703237, 0.7499999985999999952 ) ) ;
#1266 = CARTESIAN_POINT ( 'NONE',  ( 34.49999983552509519, -4.000000000000031086, 0.4499999986000000618 ) ) ;
#1267 = VERTEX_POINT ( 'NONE', #3050 ) ;
#1268 = EDGE_CURVE ( 'NONE', #2635, #3254, #1457, .T. ) ;
#1269 = VECTOR ( 'NONE', #3804, 1000.000000000000000 ) ;
#1270 = CARTESIAN_POINT ( 'NONE',  ( -21.07907078566681491, 38.81002157711535716, -0.7499999985999999952 ) ) ;
#1271 = ORIENTED_EDGE ( 'NONE', *, *, #3288, .F. ) ;
#1272 = ORIENTED_EDGE ( 'NONE', *, *, #1421, .F. ) ;
#1273 = PLANE ( 'NONE',  #3191 ) ;
#1274 = AXIS2_PLACEMENT_3D ( 'NONE', #2910, #432, #56 ) ;
#1275 = DIRECTION ( 'NONE',  ( -1.000000000000000000, -0.000000000000000000, 0.000000000000000000 ) ) ;
#1276 = DIRECTION ( 'NONE',  ( 1.000000000000000000, 0.000000000000000000, 1.815850082013637984E-11 ) ) ;
#1277 = DIRECTION ( 'NONE',  ( 0.000000000000000000, 0.000000000000000000, -1.000000000000000000 ) ) ;
#1278 = AXIS2_PLACEMENT_3D ( 'NONE', #3546, #3833, #2011 ) ;
#1279 = ADVANCED_FACE ( 'NONE', ( #1802 ), #4016, .F. ) ;
#1280 = VERTEX_POINT ( 'NONE', #1188 ) ;
#1281 = CARTESIAN_POINT ( 'NONE',  ( -13.57652079544789991, -16.28110805851124709, 0.7499999986000001062 ) ) ;
#1282 = DIRECTION ( 'NONE',  ( 0.000000000000000000, 0.000000000000000000, -1.000000000000000000 ) ) ;
#1283 = CARTESIAN_POINT ( 'NONE',  ( 10.28387123140675818, 32.43598297589807089, 0.7499999986000001062 ) ) ;
#1284 = FACE_BOUND ( 'NONE', #1577, .T. ) ;
#1285 = VECTOR ( 'NONE', #725, 1000.000000000000000 ) ;
#1286 = CARTESIAN_POINT ( 'NONE',  ( 22.34163543134759422, 17.91745175122447264, 0.7499999985999999952 ) ) ;
#1287 = LINE ( 'NONE', #611, #1462 ) ;
#1288 = ORIENTED_EDGE ( 'NONE', *, *, #2338, .F. ) ;
#1289 = CARTESIAN_POINT ( 'NONE',  ( 44.15000000002297753, -2.775557561562891351E-14, -0.7588613151671350643 ) ) ;
#1290 = VERTEX_POINT ( 'NONE', #2451 ) ;
#1291 = VERTEX_POINT ( 'NONE', #3629 ) ;
#1292 = B_SPLINE_CURVE_WITH_KNOTS ( 'NONE', 3,
 ( #359, #905, #1858, #3594 ),
 .UNSPECIFIED., .F., .F.,
 ( 4, 4 ),
 ( 0.000000000000000000, 1.000000000000000000 ),
 .UNSPECIFIED. ) ;
#1293 = DIRECTION ( 'NONE',  ( -0.000000000000000000, 0.000000000000000000, 1.000000000000000000 ) ) ;
#1294 = CARTESIAN_POINT ( 'NONE',  ( 5.000000526265646172, 17.49999999999998934, 0.7499999985999999952 ) ) ;
#1295 = CARTESIAN_POINT ( 'NONE',  ( -16.49999979167490594, -18.49999999840004605, -0.7499999965687359493 ) ) ;
#1296 = ORIENTED_EDGE ( 'NONE', *, *, #801, .F. ) ;
#1297 = CARTESIAN_POINT ( 'NONE',  ( 9.904003539521589516, 32.81585065547548652, 0.7500000021710750975 ) ) ;
#1298 = DIRECTION ( 'NONE',  ( -0.000000000000000000, -0.000000000000000000, -1.000000000000000000 ) ) ;
#1299 = DIRECTION ( 'NONE',  ( -1.815852218230855036E-11, 1.048382767004157330E-11, 1.000000000000000000 ) ) ;
#1300 = ADVANCED_FACE ( 'NONE', ( #784, #3008 ), #1431, .F. ) ;
#1301 = ADVANCED_FACE ( 'NONE', ( #3648 ), #450, .F. ) ;
#1302 = DIRECTION ( 'NONE',  ( -1.000000000000000000, 0.000000000000000000, 0.000000000000000000 ) ) ;
#1303 = CARTESIAN_POINT ( 'NONE',  ( -12.78014581392292115, 43.49999999499998182, 0.7499999980356820695 ) ) ;
#1304 = CIRCLE ( 'NONE', #233, 1.150000000000011235 ) ;
#1305 = CARTESIAN_POINT ( 'NONE',  ( -12.78014581392292115, 43.49999999499998182, 0.7499999980356820695 ) ) ;
#1306 = ORIENTED_EDGE ( 'NONE', *, *, #2217, .T. ) ;
#1307 = ORIENTED_EDGE ( 'NONE', *, *, #953, .F. ) ;
#1308 = ORIENTED_EDGE ( 'NONE', *, *, #760, .F. ) ;
#1309 = CIRCLE ( 'NONE', #2367, 1.150000000000012124 ) ;
#1310 = VECTOR ( 'NONE', #2606, 1000.000000000000000 ) ;
#1311 = FACE_OUTER_BOUND ( 'NONE', #1998, .T. ) ;
#1312 = LINE ( 'NONE', #3586, #2598 ) ;
#1313 = CIRCLE ( 'NONE', #1972, 1.500000000000001332 ) ;
#1314 = EDGE_CURVE ( 'NONE', #1492, #3987, #2185, .T. ) ;
#1315 = ORIENTED_EDGE ( 'NONE', *, *, #3322, .F. ) ;
#1316 = B_SPLINE_CURVE_WITH_KNOTS ( 'NONE', 3,
 ( #2844, #952, #2277, #2806, #3538, #1963, #3225, #1344, #2610, #3863 ),
 .UNSPECIFIED., .F., .F.,
 ( 4, 2, 2, 2, 4 ),
 ( 0.000000000000000000, 0.2500000000000000000, 0.5000000000000000000, 0.7500000000000000000, 1.000000000000000000 ),
 .UNSPECIFIED. ) ;
#1317 = FACE_OUTER_BOUND ( 'NONE', #1777, .T. ) ;
#1318 = DIRECTION ( 'NONE',  ( -1.815852218230854713E-11, 1.048382767004157330E-11, 1.000000000000000000 ) ) ;
#1319 = EDGE_CURVE ( 'NONE', #1969, #1258, #3876, .T. ) ;
#1320 = FACE_OUTER_BOUND ( 'NONE', #3276, .T. ) ;
#1321 = EDGE_CURVE ( 'NONE', #2938, #1129, #2517, .T. ) ;
#1322 = CARTESIAN_POINT ( 'NONE',  ( -13.49999979727489752, 15.50000001339998867, 0.2499999995333341274 ) ) ;
#1323 = CARTESIAN_POINT ( 'NONE',  ( 18.36197127028860265, -19.94519232956701416, -0.2499999982084270267 ) ) ;
#1324 = DIRECTION ( 'NONE',  ( -0.8660254481687733596, -0.4999999231240693232, -1.048382928194959685E-11 ) ) ;
#1325 = ORIENTED_EDGE ( 'NONE', *, *, #3173, .F. ) ;
#1326 = EDGE_CURVE ( 'NONE', #3917, #2506, #510, .T. ) ;
#1327 = FACE_OUTER_BOUND ( 'NONE', #2636, .T. ) ;
#1328 = EDGE_LOOP ( 'NONE', ( #3078, #879 ) ) ;
#1329 = ORIENTED_EDGE ( 'NONE', *, *, #2911, .F. ) ;
#1330 = B_SPLINE_CURVE_WITH_KNOTS ( 'NONE', 3,
 ( #3737, #538, #2417, #1460, #557, #1482, #3369, #168, #2724, #836 ),
 .UNSPECIFIED., .F., .F.,
 ( 4, 2, 2, 2, 4 ),
 ( 0.000000000000000000, 0.2500000000000000000, 0.5000000000000000000, 0.7500000000000000000, 1.000000000000000000 ),
 .UNSPECIFIED. ) ;
#1331 = ORIENTED_EDGE ( 'NONE', *, *, #1436, .F. ) ;
#1332 = CARTESIAN_POINT ( 'NONE',  ( -4.093854296136401061, 43.49999999511447157, 0.7500000033441499570 ) ) ;
#1333 = VECTOR ( 'NONE', #687, 1000.000000000000000 ) ;
#1334 = AXIS2_PLACEMENT_3D ( 'NONE', #1522, #1124, #2784 ) ;
#1335 = EDGE_LOOP ( 'NONE', ( #3422, #4022, #3581, #2292 ) ) ;
#1336 = CYLINDRICAL_SURFACE ( 'NONE', #310, 1.500000000000001332 ) ;
#1337 = CARTESIAN_POINT ( 'NONE',  ( 14.39559986393816793, -18.77370935517105366, -0.7499999986000001062 ) ) ;
#1338 = VECTOR ( 'NONE', #1392, 999.9999999999998863 ) ;
#1339 = DIRECTION ( 'NONE',  ( 0.4999999999999918954, 0.8660254037844432595, 0.000000000000000000 ) ) ;
#1340 = DIRECTION ( 'NONE',  ( 1.000000000000000000, 0.000000000000000000, 0.000000000000000000 ) ) ;
#1341 = CARTESIAN_POINT ( 'NONE',  ( -6.989284802474903913, 43.49999999499998182, 0.7499999985999999952 ) ) ;
#1342 = CARTESIAN_POINT ( 'NONE',  ( 41.85000000002300879, -1.150000000000039879, -0.7588613151671350643 ) ) ;
#1343 = VERTEX_POINT ( 'NONE', #4082 ) ;
#1344 = CARTESIAN_POINT ( 'NONE',  ( -25.92387962912514254, -16.28087550189158605, 0.7499999986000002172 ) ) ;
#1345 = CARTESIAN_POINT ( 'NONE',  ( -3.999999473734361377, -35.50000000000002842, 0.4499999986000000618 ) ) ;
#1346 = ORIENTED_EDGE ( 'NONE', *, *, #885, .T. ) ;
#1347 = EDGE_LOOP ( 'NONE', ( #13, #3723, #3186, #2211 ) ) ;
#1348 = ADVANCED_FACE ( 'NONE', ( #291 ), #4060, .T. ) ;
#1349 = ADVANCED_FACE ( 'NONE', ( #3114 ), #3152, .F. ) ;
#1350 = ADVANCED_FACE ( 'NONE', ( #3466 ), #616, .T. ) ;
#1351 = AXIS2_PLACEMENT_3D ( 'NONE', #3989, #2448, #505 ) ;
#1352 = CARTESIAN_POINT ( 'NONE',  ( -33.00000025404040116, -28.86751278379104235, 0.7500000033021300139 ) ) ;
#1353 = ORIENTED_EDGE ( 'NONE', *, *, #2164, .F. ) ;
#1354 = CYLINDRICAL_SURFACE ( 'NONE', #2096, 3.000000019800025175 ) ;
#1355 = CARTESIAN_POINT ( 'NONE',  ( 30.96217091144287892, -13.43963781645033784, 0.7499999986000002172 ) ) ;
#1356 = CARTESIAN_POINT ( 'NONE',  ( -18.78014675496516972, 36.49999999499997472, 0.4499999978763183361 ) ) ;
#1357 = DIRECTION ( 'NONE',  ( -0.8660254481687733596, -0.4999999231240693232, 0.000000000000000000 ) ) ;
#1358 = CARTESIAN_POINT ( 'NONE',  ( 47.99999978896360631, -4.000000000000031086, 48.47984059516105049 ) ) ;
#1359 = CARTESIAN_POINT ( 'NONE',  ( 16.99999975632507443, 17.27217238979997305, 9.757819552369539906E-16 ) ) ;
#1360 = ORIENTED_EDGE ( 'NONE', *, *, #3801, .F. ) ;
#1361 = CARTESIAN_POINT ( 'NONE',  ( -14.98500726848883247, -18.11979819558373350, -0.7499999985999999952 ) ) ;
#1362 = ADVANCED_FACE ( 'NONE', ( #3791, #65, #574 ), #1273, .F. ) ;
#1363 = CARTESIAN_POINT ( 'NONE',  ( -13.78589830264670368, 31.87787628813620699, 0.4499999980154665846 ) ) ;
#1364 = DIRECTION ( 'NONE',  ( -1.815852218230840173E-11, -1.048382767004165731E-11, 1.000000000000000000 ) ) ;
#1365 = ORIENTED_EDGE ( 'NONE', *, *, #251, .T. ) ;
#1366 = ORIENTED_EDGE ( 'NONE', *, *, #2558, .F. ) ;
#1367 = EDGE_CURVE ( 'NONE', #3251, #4025, #1558, .T. ) ;
#1368 = AXIS2_PLACEMENT_3D ( 'NONE', #3235, #3918, #3856 ) ;
#1369 = EDGE_CURVE ( 'NONE', #3282, #1636, #1316, .T. ) ;
#1370 = VECTOR ( 'NONE', #1275, 1000.000000000000000 ) ;
#1371 = ORIENTED_EDGE ( 'NONE', *, *, #45, .T. ) ;
#1372 = FACE_OUTER_BOUND ( 'NONE', #2382, .T. ) ;
#1373 = CARTESIAN_POINT ( 'NONE',  ( -19.41506342724552781, 28.62787628813617857, 0.4499999979473216505 ) ) ;
#1374 = AXIS2_PLACEMENT_3D ( 'NONE', #2509, #2153, #4032 ) ;
#1375 = EDGE_LOOP ( 'NONE', ( #1835, #1106, #1683, #791 ) ) ;
#1376 = DIRECTION ( 'NONE',  ( -0.000000000000000000, 0.000000000000000000, 1.000000000000000000 ) ) ;
#1377 = CARTESIAN_POINT ( 'NONE',  ( 16.21282749499815878, -20.19342197298729502, -0.7499999986000003283 ) ) ;
#1378 = CARTESIAN_POINT ( 'NONE',  ( 28.93899221052509318, 11.18895176479997566, 9.757819552369539906E-16 ) ) ;
#1379 = CARTESIAN_POINT ( 'NONE',  ( -18.78014675496516972, 43.49999999505599391, -0.7499999985999999952 ) ) ;
#1380 = VERTEX_POINT ( 'NONE', #1025 ) ;
#1381 = CARTESIAN_POINT ( 'NONE',  ( -26.00000006618291692, -32.33161443482040909, 48.47984059516105049 ) ) ;
#1382 = FACE_OUTER_BOUND ( 'NONE', #2825, .T. ) ;
#1383 = ORIENTED_EDGE ( 'NONE', *, *, #1976, .T. ) ;
#1384 = DIRECTION ( 'NONE',  ( -1.000000000000000000, 0.000000000000000000, 0.000000000000000000 ) ) ;
#1385 = CARTESIAN_POINT ( 'NONE',  ( 27.29887419091259204, -1.361971726116018022, 0.7499999983955221161 ) ) ;
#1386 = PLANE ( 'NONE',  #312 ) ;
#1387 = EDGE_LOOP ( 'NONE', ( #1925, #4096, #326, #536 ) ) ;
#1388 = ORIENTED_EDGE ( 'NONE', *, *, #2077, .F. ) ;
#1389 = B_SPLINE_CURVE_WITH_KNOTS ( 'NONE', 3,
 ( #125, #2949, #708, #1041 ),
 .UNSPECIFIED., .F., .F.,
 ( 4, 4 ),
 ( 0.000000000000000000, 1.000000000000000000 ),
 .UNSPECIFIED. ) ;
#1390 = ADVANCED_FACE ( 'NONE', ( #3404 ), #551, .T. ) ;
#1391 = VERTEX_POINT ( 'NONE', #1231 ) ;
#1392 = DIRECTION ( 'NONE',  ( 0.5000000000000039968, -0.8660254037844363761, 1.815852218230854713E-11 ) ) ;
#1393 = VECTOR ( 'NONE', #1324, 1000.000000000000000 ) ;
#1394 = EDGE_LOOP ( 'NONE', ( #3932, #363 ) ) ;
#1395 = DIRECTION ( 'NONE',  ( 0.6819983534551726789, -0.7313537077806014919, 0.000000000000000000 ) ) ;
#1396 = CARTESIAN_POINT ( 'NONE',  ( -19.77500000001117186, -36.24316314840517350, -0.7499999985999999952 ) ) ;
#1397 = AXIS2_PLACEMENT_3D ( 'NONE', #2271, #2603, #1661 ) ;
#1398 = EDGE_CURVE ( 'NONE', #1756, #889, #2494, .T. ) ;
#1399 = EDGE_CURVE ( 'NONE', #2068, #973, #1903, .T. ) ;
#1400 = AXIS2_PLACEMENT_3D ( 'NONE', #2114, #825, #2369 ) ;
#1401 = DIRECTION ( 'NONE',  ( -0.000000000000000000, 0.000000000000000000, 1.000000000000000000 ) ) ;
#1402 = CARTESIAN_POINT ( 'NONE',  ( 31.66931217615234928, -12.49364072202733844, -0.7499999986000001062 ) ) ;
#1403 = PLANE ( 'NONE',  #934 ) ;
#1404 = ORIENTED_EDGE ( 'NONE', *, *, #2048, .T. ) ;
#1405 = DIRECTION ( 'NONE',  ( 0.000000000000000000, 0.000000000000000000, -1.000000000000000000 ) ) ;
#1406 = AXIS2_PLACEMENT_3D ( 'NONE', #1822, #3094, #244 ) ;
#1407 = CARTESIAN_POINT ( 'NONE',  ( 27.08493618778585699, 0.9420944090689939987, 0.7499999983711785889 ) ) ;
#1408 = CARTESIAN_POINT ( 'NONE',  ( 5.999999417025114745, -1.150000000000039879, -0.7499999985999999952 ) ) ;
#1409 = EDGE_LOOP ( 'NONE', ( #238, #3151, #1633, #3207 ) ) ;
#1410 = ORIENTED_EDGE ( 'NONE', *, *, #3671, .F. ) ;
#1411 = ORIENTED_EDGE ( 'NONE', *, *, #1551, .T. ) ;
#1412 = DATE_TIME_ROLE ( 'creation_date' ) ;
#1413 = CARTESIAN_POINT ( 'NONE',  ( 4.000000526265646172, -37.00000000000003553, 0.7499999985999999952 ) ) ;
#1414 = CARTESIAN_POINT ( 'NONE',  ( -24.84061544292615054, -17.90222400865115304, -0.7499999985999999952 ) ) ;
#1415 = CARTESIAN_POINT ( 'NONE',  ( -16.49999979039940001, -18.49999999628354530, 0.7499999973666701125 ) ) ;
#1416 = FACE_OUTER_BOUND ( 'NONE', #475, .T. ) ;
#1417 = EDGE_CURVE ( 'NONE', #1756, #2902, #3287, .T. ) ;
#1418 = EDGE_LOOP ( 'NONE', ( #445, #2138, #3563, #2679, #1755, #355, #3325, #1057 ) ) ;
#1419 = ADVANCED_FACE ( 'NONE', ( #2673 ), #3887, .T. ) ;
#1420 = DIRECTION ( 'NONE',  ( -0.000000000000000000, -0.000000000000000000, 1.000000000000000000 ) ) ;
#1421 = EDGE_CURVE ( 'NONE', #400, #2879, #754, .T. ) ;
#1422 = FACE_OUTER_BOUND ( 'NONE', #3024, .T. ) ;
#1423 = ORIENTED_EDGE ( 'NONE', *, *, #447, .T. ) ;
#1424 = EDGE_CURVE ( 'NONE', #2888, #1129, #3943, .T. ) ;
#1425 = CARTESIAN_POINT ( 'NONE',  ( 44.15000000002297753, -1.150000000000039879, -0.7499999985999999952 ) ) ;
#1426 = CARTESIAN_POINT ( 'NONE',  ( 36.01972643939857477, 21.57460628627647026, -0.7499999991009680400 ) ) ;
#1427 = LINE ( 'NONE', #1049, #2504 ) ;
#1428 = ORIENTED_EDGE ( 'NONE', *, *, #3601, .T. ) ;
#1429 = EDGE_LOOP ( 'NONE', ( #2174, #796, #1620, #2939 ) ) ;
#1430 = VERTEX_POINT ( 'NONE', #3244 ) ;
#1431 = PLANE ( 'NONE',  #2659 ) ;
#1432 = PLANE ( 'NONE',  #2432 ) ;
#1433 = CARTESIAN_POINT ( 'NONE',  ( -13.78589830265172722, -31.87787628813959628, 0.7499999980154662405 ) ) ;
#1434 = CARTESIAN_POINT ( 'NONE',  ( -33.00000038740841291, 9.622505451592461512, -0.7499999985999999952 ) ) ;
#1435 = VECTOR ( 'NONE', #1665, 1000.000000000000000 ) ;
#1436 = EDGE_CURVE ( 'NONE', #2601, #3501, #2999, .T. ) ;
#1437 = EDGE_CURVE ( 'NONE', #3293, #3605, #4018, .T. ) ;
#1438 = ORIENTED_EDGE ( 'NONE', *, *, #4017, .F. ) ;
#1439 = ORIENTED_EDGE ( 'NONE', *, *, #3726, .T. ) ;
#1440 = CARTESIAN_POINT ( 'NONE',  ( -4.999999473734362709, 17.49999999999998934, -0.7499999985999999952 ) ) ;
#1441 = DIRECTION ( 'NONE',  ( -1.000000000000000000, 0.000000000000000000, 0.000000000000000000 ) ) ;
#1442 = EDGE_LOOP ( 'NONE', ( #1171, #3049, #2377, #1024, #909, #2804, #1161, #3228, #1617, #3270, #1119, #2961 ) ) ;
#1443 = DIRECTION ( 'NONE',  ( 1.000000000000000000, 0.000000000000000000, 0.000000000000000000 ) ) ;
#1444 = AXIS2_PLACEMENT_3D ( 'NONE', #670, #1896, #41 ) ;
#1445 = CARTESIAN_POINT ( 'NONE',  ( 38.87264290990458449, 19.61355081871946027, -0.7499999990383470205 ) ) ;
#1446 = DIRECTION ( 'NONE',  ( -0.5000000000000033307, 0.8660254037844368202, -1.815850082013639600E-11 ) ) ;
#1447 = VERTEX_POINT ( 'NONE', #3267 ) ;
#1448 = VERTEX_POINT ( 'NONE', #1071 ) ;
#1449 = EDGE_CURVE ( 'NONE', #3735, #347, #86, .T. ) ;
#1450 = CARTESIAN_POINT ( 'NONE',  ( 9.999999721333113101, -26.99999982605424975, -0.7499999985999999952 ) ) ;
#1451 = VERTEX_POINT ( 'NONE', #3309 ) ;
#1452 = CALENDAR_DATE ( 2025, 21, 1 ) ;
#1453 = CARTESIAN_POINT ( 'NONE',  ( 3.068867685249665467, -39.49999999641654114, 0.7499999985999999952 ) ) ;
#1454 = CARTESIAN_POINT ( 'NONE',  ( -4.999999473734362709, 17.49999999999998934, 0.4499999986000000618 ) ) ;
#1455 = DIRECTION ( 'NONE',  ( -0.8660253951928449379, 0.5000000148810764822, 0.000000000000000000 ) ) ;
#1456 = DIRECTION ( 'NONE',  ( 1.000000000000000000, 0.000000000000000000, 0.000000000000000000 ) ) ;
#1457 = B_SPLINE_CURVE_WITH_KNOTS ( 'NONE', 3,
 ( #1495, #3073, #201, #221 ),
 .UNSPECIFIED., .F., .F.,
 ( 4, 4 ),
 ( 0.000000000000000000, 1.000000000000000000 ),
 .UNSPECIFIED. ) ;
#1458 = ORIENTED_EDGE ( 'NONE', *, *, #3548, .T. ) ;
#1459 = PLANE ( 'NONE',  #429 ) ;
#1460 = CARTESIAN_POINT ( 'NONE',  ( -25.61979830112185041, 17.01499253682425561, 0.7499999985999998842 ) ) ;
#1461 = VERTEX_POINT ( 'NONE', #1669 ) ;
#1462 = VECTOR ( 'NONE', #1884, 1000.000000000000000 ) ;
#1463 = DIRECTION ( 'NONE',  ( 1.000000000000000000, 0.000000000000000000, 0.000000000000000000 ) ) ;
#1464 = CIRCLE ( 'NONE', #3583, 1.150000000000012124 ) ;
#1465 = CARTESIAN_POINT ( 'NONE',  ( 38.47417132255874606, 20.04085929704793401, -0.7499999986000001062 ) ) ;
#1466 = DIRECTION ( 'NONE',  ( 1.000000000000000000, 0.000000000000000000, 0.000000000000000000 ) ) ;
#1467 = CARTESIAN_POINT ( 'NONE',  ( -4.093854296798898673, 43.49999999499998182, -0.7500000025639165235 ) ) ;
#1468 = ORIENTED_EDGE ( 'NONE', *, *, #3771, .T. ) ;
#1469 = AXIS2_PLACEMENT_3D ( 'NONE', #3774, #3471, #3491 ) ;
#1470 = CARTESIAN_POINT ( 'NONE',  ( -26.00000009850941751, 15.50000001339998867, 0.7499999977521281114 ) ) ;
#1471 = EDGE_LOOP ( 'NONE', ( #591, #700, #3169, #2945 ) ) ;
#1472 = VERTEX_POINT ( 'NONE', #773 ) ;
#1473 = ADVANCED_FACE ( 'NONE', ( #2935 ), #1688, .T. ) ;
#1474 = DIRECTION ( 'NONE',  ( -1.000000000000000000, 0.000000000000000000, 0.000000000000000000 ) ) ;
#1475 = EDGE_CURVE ( 'NONE', #2950, #872, #1313, .T. ) ;
#1476 = CARTESIAN_POINT ( 'NONE',  ( 49.30278453645811965, -4.000000000000031086, 0.7499999985999999952 ) ) ;
#1477 = CARTESIAN_POINT ( 'NONE',  ( 12.56294459881410219, 31.05566260747347229, 0.7500000019478850755 ) ) ;
#1478 = FACE_OUTER_BOUND ( 'NONE', #1069, .T. ) ;
#1479 = VECTOR ( 'NONE', #196, 1000.000000000000000 ) ;
#1480 = ORIENTED_EDGE ( 'NONE', *, *, #2859, .T. ) ;
#1481 = CARTESIAN_POINT ( 'NONE',  ( -29.50000046683540234, 38.39379419196217924, 48.47984059516105049 ) ) ;
#1482 = CARTESIAN_POINT ( 'NONE',  ( -24.84061543716252984, 17.90222401530602525, 0.7499999985999999952 ) ) ;
#1483 = VERTEX_POINT ( 'NONE', #1425 ) ;
#1484 = CARTESIAN_POINT ( 'NONE',  ( 14.50743959841199704, 18.96129956950246154, 0.7499999985999999952 ) ) ;
#1485 = CARTESIAN_POINT ( 'NONE',  ( 12.56294459881410219, 31.05566260747347229, 0.7500000019478850755 ) ) ;
#1486 = CARTESIAN_POINT ( 'NONE',  ( 30.65575545273904723, 13.68119593818993529, -0.7499999986000001062 ) ) ;
#1487 = CYLINDRICAL_SURFACE ( 'NONE', #995, 1.500000000000001332 ) ;
#1488 = ORIENTED_EDGE ( 'NONE', *, *, #1687, .F. ) ;
#1489 = ADVANCED_FACE ( 'NONE', ( #2691 ), #3927, .F. ) ;
#1490 = APPLICATION_CONTEXT ( 'configuration controlled 3d designs of mechanical parts and assemblies' ) ;
#1491 = LINE ( 'NONE', #4011, #2546 ) ;
#1492 = VERTEX_POINT ( 'NONE', #2359 ) ;
#1493 = ORIENTED_EDGE ( 'NONE', *, *, #1424, .F. ) ;
#1494 = EDGE_CURVE ( 'NONE', #674, #1483, #3296, .T. ) ;
#1495 = CARTESIAN_POINT ( 'NONE',  ( 18.36197127517510808, -19.94519233541602787, -0.7499999981000471383 ) ) ;
#1496 = APPROVAL ( #387, 'UNSPECIFIED' ) ;
#1497 = CIRCLE ( 'NONE', #2228, 1.500000000000001332 ) ;
#1498 = CARTESIAN_POINT ( 'NONE',  ( -64.75111116580825410, -285.5297718591028797, 0.4500000004176606949 ) ) ;
#1499 = LINE ( 'NONE', #2702, #3578 ) ;
#1500 = CARTESIAN_POINT ( 'NONE',  ( 15.88350930889015444, 20.06835914031793067, -0.7499999986000002172 ) ) ;
#1501 = CIRCLE ( 'NONE', #2365, 1.500000000000001332 ) ;
#1502 = EDGE_CURVE ( 'NONE', #1517, #169, #509, .T. ) ;
#1503 = EDGE_CURVE ( 'NONE', #2348, #3419, #3034, .T. ) ;
#1504 = ORIENTED_EDGE ( 'NONE', *, *, #3520, .T. ) ;
#1505 = DIRECTION ( 'NONE',  ( -1.000000000000000000, 0.000000000000000000, 0.000000000000000000 ) ) ;
#1506 = VECTOR ( 'NONE', #1401, 1000.000000000000000 ) ;
#1507 = CARTESIAN_POINT ( 'NONE',  ( 4.000000526265646172, -37.00000000000003553, 0.4499999986000000618 ) ) ;
#1508 = EDGE_LOOP ( 'NONE', ( #3245, #3190, #656, #2414 ) ) ;
#1509 = CARTESIAN_POINT ( 'NONE',  ( 15.21378097579005306, 19.69600405795360132, 0.7499999986000001062 ) ) ;
#1510 = VECTOR ( 'NONE', #3350, 1000.000000000000000 ) ;
#1511 = LINE ( 'NONE', #2772, #370 ) ;
#1512 = CARTESIAN_POINT ( 'NONE',  ( -33.00000090116203211, 36.37306841329374407, -0.7499999985999999952 ) ) ;
#1513 = CARTESIAN_POINT ( 'NONE',  ( -26.00000009662589662, 15.50000001339998867, -0.7499999966976472754 ) ) ;
#1514 = ORIENTED_EDGE ( 'NONE', *, *, #2463, .T. ) ;
#1515 = DIRECTION ( 'NONE',  ( 0.000000000000000000, 0.000000000000000000, -1.000000000000000000 ) ) ;
#1516 = ORIENTED_EDGE ( 'NONE', *, *, #2366, .T. ) ;
#1517 = VERTEX_POINT ( 'NONE', #816 ) ;
#1518 = DIRECTION ( 'NONE',  ( 0.000000000000000000, 0.000000000000000000, -1.000000000000000000 ) ) ;
#1519 = ADVANCED_FACE ( 'NONE', ( #3983 ), #190, .F. ) ;
#1520 = CARTESIAN_POINT ( 'NONE',  ( -21.92092921436311670, -35.66816314839879709, -0.7588613172668593476 ) ) ;
#1521 = DIRECTION ( 'NONE',  ( -0.4999999999999916733, -0.8660254037844434816, -1.815850082013640892E-11 ) ) ;
#1522 = CARTESIAN_POINT ( 'NONE',  ( -15.08493640832880800, 31.12787628813934404, 0.7499999985999999952 ) ) ;
#1523 = ORIENTED_EDGE ( 'NONE', *, *, #1951, .F. ) ;
#1524 = DIRECTION ( 'NONE',  ( 0.000000000000000000, 1.000000000000000000, 0.000000000000000000 ) ) ;
#1525 = CARTESIAN_POINT ( 'NONE',  ( 41.70386479380408673, 16.57743699877148202, -0.7499999985999999952 ) ) ;
#1526 = VERTEX_POINT ( 'NONE', #3719 ) ;
#1527 = EDGE_CURVE ( 'NONE', #1730, #37, #561, .T. ) ;
#1528 = CARTESIAN_POINT ( 'NONE',  ( 7.250000526265648837, 17.49999999999998934, 0.4499999986000000618 ) ) ;
#1529 = EDGE_CURVE ( 'NONE', #463, #631, #883, .T. ) ;
#1530 = CARTESIAN_POINT ( 'NONE',  ( -9.999999806958397741, -43.49999999500003867, 0.7499999985999999952 ) ) ;
#1531 = DIRECTION ( 'NONE',  ( 0.000000000000000000, 1.000000000000000000, 0.000000000000000000 ) ) ;
#1532 = FACE_OUTER_BOUND ( 'NONE', #4001, .T. ) ;
#1533 = VERTEX_POINT ( 'NONE', #1768 ) ;
#1534 = AXIS2_PLACEMENT_3D ( 'NONE', #2148, #188, #3698 ) ;
#1535 = FACE_OUTER_BOUND ( 'NONE', #2447, .T. ) ;
#1536 = ORIENTED_EDGE ( 'NONE', *, *, #2764, .T. ) ;
#1537 = ORIENTED_EDGE ( 'NONE', *, *, #3035, .T. ) ;
#1538 = AXIS2_PLACEMENT_3D ( 'NONE', #97, #2885, #3213 ) ;
#1539 = CARTESIAN_POINT ( 'NONE',  ( -4.093854296674914295, 35.49999999299996745, 0.000000000000000000 ) ) ;
#1540 = DIRECTION ( 'NONE',  ( -1.815852218230854713E-11, 1.048382767004157330E-11, 1.000000000000000000 ) ) ;
#1541 = CARTESIAN_POINT ( 'NONE',  ( 7.250000526265648837, 17.49999999999998934, 0.7499999985999999952 ) ) ;
#1542 = CARTESIAN_POINT ( 'NONE',  ( 13.99999976256308187, -17.27217277508852433, 0.7499999990333441335 ) ) ;
#1543 = AXIS2_PLACEMENT_3D ( 'NONE', #2215, #3162, #3218 ) ;
#1544 = VERTEX_POINT ( 'NONE', #281 ) ;
#1545 = CARTESIAN_POINT ( 'NONE',  ( 49.30278453645811965, -4.000000000000031086, 0.4499999986000000618 ) ) ;
#1546 = FACE_OUTER_BOUND ( 'NONE', #949, .T. ) ;
#1547 = ORIENTED_EDGE ( 'NONE', *, *, #3520, .F. ) ;
#1548 = EDGE_CURVE ( 'NONE', #1656, #1739, #1042, .T. ) ;
#1549 = CARTESIAN_POINT ( 'NONE',  ( 36.50000000002298606, -2.775557561562891351E-14, 0.4499999986000000618 ) ) ;
#1550 = ADVANCED_FACE ( 'NONE', ( #839 ), #2794, .T. ) ;
#1551 = EDGE_CURVE ( 'NONE', #1585, #1820, #2802, .T. ) ;
#1552 = DIRECTION ( 'NONE',  ( -0.5000000000000041078, 0.8660254037844363761, 0.000000000000000000 ) ) ;
#1553 = CARTESIAN_POINT ( 'NONE',  ( 12.56294459692508525, 31.05566260279998758, -0.2499999995333329339 ) ) ;
#1554 = LINE ( 'NONE', #2510, #2852 ) ;
#1555 = VERTEX_POINT ( 'NONE', #2126 ) ;
#1556 = VERTEX_POINT ( 'NONE', #2745 ) ;
#1557 = ORIENTED_EDGE ( 'NONE', *, *, #1417, .F. ) ;
#1558 = LINE ( 'NONE', #1845, #3388 ) ;
#1559 = AXIS2_PLACEMENT_3D ( 'NONE', #3170, #971, #2243 ) ;
#1560 = CARTESIAN_POINT ( 'NONE',  ( 32.07066854043608117, -22.23243588379150637, -0.7499999985999999952 ) ) ;
#1561 = CARTESIAN_POINT ( 'NONE',  ( -26.00000009662589662, 15.50000001339998867, -0.7499999966976472754 ) ) ;
#1562 = CARTESIAN_POINT ( 'NONE',  ( 40.99999978896359920, -4.450631159944235193, -0.7499999985999999952 ) ) ;
#1563 = VERTEX_POINT ( 'NONE', #559 ) ;
#1564 = EDGE_LOOP ( 'NONE', ( #2502, #3455, #717, #2026 ) ) ;
#1565 = CARTESIAN_POINT ( 'NONE',  ( 32.99999983552509519, -2.500000000000030198, 0.4499999986000000618 ) ) ;
#1566 = CARTESIAN_POINT ( 'NONE',  ( 27.08369115507911573, 0.9396508723082883652, -0.7499999986000001062 ) ) ;
#1567 = DIRECTION ( 'NONE',  ( -1.000000000000000000, 0.000000000000000000, 0.000000000000000000 ) ) ;
#1568 = AXIS2_PLACEMENT_3D ( 'NONE', #1787, #2790, #3060 ) ;
#1569 = EDGE_CURVE ( 'NONE', #740, #3346, #2553, .T. ) ;
#1570 = EDGE_CURVE ( 'NONE', #3440, #1812, #1199, .T. ) ;
#1571 = AXIS2_PLACEMENT_3D ( 'NONE', #1991, #2929, #143 ) ;
#1572 = FACE_BOUND ( 'NONE', #2555, .T. ) ;
#1573 = DIRECTION ( 'NONE',  ( 1.000000000000000000, 0.000000000000000000, 0.000000000000000000 ) ) ;
#1574 = DIRECTION ( 'NONE',  ( -1.000000000000000000, 0.000000000000000000, 0.000000000000000000 ) ) ;
#1575 = VERTEX_POINT ( 'NONE', #3414 ) ;
#1576 = VECTOR ( 'NONE', #2003, 999.9999999999998863 ) ;
#1577 = EDGE_LOOP ( 'NONE', ( #3435, #3817 ) ) ;
#1578 = VERTEX_POINT ( 'NONE', #3393 ) ;
#1579 = DIRECTION ( 'NONE',  ( -0.000000000000000000, 0.000000000000000000, 1.000000000000000000 ) ) ;
#1580 = EDGE_CURVE ( 'NONE', #2648, #675, #3628, .T. ) ;
#1581 = VECTOR ( 'NONE', #2443, 1000.000000000000000 ) ;
#1582 = CARTESIAN_POINT ( 'NONE',  ( -21.07907078565907000, -38.81002157710308609, -0.7499999985999999952 ) ) ;
#1583 = CARTESIAN_POINT ( 'NONE',  ( -9.999999806958397741, 1.500000135683465796, -0.7499999985999999952 ) ) ;
#1584 = PLANE ( 'NONE',  #3458 ) ;
#1585 = VERTEX_POINT ( 'NONE', #2485 ) ;
#1586 = CARTESIAN_POINT ( 'NONE',  ( 4.000000526265646172, -37.00000000000003553, 0.7499999986000004393 ) ) ;
#1587 = DIRECTION ( 'NONE',  ( 0.000000000000000000, 0.000000000000000000, 1.000000000000000000 ) ) ;
#1588 = B_SPLINE_CURVE_WITH_KNOTS ( 'NONE', 3,
 ( #3846, #2533, #1010, #3788 ),
 .UNSPECIFIED., .F., .F.,
 ( 4, 4 ),
 ( 0.000000000000000000, 1.000000000000000000 ),
 .UNSPECIFIED. ) ;
#1589 = CARTESIAN_POINT ( 'NONE',  ( -4.999999786874903762, 6.500000135683469793, 0.7499999985999999952 ) ) ;
#1590 = B_SPLINE_CURVE_WITH_KNOTS ( 'NONE', 3,
 ( #3, #2545, #668, #3257 ),
 .UNSPECIFIED., .F., .F.,
 ( 4, 4 ),
 ( 0.000000000000000000, 1.000000000000000000 ),
 .UNSPECIFIED. ) ;
#1591 = CARTESIAN_POINT ( 'NONE',  ( 38.00000000002298606, -2.775557561562891351E-14, 0.4499999986000000618 ) ) ;
#1592 = CARTESIAN_POINT ( 'NONE',  ( 47.99999978896360631, -4.450631159944235193, -0.7499999985999999952 ) ) ;
#1593 = CARTESIAN_POINT ( 'NONE',  ( 13.99999976192509088, -5.757391058917537663, 0.7499999985999999952 ) ) ;
#1594 = ORIENTED_EDGE ( 'NONE', *, *, #3921, .F. ) ;
#1595 = VECTOR ( 'NONE', #2178, 1000.000000000000000 ) ;
#1596 = LINE ( 'NONE', #1250, #93 ) ;
#1597 = ORIENTED_EDGE ( 'NONE', *, *, #3749, .F. ) ;
#1598 = ORIENTED_EDGE ( 'NONE', *, *, #2822, .T. ) ;
#1599 = VECTOR ( 'NONE', #357, 1000.000000000000000 ) ;
#1600 = B_SPLINE_CURVE_WITH_KNOTS ( 'NONE', 3,
 ( #3909, #3331, #481, #1753, #3580, #3023, #175, #3889, #738, #2004, #3621, #2344, #3269, #1691, #2959, #3603, #114 ),
 .UNSPECIFIED., .F., .F.,
 ( 4, 2, 2, 2, 1, 2, 2, 2, 4 ),
 ( 0.000000000000000000, 0.2499999999999998335, 0.3749999999999987232, 0.4999999999999975575, 0.6249999999999964473, 0.6874999999999965583, 0.7499999999999966693, 0.8749999999999983347, 1.000000000000000000 ),
 .UNSPECIFIED. ) ;
#1601 = AXIS2_PLACEMENT_3D ( 'NONE', #643, #1277, #2227 ) ;
#1602 = AXIS2_PLACEMENT_3D ( 'NONE', #3812, #3429, #4062 ) ;
#1603 = EDGE_CURVE ( 'NONE', #3150, #372, #1841, .T. ) ;
#1604 = ADVANCED_FACE ( 'NONE', ( #903 ), #1131, .T. ) ;
#1605 = LINE ( 'NONE', #577, #2758 ) ;
#1606 = DIRECTION ( 'NONE',  ( -1.000000000000000000, 0.000000000000000000, -1.815850710536654050E-11 ) ) ;
#1607 = CARTESIAN_POINT ( 'NONE',  ( 0.8225194523392355128, 41.89733474251979573, 0.7500000034716791664 ) ) ;
#1608 = VECTOR ( 'NONE', #3599, 1000.000000000000000 ) ;
#1609 = VERTEX_POINT ( 'NONE', #3436 ) ;
#1610 = DIRECTION ( 'NONE',  ( 1.000000000000000000, 0.000000000000000000, 0.000000000000000000 ) ) ;
#1611 = CARTESIAN_POINT ( 'NONE',  ( 17.47084396398731698, -20.24426782218999676, -0.7499999986000001062 ) ) ;
#1612 = PLANE ( 'NONE',  #806 ) ;
#1613 = CARTESIAN_POINT ( 'NONE',  ( 30.30096372935559046, 13.86197133311947738, 0.7499999976580421501 ) ) ;
#1614 = AXIS2_PLACEMENT_3D ( 'NONE', #2931, #766, #1994 ) ;
#1615 = CARTESIAN_POINT ( 'NONE',  ( -18.66506342725096701, 27.32883818246267893, 0.7499999979745592960 ) ) ;
#1616 = DIRECTION ( 'NONE',  ( -1.000000000000000000, 0.000000000000000000, 0.000000000000000000 ) ) ;
#1617 = ORIENTED_EDGE ( 'NONE', *, *, #3972, .F. ) ;
#1618 = CARTESIAN_POINT ( 'NONE',  ( 9.999999646625095551, -12.24999994750003474, -0.7499999985999999952 ) ) ;
#1619 = VERTEX_POINT ( 'NONE', #1528 ) ;
#1620 = ORIENTED_EDGE ( 'NONE', *, *, #2053, .T. ) ;
#1621 = EDGE_CURVE ( 'NONE', #2788, #2068, #3678, .T. ) ;
#1622 = CARTESIAN_POINT ( 'NONE',  ( -33.00000011423342983, -36.37306621121760486, -0.7499999985999999952 ) ) ;
#1623 = FACE_OUTER_BOUND ( 'NONE', #179, .T. ) ;
#1624 = EDGE_LOOP ( 'NONE', ( #2047, #2110, #555, #324 ) ) ;
#1625 = CARTESIAN_POINT ( 'NONE',  ( -16.49999979167490594, 18.50000001626644774, 0.7499999975208361258 ) ) ;
#1626 = FACE_OUTER_BOUND ( 'NONE', #1216, .T. ) ;
#1627 = CARTESIAN_POINT ( 'NONE',  ( -4.999999473734362709, 17.49999999999998934, 0.7499999985999999952 ) ) ;
#1628 = EDGE_CURVE ( 'NONE', #2595, #1619, #2578, .T. ) ;
#1629 = CARTESIAN_POINT ( 'NONE',  ( 30.30096372448859299, 13.86197132356697992, 0.2499999999284629459 ) ) ;
#1630 = CARTESIAN_POINT ( 'NONE',  ( 18.36197127827959719, 19.94519195976945980, 0.7499999990333441335 ) ) ;
#1631 = VECTOR ( 'NONE', #3103, 1000.000000000000000 ) ;
#1632 = CARTESIAN_POINT ( 'NONE',  ( 31.61201176153657855, 9.826980241846971609, -0.7499999968413213480 ) ) ;
#1633 = ORIENTED_EDGE ( 'NONE', *, *, #707, .F. ) ;
#1634 = FACE_OUTER_BOUND ( 'NONE', #572, .T. ) ;
#1635 = ORIENTED_EDGE ( 'NONE', *, *, #95, .T. ) ;
#1636 = VERTEX_POINT ( 'NONE', #3782 ) ;
#1637 = AXIS2_PLACEMENT_3D ( 'NONE', #689, #2668, #2586 ) ;
#1638 = EDGE_LOOP ( 'NONE', ( #1946, #111 ) ) ;
#1639 = DATE_AND_TIME ( #683, #2831 ) ;
#1640 = EDGE_CURVE ( 'NONE', #2438, #1526, #4070, .T. ) ;
#1641 = DIRECTION ( 'NONE',  ( -1.815852218230854713E-11, 1.048382767004157330E-11, 1.000000000000000000 ) ) ;
#1642 = AXIS2_PLACEMENT_3D ( 'NONE', #2399, #3676, #1463 ) ;
#1643 = ORIENTED_EDGE ( 'NONE', *, *, #2911, .T. ) ;
#1644 = LINE ( 'NONE', #2503, #3153 ) ;
#1645 = CARTESIAN_POINT ( 'NONE',  ( -22.07500000003295781, -38.23502157711566696, 0.4499999977983012989 ) ) ;
#1646 = CARTESIAN_POINT ( 'NONE',  ( -16.49999979167490594, -18.50000000780002551, -0.2499999995333329339 ) ) ;
#1647 = CARTESIAN_POINT ( 'NONE',  ( -26.00000009567490622, 5.166666679599946299, -0.7499999985999999952 ) ) ;
#1648 = EDGE_CURVE ( 'NONE', #3443, #2068, #3827, .T. ) ;
#1649 = DIRECTION ( 'NONE',  ( 1.000000000000000000, 0.000000000000000000, 0.000000000000000000 ) ) ;
#1650 = EDGE_CURVE ( 'NONE', #800, #3582, #2151, .T. ) ;
#1651 = CARTESIAN_POINT ( 'NONE',  ( -26.00000006618291692, -32.33161443482040909, -0.7499999985999999952 ) ) ;
#1652 = EDGE_LOOP ( 'NONE', ( #3086, #280, #1523, #72 ) ) ;
#1653 = CARTESIAN_POINT ( 'NONE',  ( 13.99999976256308187, -17.27217277508852433, 0.7499999990333441335 ) ) ;
#1654 = DIRECTION ( 'NONE',  ( -0.000000000000000000, -0.000000000000000000, 1.000000000000000000 ) ) ;
#1655 = ORIENTED_EDGE ( 'NONE', *, *, #1873, .T. ) ;
#1656 = VERTEX_POINT ( 'NONE', #3202 ) ;
#1657 = DATE_AND_TIME ( #3212, #970 ) ;
#1658 = LINE ( 'NONE', #2308, #3127 ) ;
#1659 = ORIENTED_EDGE ( 'NONE', *, *, #3240, .T. ) ;
#1660 = CARTESIAN_POINT ( 'NONE',  ( 1.562999943197612707, 41.15685425792395336, 0.7500000034971850971 ) ) ;
#1661 = DIRECTION ( 'NONE',  ( 1.000000000000000000, 0.000000000000000000, 0.000000000000000000 ) ) ;
#1662 = AXIS2_PLACEMENT_3D ( 'NONE', #2846, #352, #1276 ) ;
#1663 = DIRECTION ( 'NONE',  ( 0.000000000000000000, 0.000000000000000000, 1.000000000000000000 ) ) ;
#1664 = ADVANCED_FACE ( 'NONE', ( #626 ), #3144, .F. ) ;
#1665 = DIRECTION ( 'NONE',  ( -0.000000000000000000, -0.000000000000000000, 1.000000000000000000 ) ) ;
#1666 = DIRECTION ( 'NONE',  ( -1.815852218230839850E-11, -1.048382767004165569E-11, 1.000000000000000000 ) ) ;
#1667 = CARTESIAN_POINT ( 'NONE',  ( -28.11549388339423672, 40.69746388589898345, 0.7499999976627991227 ) ) ;
#1668 = VERTEX_POINT ( 'NONE', #3533 ) ;
#1669 = CARTESIAN_POINT ( 'NONE',  ( 47.99999978896360631, -4.450631159944235193, 0.7499999985999979968 ) ) ;
#1670 = DIRECTION ( 'NONE',  ( -1.815852218230854713E-11, 1.048382767004157330E-11, 1.000000000000000000 ) ) ;
#1671 = CARTESIAN_POINT ( 'NONE',  ( 30.17429923963607763, 7.005310610683990191, 0.7499999985999999952 ) ) ;
#1672 = ORIENTED_EDGE ( 'NONE', *, *, #2859, .F. ) ;
#1673 = ORIENTED_EDGE ( 'NONE', *, *, #1133, .T. ) ;
#1674 = B_SPLINE_CURVE_WITH_KNOTS ( 'NONE', 3,
 ( #2575, #3188, #4095, #3132 ),
 .UNSPECIFIED., .F., .F.,
 ( 4, 4 ),
 ( 0.000000000000000000, 1.000000000000000000 ),
 .UNSPECIFIED. ) ;
#1675 = EDGE_LOOP ( 'NONE', ( #1733, #1942, #2204, #1353 ) ) ;
#1676 = FACE_OUTER_BOUND ( 'NONE', #1652, .T. ) ;
#1677 = LINE ( 'NONE', #409, #1930 ) ;
#1678 = ORIENTED_EDGE ( 'NONE', *, *, #1314, .T. ) ;
#1679 = DIRECTION ( 'NONE',  ( -0.000000000000000000, -0.000000000000000000, 1.000000000000000000 ) ) ;
#1680 = DIRECTION ( 'NONE',  ( -1.000000000000000000, 0.000000000000000000, 0.000000000000000000 ) ) ;
#1681 = DIRECTION ( 'NONE',  ( 0.000000000000000000, 0.000000000000000000, 1.000000000000000000 ) ) ;
#1682 = CARTESIAN_POINT ( 'NONE',  ( 4.999999500427426469, 6.500000135683469793, -0.7499999985999999952 ) ) ;
#1683 = ORIENTED_EDGE ( 'NONE', *, *, #151, .F. ) ;
#1684 = LINE ( 'NONE', #2951, #3088 ) ;
#1685 = DIRECTION ( 'NONE',  ( -0.8660254037844363761, -0.5000000000000041078, -1.048382767004157814E-11 ) ) ;
#1686 = EDGE_LOOP ( 'NONE', ( #2751, #2301, #1829, #3831, #1493, #722 ) ) ;
#1687 = EDGE_CURVE ( 'NONE', #1115, #3705, #3230, .T. ) ;
#1688 = CYLINDRICAL_SURFACE ( 'NONE', #2512, 6.999999999999999112 ) ;
#1689 = ADVANCED_FACE ( 'NONE', ( #2254 ), #3761, .T. ) ;
#1690 = CARTESIAN_POINT ( 'NONE',  ( 9.999999564891586701, -1.499999523066508633, -0.7499999985999999952 ) ) ;
#1691 = CARTESIAN_POINT ( 'NONE',  ( 14.09578458287557545, -18.04933390764468015, 0.7499999986000001062 ) ) ;
#1692 = ORIENTED_EDGE ( 'NONE', *, *, #755, .F. ) ;
#1693 = ORIENTED_EDGE ( 'NONE', *, *, #473, .F. ) ;
#1694 = AXIS2_PLACEMENT_3D ( 'NONE', #1381, #2337, #3613 ) ;
#1695 = VECTOR ( 'NONE', #829, 1000.000000000000000 ) ;
#1696 = VERTEX_POINT ( 'NONE', #2195 ) ;
#1697 = EDGE_CURVE ( 'NONE', #1448, #3227, #1874, .T. ) ;
#1698 = PERSON_AND_ORGANIZATION ( #3354, #1964 ) ;
#1699 = ADVANCED_FACE ( 'NONE', ( #2836 ), #961, .F. ) ;
#1700 = LINE ( 'NONE', #119, #1338 ) ;
#1701 = AXIS2_PLACEMENT_3D ( 'NONE', #737, #1670, #3000 ) ;
#1702 = ORIENTED_EDGE ( 'NONE', *, *, #2180, .T. ) ;
#1703 = FACE_OUTER_BOUND ( 'NONE', #547, .T. ) ;
#1704 = CARTESIAN_POINT ( 'NONE',  ( 30.30096372779209091, -13.86197172120753862, 0.7499999988679859619 ) ) ;
#1705 = B_SPLINE_CURVE_WITH_KNOTS ( 'NONE', 3,
 ( #3448, #579, #3176, #920, #1607, #938 ),
 .UNSPECIFIED., .F., .F.,
 ( 4, 2, 4 ),
 ( 0.000000000000000000, 0.5000000000000000000, 1.000000000000000000 ),
 .UNSPECIFIED. ) ;
#1706 = LINE ( 'NONE', #2314, #1506 ) ;
#1707 = ORIENTED_EDGE ( 'NONE', *, *, #3974, .F. ) ;
#1708 = CARTESIAN_POINT ( 'NONE',  ( -16.75000000001161737, 31.60992723815814287, -0.7499999985999999952 ) ) ;
#1709 = FACE_OUTER_BOUND ( 'NONE', #3970, .T. ) ;
#1710 = VERTEX_POINT ( 'NONE', #1262 ) ;
#1711 = DIRECTION ( 'NONE',  ( 9.079261001081511994E-12, -5.241913991031471230E-12, -1.000000000000000000 ) ) ;
#1712 = CARTESIAN_POINT ( 'NONE',  ( 9.999999564891586701, 1.500000188846245530, -0.7499999985999999952 ) ) ;
#1713 = LINE ( 'NONE', #3311, #2637 ) ;
#1714 = ORIENTED_EDGE ( 'NONE', *, *, #1268, .T. ) ;
#1715 = ORIENTED_EDGE ( 'NONE', *, *, #607, .T. ) ;
#1716 = ORIENTED_EDGE ( 'NONE', *, *, #827, .F. ) ;
#1717 = ADVANCED_FACE ( 'NONE', ( #1320 ), #1612, .F. ) ;
#1718 = CARTESIAN_POINT ( 'NONE',  ( -0.2149004803838749089, 0.1988409931223999727, -0.0007499999985999999995 ) ) ;
#1719 = CARTESIAN_POINT ( 'NONE',  ( 4.999999500427426469, 1.500000135683465796, -0.7499999985999999952 ) ) ;
#1720 = B_SPLINE_CURVE_WITH_KNOTS ( 'NONE', 3,
 ( #2539, #617, #1890, #2557 ),
 .UNSPECIFIED., .F., .F.,
 ( 4, 4 ),
 ( 0.000000000000000000, 1.000000000000000000 ),
 .UNSPECIFIED. ) ;
#1721 = EDGE_CURVE ( 'NONE', #1291, #950, #3837, .T. ) ;
#1722 = AXIS2_PLACEMENT_3D ( 'NONE', #2087, #1796, #3044 ) ;
#1723 = EDGE_CURVE ( 'NONE', #3398, #1185, #2675, .T. ) ;
#1724 = DIRECTION ( 'NONE',  ( -0.4999999999999919509, -0.8660254037844432595, -1.815852218230840173E-11 ) ) ;
#1725 = CARTESIAN_POINT ( 'NONE',  ( 31.96104170950631840, -11.34945686825297173, 0.7499999985999998842 ) ) ;
#1726 = CYLINDRICAL_SURFACE ( 'NONE', #1614, 1.500000000000001332 ) ;
#1727 = VECTOR ( 'NONE', #3038, 1000.000000000000000 ) ;
#1728 = EDGE_CURVE ( 'NONE', #539, #2438, #3400, .T. ) ;
#1729 = DIRECTION ( 'NONE',  ( -0.000000000000000000, 0.000000000000000000, 1.000000000000000000 ) ) ;
#1730 = VERTEX_POINT ( 'NONE', #339 ) ;
#1731 = CARTESIAN_POINT ( 'NONE',  ( -16.75000000001103473, -31.60992723815200733, -0.7588613171304170457 ) ) ;
#1732 = CARTESIAN_POINT ( 'NONE',  ( 6.500000526265647949, 17.49999999999998934, 0.7499999985999999952 ) ) ;
#1733 = ORIENTED_EDGE ( 'NONE', *, *, #1603, .F. ) ;
#1734 = CARTESIAN_POINT ( 'NONE',  ( 47.99999978896360631, 7.068285425421510837, 48.47984059516105049 ) ) ;
#1735 = DIRECTION ( 'NONE',  ( -0.000000000000000000, 0.000000000000000000, 1.000000000000000000 ) ) ;
#1736 = CARTESIAN_POINT ( 'NONE',  ( -20.53589821330784204, -43.56921908448791214, 0.4499999977703232346 ) ) ;
#1737 = VERTEX_POINT ( 'NONE', #319 ) ;
#1738 = ORIENTED_EDGE ( 'NONE', *, *, #3192, .F. ) ;
#1739 = VERTEX_POINT ( 'NONE', #1589 ) ;
#1740 = DIRECTION ( 'NONE',  ( 0.000000000000000000, 0.000000000000000000, -1.000000000000000000 ) ) ;
#1741 = EDGE_CURVE ( 'NONE', #1472, #1267, #1145, .T. ) ;
#1742 = ADVANCED_FACE ( 'NONE', ( #1061 ), #2334, .F. ) ;
#1743 = CARTESIAN_POINT ( 'NONE',  ( 5.000000526265646172, 17.49999999999998934, 0.7499999985999999952 ) ) ;
#1744 = CARTESIAN_POINT ( 'NONE',  ( -13.49999979670790751, -15.49999998800000256, 0.7499999975208361258 ) ) ;
#1745 = DIRECTION ( 'NONE',  ( 0.7071067822631880162, 0.7071067801099070183, 0.000000000000000000 ) ) ;
#1746 = ORIENTED_EDGE ( 'NONE', *, *, #1091, .T. ) ;
#1747 = CYLINDRICAL_SURFACE ( 'NONE', #1694, 6.999999999999999112 ) ;
#1748 = DIRECTION ( 'NONE',  ( 0.000000000000000000, 0.000000000000000000, -1.000000000000000000 ) ) ;
#1749 = ORIENTED_EDGE ( 'NONE', *, *, #3670, .T. ) ;
#1750 = EDGE_CURVE ( 'NONE', #449, #2678, #3592, .T. ) ;
#1751 = CARTESIAN_POINT ( 'NONE',  ( -18.66666655834242761, 18.50000000779997222, -0.7499999985999999952 ) ) ;
#1752 = CARTESIAN_POINT ( 'NONE',  ( -9.999999786874907315, -8.666666698466524821, -0.7499999985999999952 ) ) ;
#1753 = CARTESIAN_POINT ( 'NONE',  ( 15.67055186381383791, -19.96882467602387123, 0.7499999985999999952 ) ) ;
#1754 = ORIENTED_EDGE ( 'NONE', *, *, #2135, .T. ) ;
#1755 = ORIENTED_EDGE ( 'NONE', *, *, #490, .F. ) ;
#1756 = VERTEX_POINT ( 'NONE', #433 ) ;
#1757 = CIRCLE ( 'NONE', #2827, 1.500000000000001332 ) ;
#1758 = CARTESIAN_POINT ( 'NONE',  ( 13.99999976063556772, -17.27217277080000812, -0.7499999981624879686 ) ) ;
#1759 = AXIS2_PLACEMENT_3D ( 'NONE', #118, #3252, #2967 ) ;
#1760 = DIRECTION ( 'NONE',  ( 1.000000000000000000, 0.000000000000000000, 0.000000000000000000 ) ) ;
#1761 = DIRECTION ( 'NONE',  ( 0.000000000000000000, 0.000000000000000000, 1.000000000000000000 ) ) ;
#1762 = DIRECTION ( 'NONE',  ( -1.815852218230840173E-11, -1.048382767004165731E-11, 1.000000000000000000 ) ) ;
#1763 = VECTOR ( 'NONE', #421, 1000.000000000000000 ) ;
#1764 = ORIENTED_EDGE ( 'NONE', *, *, #3012, .F. ) ;
#1765 = FACE_BOUND ( 'NONE', #1210, .T. ) ;
#1766 = LINE ( 'NONE', #3345, #1727 ) ;
#1767 = ORIENTED_EDGE ( 'NONE', *, *, #3427, .F. ) ;
#1768 = CARTESIAN_POINT ( 'NONE',  ( 16.99999974804408609, -20.27219263117902059, -0.7499999978968925340 ) ) ;
#1769 = AXIS2_PLACEMENT_3D ( 'NONE', #2978, #2318, #131 ) ;
#1770 = EDGE_CURVE ( 'NONE', #1343, #3272, #2140, .T. ) ;
#1771 = DIRECTION ( 'NONE',  ( -0.000000000000000000, -0.000000000000000000, 1.000000000000000000 ) ) ;
#1772 = ADVANCED_FACE ( 'NONE', ( #2015 ), #2992, .F. ) ;
#1773 = DIRECTION ( 'NONE',  ( 0.000000000000000000, -1.000000000000000000, 0.000000000000000000 ) ) ;
#1774 = PLANE ( 'NONE',  #1722 ) ;
#1775 = VERTEX_POINT ( 'NONE', #124 ) ;
#1776 = CARTESIAN_POINT ( 'NONE',  ( 9.999999564891586701, -43.49999999500003867, 0.7499999985999999952 ) ) ;
#1777 = EDGE_LOOP ( 'NONE', ( #121, #231, #2754, #2025 ) ) ;
#1778 = ORIENTED_EDGE ( 'NONE', *, *, #3481, .T. ) ;
#1779 = PERSON_AND_ORGANIZATION ( #3354, #1964 ) ;
#1780 = CARTESIAN_POINT ( 'NONE',  ( -20.92500000001118465, -36.24316314839887099, -0.7499999985999999952 ) ) ;
#1781 = DIRECTION ( 'NONE',  ( -0.000000000000000000, 0.000000000000000000, 1.000000000000000000 ) ) ;
#1782 = LINE ( 'NONE', #512, #3456 ) ;
#1783 = CARTESIAN_POINT ( 'NONE',  ( -33.00000011423342983, -32.33161453644675731, 0.7499999985999979968 ) ) ;
#1784 = AXIS2_PLACEMENT_3D ( 'NONE', #2729, #2774, #819 ) ;
#1785 = ADVANCED_FACE ( 'NONE', ( #2290 ), #1040, .F. ) ;
#1786 = VERTEX_POINT ( 'NONE', #1084 ) ;
#1787 = CARTESIAN_POINT ( 'NONE',  ( 24.29133551652509837, 26.31513444099997656, -0.7499999985999999952 ) ) ;
#1788 = CARTESIAN_POINT ( 'NONE',  ( 43.11947573885158391, 15.05938009376195375, -0.7499999985999999952 ) ) ;
#1789 = ORIENTED_EDGE ( 'NONE', *, *, #276, .T. ) ;
#1790 = CIRCLE ( 'NONE', #3845, 1.150000000000012124 ) ;
#1791 = DIRECTION ( 'NONE',  ( 1.000000000000000000, 0.000000000000000000, 0.000000000000000000 ) ) ;
#1792 = VECTOR ( 'NONE', #852, 1000.000000000000000 ) ;
#1793 = ADVANCED_FACE ( 'NONE', ( #1416 ), #472, .T. ) ;
#1794 = CARTESIAN_POINT ( 'NONE',  ( -9.999999806958397741, -1.499999997200018864, -0.7500000007666342006 ) ) ;
#1795 = CARTESIAN_POINT ( 'NONE',  ( 31.91474416411011461, 11.73827833243886332, -0.7499999986000001062 ) ) ;
#1796 = DIRECTION ( 'NONE',  ( -1.000000000000000000, 0.000000000000000000, 0.000000000000000000 ) ) ;
#1797 = ORIENTED_EDGE ( 'NONE', *, *, #568, .F. ) ;
#1798 = CIRCLE ( 'NONE', #2989, 6.999999999999999112 ) ;
#1799 = CARTESIAN_POINT ( 'NONE',  ( 14.16200428119026711, 18.27761527257097285, -0.7499999986000001062 ) ) ;
#1800 = ORIENTED_EDGE ( 'NONE', *, *, #2781, .F. ) ;
#1801 = ORIENTED_EDGE ( 'NONE', *, *, #2710, .T. ) ;
#1802 = FACE_OUTER_BOUND ( 'NONE', #1194, .T. ) ;
#1803 = ADVANCED_FACE ( 'NONE', ( #3611 ), #1726, .F. ) ;
#1804 = AXIS2_PLACEMENT_3D ( 'NONE', #3591, #3920, #2056 ) ;
#1805 = PLANE ( 'NONE',  #33 ) ;
#1806 = CARTESIAN_POINT ( 'NONE',  ( -13.49999978800839351, 15.50000001339998867, -0.7499999965687292880 ) ) ;
#1807 = CARTESIAN_POINT ( 'NONE',  ( 5.733501740725094109, 36.98635245589998277, -0.7499999985999999952 ) ) ;
#1808 = ORIENTED_EDGE ( 'NONE', *, *, #545, .T. ) ;
#1809 = ORIENTED_EDGE ( 'NONE', *, *, #991, .T. ) ;
#1810 = CARTESIAN_POINT ( 'NONE',  ( -22.07500000001164153, 38.23502157710276350, -0.7499999985999999952 ) ) ;
#1811 = PLANE ( 'NONE',  #869 ) ;
#1812 = VERTEX_POINT ( 'NONE', #2035 ) ;
#1813 = DIRECTION ( 'NONE',  ( 1.000000000000000000, 0.000000000000000000, 0.000000000000000000 ) ) ;
#1814 = CARTESIAN_POINT ( 'NONE',  ( 28.20079915639159296, 24.73495838706649153, 0.7499999985999999952 ) ) ;
#1815 = CARTESIAN_POINT ( 'NONE',  ( 30.30096372680057826, 13.86197133591948827, -0.7499999965900845389 ) ) ;
#1816 = ADVANCED_FACE ( 'NONE', ( #3303 ), #146, .F. ) ;
#1817 = DIRECTION ( 'NONE',  ( 1.000000000000000000, -4.625929269271481378E-15, 0.000000000000000000 ) ) ;
#1818 = ORIENTED_EDGE ( 'NONE', *, *, #284, .T. ) ;
#1819 = DIRECTION ( 'NONE',  ( 1.000000000000000000, 0.000000000000000000, 0.000000000000000000 ) ) ;
#1820 = VERTEX_POINT ( 'NONE', #80 ) ;
#1821 = ORIENTED_EDGE ( 'NONE', *, *, #698, .T. ) ;
#1822 = CARTESIAN_POINT ( 'NONE',  ( -21.18729065311267235, -44.69746388589615549, 0.4499999977466696555 ) ) ;
#1823 = ADVANCED_FACE ( 'NONE', ( #3554 ), #706, .T. ) ;
#1824 = EDGE_CURVE ( 'NONE', #1472, #219, #2312, .T. ) ;
#1825 = AXIS2_PLACEMENT_3D ( 'NONE', #900, #2171, #3390 ) ;
#1826 = LINE ( 'NONE', #2736, #1695 ) ;
#1827 = CARTESIAN_POINT ( 'NONE',  ( 44.15000000002297753, -2.775557561562891351E-14, -0.7588613151671350643 ) ) ;
#1828 = CARTESIAN_POINT ( 'NONE',  ( -15.08493640832295135, -31.12787628813645924, 0.4499999979997406641 ) ) ;
#1829 = ORIENTED_EDGE ( 'NONE', *, *, #3449, .F. ) ;
#1830 = ORIENTED_EDGE ( 'NONE', *, *, #2184, .T. ) ;
#1831 = ORIENTED_EDGE ( 'NONE', *, *, #4049, .T. ) ;
#1832 = DIRECTION ( 'NONE',  ( -0.4999999999999918954, -0.8660254037844432595, 0.000000000000000000 ) ) ;
#1833 = AXIS2_PLACEMENT_3D ( 'NONE', #776, #70, #3888 ) ;
#1834 = DIRECTION ( 'NONE',  ( 1.000000000000000000, 0.000000000000000000, 0.000000000000000000 ) ) ;
#1835 = ORIENTED_EDGE ( 'NONE', *, *, #3035, .F. ) ;
#1836 = DIRECTION ( 'NONE',  ( 1.000000000000000000, 0.000000000000000000, 0.000000000000000000 ) ) ;
#1837 = CARTESIAN_POINT ( 'NONE',  ( 41.85000000002300879, -1.150000000000039879, -0.7588613151671350643 ) ) ;
#1838 = CARTESIAN_POINT ( 'NONE',  ( 31.89844671143590560, 10.55769244441723309, -0.7499999986000001062 ) ) ;
#1839 = CARTESIAN_POINT ( 'NONE',  ( -24.51499262615953612, 18.11979820772975813, -0.7499999985999998842 ) ) ;
#1840 = ORIENTED_EDGE ( 'NONE', *, *, #68, .F. ) ;
#1841 = CIRCLE ( 'NONE', #2036, 5.000000000000000000 ) ;
#1842 = DIRECTION ( 'NONE',  ( -1.000000000000000000, 0.000000000000000000, 0.000000000000000000 ) ) ;
#1843 = ORIENTED_EDGE ( 'NONE', *, *, #2341, .T. ) ;
#1844 = ORIENTED_EDGE ( 'NONE', *, *, #1146, .F. ) ;
#1845 = CARTESIAN_POINT ( 'NONE',  ( 5.500000526265647061, -37.00000000000003553, 0.7499999985999999952 ) ) ;
#1846 = ADVANCED_FACE ( 'NONE', ( #3258 ), #413, .F. ) ;
#1847 = CARTESIAN_POINT ( 'NONE',  ( 10.69757939467858598, 32.09813312057134738, -0.7499999986000001062 ) ) ;
#1848 = FACE_OUTER_BOUND ( 'NONE', #3112, .T. ) ;
#1849 = DIRECTION ( 'NONE',  ( 0.000000000000000000, 0.000000000000000000, -1.000000000000000000 ) ) ;
#1850 = EDGE_CURVE ( 'NONE', #3931, #931, #2452, .T. ) ;
#1851 = ADVANCED_FACE ( 'NONE', ( #878 ), #3077, .T. ) ;
#1852 = ORIENTED_EDGE ( 'NONE', *, *, #1697, .T. ) ;
#1853 = EDGE_LOOP ( 'NONE', ( #1714, #2492, #430, #3709, #289, #3564, #2653, #4013, #237, #958, #2531, #2739 ) ) ;
#1854 = LINE ( 'NONE', #3119, #3677 ) ;
#1855 = CARTESIAN_POINT ( 'NONE',  ( 5.807822419224923038, -46.49999999641654824, -0.7499999985999999952 ) ) ;
#1856 = ORIENTED_EDGE ( 'NONE', *, *, #3087, .T. ) ;
#1857 = CARTESIAN_POINT ( 'NONE',  ( 38.87264290905359587, 19.61355081979446169, 0.7500000000343319817 ) ) ;
#1858 = CARTESIAN_POINT ( 'NONE',  ( 7.123669003276599909, 35.59618518911547369, -0.7499999985999999952 ) ) ;
#1859 = CARTESIAN_POINT ( 'NONE',  ( -13.49999979670790751, -15.49999998800000256, 0.7499999975208361258 ) ) ;
#1860 = CARTESIAN_POINT ( 'NONE',  ( -9.999999797191405193, -23.00000009923802580, 0.7499999985999999952 ) ) ;
#1861 = ORIENTED_EDGE ( 'NONE', *, *, #1580, .F. ) ;
#1862 = VECTOR ( 'NONE', #1128, 1000.000000000000000 ) ;
#1863 = AXIS2_PLACEMENT_3D ( 'NONE', #2499, #1849, #601 ) ;
#1864 = CARTESIAN_POINT ( 'NONE',  ( -23.00000010127489958, 18.50000000779997222, 0.2499999995333341274 ) ) ;
#1865 = ORIENTED_EDGE ( 'NONE', *, *, #24, .T. ) ;
#1866 = ORIENTED_EDGE ( 'NONE', *, *, #3210, .T. ) ;
#1867 = CIRCLE ( 'NONE', #1400, 1.499999999999997780 ) ;
#1868 = CARTESIAN_POINT ( 'NONE',  ( 31.79278719015926669, 10.18177195313156247, 0.7499999986000001062 ) ) ;
#1869 = EDGE_CURVE ( 'NONE', #4010, #1668, #3731, .T. ) ;
#1870 = CARTESIAN_POINT ( 'NONE',  ( 12.06487720235448968, 31.25697774061960388, -0.7499999986000001062 ) ) ;
#1871 = CARTESIAN_POINT ( 'NONE',  ( -20.71410153292726974, -27.87787628813961760, 0.7499999979315956633 ) ) ;
#1872 = CARTESIAN_POINT ( 'NONE',  ( 5.807822419224923038, -46.49999999641654824, 48.47984059516105049 ) ) ;
#1873 = EDGE_CURVE ( 'NONE', #1985, #2641, #3693, .T. ) ;
#1874 = CIRCLE ( 'NONE', #3197, 1.500000000000001332 ) ;
#1875 = ORIENTED_EDGE ( 'NONE', *, *, #284, .F. ) ;
#1876 = VERTEX_POINT ( 'NONE', #2117 ) ;
#1877 = DIRECTION ( 'NONE',  ( -0.8660254037844363761, -0.5000000000000039968, -1.048382767004157491E-11 ) ) ;
#1878 = CARTESIAN_POINT ( 'NONE',  ( 18.15053484072338108, -20.05292457665983719, -0.7499999986000001062 ) ) ;
#1879 = CARTESIAN_POINT ( 'NONE',  ( 12.56294459881410219, 31.05566260747347229, 0.7500000019478850755 ) ) ;
#1880 = CIRCLE ( 'NONE', #2410, 2.250000000000001776 ) ;
#1881 = DIRECTION ( 'NONE',  ( -0.9999999999999998890, -1.451804941606909900E-08, 0.000000000000000000 ) ) ;
#1882 = EDGE_CURVE ( 'NONE', #1786, #3686, #2465, .T. ) ;
#1883 = CARTESIAN_POINT ( 'NONE',  ( 7.250000526265648837, 17.49999999999998934, 0.7499999986000004393 ) ) ;
#1884 = DIRECTION ( 'NONE',  ( 1.815852218230855036E-11, -1.048382767004157330E-11, -1.000000000000000000 ) ) ;
#1885 = ORIENTED_EDGE ( 'NONE', *, *, #2660, .T. ) ;
#1886 = CARTESIAN_POINT ( 'NONE',  ( 4.999999803455307479, -31.99999987921703237, -0.7499999985999999952 ) ) ;
#1887 = ORIENTED_EDGE ( 'NONE', *, *, #2078, .T. ) ;
#1888 = ORIENTED_EDGE ( 'NONE', *, *, #2597, .T. ) ;
#1889 = DIRECTION ( 'NONE',  ( -1.000000000000000000, 0.000000000000000000, 0.000000000000000000 ) ) ;
#1890 = CARTESIAN_POINT ( 'NONE',  ( -16.49999979167490594, 18.50000000779997222, 0.2499999995333341274 ) ) ;
#1891 = DIRECTION ( 'NONE',  ( 0.000000000000000000, 0.000000000000000000, 1.000000000000000000 ) ) ;
#1892 = FACE_OUTER_BOUND ( 'NONE', #1471, .T. ) ;
#1893 = ORIENTED_EDGE ( 'NONE', *, *, #2735, .T. ) ;
#1894 = DIRECTION ( 'NONE',  ( -1.815852218230854713E-11, 1.048382767004157330E-11, 1.000000000000000000 ) ) ;
#1895 = CARTESIAN_POINT ( 'NONE',  ( 26.97172187118890463, 0.4721632985350159850, -0.7499999985999998842 ) ) ;
#1896 = DIRECTION ( 'NONE',  ( 0.8660254037844432595, -0.4999999999999919509, 1.048382767004165731E-11 ) ) ;
#1897 = CIRCLE ( 'NONE', #904, 1.150000000000012124 ) ;
#1898 = VECTOR ( 'NONE', #1293, 1000.000000000000000 ) ;
#1899 = FACE_OUTER_BOUND ( 'NONE', #4048, .T. ) ;
#1900 = FACE_OUTER_BOUND ( 'NONE', #3131, .T. ) ;
#1901 = CARTESIAN_POINT ( 'NONE',  ( 13.99999976256308187, -17.27217277508852433, 0.7499999990333441335 ) ) ;
#1902 = ORIENTED_EDGE ( 'NONE', *, *, #2821, .T. ) ;
#1903 = B_SPLINE_CURVE_WITH_KNOTS ( 'NONE', 3,
 ( #401, #714, #2064, #1361, #3560, #734, #2630, #1999, #479, #3329 ),
 .UNSPECIFIED., .F., .F.,
 ( 4, 2, 2, 2, 4 ),
 ( 0.000000000000000000, 0.2499999999999992228, 0.4999999999999994449, 0.7499999999999996669, 1.000000000000000000 ),
 .UNSPECIFIED. ) ;
#1904 = VECTOR ( 'NONE', #1466, 1000.000000000000000 ) ;
#1905 = ADVANCED_FACE ( 'NONE', ( #1215 ), #2168, .F. ) ;
#1906 = EDGE_CURVE ( 'NONE', #2832, #463, #266, .T. ) ;
#1907 = DIRECTION ( 'NONE',  ( -1.000000000000000000, 0.000000000000000000, 0.000000000000000000 ) ) ;
#1908 = ORIENTED_EDGE ( 'NONE', *, *, #1741, .T. ) ;
#1909 = ORIENTED_EDGE ( 'NONE', *, *, #15, .F. ) ;
#1910 = CARTESIAN_POINT ( 'NONE',  ( 9.904003539845080084, 32.81585065511999488, -0.7500000009079994534 ) ) ;
#1911 = CARTESIAN_POINT ( 'NONE',  ( -15.08493640832295135, -31.12787628813645924, 0.4499999979997406641 ) ) ;
#1912 = CARTESIAN_POINT ( 'NONE',  ( -18.25000000001161737, 31.60992723815184036, -0.7499999985999999952 ) ) ;
#1913 = VERTEX_POINT ( 'NONE', #3998 ) ;
#1914 = CARTESIAN_POINT ( 'NONE',  ( -16.49999979039940001, -18.49999999628354530, 0.7499999973666701125 ) ) ;
#1915 = FACE_OUTER_BOUND ( 'NONE', #924, .T. ) ;
#1916 = DIRECTION ( 'NONE',  ( -0.6786565520163216902, 0.7344557743018416129, 0.000000000000000000 ) ) ;
#1917 = EDGE_CURVE ( 'NONE', #635, #219, #2202, .T. ) ;
#1918 = PLANE ( 'NONE',  #3945 ) ;
#1919 = DIRECTION ( 'NONE',  ( -1.000000000000000000, 0.000000000000000000, 0.000000000000000000 ) ) ;
#1920 = CARTESIAN_POINT ( 'NONE',  ( -6.989284805519413446, 43.49999999499998182, -0.7499999985999999952 ) ) ;
#1921 = VERTEX_POINT ( 'NONE', #3099 ) ;
#1922 = ADVANCED_FACE ( 'NONE', ( #1478 ), #3011, .F. ) ;
#1923 = CIRCLE ( 'NONE', #862, 2.250000000000001776 ) ;
#1924 = DIRECTION ( 'NONE',  ( 0.000000000000000000, 1.000000000000000000, 0.000000000000000000 ) ) ;
#1925 = ORIENTED_EDGE ( 'NONE', *, *, #1917, .F. ) ;
#1926 = VERTEX_POINT ( 'NONE', #249 ) ;
#1927 = EDGE_CURVE ( 'NONE', #1391, #3505, #3319, .T. ) ;
#1928 = AXIS2_PLACEMENT_3D ( 'NONE', #1992, #2643, #1680 ) ;
#1929 = AXIS2_PLACEMENT_3D ( 'NONE', #620, #957, #3138 ) ;
#1930 = VECTOR ( 'NONE', #2639, 1000.000000000000000 ) ;
#1931 = B_SPLINE_CURVE_WITH_KNOTS ( 'NONE', 3,
 ( #2355, #1647, #3840, #1020 ),
 .UNSPECIFIED., .F., .F.,
 ( 4, 4 ),
 ( 0.000000000000000000, 1.000000000000000000 ),
 .UNSPECIFIED. ) ;
#1932 = EDGE_CURVE ( 'NONE', #3987, #743, #184, .T. ) ;
#1933 = DIRECTION ( 'NONE',  ( -0.000000000000000000, 0.000000000000000000, 1.000000000000000000 ) ) ;
#1934 = CYLINDRICAL_SURFACE ( 'NONE', #2333, 3.000000019800001194 ) ;
#1935 = VERTEX_POINT ( 'NONE', #1149 ) ;
#1936 = CARTESIAN_POINT ( 'NONE',  ( -13.88060213641245078, 17.01522510294832813, 0.7499999985999999952 ) ) ;
#1937 = CARTESIAN_POINT ( 'NONE',  ( 27.08435609622968343, -0.9409562754315822231, -0.7499999986000001062 ) ) ;
#1938 = DIRECTION ( 'NONE',  ( 0.000000000000000000, 0.000000000000000000, -1.000000000000000000 ) ) ;
#1939 = LINE ( 'NONE', #2605, #3685 ) ;
#1940 = CARTESIAN_POINT ( 'NONE',  ( 18.36197127028860265, -19.94519232956701416, 0.2500000006832859833 ) ) ;
#1941 = CARTESIAN_POINT ( 'NONE',  ( -3.999999473734361377, -37.00000000000003553, -0.7499999985999999952 ) ) ;
#1942 = ORIENTED_EDGE ( 'NONE', *, *, #783, .F. ) ;
#1943 = AXIS2_PLACEMENT_3D ( 'NONE', #2803, #2136, #1819 ) ;
#1944 = EDGE_CURVE ( 'NONE', #889, #2938, #2413, .T. ) ;
#1945 = EDGE_LOOP ( 'NONE', ( #2814, #1360 ) ) ;
#1946 = ORIENTED_EDGE ( 'NONE', *, *, #3522, .F. ) ;
#1947 = ORIENTED_EDGE ( 'NONE', *, *, #1551, .F. ) ;
#1948 = APPROVAL_DATE_TIME ( #1657, #1496 ) ;
#1949 = CYLINDRICAL_SURFACE ( 'NONE', #465, 1.150000000000012124 ) ;
#1950 = B_SPLINE_CURVE_WITH_KNOTS ( 'NONE', 3,
 ( #1744, #1123, #2434, #3692 ),
 .UNSPECIFIED., .F., .F.,
 ( 4, 4 ),
 ( 0.000000000000000000, 1.000000000000000000 ),
 .UNSPECIFIED. ) ;
#1951 = EDGE_CURVE ( 'NONE', #1526, #2824, #2596, .T. ) ;
#1952 = EDGE_CURVE ( 'NONE', #1578, #3562, #861, .T. ) ;
#1953 = AXIS2_PLACEMENT_3D ( 'NONE', #383, #1735, #1026 ) ;
#1954 = VERTEX_POINT ( 'NONE', #1783 ) ;
#1955 = DIRECTION ( 'NONE',  ( -0.000000000000000000, 0.000000000000000000, 1.000000000000000000 ) ) ;
#1956 = CARTESIAN_POINT ( 'NONE',  ( 16.99999975632507443, -17.27217277080000812, 9.757819552369539906E-16 ) ) ;
#1957 = CARTESIAN_POINT ( 'NONE',  ( 12.06556031147987262, 31.25670163359198384, 0.7499999986000001062 ) ) ;
#1958 = DIRECTION ( 'NONE',  ( 1.000000000000000000, 0.000000000000000000, 0.000000000000000000 ) ) ;
#1959 = LINE ( 'NONE', #2996, #2952 ) ;
#1960 = CIRCLE ( 'NONE', #1571, 5.000000000000000888 ) ;
#1961 = LINE ( 'NONE', #3500, #3905 ) ;
#1962 = ORIENTED_EDGE ( 'NONE', *, *, #1951, .T. ) ;
#1963 = CARTESIAN_POINT ( 'NONE',  ( -25.40222411893713783, -17.34061532805367278, 0.7499999985999999952 ) ) ;
#1964 = ORGANIZATION ( 'UNSPECIFIED', 'UNSPECIFIED', '' ) ;
#1965 = CARTESIAN_POINT ( 'NONE',  ( 27.08493617938225739, -0.9420947897170101060, 0.7499999983906531220 ) ) ;
#1966 = VERTEX_POINT ( 'NONE', #831 ) ;
#1967 = ORIENTED_EDGE ( 'NONE', *, *, #1502, .F. ) ;
#1968 = AXIS2_PLACEMENT_3D ( 'NONE', #3261, #1729, #2712 ) ;
#1969 = VERTEX_POINT ( 'NONE', #1542 ) ;
#1970 = CARTESIAN_POINT ( 'NONE',  ( -33.00000090116203211, 36.37306841329374407, 0.7499999985999979968 ) ) ;
#1971 = ADVANCED_FACE ( 'NONE', ( #1892 ), #3156, .F. ) ;
#1972 = AXIS2_PLACEMENT_3D ( 'NONE', #2649, #1405, #3906 ) ;
#1973 = ORIENTED_EDGE ( 'NONE', *, *, #1421, .T. ) ;
#1974 = LINE ( 'NONE', #2054, #1174 ) ;
#1975 = CARTESIAN_POINT ( 'NONE',  ( 31.89844670859671183, -10.55769280038431113, 0.7499999986000001062 ) ) ;
#1976 = EDGE_CURVE ( 'NONE', #3091, #2832, #2210, .T. ) ;
#1977 = LINE ( 'NONE', #378, #2698 ) ;
#1978 = CARTESIAN_POINT ( 'NONE',  ( 28.73658672211509923, -4.183641356729022931, -0.7499999985999999952 ) ) ;
#1979 = CARTESIAN_POINT ( 'NONE',  ( -9.999999797191405193, -26.99999987921702882, 0.7499999985999999952 ) ) ;
#1980 = ORIENTED_EDGE ( 'NONE', *, *, #2053, .F. ) ;
#1981 = DIRECTION ( 'NONE',  ( 0.000000000000000000, -1.000000000000000000, 0.000000000000000000 ) ) ;
#1982 = CYLINDRICAL_SURFACE ( 'NONE', #1701, 1.499999999999997780 ) ;
#1983 = ORIENTED_EDGE ( 'NONE', *, *, #2283, .T. ) ;
#1984 = ORIENTED_EDGE ( 'NONE', *, *, #3702, .F. ) ;
#1985 = VERTEX_POINT ( 'NONE', #3492 ) ;
#1986 = CIRCLE ( 'NONE', #2654, 6.999999999999999112 ) ;
#1987 = CARTESIAN_POINT ( 'NONE',  ( 9.999999721333113101, -43.49999999500003867, -0.7499999985999999952 ) ) ;
#1988 = B_SPLINE_CURVE_WITH_KNOTS ( 'NONE', 3,
 ( #2061, #437, #3557, #2975, #1402, #1086, #476, #3326, #2356, #2688 ),
 .UNSPECIFIED., .F., .F.,
 ( 4, 2, 2, 2, 4 ),
 ( 0.000000000000000000, 0.2500000000000000000, 0.5000000000000000000, 0.7500000000000000000, 1.000000000000000000 ),
 .UNSPECIFIED. ) ;
#1989 = AXIS2_PLACEMENT_3D ( 'NONE', #944, #2193, #3200 ) ;
#1990 = VERTEX_POINT ( 'NONE', #3756 ) ;
#1991 = CARTESIAN_POINT ( 'NONE',  ( -4.999999786874903762, 1.500000135683465796, -0.7499999985999999952 ) ) ;
#1992 = CARTESIAN_POINT ( 'NONE',  ( 9.999999564891586701, 6.500000135683469793, 0.7612734287194810046 ) ) ;
#1993 = VECTOR ( 'NONE', #2944, 1000.000000000000114 ) ;
#1994 = DIRECTION ( 'NONE',  ( -1.000000000000000000, 0.000000000000000000, -1.815850710536654050E-11 ) ) ;
#1995 = CYLINDRICAL_SURFACE ( 'NONE', #3220, 1.500000000000001332 ) ;
#1996 = PLANE ( 'NONE',  #1169 ) ;
#1997 = DIRECTION ( 'NONE',  ( -0.5224985617661035420, 0.8526401661617597494, 0.000000000000000000 ) ) ;
#1998 = EDGE_LOOP ( 'NONE', ( #3312, #822, #467, #1306 ) ) ;
#1999 = CARTESIAN_POINT ( 'NONE',  ( -13.57612027272212174, -16.28087550461794208, -0.7499999985999999952 ) ) ;
#2000 = B_SPLINE_CURVE_WITH_KNOTS ( 'NONE', 3,
 ( #3632, #3385, #2737, #2390 ),
 .UNSPECIFIED., .F., .F.,
 ( 4, 4 ),
 ( 0.000000000000000000, 1.000000000000000000 ),
 .UNSPECIFIED. ) ;
#2001 = AXIS2_PLACEMENT_3D ( 'NONE', #747, #3279, #2644 ) ;
#2002 = EDGE_CURVE ( 'NONE', #882, #3770, #66, .T. ) ;
#2003 = DIRECTION ( 'NONE',  ( -0.8660254037844363761, -0.5000000000000039968, -1.048382767004157491E-11 ) ) ;
#2004 = CARTESIAN_POINT ( 'NONE',  ( 14.40077056886386231, -18.77438823222506770, 0.7499999986000002172 ) ) ;
#2005 = ORIENTED_EDGE ( 'NONE', *, *, #3899, .T. ) ;
#2006 = ORIENTED_EDGE ( 'NONE', *, *, #45, .F. ) ;
#2007 = B_SPLINE_CURVE_WITH_KNOTS ( 'NONE', 3,
 ( #1467, #1224, #3439, #2800, #2423, #590, #3661, #1204, #2471, #2713 ),
 .UNSPECIFIED., .F., .F.,
 ( 4, 2, 2, 2, 4 ),
 ( 0.000000000000000000, 0.2500000000000000000, 0.5000000000000000000, 0.7500000000000000000, 1.000000000000000000 ),
 .UNSPECIFIED. ) ;
#2008 = VECTOR ( 'NONE', #821, 1000.000000000000000 ) ;
#2009 = ORIENTED_EDGE ( 'NONE', *, *, #514, .T. ) ;
#2010 = DIRECTION ( 'NONE',  ( 1.000000000000000000, 0.000000000000000000, 0.000000000000000000 ) ) ;
#2011 = DIRECTION ( 'NONE',  ( -1.000000000000000000, 0.000000000000000000, 0.000000000000000000 ) ) ;
#2012 = ORIENTED_EDGE ( 'NONE', *, *, #1873, .F. ) ;
#2013 = DIRECTION ( 'NONE',  ( 0.000000000000000000, 1.000000000000000000, 0.000000000000000000 ) ) ;
#2014 = DIRECTION ( 'NONE',  ( -0.4999999999999916733, -0.8660254037844434816, -1.815850082013640892E-11 ) ) ;
#2015 = FACE_OUTER_BOUND ( 'NONE', #493, .T. ) ;
#2016 = DIRECTION ( 'NONE',  ( 0.000000000000000000, 0.000000000000000000, -1.000000000000000000 ) ) ;
#2017 = ORIENTED_EDGE ( 'NONE', *, *, #1202, .F. ) ;
#2018 = CARTESIAN_POINT ( 'NONE',  ( -26.00000100496691147, 32.33161605478077405, -0.7499999985999999952 ) ) ;
#2019 = DIRECTION ( 'NONE',  ( 0.000000000000000000, -1.000000000000000000, 0.000000000000000000 ) ) ;
#2020 = VERTEX_POINT ( 'NONE', #332 ) ;
#2021 = CARTESIAN_POINT ( 'NONE',  ( 49.30278453645816938, 3.999999999999976019, 0.4499999986000000618 ) ) ;
#2022 = VECTOR ( 'NONE', #690, 1000.000000000000000 ) ;
#2023 = DIRECTION ( 'NONE',  ( -1.000000000000000000, 0.000000000000000000, 0.000000000000000000 ) ) ;
#2024 = DIRECTION ( 'NONE',  ( 1.000000000000000000, 0.000000000000000000, 0.000000000000000000 ) ) ;
#2025 = ORIENTED_EDGE ( 'NONE', *, *, #828, .T. ) ;
#2026 = ORIENTED_EDGE ( 'NONE', *, *, #935, .F. ) ;
#2027 = ADVANCED_FACE ( 'NONE', ( #1235 ), #1584, .T. ) ;
#2028 = AXIS2_PLACEMENT_3D ( 'NONE', #3136, #1933, #2845 ) ;
#2029 = ORIENTED_EDGE ( 'NONE', *, *, #3193, .F. ) ;
#2030 = APPROVAL_ROLE ( '' ) ;
#2031 = CARTESIAN_POINT ( 'NONE',  ( 9.999999721333113101, -23.00000009923802580, 0.7499999985999999952 ) ) ;
#2032 = AXIS2_PLACEMENT_3D ( 'NONE', #3396, #1223, #2488 ) ;
#2033 = DIRECTION ( 'NONE',  ( 0.000000000000000000, 0.000000000000000000, -1.000000000000000000 ) ) ;
#2034 = CARTESIAN_POINT ( 'NONE',  ( 15.24597356428644268, -19.72075233705553288, -0.7499999985999999952 ) ) ;
#2035 = CARTESIAN_POINT ( 'NONE',  ( -21.92092921438556985, 35.66816314841117475, 0.4499999978280097568 ) ) ;
#2036 = AXIS2_PLACEMENT_3D ( 'NONE', #3739, #2464, #1836 ) ;
#2037 = CARTESIAN_POINT ( 'NONE',  ( -33.00000090116203211, 36.37306841329374407, 48.47984059516105049 ) ) ;
#2038 = LINE ( 'NONE', #3939, #967 ) ;
#2039 = CYLINDRICAL_SURFACE ( 'NONE', #998, 2.999999994400016412 ) ;
#2040 = ORIENTED_EDGE ( 'NONE', *, *, #11, .F. ) ;
#2041 = CARTESIAN_POINT ( 'NONE',  ( 44.15000000002297753, -2.775557561562891351E-14, -0.7499999985999999952 ) ) ;
#2042 = B_SPLINE_CURVE_WITH_KNOTS ( 'NONE', 3,
 ( #947, #2914, #4092, #629 ),
 .UNSPECIFIED., .F., .F.,
 ( 4, 4 ),
 ( 0.000000000000000000, 1.000000000000000000 ),
 .UNSPECIFIED. ) ;
#2043 = EDGE_CURVE ( 'NONE', #3292, #3105, #2392, .T. ) ;
#2044 = CARTESIAN_POINT ( 'NONE',  ( 6.250000526265647949, -37.00000000000003553, 0.7499999985999999952 ) ) ;
#2045 = DIRECTION ( 'NONE',  ( 0.8660254481687733596, 0.4999999231240693232, 0.000000000000000000 ) ) ;
#2046 = ORIENTED_EDGE ( 'NONE', *, *, #1326, .T. ) ;
#2047 = ORIENTED_EDGE ( 'NONE', *, *, #3163, .F. ) ;
#2048 = EDGE_CURVE ( 'NONE', #1563, #1544, #18, .T. ) ;
#2049 = ADVANCED_FACE ( 'NONE', ( #2541 ), #2522, .F. ) ;
#2050 = ORIENTED_EDGE ( 'NONE', *, *, #2735, .F. ) ;
#2051 = DIRECTION ( 'NONE',  ( 0.000000000000000000, 0.000000000000000000, -1.000000000000000000 ) ) ;
#2052 = AXIS2_PLACEMENT_3D ( 'NONE', #3786, #2275, #948 ) ;
#2053 = EDGE_CURVE ( 'NONE', #1078, #1668, #1705, .T. ) ;
#2054 = CARTESIAN_POINT ( 'NONE',  ( 3.068867685249665467, -46.49999999641654824, 0.7499999985999979968 ) ) ;
#2055 = CARTESIAN_POINT ( 'NONE',  ( 35.00000000002298606, -2.775557561562891351E-14, -0.7499999985999999952 ) ) ;
#2056 = DIRECTION ( 'NONE',  ( -1.000000000000000000, 0.000000000000000000, 0.000000000000000000 ) ) ;
#2057 = AXIS2_PLACEMENT_3D ( 'NONE', #2253, #3142, #40 ) ;
#2058 = AXIS2_PLACEMENT_3D ( 'NONE', #853, #2455, #3956 ) ;
#2059 = AXIS2_PLACEMENT_3D ( 'NONE', #1256, #956, #2865 ) ;
#2060 = ORIENTED_EDGE ( 'NONE', *, *, #1202, .T. ) ;
#2061 = CARTESIAN_POINT ( 'NONE',  ( 30.30096373282006894, -13.86197172091852003, -0.7499999980177621817 ) ) ;
#2062 = CYLINDRICAL_SURFACE ( 'NONE', #2456, 2.250000000000001776 ) ;
#2063 = ORIENTED_EDGE ( 'NONE', *, *, #1850, .F. ) ;
#2064 = CARTESIAN_POINT ( 'NONE',  ( -15.71889172894843512, -18.42347900100354252, -0.7499999986000001062 ) ) ;
#2065 = LINE ( 'NONE', #3166, #3289 ) ;
#2066 = CARTESIAN_POINT ( 'NONE',  ( -6.499999473734363598, 17.49999999999998934, -0.7499999985999999952 ) ) ;
#2067 = ORIENTED_EDGE ( 'NONE', *, *, #1399, .T. ) ;
#2068 = VERTEX_POINT ( 'NONE', #1295 ) ;
#2069 = AXIS2_PLACEMENT_3D ( 'NONE', #57, #2604, #1019 ) ;
#2070 = ORIENTED_EDGE ( 'NONE', *, *, #3417, .T. ) ;
#2071 = PERSON_AND_ORGANIZATION_ROLE ( 'design_supplier' ) ;
#2072 = DIRECTION ( 'NONE',  ( 0.8910065205549682066, 0.4539905068704951363, 0.000000000000000000 ) ) ;
#2073 = CARTESIAN_POINT ( 'NONE',  ( -4.999999786874903762, 6.500000135683469793, -0.7499999985999999952 ) ) ;
#2074 = CARTESIAN_POINT ( 'NONE',  ( -20.92500000003297345, -36.24316314841146891, 0.4499999978400660572 ) ) ;
#2075 = DIRECTION ( 'NONE',  ( -1.815852218230854713E-11, 1.048382767004157330E-11, 1.000000000000000000 ) ) ;
#2076 = ADVANCED_FACE ( 'NONE', ( #3814 ), #2188, .F. ) ;
#2077 = EDGE_CURVE ( 'NONE', #750, #741, #1257, .T. ) ;
#2078 = EDGE_CURVE ( 'NONE', #2902, #1492, #884, .T. ) ;
#2079 = VERTEX_POINT ( 'NONE', #2830 ) ;
#2080 = CARTESIAN_POINT ( 'NONE',  ( -3.999999473734361377, -37.00000000000003553, 0.4499999986000000618 ) ) ;
#2081 = DIRECTION ( 'NONE',  ( -1.000000000000000000, 0.000000000000000000, 0.000000000000000000 ) ) ;
#2082 = VERTEX_POINT ( 'NONE', #4086 ) ;
#2083 = CARTESIAN_POINT ( 'NONE',  ( 40.28825384859155179, 18.09549390799996971, 0.7499999985999999952 ) ) ;
#2084 = AXIS2_PLACEMENT_3D ( 'NONE', #3246, #3290, #443 ) ;
#2085 = CARTESIAN_POINT ( 'NONE',  ( 36.56073766069252429, 21.35593359368966304, -0.7499999986000001062 ) ) ;
#2086 = CARTESIAN_POINT ( 'NONE',  ( 37.09813807075819625, 21.13872035457212206, 0.7499999999148053709 ) ) ;
#2087 = CARTESIAN_POINT ( 'NONE',  ( -13.49999979727489752, -15.49999998800000256, 0.000000000000000000 ) ) ;
#2088 = VERTEX_POINT ( 'NONE', #664 ) ;
#2089 = DIRECTION ( 'NONE',  ( 0.000000000000000000, 0.000000000000000000, -1.000000000000000000 ) ) ;
#2090 = ORIENTED_EDGE ( 'NONE', *, *, #2892, .F. ) ;
#2091 = ORIENTED_EDGE ( 'NONE', *, *, #35, .F. ) ;
#2092 = PERSON_AND_ORGANIZATION ( #3354, #1964 ) ;
#2093 = VECTOR ( 'NONE', #2889, 1000.000000000000000 ) ;
#2094 = CARTESIAN_POINT ( 'NONE',  ( 6.500000526265647949, 17.49999999999998934, -0.7499999985999999952 ) ) ;
#2095 = EDGE_CURVE ( 'NONE', #3062, #3419, #274, .T. ) ;
#2096 = AXIS2_PLACEMENT_3D ( 'NONE', #2909, #2033, #2013 ) ;
#2097 = FACE_OUTER_BOUND ( 'NONE', #2284, .T. ) ;
#2098 = FACE_OUTER_BOUND ( 'NONE', #3476, .T. ) ;
#2099 = CARTESIAN_POINT ( 'NONE',  ( 28.73658671853710089, -4.183641349707000856, 0.7499999985999999952 ) ) ;
#2100 = AXIS2_PLACEMENT_3D ( 'NONE', #1345, #716, #404 ) ;
#2101 = ADVANCED_FACE ( 'NONE', ( #3047 ), #2181, .F. ) ;
#2102 = ORIENTED_EDGE ( 'NONE', *, *, #1927, .F. ) ;
#2103 = CARTESIAN_POINT ( 'NONE',  ( 2.500000526265644396, -37.00000000000003553, 0.4499999986000000618 ) ) ;
#2104 = FACE_OUTER_BOUND ( 'NONE', #3248, .T. ) ;
#2105 = ORIENTED_EDGE ( 'NONE', *, *, #1117, .F. ) ;
#2106 = CARTESIAN_POINT ( 'NONE',  ( -9.999999786874907315, -12.25000004910004137, -0.7499999985999999952 ) ) ;
#2107 = DIRECTION ( 'NONE',  ( 0.000000000000000000, -1.000000000000000000, 0.000000000000000000 ) ) ;
#2108 = LINE ( 'NONE', #3108, #1904 ) ;
#2109 = CARTESIAN_POINT ( 'NONE',  ( -25.61939776215138664, 17.01522511313049790, -0.7499999986000001062 ) ) ;
#2110 = ORIENTED_EDGE ( 'NONE', *, *, #245, .F. ) ;
#2111 = CARTESIAN_POINT ( 'NONE',  ( -23.00000010127489958, 18.50000000779997222, -0.7499999968165377284 ) ) ;
#2112 = EDGE_LOOP ( 'NONE', ( #1488, #2862 ) ) ;
#2113 = EDGE_LOOP ( 'NONE', ( #3442, #2714, #165, #1246 ) ) ;
#2114 = CARTESIAN_POINT ( 'NONE',  ( -18.25000000001120171, -31.60992723815209260, -0.7499999985999999952 ) ) ;
#2115 = CARTESIAN_POINT ( 'NONE',  ( -3.999999473734361377, -37.00000000000003553, 0.4499999986000000618 ) ) ;
#2116 = CARTESIAN_POINT ( 'NONE',  ( -3.499999473734360933, 17.49999999999998934, -0.7499999985999999952 ) ) ;
#2117 = CARTESIAN_POINT ( 'NONE',  ( -29.50000046683540234, 38.39379419196217924, -0.7499999985999999952 ) ) ;
#2118 = EDGE_CURVE ( 'NONE', #92, #891, #3201, .T. ) ;
#2119 = AXIS2_PLACEMENT_3D ( 'NONE', #3536, #3223, #2818 ) ;
#2120 = ORIENTED_EDGE ( 'NONE', *, *, #2518, .T. ) ;
#2121 = EDGE_LOOP ( 'NONE', ( #713, #2985, #732, #3215 ) ) ;
#2122 = FACE_OUTER_BOUND ( 'NONE', #50, .T. ) ;
#2123 = DIRECTION ( 'NONE',  ( 0.7313537074485169098, 0.6819983538112899257, 0.000000000000000000 ) ) ;
#2124 = VERTEX_POINT ( 'NONE', #178 ) ;
#2125 = VECTOR ( 'NONE', #2835, 1000.000000000000000 ) ;
#2126 = CARTESIAN_POINT ( 'NONE',  ( 9.999999721333113101, -23.00000009923802580, -0.7499999985999999952 ) ) ;
#2127 = CIRCLE ( 'NONE', #202, 1.500000000000001332 ) ;
#2128 = B_SPLINE_CURVE_WITH_KNOTS ( 'NONE', 3,
 ( #1059, #3919, #1975, #1725, #3236, #391, #3570, #1355, #102, #1704 ),
 .UNSPECIFIED., .F., .F.,
 ( 4, 2, 2, 2, 4 ),
 ( 0.000000000000000000, 0.2500000000000000000, 0.5000000000000000000, 0.7500000000000000000, 1.000000000000000000 ),
 .UNSPECIFIED. ) ;
#2129 = CARTESIAN_POINT ( 'NONE',  ( 31.61201175652508866, -9.826980625400022262, 0.2499999995333341274 ) ) ;
#2130 = FACE_OUTER_BOUND ( 'NONE', #2395, .T. ) ;
#2131 = FACE_OUTER_BOUND ( 'NONE', #3979, .T. ) ;
#2132 = VERTEX_POINT ( 'NONE', #1184 ) ;
#2133 = VECTOR ( 'NONE', #1711, 1000.000000000000000 ) ;
#2134 = EDGE_CURVE ( 'NONE', #1636, #837, #660, .T. ) ;
#2135 = EDGE_CURVE ( 'NONE', #3081, #2661, #526, .T. ) ;
#2136 = DIRECTION ( 'NONE',  ( -0.000000000000000000, 0.000000000000000000, 1.000000000000000000 ) ) ;
#2137 = ORIENTED_EDGE ( 'NONE', *, *, #85, .F. ) ;
#2138 = ORIENTED_EDGE ( 'NONE', *, *, #1369, .T. ) ;
#2139 = DIRECTION ( 'NONE',  ( 1.000000000000000000, 0.000000000000000000, 0.000000000000000000 ) ) ;
#2140 = CIRCLE ( 'NONE', #1804, 1.499999999999997780 ) ;
#2141 = CARTESIAN_POINT ( 'NONE',  ( -4.093854296798898673, 43.49999999499998182, -0.7500000025639165235 ) ) ;
#2142 = CARTESIAN_POINT ( 'NONE',  ( -14.98477469898473657, 18.11939766753783587, -0.7499999986000002172 ) ) ;
#2143 = CARTESIAN_POINT ( 'NONE',  ( 34.49999983552509519, -2.500000000000030198, 0.4499999986000000618 ) ) ;
#2144 = AXIS2_PLACEMENT_3D ( 'NONE', #2809, #978, #294 ) ;
#2145 = EDGE_LOOP ( 'NONE', ( #1902, #436, #3262, #3231 ) ) ;
#2146 = ORIENTED_EDGE ( 'NONE', *, *, #3164, .T. ) ;
#2147 = CARTESIAN_POINT ( 'NONE',  ( -18.66506342725096701, 27.32883818246267893, 0.7499999979745592960 ) ) ;
#2148 = CARTESIAN_POINT ( 'NONE',  ( -26.00000100496691147, 32.33161605478077405, -0.7499999985999999952 ) ) ;
#2149 = ORIENTED_EDGE ( 'NONE', *, *, #1056, .F. ) ;
#2150 = CARTESIAN_POINT ( 'NONE',  ( 15.43250407047858097, 19.83009289776799378, 0.7499999992500141488 ) ) ;
#2151 = B_SPLINE_CURVE_WITH_KNOTS ( 'NONE', 3,
 ( #1879, #1957, #3497, #1240, #1283, #606 ),
 .UNSPECIFIED., .F., .F.,
 ( 4, 2, 4 ),
 ( 0.000000000000000000, 0.5000000000000000000, 1.000000000000000000 ),
 .UNSPECIFIED. ) ;
#2152 = CARTESIAN_POINT ( 'NONE',  ( 32.07066853188808864, -22.23243589169002377, 0.7499999985999999952 ) ) ;
#2153 = DIRECTION ( 'NONE',  ( -0.000000000000000000, 0.000000000000000000, 1.000000000000000000 ) ) ;
#2154 = CARTESIAN_POINT ( 'NONE',  ( -25.40222411344207387, 17.34061534598042797, -0.7499999985999999952 ) ) ;
#2155 = ORIENTED_EDGE ( 'NONE', *, *, #3974, .T. ) ;
#2156 = EDGE_CURVE ( 'NONE', #1430, #3559, #3089, .T. ) ;
#2157 = B_SPLINE_CURVE_WITH_KNOTS ( 'NONE', 3,
 ( #3067, #503, #216, #1632 ),
 .UNSPECIFIED., .F., .F.,
 ( 4, 4 ),
 ( 0.000000000000000000, 1.000000000000000000 ),
 .UNSPECIFIED. ) ;
#2158 = CARTESIAN_POINT ( 'NONE',  ( -26.00000010462591504, -15.49999999480600188, 0.7499999976310041117 ) ) ;
#2159 = ORIENTED_EDGE ( 'NONE', *, *, #3587, .F. ) ;
#2160 = ORIENTED_EDGE ( 'NONE', *, *, #345, .T. ) ;
#2161 = APPROVAL ( #1032, 'UNSPECIFIED' ) ;
#2162 = EDGE_CURVE ( 'NONE', #3251, #2601, #2680, .T. ) ;
#2163 = CARTESIAN_POINT ( 'NONE',  ( 13.99999976192509088, -17.27217277080000812, 0.2499999995333341274 ) ) ;
#2164 = EDGE_CURVE ( 'NONE', #372, #3398, #2491, .T. ) ;
#2165 = AXIS2_PLACEMENT_3D ( 'NONE', #645, #3511, #3453 ) ;
#2166 = CARTESIAN_POINT ( 'NONE',  ( -22.07500000001116902, -38.23502157710306903, -0.7499999985999999952 ) ) ;
#2167 = DIRECTION ( 'NONE',  ( 0.000000000000000000, 0.000000000000000000, -1.000000000000000000 ) ) ;
#2168 = CYLINDRICAL_SURFACE ( 'NONE', #3187, 1.500000000000001332 ) ;
#2169 = ORIENTED_EDGE ( 'NONE', *, *, #1494, .F. ) ;
#2170 = ORIENTED_EDGE ( 'NONE', *, *, #1494, .T. ) ;
#2171 = DIRECTION ( 'NONE',  ( 0.000000000000000000, 0.000000000000000000, -1.000000000000000000 ) ) ;
#2172 = VECTOR ( 'NONE', #107, 1000.000000000000000 ) ;
#2173 = CARTESIAN_POINT ( 'NONE',  ( 18.36197127517510808, -19.94519233541602787, -0.7499999981000471383 ) ) ;
#2174 = ORIENTED_EDGE ( 'NONE', *, *, #24, .F. ) ;
#2175 = CARTESIAN_POINT ( 'NONE',  ( -13.58399255795811378, -39.49999999641654114, 48.47984059516105049 ) ) ;
#2176 = CARTESIAN_POINT ( 'NONE',  ( 2.500000526265644396, -37.00000000000003553, -0.7499999985999999952 ) ) ;
#2177 = CARTESIAN_POINT ( 'NONE',  ( 31.47824933633526356, 12.83495436078850105, -0.7499999986000001062 ) ) ;
#2178 = DIRECTION ( 'NONE',  ( -0.000000000000000000, 0.000000000000000000, 1.000000000000000000 ) ) ;
#2179 = ORIENTED_EDGE ( 'NONE', *, *, #3767, .T. ) ;
#2180 = EDGE_CURVE ( 'NONE', #1105, #169, #58, .T. ) ;
#2181 = CYLINDRICAL_SURFACE ( 'NONE', #2611, 2.250000000000001776 ) ;
#2182 = VERTEX_POINT ( 'NONE', #2731 ) ;
#2183 = ORIENTED_EDGE ( 'NONE', *, *, #1399, .F. ) ;
#2184 = EDGE_CURVE ( 'NONE', #2088, #1430, #1221, .T. ) ;
#2185 = LINE ( 'NONE', #2780, #529 ) ;
#2186 = CARTESIAN_POINT ( 'NONE',  ( 36.01972643939857477, 21.57460628627647026, -0.7499999991009680400 ) ) ;
#2187 = FACE_OUTER_BOUND ( 'NONE', #3654, .T. ) ;
#2188 = CYLINDRICAL_SURFACE ( 'NONE', #2144, 5.000000000000000888 ) ;
#2189 = EDGE_CURVE ( 'NONE', #3346, #220, #1160, .T. ) ;
#2190 = ORIENTED_EDGE ( 'NONE', *, *, #3766, .T. ) ;
#2191 = ORIENTED_EDGE ( 'NONE', *, *, #2486, .F. ) ;
#2192 = DIRECTION ( 'NONE',  ( 1.000000000000000000, 0.000000000000000000, 0.000000000000000000 ) ) ;
#2193 = DIRECTION ( 'NONE',  ( 0.000000000000000000, 0.000000000000000000, 1.000000000000000000 ) ) ;
#2194 = ORIENTED_EDGE ( 'NONE', *, *, #1697, .F. ) ;
#2195 = CARTESIAN_POINT ( 'NONE',  ( -29.50000046683540234, 38.39379419196217924, 0.7499999985999979968 ) ) ;
#2196 = VECTOR ( 'NONE', #3575, 1000.000000000000000 ) ;
#2197 = FACE_BOUND ( 'NONE', #3392, .T. ) ;
#2198 = DIRECTION ( 'NONE',  ( 1.000000000000000000, 0.000000000000000000, 0.000000000000000000 ) ) ;
#2199 = CARTESIAN_POINT ( 'NONE',  ( 31.61201176153657855, 9.826980241846971609, -0.7499999968413213480 ) ) ;
#2200 = ORIENTED_EDGE ( 'NONE', *, *, #2232, .F. ) ;
#2201 = AXIS2_PLACEMENT_3D ( 'NONE', #1827, #533, #3098 ) ;
#2202 = CIRCLE ( 'NONE', #999, 1.500000000000001332 ) ;
#2203 = DIRECTION ( 'NONE',  ( 0.000000000000000000, 1.000000000000000000, 0.000000000000000000 ) ) ;
#2204 = ORIENTED_EDGE ( 'NONE', *, *, #1723, .F. ) ;
#2205 = EDGE_LOOP ( 'NONE', ( #2296, #3622 ) ) ;
#2206 = AXIS2_PLACEMENT_3D ( 'NONE', #1911, #937, #1606 ) ;
#2207 = CARTESIAN_POINT ( 'NONE',  ( -28.11549388338879751, 40.69746388589584285, 0.4499999976627992448 ) ) ;
#2208 = FACE_BOUND ( 'NONE', #3796, .T. ) ;
#2209 = CARTESIAN_POINT ( 'NONE',  ( -26.00000009567490622, 15.50000001339998867, 0.2499999999821921060 ) ) ;
#2210 = LINE ( 'NONE', #3472, #3649 ) ;
#2211 = ORIENTED_EDGE ( 'NONE', *, *, #451, .F. ) ;
#2212 = VERTEX_POINT ( 'NONE', #1450 ) ;
#2213 = CARTESIAN_POINT ( 'NONE',  ( -17.08399266212565237, -45.56217776276644571, 0.7499999985999979968 ) ) ;
#2214 = CARTESIAN_POINT ( 'NONE',  ( 41.85000000002300879, 1.149999999999984368, -0.7588613151671350643 ) ) ;
#2215 = CARTESIAN_POINT ( 'NONE',  ( -15.08493640832336879, 31.12787628813620699, 0.4499999979997408861 ) ) ;
#2216 = EDGE_CURVE ( 'NONE', #1451, #1533, #805, .T. ) ;
#2217 = EDGE_CURVE ( 'NONE', #3139, #1926, #1880, .T. ) ;
#2218 = FACE_OUTER_BOUND ( 'NONE', #484, .T. ) ;
#2219 = CARTESIAN_POINT ( 'NONE',  ( 26.32129958113657509, 15.88971154371246541, 0.7499999985999999952 ) ) ;
#2220 = CARTESIAN_POINT ( 'NONE',  ( -14.33493640832295135, -29.82883818245979413, 0.4499999980269784317 ) ) ;
#2221 = EDGE_LOOP ( 'NONE', ( #1077, #1236, #3006, #3286 ) ) ;
#2222 = DIRECTION ( 'NONE',  ( -1.000000000000000000, 0.000000000000000000, 0.000000000000000000 ) ) ;
#2223 = ORIENTED_EDGE ( 'NONE', *, *, #2789, .F. ) ;
#2224 = FACE_OUTER_BOUND ( 'NONE', #1182, .T. ) ;
#2225 = CARTESIAN_POINT ( 'NONE',  ( 5.000000526265646172, 17.49999999999998934, 0.4499999986000000618 ) ) ;
#2226 = EDGE_CURVE ( 'NONE', #931, #1935, #3263, .T. ) ;
#2227 = DIRECTION ( 'NONE',  ( 0.000000000000000000, 1.000000000000000000, 0.000000000000000000 ) ) ;
#2228 = AXIS2_PLACEMENT_3D ( 'NONE', #2080, #3344, #834 ) ;
#2229 = ORIENTED_EDGE ( 'NONE', *, *, #85, .T. ) ;
#2230 = DIRECTION ( 'NONE',  ( 0.000000000000000000, 0.000000000000000000, 1.000000000000000000 ) ) ;
#2231 = CARTESIAN_POINT ( 'NONE',  ( 44.15000000002297753, 1.149999999999984368, -0.7588613151671350643 ) ) ;
#2232 = EDGE_CURVE ( 'NONE', #1739, #3867, #1491, .T. ) ;
#2233 = DIRECTION ( 'NONE',  ( -0.000000000000000000, 0.000000000000000000, 1.000000000000000000 ) ) ;
#2234 = CIRCLE ( 'NONE', #697, 1.500000000000001332 ) ;
#2235 = ADVANCED_FACE ( 'NONE', ( #1535 ), #4057, .T. ) ;
#2236 = CIRCLE ( 'NONE', #3880, 1.499999999999994449 ) ;
#2237 = CARTESIAN_POINT ( 'NONE',  ( -19.92907078565939116, 36.81816314839847593, -0.7588613172741205393 ) ) ;
#2238 = DIRECTION ( 'NONE',  ( -0.4999999999999915623, -0.8660254037844434816, -1.815850710536656958E-11 ) ) ;
#2239 = LINE ( 'NONE', #2551, #3644 ) ;
#2240 = ORIENTED_EDGE ( 'NONE', *, *, #2789, .T. ) ;
#2241 = AXIS2_PLACEMENT_3D ( 'NONE', #7, #3516, #3762 ) ;
#2242 = ADVANCED_FACE ( 'NONE', ( #1634 ), #48, .F. ) ;
#2243 = DIRECTION ( 'NONE',  ( -1.000000000000000000, 6.938893903907228378E-16, 0.000000000000000000 ) ) ;
#2244 = ORIENTED_EDGE ( 'NONE', *, *, #2078, .F. ) ;
#2245 = VERTEX_POINT ( 'NONE', #1886 ) ;
#2246 = VECTOR ( 'NONE', #3040, 1000.000000000000114 ) ;
#2247 = CARTESIAN_POINT ( 'NONE',  ( 20.38187187407308798, 27.89531049597846035, -0.7499999985999999952 ) ) ;
#2248 = FACE_OUTER_BOUND ( 'NONE', #1564, .T. ) ;
#2249 = DIRECTION ( 'NONE',  ( -0.5000000000000039968, 0.8660254037844363761, -1.815852218230854713E-11 ) ) ;
#2250 = B_SPLINE_CURVE_WITH_KNOTS ( 'NONE', 3,
 ( #3129, #1553, #3416, #4008 ),
 .UNSPECIFIED., .F., .F.,
 ( 4, 4 ),
 ( 0.000000000000000000, 1.000000000000000000 ),
 .UNSPECIFIED. ) ;
#2251 = ORIENTED_EDGE ( 'NONE', *, *, #2593, .T. ) ;
#2252 = CARTESIAN_POINT ( 'NONE',  ( -23.07092921438555422, 37.66002157711537279, 0.4499999977862449985 ) ) ;
#2253 = CARTESIAN_POINT ( 'NONE',  ( -26.00000009567490622, -15.49999998800000256, 0.000000000000000000 ) ) ;
#2254 = FACE_OUTER_BOUND ( 'NONE', #1012, .T. ) ;
#2255 = EDGE_CURVE ( 'NONE', #1555, #3493, #1674, .T. ) ;
#2256 = CARTESIAN_POINT ( 'NONE',  ( -6.249999473734363598, -37.00000000000003553, 0.4499999986000000618 ) ) ;
#2257 = DIRECTION ( 'NONE',  ( -0.000000000000000000, 0.000000000000000000, 1.000000000000000000 ) ) ;
#2258 = CARTESIAN_POINT ( 'NONE',  ( 9.904003539845080084, 32.81585065511999488, -0.7500000009079994534 ) ) ;
#2259 = ORIENTED_EDGE ( 'NONE', *, *, #3937, .F. ) ;
#2260 = DIRECTION ( 'NONE',  ( -1.815852218230839850E-11, -1.048382767004165569E-11, 1.000000000000000000 ) ) ;
#2261 = ORIENTED_EDGE ( 'NONE', *, *, #3587, .T. ) ;
#2262 = ORIENTED_EDGE ( 'NONE', *, *, #648, .T. ) ;
#2263 = VECTOR ( 'NONE', #1068, 1000.000000000000000 ) ;
#2264 = ADVANCED_FACE ( 'NONE', ( #1327 ), #346, .T. ) ;
#2265 = EDGE_CURVE ( 'NONE', #219, #3189, #1596, .T. ) ;
#2266 = AXIS2_PLACEMENT_3D ( 'NONE', #2327, #1015, #3253 ) ;
#2267 = CARTESIAN_POINT ( 'NONE',  ( 42.42925220293555810, -12.66083073040102924, -0.7499999985999999952 ) ) ;
#2268 = LINE ( 'NONE', #1970, #1993 ) ;
#2269 = ORIENTED_EDGE ( 'NONE', *, *, #2184, .F. ) ;
#2270 = CARTESIAN_POINT ( 'NONE',  ( 4.000000526265646172, -37.00000000000003553, 0.7499999985999999952 ) ) ;
#2271 = CARTESIAN_POINT ( 'NONE',  ( -26.00000100496691147, 32.33161605478077405, 0.7499999985999999952 ) ) ;
#2272 = DIRECTION ( 'NONE',  ( -1.000000000000000000, 0.000000000000000000, 0.000000000000000000 ) ) ;
#2273 = DIRECTION ( 'NONE',  ( -0.000000000000000000, 0.000000000000000000, 1.000000000000000000 ) ) ;
#2274 = CARTESIAN_POINT ( 'NONE',  ( -23.00000010127489958, -18.50000000686652513, 0.7499999977521299988 ) ) ;
#2275 = DIRECTION ( 'NONE',  ( 0.000000000000000000, 0.000000000000000000, -1.000000000000000000 ) ) ;
#2276 = VERTEX_POINT ( 'NONE', #1270 ) ;
#2277 = CARTESIAN_POINT ( 'NONE',  ( -23.78110815793043997, -18.42347900837026131, 0.7499999986000001062 ) ) ;
#2278 = B_SPLINE_CURVE_WITH_KNOTS ( 'NONE', 3,
 ( #1613, #1629, #2568, #2508 ),
 .UNSPECIFIED., .F., .F.,
 ( 4, 4 ),
 ( 0.000000000000000000, 1.000000000000000000 ),
 .UNSPECIFIED. ) ;
#2279 = ORIENTED_EDGE ( 'NONE', *, *, #2467, .F. ) ;
#2280 = EDGE_LOOP ( 'NONE', ( #871, #1329, #2696, #1537 ) ) ;
#2281 = EDGE_CURVE ( 'NONE', #1921, #3931, #1588, .T. ) ;
#2282 = EDGE_CURVE ( 'NONE', #1913, #741, #3540, .T. ) ;
#2283 = EDGE_CURVE ( 'NONE', #4025, #3501, #2420, .T. ) ;
#2284 = EDGE_LOOP ( 'NONE', ( #2599, #2775, #3271, #913 ) ) ;
#2285 = CARTESIAN_POINT ( 'NONE',  ( -16.75000000003340617, 31.60992723815814287, 0.4499999979644518366 ) ) ;
#2286 = B_SPLINE_CURVE_WITH_KNOTS ( 'NONE', 3,
 ( #3411, #3736, #1281, #21, #3199, #3797, #980, #3477, #2582, #1914 ),
 .UNSPECIFIED., .F., .F.,
 ( 4, 2, 2, 2, 4 ),
 ( 0.000000000000000000, 0.2499999999999997780, 0.4999999999999995559, 0.7499999999999993339, 1.000000000000000000 ),
 .UNSPECIFIED. ) ;
#2287 = EDGE_LOOP ( 'NONE', ( #1439, #3830, #778, #2481 ) ) ;
#2288 = DIRECTION ( 'NONE',  ( -1.815852218230840173E-11, -1.048382767004165731E-11, 1.000000000000000000 ) ) ;
#2289 = CARTESIAN_POINT ( 'NONE',  ( -27.46410218647196544, 39.56922037120738622, 0.4499999976864560991 ) ) ;
#2290 = FACE_OUTER_BOUND ( 'NONE', #385, .T. ) ;
#2291 = LINE ( 'NONE', #454, #3556 ) ;
#2292 = ORIENTED_EDGE ( 'NONE', *, *, #3522, .T. ) ;
#2293 = CARTESIAN_POINT ( 'NONE',  ( 30.17429923870557218, -7.005310989857516546, -0.7499999985999999952 ) ) ;
#2294 = AXIS2_PLACEMENT_3D ( 'NONE', #456, #2669, #2626 ) ;
#2295 = CARTESIAN_POINT ( 'NONE',  ( 4.999999500427426469, 1.500000135683465796, 0.7499999985999999952 ) ) ;
#2296 = ORIENTED_EDGE ( 'NONE', *, *, #191, .F. ) ;
#2297 = CARTESIAN_POINT ( 'NONE',  ( -23.00000010127489958, 18.50000000779997222, -0.7499999968165377284 ) ) ;
#2298 = PRODUCT_DEFINITION_FORMATION_WITH_SPECIFIED_SOURCE ( 'ANY', '', #3474, .NOT_KNOWN. ) ;
#2299 = CARTESIAN_POINT ( 'NONE',  ( 42.42925220293555810, -12.66083073040102924, -0.7499999985999999952 ) ) ;
#2300 = ORIENTED_EDGE ( 'NONE', *, *, #1189, .T. ) ;
#2301 = ORIENTED_EDGE ( 'NONE', *, *, #2304, .T. ) ;
#2302 = VECTOR ( 'NONE', #2045, 1000.000000000000000 ) ;
#2303 = ADVANCED_FACE ( 'NONE', ( #2513 ), #3768, .T. ) ;
#2304 = EDGE_CURVE ( 'NONE', #1737, #176, #3485, .T. ) ;
#2305 = EDGE_CURVE ( 'NONE', #2245, #2212, #1232, .T. ) ;
#2306 = ORIENTED_EDGE ( 'NONE', *, *, #1932, .T. ) ;
#2307 = PLANE ( 'NONE',  #1759 ) ;
#2308 = CARTESIAN_POINT ( 'NONE',  ( 32.99999983552509519, -4.000000000000031086, 0.7499999985999999952 ) ) ;
#2309 = ORIENTED_EDGE ( 'NONE', *, *, #3800, .T. ) ;
#2310 = DIRECTION ( 'NONE',  ( 1.000000000000000000, 0.000000000000000000, 0.000000000000000000 ) ) ;
#2311 = CARTESIAN_POINT ( 'NONE',  ( 15.76092003957275978, -20.00618405719254511, -0.7499999986000002172 ) ) ;
#2312 = LINE ( 'NONE', #3572, #1285 ) ;
#2313 = EDGE_CURVE ( 'NONE', #92, #3140, #655, .T. ) ;
#2314 = CARTESIAN_POINT ( 'NONE',  ( -3.499999473734360933, 17.49999999999998934, 0.7499999985999999952 ) ) ;
#2315 = CARTESIAN_POINT ( 'NONE',  ( -21.07907078568133130, 38.81002157711535716, 0.4499999978103578768 ) ) ;
#2316 = LINE ( 'NONE', #1732, #2196 ) ;
#2317 = ORIENTED_EDGE ( 'NONE', *, *, #2941, .F. ) ;
#2318 = DIRECTION ( 'NONE',  ( -1.815852218230854713E-11, 1.048382767004157330E-11, 1.000000000000000000 ) ) ;
#2319 = LINE ( 'NONE', #3579, #1576 ) ;
#2320 = CARTESIAN_POINT ( 'NONE',  ( -19.96410153292729817, -26.57883818246295604, 0.7499999979588334309 ) ) ;
#2321 = VERTEX_POINT ( 'NONE', #2979 ) ;
#2322 = ORIENTED_EDGE ( 'NONE', *, *, #3426, .T. ) ;
#2323 = VECTOR ( 'NONE', #3130, 1000.000000000000000 ) ;
#2324 = ORIENTED_EDGE ( 'NONE', *, *, #354, .F. ) ;
#2325 = AXIS2_PLACEMENT_3D ( 'NONE', #2743, #1197, #3717 ) ;
#2326 = FACE_BOUND ( 'NONE', #3421, .T. ) ;
#2327 = CARTESIAN_POINT ( 'NONE',  ( 34.49999983552509519, 2.499999999999974243, 0.4499999986000000618 ) ) ;
#2328 = VECTOR ( 'NONE', #1192, 1000.000000000000000 ) ;
#2329 = AXIS2_PLACEMENT_3D ( 'NONE', #2387, #2072, #3335 ) ;
#2330 = ORIENTED_EDGE ( 'NONE', *, *, #1824, .T. ) ;
#2331 = CARTESIAN_POINT ( 'NONE',  ( -19.75000000003340617, 31.60992723815814287, 0.4499999979099763014 ) ) ;
#2332 = CARTESIAN_POINT ( 'NONE',  ( 16.99999974804408609, -20.27219263117902059, -0.7499999978968925340 ) ) ;
#2333 = AXIS2_PLACEMENT_3D ( 'NONE', #1234, #2479, #896 ) ;
#2334 = CYLINDRICAL_SURFACE ( 'NONE', #283, 3.000000019799999418 ) ;
#2335 = DIRECTION ( 'NONE',  ( 0.4999999999999919509, 0.8660254037844432595, 1.815852218230840173E-11 ) ) ;
#2336 = ORIENTED_EDGE ( 'NONE', *, *, #2984, .T. ) ;
#2337 = DIRECTION ( 'NONE',  ( 0.000000000000000000, 0.000000000000000000, -1.000000000000000000 ) ) ;
#2338 = EDGE_CURVE ( 'NONE', #176, #117, #1113, .T. ) ;
#2339 = FACE_OUTER_BOUND ( 'NONE', #761, .T. ) ;
#2340 = ORIENTED_EDGE ( 'NONE', *, *, #1070, .T. ) ;
#2341 = EDGE_CURVE ( 'NONE', #2132, #811, #485, .T. ) ;
#2342 = DIRECTION ( 'NONE',  ( 1.000000000000000000, 0.000000000000000000, 1.815850082013637984E-11 ) ) ;
#2343 = FACE_OUTER_BOUND ( 'NONE', #1109, .T. ) ;
#2344 = CARTESIAN_POINT ( 'NONE',  ( 14.26567305914086425, -18.51051788785268926, 0.7499999986000001062 ) ) ;
#2345 = B_SPLINE_CURVE_WITH_KNOTS ( 'NONE', 3,
 ( #193, #906, #1203, #1859 ),
 .UNSPECIFIED., .F., .F.,
 ( 4, 4 ),
 ( 0.000000000000000000, 1.000000000000000000 ),
 .UNSPECIFIED. ) ;
#2346 = VERTEX_POINT ( 'NONE', #1712 ) ;
#2347 = VERTEX_POINT ( 'NONE', #3310 ) ;
#2348 = VERTEX_POINT ( 'NONE', #2694 ) ;
#2349 = PERSON_AND_ORGANIZATION ( #3354, #1964 ) ;
#2350 = DIRECTION ( 'NONE',  ( -1.000000000000000000, 0.000000000000000000, 0.000000000000000000 ) ) ;
#2351 = CARTESIAN_POINT ( 'NONE',  ( -20.71410153292763212, 27.87787628813931207, 0.7499999979315958853 ) ) ;
#2352 = CARTESIAN_POINT ( 'NONE',  ( 13.99999975371975047, -17.47109106040992188, -0.7499999986000001062 ) ) ;
#2353 = DIRECTION ( 'NONE',  ( 1.000000000000000000, 0.000000000000000000, 0.000000000000000000 ) ) ;
#2354 = EDGE_CURVE ( 'NONE', #3419, #2348, #824, .T. ) ;
#2355 = CARTESIAN_POINT ( 'NONE',  ( -26.00000009662589662, 15.50000001339998867, -0.7499999966976472754 ) ) ;
#2356 = CARTESIAN_POINT ( 'NONE',  ( 31.79278717788188047, -10.18177234640752538, -0.7499999986000001062 ) ) ;
#2357 = LINE ( 'NONE', #380, #2263 ) ;
#2358 = EDGE_LOOP ( 'NONE', ( #3158, #3958, #2535, #622 ) ) ;
#2359 = CARTESIAN_POINT ( 'NONE',  ( 45.75059565178410281, -9.591821578657039993, -0.7499999985999999952 ) ) ;
#2360 = VECTOR ( 'NONE', #1877, 999.9999999999998863 ) ;
#2361 = CARTESIAN_POINT ( 'NONE',  ( 34.49999983552509519, 3.999999999999976019, 0.7499999985999999952 ) ) ;
#2362 = CARTESIAN_POINT ( 'NONE',  ( 47.99999978896360631, 3.999999999999976019, 0.7499999985999999952 ) ) ;
#2363 = VERTEX_POINT ( 'NONE', #1426 ) ;
#2364 = ORIENTED_EDGE ( 'NONE', *, *, #1437, .T. ) ;
#2365 = AXIS2_PLACEMENT_3D ( 'NONE', #1454, #2411, #3667 ) ;
#2366 = EDGE_CURVE ( 'NONE', #1290, #848, #3602, .T. ) ;
#2367 = AXIS2_PLACEMENT_3D ( 'NONE', #1048, #756, #2023 ) ;
#2368 = ORIENTED_EDGE ( 'NONE', *, *, #1140, .T. ) ;
#2369 = DIRECTION ( 'NONE',  ( -1.000000000000000000, 0.000000000000000000, 0.000000000000000000 ) ) ;
#2370 = AXIS2_PLACEMENT_3D ( 'NONE', #2529, #322, #1649 ) ;
#2371 = CARTESIAN_POINT ( 'NONE',  ( -18.25000000001103473, -31.60992723815200733, -0.7588613171576548133 ) ) ;
#2372 = CARTESIAN_POINT ( 'NONE',  ( 47.99999978896360631, 7.068285425421510837, 0.7499999985999979968 ) ) ;
#2373 = ORIENTED_EDGE ( 'NONE', *, *, #1750, .F. ) ;
#2374 = ORIENTED_EDGE ( 'NONE', *, *, #1146, .T. ) ;
#2375 = DIRECTION ( 'NONE',  ( 0.4999999999999918954, 0.8660254037844432595, 0.000000000000000000 ) ) ;
#2376 = CARTESIAN_POINT ( 'NONE',  ( -23.00000010127489958, -18.50000000686652513, 0.7499999977521299988 ) ) ;
#2377 = ORIENTED_EDGE ( 'NONE', *, *, #3123, .F. ) ;
#2378 = DIRECTION ( 'NONE',  ( -1.000000000000000000, 0.000000000000000000, 0.000000000000000000 ) ) ;
#2379 = CARTESIAN_POINT ( 'NONE',  ( -3.499999473734360933, 17.49999999999998934, 0.4499999986000000618 ) ) ;
#2380 = CARTESIAN_POINT ( 'NONE',  ( 31.61201176237207733, 9.826980241574966968, 0.7499999975234761251 ) ) ;
#2381 = EDGE_LOOP ( 'NONE', ( #2336, #195 ) ) ;
#2382 = EDGE_LOOP ( 'NONE', ( #812, #464, #3604, #3699, #4014, #2536, #287, #177, #1371, #2472, #439, #2449, #1296, #1066, #164, #2300, #1028, #29, #3451, #3588, #2704, #1176, #3789, #3133, #1821, #1536, #386, #3464, #524, #3247, #28, #4065, #2766, #3991, #1980, #2511, #3487, #1142, #2368, #1962, #4077, #2262, #3729 ) ) ;
#2383 = VERTEX_POINT ( 'NONE', #2299 ) ;
#2384 = EDGE_CURVE ( 'NONE', #1578, #3090, #299, .T. ) ;
#2385 = APPROVAL_DATE_TIME ( #468, #3571 ) ;
#2386 = EDGE_CURVE ( 'NONE', #3735, #3778, #3724, .T. ) ;
#2387 = CARTESIAN_POINT ( 'NONE',  ( 29.45544298102509373, -5.594476174500012888, -0.7499999985999999952 ) ) ;
#2388 = VECTOR ( 'NONE', #1616, 1000.000000000000000 ) ;
#2389 = DIRECTION ( 'NONE',  ( 1.815852218230855036E-11, -1.048382767004157491E-11, -1.000000000000000000 ) ) ;
#2390 = CARTESIAN_POINT ( 'NONE',  ( 31.61201176153657855, 9.826980241846971609, -0.7499999968413213480 ) ) ;
#2391 = CARTESIAN_POINT ( 'NONE',  ( 16.37489683664067286, 20.21737224594738436, -0.7499999986000001062 ) ) ;
#2392 = CIRCLE ( 'NONE', #1063, 1.499999999999997780 ) ;
#2393 = AXIS2_PLACEMENT_3D ( 'NONE', #183, #3793, #3733 ) ;
#2394 = VERTEX_POINT ( 'NONE', #2379 ) ;
#2395 = EDGE_LOOP ( 'NONE', ( #49, #1908, #2882, #3149, #423, #2942 ) ) ;
#2396 = CARTESIAN_POINT ( 'NONE',  ( 22.34163542425859816, -17.91745213583701002, 0.7499999985999999952 ) ) ;
#2397 = CARTESIAN_POINT ( 'NONE',  ( -18.66506342724552781, 27.32883818245954188, 0.4499999979745594181 ) ) ;
#2398 = ORIENTED_EDGE ( 'NONE', *, *, #173, .T. ) ;
#2399 = CARTESIAN_POINT ( 'NONE',  ( -3.999999473734361377, -37.00000000000003553, 0.7499999985999999952 ) ) ;
#2400 = CARTESIAN_POINT ( 'NONE',  ( 31.61201175652508866, -9.826980625400022262, -0.2499999995333329339 ) ) ;
#2401 = CARTESIAN_POINT ( 'NONE',  ( 36.01972644477505270, 21.57460628377097578, 0.7499999998550420655 ) ) ;
#2402 = DIRECTION ( 'NONE',  ( 0.000000000000000000, 0.000000000000000000, 1.000000000000000000 ) ) ;
#2403 = VERTEX_POINT ( 'NONE', #3865 ) ;
#2404 = CARTESIAN_POINT ( 'NONE',  ( 16.99999975632507443, -20.27217276519998990, -0.2499999988614686752 ) ) ;
#2405 = ORIENTED_EDGE ( 'NONE', *, *, #2822, .F. ) ;
#2406 = ORIENTED_EDGE ( 'NONE', *, *, #3445, .F. ) ;
#2407 = ADVANCED_FACE ( 'NONE', ( #3226, #1092 ), #3928, .F. ) ;
#2408 = CALENDAR_DATE ( 2025, 21, 1 ) ;
#2409 = CARTESIAN_POINT ( 'NONE',  ( -5.499999473734362709, -37.00000000000003553, 0.4499999986000000618 ) ) ;
#2410 = AXIS2_PLACEMENT_3D ( 'NONE', #2753, #569, #3707 ) ;
#2411 = DIRECTION ( 'NONE',  ( -0.000000000000000000, 0.000000000000000000, 1.000000000000000000 ) ) ;
#2412 = CARTESIAN_POINT ( 'NONE',  ( -13.57652078463376810, 16.28110806002399258, -0.7499999986000001062 ) ) ;
#2413 = LINE ( 'NONE', #4021, #2328 ) ;
#2414 = ORIENTED_EDGE ( 'NONE', *, *, #377, .T. ) ;
#2415 = ORIENTED_EDGE ( 'NONE', *, *, #4017, .T. ) ;
#2416 = FACE_OUTER_BOUND ( 'NONE', #2922, .T. ) ;
#2417 = CARTESIAN_POINT ( 'NONE',  ( -25.92347911206832833, 16.28110807122025605, 0.7499999986000001062 ) ) ;
#2418 = EDGE_LOOP ( 'NONE', ( #2179, #1404, #3911, #2514, #2070, #779 ) ) ;
#2419 = DIRECTION ( 'NONE',  ( 1.000000000000000000, 0.000000000000000000, 0.000000000000000000 ) ) ;
#2420 = CIRCLE ( 'NONE', #2620, 1.500000000000001332 ) ;
#2421 = CARTESIAN_POINT ( 'NONE',  ( 41.85000000002300879, -2.775557561562891351E-14, -0.7588613151671350643 ) ) ;
#2422 = CARTESIAN_POINT ( 'NONE',  ( 13.99999976063556772, -17.27217277080000812, -0.7499999981624879686 ) ) ;
#2423 = CARTESIAN_POINT ( 'NONE',  ( -1.517042579420134096, 43.09170955042281292, -0.7499999986000001062 ) ) ;
#2424 = ORIENTED_EDGE ( 'NONE', *, *, #3777, .T. ) ;
#2425 = DIRECTION ( 'NONE',  ( 0.000000000000000000, 1.000000000000000000, 0.000000000000000000 ) ) ;
#2426 = ORIENTED_EDGE ( 'NONE', *, *, #2763, .T. ) ;
#2427 = ORIENTED_EDGE ( 'NONE', *, *, #2226, .F. ) ;
#2428 = CIRCLE ( 'NONE', #3489, 2.250000000000001776 ) ;
#2429 = CARTESIAN_POINT ( 'NONE',  ( -13.49999978800839351, 15.50000001339998867, -0.7499999965687292880 ) ) ;
#2430 = ADVANCED_FACE ( 'NONE', ( #2920 ), #1982, .F. ) ;
#2431 = EDGE_CURVE ( 'NONE', #3091, #1954, #2936, .T. ) ;
#2432 = AXIS2_PLACEMENT_3D ( 'NONE', #1520, #808, #3009 ) ;
#2433 = CARTESIAN_POINT ( 'NONE',  ( 41.85000000002300879, 1.149999999999984368, 0.4499999986000000618 ) ) ;
#2434 = CARTESIAN_POINT ( 'NONE',  ( -13.49999979727489752, 5.166666679599946299, 0.7499999985999999952 ) ) ;
#2435 = CARTESIAN_POINT ( 'NONE',  ( 1.562999943197612707, 41.15685425792395336, 0.7500000034971850971 ) ) ;
#2436 = AXIS2_PLACEMENT_3D ( 'NONE', #3480, #1881, #4074 ) ;
#2437 = VERTEX_POINT ( 'NONE', #2361 ) ;
#2438 = VERTEX_POINT ( 'NONE', #1363 ) ;
#2439 = DIRECTION ( 'NONE',  ( -0.4999999999999915623, -0.8660254037844434816, -1.815850710536656958E-11 ) ) ;
#2440 = CARTESIAN_POINT ( 'NONE',  ( -9.999999797191405193, -23.00000009923802580, -0.7499999985999999952 ) ) ;
#2441 = VERTEX_POINT ( 'NONE', #2633 ) ;
#2442 = ADVANCED_FACE ( 'NONE', ( #2343 ), #3620, .F. ) ;
#2443 = DIRECTION ( 'NONE',  ( -1.815852218230854713E-11, 1.048382767004157330E-11, 1.000000000000000000 ) ) ;
#2444 = CARTESIAN_POINT ( 'NONE',  ( 36.01972644477505270, 21.57460628377097578, 0.7499999998550420655 ) ) ;
#2445 = CARTESIAN_POINT ( 'NONE',  ( 29.45544298102509373, 5.594475793499976035, -0.7499999985999999952 ) ) ;
#2446 = CARTESIAN_POINT ( 'NONE',  ( -24.84041677568580297, 17.90202536405469402, -0.7499999986000001062 ) ) ;
#2447 = EDGE_LOOP ( 'NONE', ( #603, #1643, #3864, #3333 ) ) ;
#2448 = DIRECTION ( 'NONE',  ( 0.000000000000000000, 0.000000000000000000, -1.000000000000000000 ) ) ;
#2449 = ORIENTED_EDGE ( 'NONE', *, *, #1090, .T. ) ;
#2450 = ORIENTED_EDGE ( 'NONE', *, *, #3322, .T. ) ;
#2451 = CARTESIAN_POINT ( 'NONE',  ( -21.92092921436328368, -35.66816314839888236, -0.7499999985999999952 ) ) ;
#2452 = B_SPLINE_CURVE_WITH_KNOTS ( 'NONE', 3,
 ( #103, #3653, #3734, #1167, #3430, #3055, #2391, #1500, #3340, #162 ),
 .UNSPECIFIED., .F., .F.,
 ( 4, 2, 2, 2, 4 ),
 ( 0.000000000000000000, 0.2500000000000000000, 0.5000000000000000000, 0.7500000000000000000, 1.000000000000000000 ),
 .UNSPECIFIED. ) ;
#2453 = DIRECTION ( 'NONE',  ( 0.000000000000000000, 0.000000000000000000, -1.000000000000000000 ) ) ;
#2454 = DIRECTION ( 'NONE',  ( 0.4999999999999919509, 0.8660254037844432595, 1.815852218230840173E-11 ) ) ;
#2455 = DIRECTION ( 'NONE',  ( 0.000000000000000000, 0.000000000000000000, 1.000000000000000000 ) ) ;
#2456 = AXIS2_PLACEMENT_3D ( 'NONE', #2976, #1045, #2689 ) ;
#2457 = ORIENTED_EDGE ( 'NONE', *, *, #2281, .F. ) ;
#2458 = ORIENTED_EDGE ( 'NONE', *, *, #573, .F. ) ;
#2459 = CARTESIAN_POINT ( 'NONE',  ( 30.30096372779209091, -13.86197172120753862, 0.7499999988679859619 ) ) ;
#2460 = CARTESIAN_POINT ( 'NONE',  ( 40.28825385088305211, 18.09549390554299109, -0.7499999985999999952 ) ) ;
#2461 = VERTEX_POINT ( 'NONE', #153 ) ;
#2462 = AXIS2_PLACEMENT_3D ( 'NONE', #1956, #1083, #1002 ) ;
#2463 = EDGE_CURVE ( 'NONE', #3778, #3440, #1309, .T. ) ;
#2464 = DIRECTION ( 'NONE',  ( -0.000000000000000000, -0.000000000000000000, -1.000000000000000000 ) ) ;
#2465 = CIRCLE ( 'NONE', #2058, 1.150000000000012124 ) ;
#2466 = VECTOR ( 'NONE', #3274, 1000.000000000000000 ) ;
#2467 = EDGE_CURVE ( 'NONE', #2824, #3523, #2319, .T. ) ;
#2468 = FACE_OUTER_BOUND ( 'NONE', #898, .T. ) ;
#2469 = EDGE_CURVE ( 'NONE', #2346, #3493, #420, .T. ) ;
#2470 = CARTESIAN_POINT ( 'NONE',  ( 32.99999983552509519, 2.499999999999974243, 0.4499999986000000618 ) ) ;
#2471 = CARTESIAN_POINT ( 'NONE',  ( 1.191305315940949905, 41.52854886863092787, -0.7499999986000001062 ) ) ;
#2472 = ORIENTED_EDGE ( 'NONE', *, *, #2894, .T. ) ;
#2473 = CARTESIAN_POINT ( 'NONE',  ( 4.000000526265646172, -37.00000000000003553, 0.7499999985999999952 ) ) ;
#2474 = VERTEX_POINT ( 'NONE', #113 ) ;
#2475 = EDGE_LOOP ( 'NONE', ( #2577, #2190, #2251, #252 ) ) ;
#2476 = B_SPLINE_CURVE_WITH_KNOTS ( 'NONE', 3,
 ( #1233, #2247, #3773, #2186 ),
 .UNSPECIFIED., .F., .F.,
 ( 4, 4 ),
 ( 0.000000000000000000, 1.000000000000000000 ),
 .UNSPECIFIED. ) ;
#2477 = CARTESIAN_POINT ( 'NONE',  ( -214.9004803838749069, 198.8409931223999649, 0.4499999986000000618 ) ) ;
#2478 = CARTESIAN_POINT ( 'NONE',  ( 30.30096372935559046, 13.86197133311947738, 0.7499999976580421501 ) ) ;
#2479 = DIRECTION ( 'NONE',  ( 0.000000000000000000, 0.000000000000000000, 1.000000000000000000 ) ) ;
#2480 = DIRECTION ( 'NONE',  ( -0.000000000000000000, 0.000000000000000000, 1.000000000000000000 ) ) ;
#2481 = ORIENTED_EDGE ( 'NONE', *, *, #1869, .T. ) ;
#2482 = DIRECTION ( 'NONE',  ( 1.000000000000000000, 0.000000000000000000, 0.000000000000000000 ) ) ;
#2483 = CARTESIAN_POINT ( 'NONE',  ( -20.38789305654420403, 43.31286663318972785, 0.4499999977757015435 ) ) ;
#2484 = ORIENTED_EDGE ( 'NONE', *, *, #755, .T. ) ;
#2485 = CARTESIAN_POINT ( 'NONE',  ( 13.99999975953558717, 17.27217238979997305, 0.7499999989791741317 ) ) ;
#2486 = EDGE_CURVE ( 'NONE', #1291, #743, #3999, .T. ) ;
#2487 = CARTESIAN_POINT ( 'NONE',  ( -9.999999797191405193, -23.00000009923802580, -0.7499999985999999952 ) ) ;
#2488 = DIRECTION ( 'NONE',  ( 0.4999999999999919509, 0.8660254037844432595, 1.815852218230840173E-11 ) ) ;
#2489 = CARTESIAN_POINT ( 'NONE',  ( -25.92387963544059915, 16.28087550621022928, -0.7499999986000002172 ) ) ;
#2490 = ORIENTED_EDGE ( 'NONE', *, *, #2901, .F. ) ;
#2491 = LINE ( 'NONE', #3663, #3004 ) ;
#2492 = ORIENTED_EDGE ( 'NONE', *, *, #3374, .T. ) ;
#2493 = VERTEX_POINT ( 'NONE', #521 ) ;
#2494 = LINE ( 'NONE', #1734, #3913 ) ;
#2495 = EDGE_CURVE ( 'NONE', #197, #426, #3468, .T. ) ;
#2496 = VECTOR ( 'NONE', #342, 1000.000000000000000 ) ;
#2497 = CARTESIAN_POINT ( 'NONE',  ( 4.999999500427426469, 1.500000135683465796, -0.7499999985999999952 ) ) ;
#2498 = FACE_OUTER_BOUND ( 'NONE', #1387, .T. ) ;
#2499 = CARTESIAN_POINT ( 'NONE',  ( 4.999999803455307479, -26.99999987921702882, 0.7612734287194810046 ) ) ;
#2500 = CC_DESIGN_APPROVAL ( #1496, ( #145 ) ) ;
#2501 = B_SPLINE_CURVE_WITH_KNOTS ( 'NONE', 3,
 ( #849, #3973, #140, #2429 ),
 .UNSPECIFIED., .F., .F.,
 ( 4, 4 ),
 ( 0.000000000000000000, 1.000000000000000000 ),
 .UNSPECIFIED. ) ;
#2502 = ORIENTED_EDGE ( 'NONE', *, *, #1628, .F. ) ;
#2503 = CARTESIAN_POINT ( 'NONE',  ( -33.00000011423342983, -28.86751278454052638, 0.7499999985999979968 ) ) ;
#2504 = VECTOR ( 'NONE', #3947, 1000.000000000000000 ) ;
#2505 = DIRECTION ( 'NONE',  ( 1.000000000000000000, 2.312964634635740689E-15, 0.000000000000000000 ) ) ;
#2506 = VERTEX_POINT ( 'NONE', #3330 ) ;
#2507 = CARTESIAN_POINT ( 'NONE',  ( -18.25000000003340617, 31.60992723816444183, 0.4499999979372140690 ) ) ;
#2508 = CARTESIAN_POINT ( 'NONE',  ( 30.30096372680057826, 13.86197133591948827, -0.7499999965900845389 ) ) ;
#2509 = CARTESIAN_POINT ( 'NONE',  ( -3.999999473734361377, -37.00000000000003553, 0.4499999986000000618 ) ) ;
#2510 = CARTESIAN_POINT ( 'NONE',  ( 5.807822419224923038, -46.49999999641654824, -0.7499999985999999952 ) ) ;
#2511 = ORIENTED_EDGE ( 'NONE', *, *, #3210, .F. ) ;
#2512 = AXIS2_PLACEMENT_3D ( 'NONE', #459, #2955, #1384 ) ;
#2513 = FACE_OUTER_BOUND ( 'NONE', #3002, .T. ) ;
#2514 = ORIENTED_EDGE ( 'NONE', *, *, #514, .F. ) ;
#2515 = ORIENTED_EDGE ( 'NONE', *, *, #2156, .F. ) ;
#2516 = PRODUCT_DEFINITION_SHAPE ( 'NONE', 'NONE',  #145 ) ;
#2517 = LINE ( 'NONE', #265, #2858 ) ;
#2518 = EDGE_CURVE ( 'NONE', #1447, #631, #501, .T. ) ;
#2519 = EDGE_CURVE ( 'NONE', #504, #3562, #1249, .T. ) ;
#2520 = CARTESIAN_POINT ( 'NONE',  ( 4.999999500427426469, 6.500000135683469793, 0.7499999985999999952 ) ) ;
#2521 = FACE_OUTER_BOUND ( 'NONE', #3380, .T. ) ;
#2522 = CYLINDRICAL_SURFACE ( 'NONE', #1601, 2.999999994400010195 ) ;
#2523 = ORIENTED_EDGE ( 'NONE', *, *, #3992, .F. ) ;
#2524 = VERTEX_POINT ( 'NONE', #257 ) ;
#2525 = LINE ( 'NONE', #4066, #3214 ) ;
#2526 = CARTESIAN_POINT ( 'NONE',  ( -18.25000000001161737, 31.60992723815184036, -0.7499999985999999952 ) ) ;
#2527 = CARTESIAN_POINT ( 'NONE',  ( 26.89137669692509647, -27.01823847040002491, -0.7499999985999999952 ) ) ;
#2528 = FACE_BOUND ( 'NONE', #1442, .T. ) ;
#2529 = CARTESIAN_POINT ( 'NONE',  ( 3.068867685249665467, -39.49999999641654114, -0.7499999985999999952 ) ) ;
#2530 = CARTESIAN_POINT ( 'NONE',  ( 38.87264290990458449, 19.61355081871946027, -0.7499999990383470205 ) ) ;
#2531 = ORIENTED_EDGE ( 'NONE', *, *, #744, .T. ) ;
#2532 = AXIS2_PLACEMENT_3D ( 'NONE', #4068, #1298, #2505 ) ;
#2533 = CARTESIAN_POINT ( 'NONE',  ( 26.32129957390608155, 15.88971154739646252, -0.7499999985999999952 ) ) ;
#2534 = EDGE_CURVE ( 'NONE', #800, #2124, #3165, .T. ) ;
#2535 = ORIENTED_EDGE ( 'NONE', *, *, #3255, .T. ) ;
#2536 = ORIENTED_EDGE ( 'NONE', *, *, #2785, .T. ) ;
#2537 = CARTESIAN_POINT ( 'NONE',  ( 31.91501136570095554, 11.73836513698342898, 0.7499999986000001062 ) ) ;
#2538 = EDGE_CURVE ( 'NONE', #2363, #126, #2873, .T. ) ;
#2539 = CARTESIAN_POINT ( 'NONE',  ( -16.49999978987540317, 18.50000001438345620, -0.7499999964333183833 ) ) ;
#2540 = DIRECTION ( 'NONE',  ( -0.000000000000000000, 0.000000000000000000, 1.000000000000000000 ) ) ;
#2541 = FACE_OUTER_BOUND ( 'NONE', #1125, .T. ) ;
#2542 = EDGE_CURVE ( 'NONE', #1820, #2524, #2964, .T. ) ;
#2543 = ORIENTED_EDGE ( 'NONE', *, *, #3619, .F. ) ;
#2544 = CARTESIAN_POINT ( 'NONE',  ( -13.03589830264670368, 30.57883818245954544, 0.4499999980427043522 ) ) ;
#2545 = CARTESIAN_POINT ( 'NONE',  ( 27.29887418563609103, 1.361971352733970519, 0.2499999999412350626 ) ) ;
#2546 = VECTOR ( 'NONE', #890, 1000.000000000000000 ) ;
#2547 = DIRECTION ( 'NONE',  ( -1.815852218230840173E-11, -1.048382767004165731E-11, 1.000000000000000000 ) ) ;
#2548 = EDGE_CURVE ( 'NONE', #3627, #3139, #3065, .T. ) ;
#2549 = CARTESIAN_POINT ( 'NONE',  ( -22.28014621683366414, 42.56217813218137991, -0.7499999985999999952 ) ) ;
#2550 = CARTESIAN_POINT ( 'NONE',  ( -28.11549388339365407, -40.69746388589931740, 0.7499999976627989007 ) ) ;
#2551 = CARTESIAN_POINT ( 'NONE',  ( -21.92092921438556985, 35.66816314841117475, 0.4499999978280097568 ) ) ;
#2552 = ORIENTED_EDGE ( 'NONE', *, *, #3694, .T. ) ;
#2553 = B_SPLINE_CURVE_WITH_KNOTS ( 'NONE', 3,
 ( #2815, #3348, #499, #1220 ),
 .UNSPECIFIED., .F., .F.,
 ( 4, 4 ),
 ( 0.000000000000000000, 1.000000000000000000 ),
 .UNSPECIFIED. ) ;
#2554 = ORIENTED_EDGE ( 'NONE', *, *, #2255, .F. ) ;
#2555 = EDGE_LOOP ( 'NONE', ( #2928, #3537, #3855, #2067, #3402, #2621, #156, #2903 ) ) ;
#2556 = LOCAL_TIME ( 12, 55, 46.00000000000000000, #200 ) ;
#2557 = CARTESIAN_POINT ( 'NONE',  ( -16.49999979167490594, 18.50000001626644774, 0.7499999975208361258 ) ) ;
#2558 = EDGE_CURVE ( 'NONE', #1656, #2079, #541, .T. ) ;
#2559 = DIRECTION ( 'NONE',  ( -0.000000000000000000, 0.000000000000000000, 1.000000000000000000 ) ) ;
#2560 = CARTESIAN_POINT ( 'NONE',  ( -28.11549388338879751, 40.69746388589584285, 0.4499999976627992448 ) ) ;
#2561 = AXIS2_PLACEMENT_3D ( 'NONE', #127, #3923, #3016 ) ;
#2562 = ORIENTED_EDGE ( 'NONE', *, *, #3240, .F. ) ;
#2563 = LINE ( 'NONE', #2544, #2360 ) ;
#2564 = CARTESIAN_POINT ( 'NONE',  ( -19.75000000001103473, -31.60992723815200733, -0.7588613171848925809 ) ) ;
#2565 = CARTESIAN_POINT ( 'NONE',  ( -16.49999979167490594, -18.49999999840004605, -0.7499999965687359493 ) ) ;
#2566 = VECTOR ( 'NONE', #34, 1000.000000000000000 ) ;
#2567 = AXIS2_PLACEMENT_3D ( 'NONE', #2421, #1201, #174 ) ;
#2568 = CARTESIAN_POINT ( 'NONE',  ( 30.30096372448859299, 13.86197132356697992, -0.2499999963208950349 ) ) ;
#2569 = EDGE_CURVE ( 'NONE', #2888, #3058, #2834, .T. ) ;
#2570 = CARTESIAN_POINT ( 'NONE',  ( -4.093854296136401061, 43.49999999511447157, 0.7500000033441499570 ) ) ;
#2571 = EDGE_CURVE ( 'NONE', #674, #1786, #1156, .T. ) ;
#2572 = CARTESIAN_POINT ( 'NONE',  ( 34.49999983552509519, -4.000000000000031086, 0.7499999985999999952 ) ) ;
#2573 = EDGE_LOOP ( 'NONE', ( #51, #2194 ) ) ;
#2574 = AXIS2_PLACEMENT_3D ( 'NONE', #927, #3680, #2198 ) ;
#2575 = CARTESIAN_POINT ( 'NONE',  ( 9.999999721333113101, -23.00000009923802580, -0.7499999985999999952 ) ) ;
#2576 = ORIENTED_EDGE ( 'NONE', *, *, #2156, .T. ) ;
#2577 = ORIENTED_EDGE ( 'NONE', *, *, #1140, .F. ) ;
#2578 = CIRCLE ( 'NONE', #2770, 2.250000000000001776 ) ;
#2579 = DIRECTION ( 'NONE',  ( -0.8660253951928449379, 0.5000000148810763712, -0.000000000000000000 ) ) ;
#2580 = CARTESIAN_POINT ( 'NONE',  ( 30.30096372779209091, -13.86197172120753862, 0.7499999988679859619 ) ) ;
#2581 = ORIENTED_EDGE ( 'NONE', *, *, #2692, .T. ) ;
#2582 = CARTESIAN_POINT ( 'NONE',  ( -16.10180771777393005, -18.49999998949704860, 0.7499999985999999952 ) ) ;
#2583 = CARTESIAN_POINT ( 'NONE',  ( -20.92500000001149019, 36.24316314839848019, -0.7588613172861770062 ) ) ;
#2584 = DIRECTION ( 'NONE',  ( 1.000000000000000000, 0.000000000000000000, 0.000000000000000000 ) ) ;
#2585 = EDGE_CURVE ( 'NONE', #3778, #2493, #1511, .T. ) ;
#2586 = DIRECTION ( 'NONE',  ( 1.000000000000000000, 0.000000000000000000, 0.000000000000000000 ) ) ;
#2587 = DIRECTION ( 'NONE',  ( 0.5000000000000041078, -0.8660254037844363761, 0.000000000000000000 ) ) ;
#2588 = CARTESIAN_POINT ( 'NONE',  ( 9.999999564891586701, 1.500000188846245530, 0.7499999985999999952 ) ) ;
#2589 = ORIENTED_EDGE ( 'NONE', *, *, #3372, .F. ) ;
#2590 = ADVANCED_FACE ( 'NONE', ( #794 ), #3373, .F. ) ;
#2591 = ADVANCED_FACE ( 'NONE', ( #2468 ), #3679, .F. ) ;
#2592 = AXIS2_PLACEMENT_3D ( 'NONE', #1941, #46, #1574 ) ;
#2593 = EDGE_CURVE ( 'NONE', #449, #2438, #2065, .T. ) ;
#2594 = ORIENTED_EDGE ( 'NONE', *, *, #1569, .F. ) ;
#2595 = VERTEX_POINT ( 'NONE', #1264 ) ;
#2596 = CIRCLE ( 'NONE', #1334, 1.499999999999999556 ) ;
#2597 = EDGE_CURVE ( 'NONE', #3926, #2474, #3096, .T. ) ;
#2598 = VECTOR ( 'NONE', #3873, 1000.000000000000000 ) ;
#2599 = ORIENTED_EDGE ( 'NONE', *, *, #2665, .F. ) ;
#2600 = LINE ( 'NONE', #721, #4043 ) ;
#2601 = VERTEX_POINT ( 'NONE', #2176 ) ;
#2602 = CARTESIAN_POINT ( 'NONE',  ( -20.38789305654633210, 43.31286663318920205, 0.6499999977757017211 ) ) ;
#2603 = DIRECTION ( 'NONE',  ( 0.000000000000000000, 0.000000000000000000, 1.000000000000000000 ) ) ;
#2604 = DIRECTION ( 'NONE',  ( -1.815852218230840173E-11, -1.048382767004165731E-11, 1.000000000000000000 ) ) ;
#2605 = CARTESIAN_POINT ( 'NONE',  ( 4.999999803455307479, -31.99999987921703237, 0.7612734287194810046 ) ) ;
#2606 = DIRECTION ( 'NONE',  ( 1.815852218230839850E-11, 1.048382767004165569E-11, -1.000000000000000000 ) ) ;
#2607 = DIRECTION ( 'NONE',  ( -0.000000000000000000, 0.000000000000000000, 1.000000000000000000 ) ) ;
#2608 = EDGE_LOOP ( 'NONE', ( #2652, #2240, #3328, #3544 ) ) ;
#2609 = ADVANCED_FACE ( 'NONE', ( #3460 ), #3183, .F. ) ;
#2610 = CARTESIAN_POINT ( 'NONE',  ( -26.00000009857917149, -15.89819206568600762, 0.7499999986000001062 ) ) ;
#2611 = AXIS2_PLACEMENT_3D ( 'NONE', #2473, #546, #3356 ) ;
#2612 = ADVANCED_FACE ( 'NONE', ( #1899 ), #42, .T. ) ;
#2613 = CARTESIAN_POINT ( 'NONE',  ( 26.97189373382681765, 0.4712387246358306081, 0.7499999983760471389 ) ) ;
#2614 = VERTEX_POINT ( 'NONE', #3204 ) ;
#2615 = ORIENTED_EDGE ( 'NONE', *, *, #3260, .F. ) ;
#2616 = ORIENTED_EDGE ( 'NONE', *, *, #377, .F. ) ;
#2617 = EDGE_CURVE ( 'NONE', #3917, #1921, #2278, .T. ) ;
#2618 = COORDINATED_UNIVERSAL_TIME_OFFSET ( 1, 0, .AHEAD. ) ;
#2619 = DIRECTION ( 'NONE',  ( 0.000000000000000000, 1.000000000000000000, 0.000000000000000000 ) ) ;
#2620 = AXIS2_PLACEMENT_3D ( 'NONE', #2880, #288, #2823 ) ;
#2621 = ORIENTED_EDGE ( 'NONE', *, *, #827, .T. ) ;
#2622 = CARTESIAN_POINT ( 'NONE',  ( -23.39819218386326938, -18.49999999229434167, -0.7499999986000001062 ) ) ;
#2623 = CARTESIAN_POINT ( 'NONE',  ( 14.30294690075920983, -18.60061666688273618, -0.7499999986000001062 ) ) ;
#2624 = DIRECTION ( 'NONE',  ( 1.000000000000000000, 0.000000000000000000, 0.000000000000000000 ) ) ;
#2625 = CARTESIAN_POINT ( 'NONE',  ( 4.000000526265646172, -37.00000000000003553, 0.7499999985999999952 ) ) ;
#2626 = DIRECTION ( 'NONE',  ( 0.5000000000000039968, -0.8660254037844363761, 0.000000000000000000 ) ) ;
#2627 = VECTOR ( 'NONE', #2767, 1000.000000000000000 ) ;
#2628 = CARTESIAN_POINT ( 'NONE',  ( -23.00000010127489958, -18.50000000780002551, -0.2499999995333329339 ) ) ;
#2629 = ORIENTED_EDGE ( 'NONE', *, *, #1944, .T. ) ;
#2630 = CARTESIAN_POINT ( 'NONE',  ( -13.88060213766365081, -17.01522509788213711, -0.7499999985999999952 ) ) ;
#2631 = CIRCLE ( 'NONE', #1242, 1.150000000000012124 ) ;
#2632 = ORIENTED_EDGE ( 'NONE', *, *, #2585, .F. ) ;
#2633 = CARTESIAN_POINT ( 'NONE',  ( -13.49999979670790751, -15.49999998800000256, 0.7499999975208361258 ) ) ;
#2634 = CARTESIAN_POINT ( 'NONE',  ( 34.49999983552509519, 3.999999999999976019, 0.4499999986000000618 ) ) ;
#2635 = VERTEX_POINT ( 'NONE', #321 ) ;
#2636 = EDGE_LOOP ( 'NONE', ( #3524, #845, #3886, #2801, #135, #2229, #47, #2554 ) ) ;
#2637 = VECTOR ( 'NONE', #2980, 1000.000000000000000 ) ;
#2638 = ORIENTED_EDGE ( 'NONE', *, *, #864, .T. ) ;
#2639 = DIRECTION ( 'NONE',  ( -0.4999999999999919509, -0.8660254037844432595, -1.815852218230840173E-11 ) ) ;
#2640 = EDGE_CURVE ( 'NONE', #1391, #116, #3146, .T. ) ;
#2641 = VERTEX_POINT ( 'NONE', #671 ) ;
#2642 = CARTESIAN_POINT ( 'NONE',  ( 27.29887419376109037, 1.361971342422468867, -0.7499999975788376183 ) ) ;
#2643 = DIRECTION ( 'NONE',  ( 0.000000000000000000, 1.000000000000000000, 0.000000000000000000 ) ) ;
#2644 = DIRECTION ( 'NONE',  ( 0.000000000000000000, 1.000000000000000000, 0.000000000000000000 ) ) ;
#2645 = LINE ( 'NONE', #2995, #2172 ) ;
#2646 = LINE ( 'NONE', #1358, #2752 ) ;
#2647 = CYLINDRICAL_SURFACE ( 'NONE', #2983, 1.500000000000001332 ) ;
#2648 = VERTEX_POINT ( 'NONE', #1591 ) ;
#2649 = CARTESIAN_POINT ( 'NONE',  ( -4.999999473734362709, 17.49999999999998934, -0.7499999985999999952 ) ) ;
#2650 = DIRECTION ( 'NONE',  ( -1.815852218230840173E-11, -1.048382767004165731E-11, 1.000000000000000000 ) ) ;
#2651 = CARTESIAN_POINT ( 'NONE',  ( 32.99999983552509519, -4.000000000000031086, 0.4499999986000000618 ) ) ;
#2652 = ORIENTED_EDGE ( 'NONE', *, *, #2043, .T. ) ;
#2653 = ORIENTED_EDGE ( 'NONE', *, *, #2281, .T. ) ;
#2654 = AXIS2_PLACEMENT_3D ( 'NONE', #3376, #2402, #523 ) ;
#2655 = EDGE_CURVE ( 'NONE', #2601, #3251, #3618, .T. ) ;
#2656 = VERTEX_POINT ( 'NONE', #2549 ) ;
#2657 = CIRCLE ( 'NONE', #4104, 2.250000000000001776 ) ;
#2658 = DIRECTION ( 'NONE',  ( 1.815852218230839850E-11, 1.048382767004165569E-11, -1.000000000000000000 ) ) ;
#2659 = AXIS2_PLACEMENT_3D ( 'NONE', #2700, #3953, #874 ) ;
#2660 = EDGE_CURVE ( 'NONE', #3343, #2182, #3361, .T. ) ;
#2661 = VERTEX_POINT ( 'NONE', #926 ) ;
#2662 = CARTESIAN_POINT ( 'NONE',  ( -21.92092921438507247, -35.66816314841148028, 0.4499999978280095347 ) ) ;
#2663 = CARTESIAN_POINT ( 'NONE',  ( 27.29887417536158623, -1.361971738969014467, 0.2500000003498430989 ) ) ;
#2664 = VECTOR ( 'NONE', #152, 1000.000000000000000 ) ;
#2665 = EDGE_CURVE ( 'NONE', #2690, #3627, #767, .T. ) ;
#2666 = DIRECTION ( 'NONE',  ( 0.8660254037844433705, -0.4999999999999919509, 1.048382767004166054E-11 ) ) ;
#2667 = B_SPLINE_CURVE_WITH_KNOTS ( 'NONE', 3,
 ( #1625, #3779, #3216, #943, #3835, #667, #1936, #604, #356, #297 ),
 .UNSPECIFIED., .F., .F.,
 ( 4, 2, 2, 2, 4 ),
 ( 0.000000000000000000, 0.2499999999999992228, 0.4999999999999994449, 0.7499999999999996669, 1.000000000000000000 ),
 .UNSPECIFIED. ) ;
#2668 = DIRECTION ( 'NONE',  ( 0.000000000000000000, 0.000000000000000000, 1.000000000000000000 ) ) ;
#2669 = DIRECTION ( 'NONE',  ( -0.8660254037844363761, -0.5000000000000039968, -1.048382767004157330E-11 ) ) ;
#2670 = DIRECTION ( 'NONE',  ( -0.000000000000000000, 0.000000000000000000, 1.000000000000000000 ) ) ;
#2671 = ORIENTED_EDGE ( 'NONE', *, *, #2180, .F. ) ;
#2672 = ADVANCED_FACE ( 'NONE', ( #3740, #1284, #4091, #628, #2528, #1243, #3784, #282, #3802, #963, #2197, #2218, #650, #1572 ), #1918, .T. ) ;
#2673 = FACE_OUTER_BOUND ( 'NONE', #855, .T. ) ;
#2674 = B_SPLINE_CURVE_WITH_KNOTS ( 'NONE', 3,
 ( #3061, #230, #1153, #254 ),
 .UNSPECIFIED., .F., .F.,
 ( 4, 4 ),
 ( 0.000000000000000000, 1.000000000000000000 ),
 .UNSPECIFIED. ) ;
#2675 = CIRCLE ( 'NONE', #1079, 5.000000000000000888 ) ;
#2676 = DIRECTION ( 'NONE',  ( -1.000000000000000000, 0.000000000000000000, 0.000000000000000000 ) ) ;
#2677 = CARTESIAN_POINT ( 'NONE',  ( 38.07936179409962563, 20.46424068748218161, 0.7499999999745686763 ) ) ;
#2678 = VERTEX_POINT ( 'NONE', #986 ) ;
#2679 = ORIENTED_EDGE ( 'NONE', *, *, #473, .T. ) ;
#2680 = CIRCLE ( 'NONE', #678, 1.500000000000001332 ) ;
#2681 = ORIENTED_EDGE ( 'NONE', *, *, #1529, .F. ) ;
#2682 = CARTESIAN_POINT ( 'NONE',  ( 32.99999983552509519, -4.000000000000031086, 0.4499999986000000618 ) ) ;
#2683 = DIRECTION ( 'NONE',  ( -1.815852218230840173E-11, -1.048382767004165731E-11, 1.000000000000000000 ) ) ;
#2684 = FACE_OUTER_BOUND ( 'NONE', #719, .T. ) ;
#2685 = FACE_OUTER_BOUND ( 'NONE', #1508, .T. ) ;
#2686 = DIRECTION ( 'NONE',  ( 0.000000000000000000, 0.000000000000000000, 1.000000000000000000 ) ) ;
#2687 = ORIENTED_EDGE ( 'NONE', *, *, #935, .T. ) ;
#2688 = CARTESIAN_POINT ( 'NONE',  ( 31.61201176647959699, -9.826980619188047328, -0.7499999979345822743 ) ) ;
#2689 = DIRECTION ( 'NONE',  ( 1.000000000000000000, 0.000000000000000000, 0.000000000000000000 ) ) ;
#2690 = VERTEX_POINT ( 'NONE', #2256 ) ;
#2691 = FACE_OUTER_BOUND ( 'NONE', #3895, .T. ) ;
#2692 = EDGE_CURVE ( 'NONE', #4010, #1710, #1292, .T. ) ;
#2693 = EDGE_CURVE ( 'NONE', #2474, #2245, #1939, .T. ) ;
#2694 = CARTESIAN_POINT ( 'NONE',  ( -7.249999473734364486, 17.49999999999998934, 0.7499999986000004393 ) ) ;
#2695 = LINE ( 'NONE', #2320, #1247 ) ;
#2696 = ORIENTED_EDGE ( 'NONE', *, *, #4049, .F. ) ;
#2697 = ORIENTED_EDGE ( 'NONE', *, *, #2655, .T. ) ;
#2698 = VECTOR ( 'NONE', #2335, 1000.000000000000000 ) ;
#2699 = ORIENTED_EDGE ( 'NONE', *, *, #3427, .T. ) ;
#2700 = CARTESIAN_POINT ( 'NONE',  ( 5.000000526265646172, 18.99999999999998934, 0.4499999986000000618 ) ) ;
#2701 = FACE_BOUND ( 'NONE', #2112, .T. ) ;
#2702 = CARTESIAN_POINT ( 'NONE',  ( -19.92907078568087442, -36.81816314841149307, 0.4499999978521224131 ) ) ;
#2703 = DIRECTION ( 'NONE',  ( 0.000000000000000000, 0.000000000000000000, 1.000000000000000000 ) ) ;
#2704 = ORIENTED_EDGE ( 'NONE', *, *, #3101, .F. ) ;
#2705 = ORIENTED_EDGE ( 'NONE', *, *, #325, .F. ) ;
#2706 = CARTESIAN_POINT ( 'NONE',  ( -9.999999797191405193, -26.99999987921702882, -0.7499999985999999952 ) ) ;
#2707 = DIRECTION ( 'NONE',  ( -0.000000000000000000, 0.000000000000000000, 1.000000000000000000 ) ) ;
#2708 = ORIENTED_EDGE ( 'NONE', *, *, #964, .T. ) ;
#2709 = CARTESIAN_POINT ( 'NONE',  ( -20.83333332980841135, 18.50000000779997222, -0.7499999985999999952 ) ) ;
#2710 = EDGE_CURVE ( 'NONE', #418, #1544, #3882, .T. ) ;
#2711 = CARTESIAN_POINT ( 'NONE',  ( 17.13794501846404117, 20.28000010021946053, 0.7499999985999999952 ) ) ;
#2712 = DIRECTION ( 'NONE',  ( 1.000000000000000000, 0.000000000000000000, 0.000000000000000000 ) ) ;
#2713 = CARTESIAN_POINT ( 'NONE',  ( 1.562999941355613931, 41.15685426039444650, -0.7500000023161716989 ) ) ;
#2714 = ORIENTED_EDGE ( 'NONE', *, *, #1398, .F. ) ;
#2715 = EDGE_CURVE ( 'NONE', #2524, #3931, #1389, .T. ) ;
#2716 = CARTESIAN_POINT ( 'NONE',  ( 16.99999975394808516, -20.27217987337501270, 0.7499999992093799861 ) ) ;
#2717 = ORIENTED_EDGE ( 'NONE', *, *, #1770, .T. ) ;
#2718 = CARTESIAN_POINT ( 'NONE',  ( -26.00000009567490622, -15.49999998800000256, -0.2499999995333329339 ) ) ;
#2719 = DIRECTION ( 'NONE',  ( -0.000000000000000000, 0.000000000000000000, 1.000000000000000000 ) ) ;
#2720 = CARTESIAN_POINT ( 'NONE',  ( -14.09797442378225085, 17.34041666613862631, -0.7499999986000001062 ) ) ;
#2721 = DIRECTION ( 'NONE',  ( -0.7344557743279520601, -0.6786565519880644048, 0.000000000000000000 ) ) ;
#2722 = AXIS2_PLACEMENT_3D ( 'NONE', #830, #3076, #3363 ) ;
#2723 = DIRECTION ( 'NONE',  ( 0.000000000000000000, 0.000000000000000000, 1.000000000000000000 ) ) ;
#2724 = CARTESIAN_POINT ( 'NONE',  ( -23.39819218249244059, 18.49999999369475745, 0.7499999986000001062 ) ) ;
#2725 = VERTEX_POINT ( 'NONE', #749 ) ;
#2726 = DIRECTION ( 'NONE',  ( -0.000000000000000000, 0.000000000000000000, 1.000000000000000000 ) ) ;
#2727 = CARTESIAN_POINT ( 'NONE',  ( 17.89328788405444115, 20.14763372942665498, 0.7499999986000002172 ) ) ;
#2728 = DIRECTION ( 'NONE',  ( -1.000000000000000000, 0.000000000000000000, 0.000000000000000000 ) ) ;
#2729 = CARTESIAN_POINT ( 'NONE',  ( -18.78014675496516972, 36.49999999499997472, -0.7499999985999999952 ) ) ;
#2730 = ORIENTED_EDGE ( 'NONE', *, *, #2118, .T. ) ;
#2731 = CARTESIAN_POINT ( 'NONE',  ( -13.49999978800839351, 15.50000001339998867, -0.7499999965687292880 ) ) ;
#2732 = VERTEX_POINT ( 'NONE', #1379 ) ;
#2733 = ORIENTED_EDGE ( 'NONE', *, *, #3868, .F. ) ;
#2734 = DIRECTION ( 'NONE',  ( -1.815852218230840173E-11, -1.048382767004165731E-11, 1.000000000000000000 ) ) ;
#2735 = EDGE_CURVE ( 'NONE', #1151, #3242, #728, .T. ) ;
#2736 = CARTESIAN_POINT ( 'NONE',  ( -23.07092921436310107, -37.66002157710299514, -0.7588613173086241614 ) ) ;
#2737 = CARTESIAN_POINT ( 'NONE',  ( 30.17429923702857764, 7.005310605567471427, -0.7499999985999999952 ) ) ;
#2738 = CARTESIAN_POINT ( 'NONE',  ( -18.25000000001145040, 31.60992723815175864, -0.7588613171890290499 ) ) ;
#2739 = ORIENTED_EDGE ( 'NONE', *, *, #581, .T. ) ;
#2740 = ORIENTED_EDGE ( 'NONE', *, *, #1728, .T. ) ;
#2741 = ORIENTED_EDGE ( 'NONE', *, *, #474, .T. ) ;
#2742 = DIRECTION ( 'NONE',  ( 1.000000000000000000, 0.000000000000000000, 0.000000000000000000 ) ) ;
#2743 = CARTESIAN_POINT ( 'NONE',  ( 24.33146750382508827, 16.90358164869998348, -0.7499999985999999952 ) ) ;
#2744 = ORIENTED_EDGE ( 'NONE', *, *, #1648, .F. ) ;
#2745 = CARTESIAN_POINT ( 'NONE',  ( -19.77500000003296066, -36.24316314840517350, 0.4499999978609484641 ) ) ;
#2746 = APPROVAL_PERSON_ORGANIZATION ( #2092, #3571, #1120 ) ;
#2747 = AXIS2_PLACEMENT_3D ( 'NONE', #3504, #2203, #2222 ) ;
#2748 = CARTESIAN_POINT ( 'NONE',  ( 36.01972643939857477, 21.57460628627647026, -0.7499999991009680400 ) ) ;
#2749 = CARTESIAN_POINT ( 'NONE',  ( 31.61201176153657855, 9.826980241846971609, -0.7499999968413213480 ) ) ;
#2750 = DIRECTION ( 'NONE',  ( -0.000000000000000000, -0.000000000000000000, -1.000000000000000000 ) ) ;
#2751 = ORIENTED_EDGE ( 'NONE', *, *, #4100, .F. ) ;
#2752 = VECTOR ( 'NONE', #148, 1000.000000000000000 ) ;
#2753 = CARTESIAN_POINT ( 'NONE',  ( -3.999999473734361377, -37.00000000000003553, 0.7499999986000004393 ) ) ;
#2754 = ORIENTED_EDGE ( 'NONE', *, *, #1227, .T. ) ;
#2755 = ORIENTED_EDGE ( 'NONE', *, *, #730, .F. ) ;
#2756 = APPROVAL_PERSON_ORGANIZATION ( #2349, #1496, #2030 ) ;
#2757 = FACE_OUTER_BOUND ( 'NONE', #3308, .T. ) ;
#2758 = VECTOR ( 'NONE', #271, 1000.000000000000000 ) ;
#2759 = FACE_BOUND ( 'NONE', #1007, .T. ) ;
#2760 = CARTESIAN_POINT ( 'NONE',  ( -16.10180772186309994, 18.49999999649192617, -0.7499999986000001062 ) ) ;
#2761 = DIRECTION ( 'NONE',  ( 1.000000000000000000, 0.000000000000000000, 1.815850710536658573E-11 ) ) ;
#2762 = VECTOR ( 'NONE', #564, 1000.000000000000000 ) ;
#2763 = EDGE_CURVE ( 'NONE', #1556, #848, #1104, .T. ) ;
#2764 = EDGE_CURVE ( 'NONE', #2437, #2938, #2645, .T. ) ;
#2765 = ORIENTED_EDGE ( 'NONE', *, *, #659, .F. ) ;
#2766 = ORIENTED_EDGE ( 'NONE', *, *, #1650, .T. ) ;
#2767 = DIRECTION ( 'NONE',  ( -9.079261001081511994E-12, 5.241913991031471230E-12, 1.000000000000000000 ) ) ;
#2768 = PLANE ( 'NONE',  #793 ) ;
#2769 = ORIENTED_EDGE ( 'NONE', *, *, #2189, .F. ) ;
#2770 = AXIS2_PLACEMENT_3D ( 'NONE', #4050, #2233, #2891 ) ;
#2771 = CARTESIAN_POINT ( 'NONE',  ( -4.999999786874903762, 1.500000135683465796, 0.7499999985999999952 ) ) ;
#2772 = CARTESIAN_POINT ( 'NONE',  ( -19.77500000001147740, 36.24316314839848019, -0.7588613172652947103 ) ) ;
#2773 = CARTESIAN_POINT ( 'NONE',  ( 13.99999975649107675, 17.27217239314649078, -0.7499999980999861871 ) ) ;
#2774 = DIRECTION ( 'NONE',  ( 0.000000000000000000, 0.000000000000000000, -1.000000000000000000 ) ) ;
#2775 = ORIENTED_EDGE ( 'NONE', *, *, #4073, .T. ) ;
#2776 = CARTESIAN_POINT ( 'NONE',  ( -23.00000010694391861, 18.50000000544996226, 0.7499999976310041117 ) ) ;
#2777 = ORIENTED_EDGE ( 'NONE', *, *, #2763, .F. ) ;
#2778 = ORIENTED_EDGE ( 'NONE', *, *, #3374, .F. ) ;
#2779 = EDGE_CURVE ( 'NONE', #1380, #1267, #1977, .T. ) ;
#2780 = CARTESIAN_POINT ( 'NONE',  ( 45.75059565307784482, -9.591821580057141361, 0.7499999985999979968 ) ) ;
#2781 = EDGE_CURVE ( 'NONE', #3550, #207, #1931, .T. ) ;
#2782 = LINE ( 'NONE', #552, #562 ) ;
#2783 = CARTESIAN_POINT ( 'NONE',  ( -23.07092921436376542, 37.66002157710276776, -0.7499999985999999952 ) ) ;
#2784 = DIRECTION ( 'NONE',  ( 1.000000000000000000, 4.625929269271486900E-15, 0.000000000000000000 ) ) ;
#2785 = EDGE_CURVE ( 'NONE', #1954, #2661, #702, .T. ) ;
#2786 = B_SPLINE_CURVE_WITH_KNOTS ( 'NONE', 3,
 ( #2380, #1671, #2937, #90 ),
 .UNSPECIFIED., .F., .F.,
 ( 4, 4 ),
 ( 0.000000000000000000, 1.000000000000000000 ),
 .UNSPECIFIED. ) ;
#2787 = EDGE_LOOP ( 'NONE', ( #892, #2777, #2970, #3208, #1692 ) ) ;
#2788 = VERTEX_POINT ( 'NONE', #414 ) ;
#2789 = EDGE_CURVE ( 'NONE', #3105, #3705, #769, .T. ) ;
#2790 = DIRECTION ( 'NONE',  ( 0.3747391494199689976, 0.9271302874418450024, 0.000000000000000000 ) ) ;
#2791 = PLANE ( 'NONE',  #2325 ) ;
#2792 = ORIENTED_EDGE ( 'NONE', *, *, #1263, .F. ) ;
#2793 = CIRCLE ( 'NONE', #334, 1.499999999999997780 ) ;
#2794 = PLANE ( 'NONE',  #915 ) ;
#2795 = AXIS2_PLACEMENT_3D ( 'NONE', #1378, #1681, #2948 ) ;
#2796 = AXIS2_PLACEMENT_3D ( 'NONE', #1719, #1740, #1121 ) ;
#2797 = CARTESIAN_POINT ( 'NONE',  ( 15.65076595787418334, 19.96389900945852958, 0.7499999986000001062 ) ) ;
#2798 = ADVANCED_FACE ( 'NONE', ( #3238 ), #1995, .F. ) ;
#2799 = CARTESIAN_POINT ( 'NONE',  ( -19.92907078568134693, 36.81816314841115911, 0.4499999978521226351 ) ) ;
#2800 = CARTESIAN_POINT ( 'NONE',  ( -2.018639169728515981, 43.24401647816674199, -0.7499999985999998842 ) ) ;
#2801 = ORIENTED_EDGE ( 'NONE', *, *, #1569, .T. ) ;
#2802 = B_SPLINE_CURVE_WITH_KNOTS ( 'NONE', 3,
 ( #4027, #520, #232, #212, #3658, #1484, #859, #1177, #1509, #2150 ),
 .UNSPECIFIED., .F., .F.,
 ( 4, 2, 2, 2, 4 ),
 ( 0.000000000000000000, 0.2500000000000000000, 0.5000000000000000000, 0.7500000000000000000, 1.000000000000000000 ),
 .UNSPECIFIED. ) ;
#2803 = CARTESIAN_POINT ( 'NONE',  ( 4.000000526265646172, -37.00000000000003553, 0.4499999986000000618 ) ) ;
#2804 = ORIENTED_EDGE ( 'NONE', *, *, #2255, .T. ) ;
#2805 = ORIENTED_EDGE ( 'NONE', *, *, #2095, .T. ) ;
#2806 = CARTESIAN_POINT ( 'NONE',  ( -24.51499263630923053, -18.11979819361671673, 0.7499999985999998842 ) ) ;
#2807 = CYLINDRICAL_SURFACE ( 'NONE', #3423, 6.999999999999999112 ) ;
#2808 = LINE ( 'NONE', #642, #735 ) ;
#2809 = CARTESIAN_POINT ( 'NONE',  ( -4.999999786874903762, -26.99999987921702882, -0.7499999985999999952 ) ) ;
#2810 = VERTEX_POINT ( 'NONE', #1682 ) ;
#2811 = EDGE_LOOP ( 'NONE', ( #3672, #1716, #3519, #2543 ) ) ;
#2812 = DIRECTION ( 'NONE',  ( -1.815852218230840173E-11, -1.048382767004165731E-11, 1.000000000000000000 ) ) ;
#2813 = CARTESIAN_POINT ( 'NONE',  ( 26.97206561842742900, -0.4721636953909946199, -0.7499999986000001062 ) ) ;
#2814 = ORIENTED_EDGE ( 'NONE', *, *, #3481, .F. ) ;
#2815 = CARTESIAN_POINT ( 'NONE',  ( 9.999999721333113101, -23.00000009923802580, 0.7499999985999999952 ) ) ;
#2816 = DIRECTION ( 'NONE',  ( 0.8660254037844363761, 0.5000000000000041078, 1.048382767004157814E-11 ) ) ;
#2817 = CARTESIAN_POINT ( 'NONE',  ( -2.749999473734360045, 17.49999999999998934, 0.4499999986000000618 ) ) ;
#2818 = DIRECTION ( 'NONE',  ( 1.000000000000000000, 0.000000000000000000, 1.815850082013637984E-11 ) ) ;
#2819 = ORIENTED_EDGE ( 'NONE', *, *, #2956, .F. ) ;
#2820 = LOCAL_TIME ( 12, 55, 46.00000000000000000, #3647 ) ;
#2821 = EDGE_CURVE ( 'NONE', #3150, #2474, #2291, .T. ) ;
#2822 = EDGE_CURVE ( 'NONE', #872, #2394, #1706, .T. ) ;
#2823 = DIRECTION ( 'NONE',  ( 1.000000000000000000, 0.000000000000000000, 0.000000000000000000 ) ) ;
#2824 = VERTEX_POINT ( 'NONE', #2913 ) ;
#2825 = EDGE_LOOP ( 'NONE', ( #243, #3708, #2687, #1818 ) ) ;
#2826 = CARTESIAN_POINT ( 'NONE',  ( 31.96079042580662133, 11.34984554451586725, 0.7499999986000002172 ) ) ;
#2827 = AXIS2_PLACEMENT_3D ( 'NONE', #470, #1376, #704 ) ;
#2828 = LINE ( 'NONE', #4061, #1100 ) ;
#2829 = LINE ( 'NONE', #1541, #799 ) ;
#2830 = CARTESIAN_POINT ( 'NONE',  ( -9.999999806958397741, -1.499999997200018864, 0.7500000013124998866 ) ) ;
#2831 = LOCAL_TIME ( 12, 55, 46.00000000000000000, #3526 ) ;
#2832 = VERTEX_POINT ( 'NONE', #2974 ) ;
#2833 = CYLINDRICAL_SURFACE ( 'NONE', #3745, 1.500000000000001332 ) ;
#2834 = CIRCLE ( 'NONE', #975, 1.500000000000001332 ) ;
#2835 = DIRECTION ( 'NONE',  ( 1.815852218230855036E-11, -1.048382767004157330E-11, -1.000000000000000000 ) ) ;
#2836 = FACE_OUTER_BOUND ( 'NONE', #309, .T. ) ;
#2837 = CARTESIAN_POINT ( 'NONE',  ( -13.49999979727489752, 15.50000001339998867, -0.2499999995333329339 ) ) ;
#2838 = LINE ( 'NONE', #62, #768 ) ;
#2839 = CARTESIAN_POINT ( 'NONE',  ( -4.093854296798898673, 43.49999999499998182, -0.7500000025639165235 ) ) ;
#2840 = ORIENTED_EDGE ( 'NONE', *, *, #3650, .T. ) ;
#2841 = EDGE_CURVE ( 'NONE', #2595, #3695, #1085, .T. ) ;
#2842 = ORIENTED_EDGE ( 'NONE', *, *, #3547, .F. ) ;
#2843 = ORIENTED_EDGE ( 'NONE', *, *, #619, .F. ) ;
#2844 = CARTESIAN_POINT ( 'NONE',  ( -23.00000010127489958, -18.50000000686652513, 0.7499999977521299988 ) ) ;
#2845 = DIRECTION ( 'NONE',  ( 1.000000000000000000, 0.000000000000000000, 0.000000000000000000 ) ) ;
#2846 = CARTESIAN_POINT ( 'NONE',  ( -20.92500000001149019, 36.24316314839848019, -0.7588613172861770062 ) ) ;
#2847 = CARTESIAN_POINT ( 'NONE',  ( 46.11947574110322989, 11.84227390210054764, -0.7499999985999999952 ) ) ;
#2848 = ORIENTED_EDGE ( 'NONE', *, *, #2593, .F. ) ;
#2849 = DIRECTION ( 'NONE',  ( -0.000000000000000000, 0.000000000000000000, 1.000000000000000000 ) ) ;
#2850 = LINE ( 'NONE', #1855, #3383 ) ;
#2851 = DIRECTION ( 'NONE',  ( 0.000000000000000000, 0.000000000000000000, 1.000000000000000000 ) ) ;
#2852 = VECTOR ( 'NONE', #2878, 1000.000000000000114 ) ;
#2853 = VECTOR ( 'NONE', #605, 1000.000000000000000 ) ;
#2854 = DIRECTION ( 'NONE',  ( -1.000000000000000000, 0.000000000000000000, 0.000000000000000000 ) ) ;
#2855 = CARTESIAN_POINT ( 'NONE',  ( -18.25000000003299050, -31.60992723816469407, 0.4499999979372140690 ) ) ;
#2856 = LINE ( 'NONE', #27, #1269 ) ;
#2857 = ORIENTED_EDGE ( 'NONE', *, *, #2463, .F. ) ;
#2858 = VECTOR ( 'NONE', #1518, 1000.000000000000000 ) ;
#2859 = EDGE_CURVE ( 'NONE', #2732, #1391, #3573, .T. ) ;
#2860 = DIRECTION ( 'NONE',  ( 1.000000000000000000, 0.000000000000000000, 0.000000000000000000 ) ) ;
#2861 = ORIENTED_EDGE ( 'NONE', *, *, #3725, .T. ) ;
#2862 = ORIENTED_EDGE ( 'NONE', *, *, #425, .F. ) ;
#2863 = AXIS2_PLACEMENT_3D ( 'NONE', #3752, #933, #1254 ) ;
#2864 = CARTESIAN_POINT ( 'NONE',  ( 35.00000000002298606, -2.775557561562891351E-14, -0.7588613151671350643 ) ) ;
#2865 = DIRECTION ( 'NONE',  ( 1.000000000000000000, 0.000000000000000000, 0.000000000000000000 ) ) ;
#2866 = DIRECTION ( 'NONE',  ( 0.000000000000000000, 1.000000000000000000, -0.000000000000000000 ) ) ;
#2867 = ADVANCED_FACE ( 'NONE', ( #3612 ), #81, .T. ) ;
#2868 = EDGE_CURVE ( 'NONE', #1926, #3139, #3753, .T. ) ;
#2869 = ORIENTED_EDGE ( 'NONE', *, *, #1548, .T. ) ;
#2870 = DIRECTION ( 'NONE',  ( -0.000000000000000000, 0.000000000000000000, 1.000000000000000000 ) ) ;
#2871 = DIRECTION ( 'NONE',  ( -1.000000000000000000, 0.000000000000000000, 0.000000000000000000 ) ) ;
#2872 = VECTOR ( 'NONE', #2249, 999.9999999999998863 ) ;
#2873 = B_SPLINE_CURVE_WITH_KNOTS ( 'NONE', 3,
 ( #2748, #2085, #3083, #863, #1465, #1445 ),
 .UNSPECIFIED., .F., .F.,
 ( 4, 2, 4 ),
 ( 0.000000000000000000, 0.5000000000000000000, 1.000000000000000000 ),
 .UNSPECIFIED. ) ;
#2874 = DIRECTION ( 'NONE',  ( -1.000000000000000000, 0.000000000000000000, -1.815850710536654050E-11 ) ) ;
#2875 = B_SPLINE_CURVE_WITH_KNOTS ( 'NONE', 3,
 ( #1018, #2352, #412, #1039, #3217, #3857, #2623, #1337, #374, #3878, #3552, #2034, #123, #2947, #2311, #1377, #2972, #2332 ),
 .UNSPECIFIED., .F., .F.,
 ( 4, 1, 2, 2, 2, 2, 1, 2, 2, 4 ),
 ( 0.000000000000000000, 0.1249999999999976685, 0.1874999999999975020, 0.2499999999999973355, 0.3749999999999973910, 0.4999999999999974465, 0.6249999999999974465, 0.6874999999999967804, 0.7499999999999972244, 1.000000000000000000 ),
 .UNSPECIFIED. ) ;
#2876 = CARTESIAN_POINT ( 'NONE',  ( 5.999999417025114745, -43.49999999500003867, -0.7499999985999999952 ) ) ;
#2877 = CARTESIAN_POINT ( 'NONE',  ( 30.30096373282006894, -13.86197172091852003, -0.7499999980177621817 ) ) ;
#2878 = DIRECTION ( 'NONE',  ( -0.7344557743279520601, -0.6786565519880644048, 0.000000000000000000 ) ) ;
#2879 = VERTEX_POINT ( 'NONE', #1736 ) ;
#2880 = CARTESIAN_POINT ( 'NONE',  ( 4.000000526265646172, -37.00000000000003553, 0.4499999986000000618 ) ) ;
#2881 = ORIENTED_EDGE ( 'NONE', *, *, #1906, .T. ) ;
#2882 = ORIENTED_EDGE ( 'NONE', *, *, #2779, .F. ) ;
#2883 = B_SPLINE_CURVE_WITH_KNOTS ( 'NONE', 3,
 ( #3635, #2293, #1978, #3239 ),
 .UNSPECIFIED., .F., .F.,
 ( 4, 4 ),
 ( 0.000000000000000000, 1.000000000000000000 ),
 .UNSPECIFIED. ) ;
#2884 = CARTESIAN_POINT ( 'NONE',  ( 21.71208486728060194, -31.80404104419601197, -0.7499999985999999952 ) ) ;
#2885 = DIRECTION ( 'NONE',  ( 0.000000000000000000, -1.000000000000000000, 0.000000000000000000 ) ) ;
#2886 = EDGE_CURVE ( 'NONE', #1812, #2493, #171, .T. ) ;
#2887 = CIRCLE ( 'NONE', #1098, 1.500000000000001332 ) ;
#2888 = VERTEX_POINT ( 'NONE', #2634 ) ;
#2889 = DIRECTION ( 'NONE',  ( -0.000000000000000000, -0.000000000000000000, -1.000000000000000000 ) ) ;
#2890 = PLANE ( 'NONE',  #2057 ) ;
#2891 = DIRECTION ( 'NONE',  ( 1.000000000000000000, 0.000000000000000000, 0.000000000000000000 ) ) ;
#2892 = EDGE_CURVE ( 'NONE', #932, #1656, #1427, .T. ) ;
#2893 = AXIS2_PLACEMENT_3D ( 'NONE', #511, #1781, #3053 ) ;
#2894 = EDGE_CURVE ( 'NONE', #3313, #3189, #2695, .T. ) ;
#2895 = VECTOR ( 'NONE', #2896, 1000.000000000000000 ) ;
#2896 = DIRECTION ( 'NONE',  ( 1.000000000000000000, 0.000000000000000000, 0.000000000000000000 ) ) ;
#2897 = CARTESIAN_POINT ( 'NONE',  ( 18.36197127517510808, -19.94519233541602787, -0.7499999981000471383 ) ) ;
#2898 = CARTESIAN_POINT ( 'NONE',  ( -26.00000010674291673, -15.49999998800000256, -0.7499999969354413931 ) ) ;
#2899 = VERTEX_POINT ( 'NONE', #3965 ) ;
#2900 = B_SPLINE_CURVE_WITH_KNOTS ( 'NONE', 3,
 ( #673, #3825, #1920, #2839 ),
 .UNSPECIFIED., .F., .F.,
 ( 4, 4 ),
 ( 0.000000000000000000, 1.000000000000000000 ),
 .UNSPECIFIED. ) ;
#2901 = EDGE_CURVE ( 'NONE', #1483, #3465, #3660, .T. ) ;
#2902 = VERTEX_POINT ( 'NONE', #444 ) ;
#2903 = ORIENTED_EDGE ( 'NONE', *, *, #35, .T. ) ;
#2904 = AXIS2_PLACEMENT_3D ( 'NONE', #2507, #358, #647 ) ;
#2905 = ORIENTED_EDGE ( 'NONE', *, *, #2386, .F. ) ;
#2906 = CARTESIAN_POINT ( 'NONE',  ( -33.00000039587492040, -9.622503674266535967, 0.7499999985999999952 ) ) ;
#2907 = EDGE_CURVE ( 'NONE', #1696, #1913, #818, .T. ) ;
#2908 = ORIENTED_EDGE ( 'NONE', *, *, #3650, .F. ) ;
#2909 = CARTESIAN_POINT ( 'NONE',  ( 29.97189375152509072, -2.032000123719512885E-07, 9.757819552369539906E-16 ) ) ;
#2910 = CARTESIAN_POINT ( 'NONE',  ( 34.49999983552509519, 2.499999999999974243, 0.7499999985999999952 ) ) ;
#2911 = EDGE_CURVE ( 'NONE', #2363, #2124, #851, .T. ) ;
#2912 = DIRECTION ( 'NONE',  ( -1.815852218230854713E-11, 1.048382767004157330E-11, 1.000000000000000000 ) ) ;
#2913 = CARTESIAN_POINT ( 'NONE',  ( -14.33493640832880800, 29.82883818246267893, 0.7499999980269785871 ) ) ;
#2914 = CARTESIAN_POINT ( 'NONE',  ( 13.99999976192509088, 17.27217238979997305, 0.2500000006833599242 ) ) ;
#2915 = PLANE ( 'NONE',  #661 ) ;
#2916 = ORIENTED_EDGE ( 'NONE', *, *, #1503, .F. ) ;
#2917 = CARTESIAN_POINT ( 'NONE',  ( 31.66931218443657414, 12.49364032007168923, 0.7499999986000001062 ) ) ;
#2918 = CLOSED_SHELL ( 'NONE', ( #1009, #3813, #1699, #3750, #1193, #2798, #3924, #1195, #1170, #3690, #917, #2430, #60, #826, #4083, #3470, #2867, #636, #1823, #1717, #2612, #1350, #1851, #1664, #3502, #2235, #495, #1301, #3744, #3072, #1846, #525, #353, #441, #392, #733, #3321, #1742, #2264, #1550, #860, #1772, #87, #1349, #403, #2049, #625, #1013, #2672, #172, #2027, #2303, #2963, #1419, #1362, #1905, #1111, #2590, #3046, #2242, #2591, #2442, #1689, #1008, #1390, #3074, #3299, #3336, #1348, #3850, #4099, #307, #1803, #916, #1922, #608, #320, #250, #2609, #1816, #3600, #1785, #1489, #3828, #466, #4051, #1473, #1793, #3143, #1604, #3347, #699, #1036, #1971, #2076, #424, #1279, #1519, #2407, #3944, #3626, #3821, #2101, #43, #3473, #3405, #955, #1300, #305 ) ) ;
#2919 = EDGE_CURVE ( 'NONE', #2124, #1730, #1102, .T. ) ;
#2920 = FACE_OUTER_BOUND ( 'NONE', #2608, .T. ) ;
#2921 = ORIENTED_EDGE ( 'NONE', *, *, #894, .T. ) ;
#2922 = EDGE_LOOP ( 'NONE', ( #3951, #1365 ) ) ;
#2923 = VECTOR ( 'NONE', #1748, 1000.000000000000000 ) ;
#2924 = VECTOR ( 'NONE', #1891, 1000.000000000000000 ) ;
#2925 = EDGE_LOOP ( 'NONE', ( #2159, #3718 ) ) ;
#2926 = FACE_BOUND ( 'NONE', #1638, .T. ) ;
#2927 = LINE ( 'NONE', #1987, #2466 ) ;
#2928 = ORIENTED_EDGE ( 'NONE', *, *, #2781, .T. ) ;
#2929 = DIRECTION ( 'NONE',  ( -0.000000000000000000, -0.000000000000000000, 1.000000000000000000 ) ) ;
#2930 = CARTESIAN_POINT ( 'NONE',  ( 27.29887419312959551, -1.361971729671007658, -0.7499999974329573105 ) ) ;
#2931 = CARTESIAN_POINT ( 'NONE',  ( -19.41506342724516543, -28.62787628813648411, 0.4499999979473214284 ) ) ;
#2932 = FACE_OUTER_BOUND ( 'NONE', #2475, .T. ) ;
#2933 = DIRECTION ( 'NONE',  ( 0.000000000000000000, 0.000000000000000000, -1.000000000000000000 ) ) ;
#2934 = ORIENTED_EDGE ( 'NONE', *, *, #3387, .T. ) ;
#2935 = FACE_OUTER_BOUND ( 'NONE', #2113, .T. ) ;
#2936 = LINE ( 'NONE', #89, #239 ) ;
#2937 = CARTESIAN_POINT ( 'NONE',  ( 28.73658672258061486, 4.183640976641978426, 0.7499999985999999952 ) ) ;
#2938 = VERTEX_POINT ( 'NONE', #2362 ) ;
#2939 = ORIENTED_EDGE ( 'NONE', *, *, #1869, .F. ) ;
#2940 = EDGE_CURVE ( 'NONE', #2506, #3090, #2786, .T. ) ;
#2941 = EDGE_CURVE ( 'NONE', #4069, #3341, #3640, .T. ) ;
#2942 = ORIENTED_EDGE ( 'NONE', *, *, #1917, .T. ) ;
#2943 =( NAMED_UNIT ( * ) PLANE_ANGLE_UNIT ( ) SI_UNIT ( $, .RADIAN. ) );
#2944 = DIRECTION ( 'NONE',  ( -1.206194934937225625E-08, 0.9999999999999998890, 0.000000000000000000 ) ) ;
#2945 = ORIENTED_EDGE ( 'NONE', *, *, #2693, .F. ) ;
#2946 = CARTESIAN_POINT ( 'NONE',  ( -9.999999786874907315, -8.666666698466524821, 0.7499999985999999952 ) ) ;
#2947 = CARTESIAN_POINT ( 'NONE',  ( 15.67021180885965670, -19.96345288431018261, -0.7499999986000001062 ) ) ;
#2948 = DIRECTION ( 'NONE',  ( 0.000000000000000000, -1.000000000000000000, 0.000000000000000000 ) ) ;
#2949 = CARTESIAN_POINT ( 'NONE',  ( 18.36197127672509311, 19.94519196119998128, 0.2499999995333341274 ) ) ;
#2950 = VERTEX_POINT ( 'NONE', #2066 ) ;
#2951 = CARTESIAN_POINT ( 'NONE',  ( 9.999999803455311920, -26.99999982605424975, -0.7499999985999999952 ) ) ;
#2952 = VECTOR ( 'NONE', #1666, 1000.000000000000000 ) ;
#2953 = CARTESIAN_POINT ( 'NONE',  ( 41.85000000002300879, -2.775557561562891351E-14, 0.4499999986000000618 ) ) ;
#2954 = ORIENTED_EDGE ( 'NONE', *, *, #2886, .T. ) ;
#2955 = DIRECTION ( 'NONE',  ( 0.000000000000000000, 0.000000000000000000, -1.000000000000000000 ) ) ;
#2956 = EDGE_CURVE ( 'NONE', #1451, #1969, #1600, .T. ) ;
#2957 = VECTOR ( 'NONE', #1724, 1000.000000000000000 ) ;
#2958 = DIRECTION ( 'NONE',  ( 0.000000000000000000, -1.000000000000000000, 0.000000000000000000 ) ) ;
#2959 = CARTESIAN_POINT ( 'NONE',  ( 14.01915673060905299, -17.66479952869632442, 0.7499999986000002172 ) ) ;
#2960 = ORIENTED_EDGE ( 'NONE', *, *, #568, .T. ) ;
#2961 = ORIENTED_EDGE ( 'NONE', *, *, #2495, .T. ) ;
#2962 = AXIS2_PLACEMENT_3D ( 'NONE', #2237, #2816, #1552 ) ;
#2963 = ADVANCED_FACE ( 'NONE', ( #777 ), #1386, .T. ) ;
#2964 = B_SPLINE_CURVE_WITH_KNOTS ( 'NONE', 3,
 ( #4031, #2797, #235, #1179, #3964, #2711, #3395, #2727, #214, #3984 ),
 .UNSPECIFIED., .F., .F.,
 ( 4, 2, 2, 2, 4 ),
 ( 0.000000000000000000, 0.2500000000000000000, 0.5000000000000000000, 0.7500000000000000000, 1.000000000000000000 ),
 .UNSPECIFIED. ) ;
#2965 = EDGE_CURVE ( 'NONE', #891, #3295, #1713, .T. ) ;
#2966 = ORIENTED_EDGE ( 'NONE', *, *, #3766, .F. ) ;
#2967 = DIRECTION ( 'NONE',  ( 0.000000000000000000, 1.000000000000000000, 0.000000000000000000 ) ) ;
#2968 = CARTESIAN_POINT ( 'NONE',  ( -33.00000067527489023, 9.622505452266450376, 0.7499999985999999952 ) ) ;
#2969 = EDGE_CURVE ( 'NONE', #1380, #2879, #133, .T. ) ;
#2970 = ORIENTED_EDGE ( 'NONE', *, *, #828, .F. ) ;
#2971 = CARTESIAN_POINT ( 'NONE',  ( -12.78014581711942022, 43.49999999505599391, -0.7499999985999999952 ) ) ;
#2972 = CARTESIAN_POINT ( 'NONE',  ( 16.60700282619255574, -20.27204869038985180, -0.7499999986000002172 ) ) ;
#2973 = CARTESIAN_POINT ( 'NONE',  ( 28.93899221052509318, -11.18895214580004094, 9.757819552369539906E-16 ) ) ;
#2974 = CARTESIAN_POINT ( 'NONE',  ( -33.00000011423342983, -28.86751278454052638, -0.7499999985999999952 ) ) ;
#2975 = CARTESIAN_POINT ( 'NONE',  ( 31.47822395286029007, -12.83541718782737107, -0.7499999985999998842 ) ) ;
#2976 = CARTESIAN_POINT ( 'NONE',  ( 5.000000526265646172, 17.49999999999998934, 0.7499999985999999952 ) ) ;
#2977 = EDGE_LOOP ( 'NONE', ( #3662, #1655, #2552, #2705 ) ) ;
#2978 = CARTESIAN_POINT ( 'NONE',  ( -22.07500000003343033, 38.23502157711536142, 0.4499999977983012989 ) ) ;
#2979 = CARTESIAN_POINT ( 'NONE',  ( 32.99999983552509519, 2.499999999999974243, 0.7499999985999999952 ) ) ;
#2980 = DIRECTION ( 'NONE',  ( -0.000000000000000000, 0.000000000000000000, 1.000000000000000000 ) ) ;
#2981 = ORIENTED_EDGE ( 'NONE', *, *, #3193, .T. ) ;
#2982 = ORIENTED_EDGE ( 'NONE', *, *, #1056, .T. ) ;
#2983 = AXIS2_PLACEMENT_3D ( 'NONE', #417, #63, #399 ) ;
#2984 = EDGE_CURVE ( 'NONE', #3627, #2690, #3160, .T. ) ;
#2985 = ORIENTED_EDGE ( 'NONE', *, *, #1449, .T. ) ;
#2986 = VECTOR ( 'NONE', #1166, 1000.000000000000000 ) ;
#2987 = DIRECTION ( 'NONE',  ( 0.000000000000000000, 1.000000000000000000, -0.000000000000000000 ) ) ;
#2988 = CARTESIAN_POINT ( 'NONE',  ( -26.00000010462591504, -15.49999999480600188, 0.7499999976310041117 ) ) ;
#2989 = AXIS2_PLACEMENT_3D ( 'NONE', #1453, #3666, #802 ) ;
#2990 = CARTESIAN_POINT ( 'NONE',  ( -23.78087561974439978, -18.42387952032652265, -0.7499999986000002172 ) ) ;
#2991 = CARTESIAN_POINT ( 'NONE',  ( 9.999999721333113101, -23.00000009923802580, 0.7499999985999999952 ) ) ;
#2992 = CYLINDRICAL_SURFACE ( 'NONE', #2001, 2.999999994400010195 ) ;
#2993 = EDGE_CURVE ( 'NONE', #1935, #1258, #1207, .T. ) ;
#2994 = EDGE_CURVE ( 'NONE', #262, #1921, #654, .T. ) ;
#2995 = CARTESIAN_POINT ( 'NONE',  ( 49.30278453645816938, 3.999999999999976019, 0.7499999985999999952 ) ) ;
#2996 = CARTESIAN_POINT ( 'NONE',  ( -20.71410153292726974, -27.87787628813961760, 0.7499999979315956633 ) ) ;
#2997 = CYLINDRICAL_SURFACE ( 'NONE', #3249, 5.000000000000000888 ) ;
#2998 = ORIENTED_EDGE ( 'NONE', *, *, #3725, .F. ) ;
#2999 = LINE ( 'NONE', #440, #2664 ) ;
#3000 = DIRECTION ( 'NONE',  ( 1.000000000000000000, 0.000000000000000000, 1.815850710536658573E-11 ) ) ;
#3001 = CARTESIAN_POINT ( 'NONE',  ( -33.00000090116203211, 36.37306841329374407, 0.7499999985999979968 ) ) ;
#3002 = EDGE_LOOP ( 'NONE', ( #614, #3633, #1162, #644 ) ) ;
#3003 = ORIENTED_EDGE ( 'NONE', *, *, #4026, .T. ) ;
#3004 = VECTOR ( 'NONE', #2089, 1000.000000000000000 ) ;
#3005 = B_SPLINE_CURVE_WITH_KNOTS ( 'NONE', 3,
 ( #3120, #279, #1611, #960, #1878, #2173 ),
 .UNSPECIFIED., .F., .F.,
 ( 4, 2, 4 ),
 ( 0.000000000000000000, 0.5000000000000000000, 1.000000000000000000 ),
 .UNSPECIFIED. ) ;
#3006 = ORIENTED_EDGE ( 'NONE', *, *, #698, .F. ) ;
#3007 = PERSON_AND_ORGANIZATION_ROLE ( 'classification_officer' ) ;
#3008 = FACE_OUTER_BOUND ( 'NONE', #405, .T. ) ;
#3009 = DIRECTION ( 'NONE',  ( -0.4999999999999918954, -0.8660254037844432595, 0.000000000000000000 ) ) ;
#3010 = LINE ( 'NONE', #161, #1792 ) ;
#3011 = CYLINDRICAL_SURFACE ( 'NONE', #3126, 1.499999999999997780 ) ;
#3012 = EDGE_CURVE ( 'NONE', #973, #2441, #2345, .T. ) ;
#3013 = ORIENTED_EDGE ( 'NONE', *, *, #1882, .T. ) ;
#3014 = ORIENTED_EDGE ( 'NONE', *, *, #1449, .F. ) ;
#3015 = EDGE_CURVE ( 'NONE', #2732, #3765, #2108, .T. ) ;
#3016 = DIRECTION ( 'NONE',  ( 0.000000000000000000, 0.000000000000000000, 1.000000000000000000 ) ) ;
#3017 = EDGE_CURVE ( 'NONE', #347, #3293, #258, .T. ) ;
#3018 = FACE_OUTER_BOUND ( 'NONE', #1624, .T. ) ;
#3019 = ORIENTED_EDGE ( 'NONE', *, *, #1118, .T. ) ;
#3020 = DIRECTION ( 'NONE',  ( -0.000000000000000000, -0.000000000000000000, 1.000000000000000000 ) ) ;
#3021 = AXIS2_PLACEMENT_3D ( 'NONE', #1196, #3716, #2482 ) ;
#3022 = CARTESIAN_POINT ( 'NONE',  ( 45.30000000002296190, -2.775557561562891351E-14, -0.7588613151671350643 ) ) ;
#3023 = CARTESIAN_POINT ( 'NONE',  ( 15.16977829001081801, -19.65747171966990692, 0.7499999985999999952 ) ) ;
#3024 = EDGE_LOOP ( 'NONE', ( #3266, #2090, #3704, #2200 ) ) ;
#3025 = ORIENTED_EDGE ( 'NONE', *, *, #3219, .F. ) ;
#3026 = VECTOR ( 'NONE', #4040, 1000.000000000000000 ) ;
#3027 = VECTOR ( 'NONE', #2107, 1000.000000000000000 ) ;
#3028 = ORIENTED_EDGE ( 'NONE', *, *, #11, .T. ) ;
#3029 = PERSON_AND_ORGANIZATION ( #3354, #1964 ) ;
#3030 = DIRECTION ( 'NONE',  ( 1.000000000000000000, 0.000000000000000000, 0.000000000000000000 ) ) ;
#3031 = FACE_OUTER_BOUND ( 'NONE', #3568, .T. ) ;
#3032 = DIRECTION ( 'NONE',  ( 1.000000000000000000, 0.000000000000000000, 0.000000000000000000 ) ) ;
#3033 = CARTESIAN_POINT ( 'NONE',  ( -18.78014675496516972, 36.49999999499997472, 0.7499999985999979968 ) ) ;
#3034 = CIRCLE ( 'NONE', #775, 2.250000000000001776 ) ;
#3035 = EDGE_CURVE ( 'NONE', #3413, #800, #2250, .T. ) ;
#3036 = ORIENTED_EDGE ( 'NONE', *, *, #1628, .T. ) ;
#3037 = CARTESIAN_POINT ( 'NONE',  ( -8.437000055374898722, 43.49999999499998182, -0.7499999985999999952 ) ) ;
#3038 = DIRECTION ( 'NONE',  ( 0.000000000000000000, 0.000000000000000000, -1.000000000000000000 ) ) ;
#3039 = ORIENTED_EDGE ( 'NONE', *, *, #1321, .T. ) ;
#3040 = DIRECTION ( 'NONE',  ( -1.206194934937225460E-08, 0.9999999999999998890, -0.000000000000000000 ) ) ;
#3041 = B_SPLINE_CURVE_WITH_KNOTS ( 'NONE', 3,
 ( #2580, #53, #3566, #3233 ),
 .UNSPECIFIED., .F., .F.,
 ( 4, 4 ),
 ( 0.000000000000000000, 1.000000000000000000 ),
 .UNSPECIFIED. ) ;
#3042 = DIRECTION ( 'NONE',  ( 0.000000000000000000, 0.000000000000000000, -1.000000000000000000 ) ) ;
#3043 = CARTESIAN_POINT ( 'NONE',  ( 31.96104171994962329, 11.34945646472549718, -0.7499999985999998842 ) ) ;
#3044 = DIRECTION ( 'NONE',  ( 0.000000000000000000, 0.000000000000000000, -1.000000000000000000 ) ) ;
#3045 = ORIENTED_EDGE ( 'NONE', *, *, #3087, .F. ) ;
#3046 = ADVANCED_FACE ( 'NONE', ( #502 ), #285, .F. ) ;
#3047 = FACE_OUTER_BOUND ( 'NONE', #1335, .T. ) ;
#3048 = ORIENTED_EDGE ( 'NONE', *, *, #1321, .F. ) ;
#3049 = ORIENTED_EDGE ( 'NONE', *, *, #1723, .T. ) ;
#3050 = CARTESIAN_POINT ( 'NONE',  ( -20.71410153292183054, -27.87787628813648411, 0.4499999979315957299 ) ) ;
#3051 = AXIS2_PLACEMENT_3D ( 'NONE', #3764, #1245, #3518 ) ;
#3052 = CIRCLE ( 'NONE', #59, 2.250000000000001776 ) ;
#3053 = DIRECTION ( 'NONE',  ( 1.000000000000000000, 0.000000000000000000, 0.000000000000000000 ) ) ;
#3054 = LINE ( 'NONE', #204, #2986 ) ;
#3055 = CARTESIAN_POINT ( 'NONE',  ( 16.62657507647355715, 20.25990745406537030, -0.7499999985999999952 ) ) ;
#3056 = AXIS2_PLACEMENT_3D ( 'NONE', #3454, #1587, #337 ) ;
#3057 = CIRCLE ( 'NONE', #3912, 1.500000000000001332 ) ;
#3058 = VERTEX_POINT ( 'NONE', #2470 ) ;
#3059 = ORIENTED_EDGE ( 'NONE', *, *, #2354, .F. ) ;
#3060 = DIRECTION ( 'NONE',  ( 0.000000000000000000, 0.000000000000000000, -1.000000000000000000 ) ) ;
#3061 = CARTESIAN_POINT ( 'NONE',  ( -16.49999979167490594, 18.50000001626644774, 0.7499999975208361258 ) ) ;
#3062 = VERTEX_POINT ( 'NONE', #2817 ) ;
#3063 = DIRECTION ( 'NONE',  ( -0.000000000000000000, -0.000000000000000000, -1.000000000000000000 ) ) ;
#3064 = B_SPLINE_CURVE_WITH_KNOTS ( 'NONE', 3,
 ( #1910, #3174, #1847, #996, #1870, #16 ),
 .UNSPECIFIED., .F., .F.,
 ( 4, 2, 4 ),
 ( 0.000000000000000000, 0.5000000000000000000, 1.000000000000000000 ),
 .UNSPECIFIED. ) ;
#3065 = LINE ( 'NONE', #4052, #1510 ) ;
#3066 = CARTESIAN_POINT ( 'NONE',  ( -19.75000000001162093, 31.60992723815814287, -0.7499999985999999952 ) ) ;
#3067 = CARTESIAN_POINT ( 'NONE',  ( 31.61201176237207733, 9.826980241574966968, 0.7499999975234761251 ) ) ;
#3068 = EDGE_LOOP ( 'NONE', ( #2717, #3826, #2981, #1315 ) ) ;
#3069 = CARTESIAN_POINT ( 'NONE',  ( 14.03240062958092160, 17.78167900104576660, -0.7499999986000002172 ) ) ;
#3070 = ORIENTED_EDGE ( 'NONE', *, *, #1314, .F. ) ;
#3071 = ORIENTED_EDGE ( 'NONE', *, *, #2002, .F. ) ;
#3072 = ADVANCED_FACE ( 'NONE', ( #3721 ), #4075, .F. ) ;
#3073 = CARTESIAN_POINT ( 'NONE',  ( 22.34163543081610470, -17.91745213249551583, -0.7499999985999999952 ) ) ;
#3074 = ADVANCED_FACE ( 'NONE', ( #865, #236, #2130 ), #4054, .F. ) ;
#3075 = PLANE ( 'NONE',  #3157 ) ;
#3076 = DIRECTION ( 'NONE',  ( 0.000000000000000000, -1.000000000000000000, 0.000000000000000000 ) ) ;
#3077 = PLANE ( 'NONE',  #798 ) ;
#3078 = ORIENTED_EDGE ( 'NONE', *, *, #1770, .F. ) ;
#3079 = LINE ( 'NONE', #1481, #491 ) ;
#3080 = FACE_OUTER_BOUND ( 'NONE', #2418, .T. ) ;
#3081 = VERTEX_POINT ( 'NONE', #542 ) ;
#3082 = CARTESIAN_POINT ( 'NONE',  ( 43.11947573885158391, 15.05938009376195375, 0.7499999985999979968 ) ) ;
#3083 = CARTESIAN_POINT ( 'NONE',  ( 37.07260042563598290, 21.08074022343298282, -0.7499999986000001062 ) ) ;
#3084 = LINE ( 'NONE', #1512, #241 ) ;
#3085 = DIRECTION ( 'NONE',  ( -0.000000000000000000, 0.000000000000000000, 1.000000000000000000 ) ) ;
#3086 = ORIENTED_EDGE ( 'NONE', *, *, #1728, .F. ) ;
#3087 = EDGE_CURVE ( 'NONE', #1876, #2656, #3084, .T. ) ;
#3088 = VECTOR ( 'NONE', #1420, 1000.000000000000000 ) ;
#3089 = LINE ( 'NONE', #3684, #2008 ) ;
#3090 = VERTEX_POINT ( 'NONE', #3763 ) ;
#3091 = VERTEX_POINT ( 'NONE', #3985 ) ;
#3092 = EDGE_CURVE ( 'NONE', #117, #1, #3624, .T. ) ;
#3093 = VECTOR ( 'NONE', #3406, 1000.000000000000000 ) ;
#3094 = DIRECTION ( 'NONE',  ( -0.8660254037844432595, 0.4999999999999919509, -1.048382767004165731E-11 ) ) ;
#3095 = B_SPLINE_CURVE_WITH_KNOTS ( 'NONE', 3,
 ( #1806, #877, #2412, #3324, #2720, #471, #2142, #1191, #2760, #3936 ),
 .UNSPECIFIED., .F., .F.,
 ( 4, 2, 2, 2, 4 ),
 ( 0.000000000000000000, 0.2500000000000002776, 0.5000000000000005551, 0.7500000000000008882, 1.000000000000000000 ),
 .UNSPECIFIED. ) ;
#3096 = CIRCLE ( 'NONE', #2241, 5.000000000000000888 ) ;
#3097 = CARTESIAN_POINT ( 'NONE',  ( -19.77500000001164437, 36.24316314840486797, -0.7499999985999999952 ) ) ;
#3098 = DIRECTION ( 'NONE',  ( 1.000000000000000000, 0.000000000000000000, 0.000000000000000000 ) ) ;
#3099 = CARTESIAN_POINT ( 'NONE',  ( 30.30096372680057826, 13.86197133591948827, -0.7499999965900845389 ) ) ;
#3100 = AXIS2_PLACEMENT_3D ( 'NONE', #2445, #1244, #3703 ) ;
#3101 = EDGE_CURVE ( 'NONE', #3805, #1461, #3375, .T. ) ;
#3102 = ORIENTED_EDGE ( 'NONE', *, *, #801, .T. ) ;
#3103 = DIRECTION ( 'NONE',  ( -1.000000000000000000, 0.000000000000000000, 0.000000000000000000 ) ) ;
#3104 = CARTESIAN_POINT ( 'NONE',  ( -16.49999979167490594, 18.50000001626644774, 0.7499999975208361258 ) ) ;
#3105 = VERTEX_POINT ( 'NONE', #3066 ) ;
#3106 = DIRECTION ( 'NONE',  ( 0.000000000000000000, 0.000000000000000000, -1.000000000000000000 ) ) ;
#3107 = CARTESIAN_POINT ( 'NONE',  ( 11.35350119170808192, -41.37564620178454788, 0.7499999985999979968 ) ) ;
#3108 = CARTESIAN_POINT ( 'NONE',  ( -12.78014581711942022, 43.49999999505599391, -0.7499999985999999952 ) ) ;
#3109 = CARTESIAN_POINT ( 'NONE',  ( -6.499999473734363598, 17.49999999999998934, 0.7499999985999999952 ) ) ;
#3110 = VERTEX_POINT ( 'NONE', #1883 ) ;
#3111 = CARTESIAN_POINT ( 'NONE',  ( -26.00000009567490622, 5.166666673000447574, 0.7499999985999999952 ) ) ;
#3112 = EDGE_LOOP ( 'NONE', ( #2012, #4004, #308, #2261 ) ) ;
#3113 = ORIENTED_EDGE ( 'NONE', *, *, #1687, .T. ) ;
#3114 = FACE_OUTER_BOUND ( 'NONE', #2811, .T. ) ;
#3115 = LINE ( 'NONE', #292, #3284 ) ;
#3116 = CARTESIAN_POINT ( 'NONE',  ( 32.99999983552509519, 2.499999999999974243, 0.7499999985999999952 ) ) ;
#3117 = DIRECTION ( 'NONE',  ( 0.000000000000000000, 0.000000000000000000, -1.000000000000000000 ) ) ;
#3118 = ORIENTED_EDGE ( 'NONE', *, *, #4072, .F. ) ;
#3119 = CARTESIAN_POINT ( 'NONE',  ( -16.34012346153796003, -30.60192403733261202, -0.7499999985999999952 ) ) ;
#3120 = CARTESIAN_POINT ( 'NONE',  ( 16.99999974804408609, -20.27219263117902059, -0.7499999978968925340 ) ) ;
#3121 = EDGE_LOOP ( 'NONE', ( #1797, #2861, #615, #3003 ) ) ;
#3122 = AXIS2_PLACEMENT_3D ( 'NONE', #646, #298, #3798 ) ;
#3123 = EDGE_CURVE ( 'NONE', #2245, #1185, #2838, .T. ) ;
#3124 = DIRECTION ( 'NONE',  ( 1.000000000000000000, 0.000000000000000000, 0.000000000000000000 ) ) ;
#3125 = EDGE_CURVE ( 'NONE', #854, #635, #379, .T. ) ;
#3126 = AXIS2_PLACEMENT_3D ( 'NONE', #2738, #2075, #2761 ) ;
#3127 = VECTOR ( 'NONE', #2619, 1000.000000000000000 ) ;
#3128 = DIRECTION ( 'NONE',  ( 1.000000000000000000, 0.000000000000000000, 0.000000000000000000 ) ) ;
#3129 = CARTESIAN_POINT ( 'NONE',  ( 12.56294459730009017, 31.05566260791348299, -0.7500000012377074921 ) ) ;
#3130 = DIRECTION ( 'NONE',  ( -0.000000000000000000, 0.000000000000000000, 1.000000000000000000 ) ) ;
#3131 = EDGE_LOOP ( 'NONE', ( #3949, #2998, #3071, #1225 ) ) ;
#3132 = CARTESIAN_POINT ( 'NONE',  ( 9.999999564891586701, -1.499999523066508633, -0.7499999985999999952 ) ) ;
#3133 = ORIENTED_EDGE ( 'NONE', *, *, #1117, .T. ) ;
#3134 = EDGE_LOOP ( 'NONE', ( #1154, #506, #295, #1288 ) ) ;
#3135 = DIRECTION ( 'NONE',  ( 0.000000000000000000, 0.000000000000000000, -1.000000000000000000 ) ) ;
#3136 = CARTESIAN_POINT ( 'NONE',  ( 4.000000526265646172, -37.00000000000003553, 0.4499999986000000618 ) ) ;
#3137 = CARTESIAN_POINT ( 'NONE',  ( 5.000000526265646172, 17.49999999999998934, -0.7499999985999999952 ) ) ;
#3138 = DIRECTION ( 'NONE',  ( -1.000000000000000000, 0.000000000000000000, 0.000000000000000000 ) ) ;
#3139 = VERTEX_POINT ( 'NONE', #3482 ) ;
#3140 = VERTEX_POINT ( 'NONE', #610 ) ;
#3141 = CARTESIAN_POINT ( 'NONE',  ( -23.07092921436360200, 37.66002157710268960, -0.7588613173399981759 ) ) ;
#3142 = DIRECTION ( 'NONE',  ( -1.000000000000000000, 0.000000000000000000, 0.000000000000000000 ) ) ;
#3143 = ADVANCED_FACE ( 'NONE', ( #1900 ), #3167, .T. ) ;
#3144 = CYLINDRICAL_SURFACE ( 'NONE', #1112, 7.999999976599978524 ) ;
#3145 = B_SPLINE_CURVE_WITH_KNOTS ( 'NONE', 3,
 ( #2988, #159, #2718, #486 ),
 .UNSPECIFIED., .F., .F.,
 ( 4, 4 ),
 ( 0.000000000000000000, 1.000000000000000000 ),
 .UNSPECIFIED. ) ;
#3146 = LINE ( 'NONE', #3823, #2895 ) ;
#3147 = LINE ( 'NONE', #1592, #1029 ) ;
#3148 = CARTESIAN_POINT ( 'NONE',  ( 41.85000000002300879, 1.149999999999984368, -0.7499999985999999952 ) ) ;
#3149 = ORIENTED_EDGE ( 'NONE', *, *, #2969, .T. ) ;
#3150 = VERTEX_POINT ( 'NONE', #1265 ) ;
#3151 = ORIENTED_EDGE ( 'NONE', *, *, #1952, .F. ) ;
#3152 = CYLINDRICAL_SURFACE ( 'NONE', #2863, 3.000000019799999418 ) ;
#3153 = VECTOR ( 'NONE', #3178, 1000.000000000000000 ) ;
#3154 = CARTESIAN_POINT ( 'NONE',  ( -3.999999473734361377, -37.00000000000003553, 0.7499999985999999952 ) ) ;
#3155 = CARTESIAN_POINT ( 'NONE',  ( 18.36197127434810383, -19.94519233753402787, 0.7499999989791641397 ) ) ;
#3156 = CYLINDRICAL_SURFACE ( 'NONE', #1863, 5.000000000000000000 ) ;
#3157 = AXIS2_PLACEMENT_3D ( 'NONE', #1498, #2389, #3712 ) ;
#3158 = ORIENTED_EDGE ( 'NONE', *, *, #2216, .F. ) ;
#3159 = DIRECTION ( 'NONE',  ( 1.000000000000000000, 0.000000000000000000, 0.000000000000000000 ) ) ;
#3160 = CIRCLE ( 'NONE', #1374, 2.250000000000001776 ) ;
#3161 = CARTESIAN_POINT ( 'NONE',  ( 27.29887419376109037, 1.361971342422468867, -0.7499999975788376183 ) ) ;
#3162 = DIRECTION ( 'NONE',  ( -1.815852218230854713E-11, 1.048382767004157330E-11, 1.000000000000000000 ) ) ;
#3163 = EDGE_CURVE ( 'NONE', #1585, #1935, #2042, .T. ) ;
#3164 = EDGE_CURVE ( 'NONE', #2524, #3917, #4064, .T. ) ;
#3165 = B_SPLINE_CURVE_WITH_KNOTS ( 'NONE', 3,
 ( #1485, #817, #1814, #2444 ),
 .UNSPECIFIED., .F., .F.,
 ( 4, 4 ),
 ( 0.000000000000000000, 1.000000000000000000 ),
 .UNSPECIFIED. ) ;
#3166 = CARTESIAN_POINT ( 'NONE',  ( -21.18729065311328341, 44.69746388589579311, 0.4499999977466698775 ) ) ;
#3167 = CYLINDRICAL_SURFACE ( 'NONE', #2370, 6.999999999999999112 ) ;
#3168 = CARTESIAN_POINT ( 'NONE',  ( 13.99999975953558717, 17.27217238979997305, 0.7499999989791741317 ) ) ;
#3169 = ORIENTED_EDGE ( 'NONE', *, *, #2305, .F. ) ;
#3170 = CARTESIAN_POINT ( 'NONE',  ( 4.999999803455307479, -26.99999987921702882, -0.7499999985999999952 ) ) ;
#3171 = VERTEX_POINT ( 'NONE', #302 ) ;
#3172 = ORIENTED_EDGE ( 'NONE', *, *, #2386, .T. ) ;
#3173 = EDGE_CURVE ( 'NONE', #2276, #3735, #3222, .T. ) ;
#3174 = CARTESIAN_POINT ( 'NONE',  ( 10.28335023625878364, 32.43650397076643088, -0.7499999986000001062 ) ) ;
#3175 = CARTESIAN_POINT ( 'NONE',  ( -26.00000009850941751, 15.50000001339998867, 0.7499999977521281114 ) ) ;
#3176 = CARTESIAN_POINT ( 'NONE',  ( -1.999871226830910675, 43.29178140937813879, 0.7500000033951615963 ) ) ;
#3177 = ORIENTED_EDGE ( 'NONE', *, *, #907, .F. ) ;
#3178 = DIRECTION ( 'NONE',  ( 0.000000000000000000, 1.000000000000000000, 0.000000000000000000 ) ) ;
#3179 = CARTESIAN_POINT ( 'NONE',  ( -33.00000085241425296, 32.33161595315442582, -0.7499999985999999952 ) ) ;
#3180 = DIRECTION ( 'NONE',  ( -0.7344557743279520601, -0.6786565519880644048, 0.000000000000000000 ) ) ;
#3181 = CIRCLE ( 'NONE', #726, 1.500000000000001332 ) ;
#3182 = AXIS2_PLACEMENT_3D ( 'NONE', #2953, #712, #110 ) ;
#3183 = PLANE ( 'NONE',  #2962 ) ;
#3184 = LINE ( 'NONE', #2550, #2022 ) ;
#3185 = DIRECTION ( 'NONE',  ( -1.000000000000000000, 0.000000000000000000, 0.000000000000000000 ) ) ;
#3186 = ORIENTED_EDGE ( 'NONE', *, *, #269, .F. ) ;
#3187 = AXIS2_PLACEMENT_3D ( 'NONE', #2143, #3714, #205 ) ;
#3188 = CARTESIAN_POINT ( 'NONE',  ( 9.999999718592111009, -15.83333342251352960, -0.7499999985999999952 ) ) ;
#3189 = VERTEX_POINT ( 'NONE', #26 ) ;
#3190 = ORIENTED_EDGE ( 'NONE', *, *, #2232, .T. ) ;
#3191 = AXIS2_PLACEMENT_3D ( 'NONE', #2477, #311, #914 ) ;
#3192 = EDGE_CURVE ( 'NONE', #1461, #2902, #3147, .T. ) ;
#3193 = EDGE_CURVE ( 'NONE', #1575, #1990, #365, .T. ) ;
#3194 = EDGE_CURVE ( 'NONE', #3081, #1021, #3184, .T. ) ;
#3195 = DIRECTION ( 'NONE',  ( 0.000000000000000000, 0.000000000000000000, -1.000000000000000000 ) ) ;
#3196 = CARTESIAN_POINT ( 'NONE',  ( 17.94037988199826472, -20.16000388733811022, 0.7499999985999999952 ) ) ;
#3197 = AXIS2_PLACEMENT_3D ( 'NONE', #300, #1938, #1567 ) ;
#3198 = ORIENTED_EDGE ( 'NONE', *, *, #2162, .T. ) ;
#3199 = CARTESIAN_POINT ( 'NONE',  ( -14.09797443882943035, -17.34041666432371542, 0.7499999986000001062 ) ) ;
#3200 = DIRECTION ( 'NONE',  ( 1.000000000000000000, 0.000000000000000000, 0.000000000000000000 ) ) ;
#3201 = CIRCLE ( 'NONE', #1943, 2.250000000000001776 ) ;
#3202 = CARTESIAN_POINT ( 'NONE',  ( -9.999999806958397741, 1.500000135683465796, 0.7499999985999999952 ) ) ;
#3203 = AXIS2_PLACEMENT_3D ( 'NONE', #3746, #911, #1924 ) ;
#3204 = CARTESIAN_POINT ( 'NONE',  ( 6.500000526265647949, 17.49999999999998934, 0.4499999986000000618 ) ) ;
#3205 = CARTESIAN_POINT ( 'NONE',  ( -13.78589830264628802, -31.87787628813645924, 0.4499999980154663626 ) ) ;
#3206 = CARTESIAN_POINT ( 'NONE',  ( -33.00000090072596493, 36.37306841354551068, 0.4499999976194404838 ) ) ;
#3207 = ORIENTED_EDGE ( 'NONE', *, *, #3394, .F. ) ;
#3208 = ORIENTED_EDGE ( 'NONE', *, *, #885, .F. ) ;
#3209 = ORIENTED_EDGE ( 'NONE', *, *, #648, .F. ) ;
#3210 = EDGE_CURVE ( 'NONE', #116, #1078, #3528, .T. ) ;
#3211 = ORIENTED_EDGE ( 'NONE', *, *, #1436, .T. ) ;
#3212 = CALENDAR_DATE ( 2025, 21, 1 ) ;
#3213 = DIRECTION ( 'NONE',  ( 1.000000000000000000, 0.000000000000000000, 0.000000000000000000 ) ) ;
#3214 = VECTOR ( 'NONE', #317, 1000.000000000000000 ) ;
#3215 = ORIENTED_EDGE ( 'NONE', *, *, #4028, .F. ) ;
#3216 = CARTESIAN_POINT ( 'NONE',  ( -15.71889174422775426, 18.42347901581393543, 0.7499999986000001062 ) ) ;
#3217 = CARTESIAN_POINT ( 'NONE',  ( 14.15682814068836848, -18.23527291647320325, -0.7499999986000001062 ) ) ;
#3218 = DIRECTION ( 'NONE',  ( -1.000000000000000000, 0.000000000000000000, -1.815850710536654050E-11 ) ) ;
#3219 = EDGE_CURVE ( 'NONE', #3062, #12, #2428, .T. ) ;
#3220 = AXIS2_PLACEMENT_3D ( 'NONE', #2625, #2273, #1340 ) ;
#3221 = CARTESIAN_POINT ( 'NONE',  ( -19.75000000001145395, 31.60992723815175864, -0.7588613172162668175 ) ) ;
#3222 = LINE ( 'NONE', #360, #39 ) ;
#3223 = DIRECTION ( 'NONE',  ( -1.815852218230854713E-11, 1.048382767004157330E-11, 1.000000000000000000 ) ) ;
#3224 = ORIENTED_EDGE ( 'NONE', *, *, #3625, .T. ) ;
#3225 = CARTESIAN_POINT ( 'NONE',  ( -25.61939776340253871, -17.01522510495398777, 0.7499999986000001062 ) ) ;
#3226 = FACE_BOUND ( 'NONE', #1945, .T. ) ;
#3227 = VERTEX_POINT ( 'NONE', #965 ) ;
#3228 = ORIENTED_EDGE ( 'NONE', *, *, #4072, .T. ) ;
#3229 = UNCERTAINTY_MEASURE_WITH_UNIT (LENGTH_MEASURE( 1.000000000000000082E-05 ), #3565, 'distance_accuracy_value', 'NONE');
#3230 = CIRCLE ( 'NONE', #2904, 1.499999999999995559 ) ;
#3231 = ORIENTED_EDGE ( 'NONE', *, *, #783, .T. ) ;
#3232 = APPLICATION_PROTOCOL_DEFINITION ( 'international standard', 'config_control_design', 1994, #1490 ) ;
#3233 = CARTESIAN_POINT ( 'NONE',  ( 30.30096373282006894, -13.86197172091852003, -0.7499999980177621817 ) ) ;
#3234 = ORIENTED_EDGE ( 'NONE', *, *, #1976, .F. ) ;
#3235 = CARTESIAN_POINT ( 'NONE',  ( 41.85000000002300879, -2.775557561562891351E-14, -0.7499999985999999952 ) ) ;
#3236 = CARTESIAN_POINT ( 'NONE',  ( 31.91474416789343138, -11.73827868756813864, 0.7499999986000001062 ) ) ;
#3237 = CARTESIAN_POINT ( 'NONE',  ( -19.92907078565891865, -36.81816314839880988, -0.7588613172427465248 ) ) ;
#3238 = FACE_OUTER_BOUND ( 'NONE', #715, .T. ) ;
#3239 = CARTESIAN_POINT ( 'NONE',  ( 27.29887419312959551, -1.361971729671007658, -0.7499999974329573105 ) ) ;
#3240 = EDGE_CURVE ( 'NONE', #446, #3523, #3860, .T. ) ;
#3241 = DIRECTION ( 'NONE',  ( 1.000000000000000000, 0.000000000000000000, 0.000000000000000000 ) ) ;
#3242 = VERTEX_POINT ( 'NONE', #3461 ) ;
#3243 = EDGE_CURVE ( 'NONE', #3398, #426, #3499, .T. ) ;
#3244 = CARTESIAN_POINT ( 'NONE',  ( -17.08399266212565237, -45.56217776276644571, -0.7499999985999999952 ) ) ;
#3245 = ORIENTED_EDGE ( 'NONE', *, *, #223, .T. ) ;
#3246 = CARTESIAN_POINT ( 'NONE',  ( 36.50000000002298606, -2.775557561562891351E-14, -0.7499999985999999952 ) ) ;
#3247 = ORIENTED_EDGE ( 'NONE', *, *, #1527, .F. ) ;
#3248 = EDGE_LOOP ( 'NONE', ( #3769, #2406, #2589, #3410 ) ) ;
#3249 = AXIS2_PLACEMENT_3D ( 'NONE', #3656, #1175, #1441 ) ;
#3250 = CIRCLE ( 'NONE', #4, 1.150000000000012124 ) ;
#3251 = VERTEX_POINT ( 'NONE', #3517 ) ;
#3252 = DIRECTION ( 'NONE',  ( 0.000000000000000000, -0.000000000000000000, 1.000000000000000000 ) ) ;
#3253 = DIRECTION ( 'NONE',  ( -1.000000000000000000, 0.000000000000000000, 0.000000000000000000 ) ) ;
#3254 = VERTEX_POINT ( 'NONE', #2877 ) ;
#3255 = EDGE_CURVE ( 'NONE', #3171, #2635, #3816, .T. ) ;
#3256 = CARTESIAN_POINT ( 'NONE',  ( 3.068867685249665467, -46.49999999641654824, -0.7499999985999999952 ) ) ;
#3257 = CARTESIAN_POINT ( 'NONE',  ( 27.29887419376109037, 1.361971342422468867, -0.7499999975788376183 ) ) ;
#3258 = FACE_OUTER_BOUND ( 'NONE', #548, .T. ) ;
#3259 = VECTOR ( 'NONE', #3180, 1000.000000000000114 ) ;
#3260 = EDGE_CURVE ( 'NONE', #2493, #347, #1304, .T. ) ;
#3261 = CARTESIAN_POINT ( 'NONE',  ( -3.999999473734361377, -37.00000000000003553, 0.7499999986000004393 ) ) ;
#3262 = ORIENTED_EDGE ( 'NONE', *, *, #3123, .T. ) ;
#3263 = B_SPLINE_CURVE_WITH_KNOTS ( 'NONE', 3,
 ( #3969, #1228, #870, #3378, #3420, #1208, #1799, #3069, #218, #3727 ),
 .UNSPECIFIED., .F., .F.,
 ( 4, 2, 2, 2, 4 ),
 ( 0.000000000000000000, 0.2500000000000000000, 0.5000000000000000000, 0.7500000000000000000, 1.000000000000000000 ),
 .UNSPECIFIED. ) ;
#3264 = CARTESIAN_POINT ( 'NONE',  ( -13.03589830264670368, 30.57883818245954544, 0.4499999980427043522 ) ) ;
#3265 = DIRECTION ( 'NONE',  ( 1.000000000000000000, 8.673617379884033500E-16, 0.000000000000000000 ) ) ;
#3266 = ORIENTED_EDGE ( 'NONE', *, *, #1548, .F. ) ;
#3267 = CARTESIAN_POINT ( 'NONE',  ( -33.00000085241425296, 32.33161595315442582, 0.7499999985999979968 ) ) ;
#3268 = CARTESIAN_POINT ( 'NONE',  ( 26.97189372962331788, -0.4712391042754916493, 0.7499999983857847941 ) ) ;
#3269 = CARTESIAN_POINT ( 'NONE',  ( 14.15353107026696478, -18.23993119994274537, 0.7499999986000002172 ) ) ;
#3270 = ORIENTED_EDGE ( 'NONE', *, *, #3706, .T. ) ;
#3271 = ORIENTED_EDGE ( 'NONE', *, *, #2868, .T. ) ;
#3272 = VERTEX_POINT ( 'NONE', #1005 ) ;
#3273 = FACE_BOUND ( 'NONE', #1394, .T. ) ;
#3274 = DIRECTION ( 'NONE',  ( 0.000000000000000000, -1.000000000000000000, 0.000000000000000000 ) ) ;
#3275 = VECTOR ( 'NONE', #3639, 1000.000000000000000 ) ;
#3276 = EDGE_LOOP ( 'NONE', ( #384, #1678, #2306, #2191, #3938, #1809, #1251, #3948 ) ) ;
#3277 = CARTESIAN_POINT ( 'NONE',  ( 36.50000000002298606, -2.775557561562891351E-14, -0.7499999985999999952 ) ) ;
#3278 = CARTESIAN_POINT ( 'NONE',  ( -21.18729065311267235, -44.69746388589615549, 0.4499999977466696555 ) ) ;
#3279 = DIRECTION ( 'NONE',  ( 0.000000000000000000, 0.000000000000000000, -1.000000000000000000 ) ) ;
#3280 = AXIS2_PLACEMENT_3D ( 'NONE', #2018, #770, #3283 ) ;
#3281 = DIRECTION ( 'NONE',  ( 0.6819983534551725679, -0.7313537077806014919, 0.000000000000000000 ) ) ;
#3282 = VERTEX_POINT ( 'NONE', #2274 ) ;
#3283 = DIRECTION ( 'NONE',  ( -1.000000000000000000, 0.000000000000000000, 0.000000000000000000 ) ) ;
#3284 = VECTOR ( 'NONE', #3490, 1000.000000000000000 ) ;
#3285 = CARTESIAN_POINT ( 'NONE',  ( -20.53589821331055987, -43.56921908448635605, 0.7499999977703240006 ) ) ;
#3286 = ORIENTED_EDGE ( 'NONE', *, *, #985, .F. ) ;
#3287 = LINE ( 'NONE', #170, #1608 ) ;
#3288 = EDGE_CURVE ( 'NONE', #1267, #1021, #1959, .T. ) ;
#3289 = VECTOR ( 'NONE', #341, 999.9999999999998863 ) ;
#3290 = DIRECTION ( 'NONE',  ( 0.000000000000000000, 0.000000000000000000, -1.000000000000000000 ) ) ;
#3291 = DIRECTION ( 'NONE',  ( 0.000000000000000000, 1.000000000000000000, 0.000000000000000000 ) ) ;
#3292 = VERTEX_POINT ( 'NONE', #1708 ) ;
#3293 = VERTEX_POINT ( 'NONE', #2315 ) ;
#3294 = AXIS2_PLACEMENT_3D ( 'NONE', #3437, #588, #3128 ) ;
#3295 = VERTEX_POINT ( 'NONE', #3574 ) ;
#3296 = CIRCLE ( 'NONE', #3952, 1.150000000000012124 ) ;
#3297 = EDGE_CURVE ( 'NONE', #1051, #3805, #2646, .T. ) ;
#3298 = PERSON_AND_ORGANIZATION ( #3354, #1964 ) ;
#3299 = ADVANCED_FACE ( 'NONE', ( #2932 ), #166, .T. ) ;
#3300 = DIRECTION ( 'NONE',  ( 0.000000000000000000, 1.000000000000000000, 0.000000000000000000 ) ) ;
#3301 = CARTESIAN_POINT ( 'NONE',  ( -9.999999797191405193, -23.00000009923802580, 0.7499999985999999952 ) ) ;
#3302 = FACE_OUTER_BOUND ( 'NONE', #2358, .T. ) ;
#3303 = FACE_OUTER_BOUND ( 'NONE', #71, .T. ) ;
#3304 = DIRECTION ( 'NONE',  ( -0.4999999231240693232, 0.8660254481687733596, 0.000000000000000000 ) ) ;
#3305 = ORIENTED_EDGE ( 'NONE', *, *, #3702, .T. ) ;
#3306 = CARTESIAN_POINT ( 'NONE',  ( 30.30096372779209091, -13.86197172120753862, 0.7499999988679859619 ) ) ;
#3307 = DIRECTION ( 'NONE',  ( 0.000000000000000000, -1.000000000000000000, 0.000000000000000000 ) ) ;
#3308 = EDGE_LOOP ( 'NONE', ( #455, #327, #1749, #3982 ) ) ;
#3309 = CARTESIAN_POINT ( 'NONE',  ( 16.99999975394808516, -20.27217987337501270, 0.7499999992093799861 ) ) ;
#3310 = CARTESIAN_POINT ( 'NONE',  ( 3.068867685249665467, -46.49999999641654824, 0.7499999985999979968 ) ) ;
#3311 = CARTESIAN_POINT ( 'NONE',  ( 1.750000526265643730, -37.00000000000003553, 0.7499999985999999952 ) ) ;
#3312 = ORIENTED_EDGE ( 'NONE', *, *, #4073, .F. ) ;
#3313 = VERTEX_POINT ( 'NONE', #82 ) ;
#3314 = VECTOR ( 'NONE', #3966, 1000.000000000000000 ) ;
#3315 = ORIENTED_EDGE ( 'NONE', *, *, #2715, .F. ) ;
#3316 = CIRCLE ( 'NONE', #460, 1.499999999999995559 ) ;
#3317 = EDGE_CURVE ( 'NONE', #872, #2950, #2234, .T. ) ;
#3318 = DIRECTION ( 'NONE',  ( -0.000000000000000000, 0.000000000000000000, 1.000000000000000000 ) ) ;
#3319 = CIRCLE ( 'NONE', #3844, 6.999999999999999112 ) ;
#3320 = AXIS2_PLACEMENT_3D ( 'NONE', #2225, #4041, #272 ) ;
#3321 = ADVANCED_FACE ( 'NONE', ( #3596 ), #789, .F. ) ;
#3322 = EDGE_CURVE ( 'NONE', #1343, #1990, #1044, .T. ) ;
#3323 = CARTESIAN_POINT ( 'NONE',  ( -19.92907078565955814, 36.81816314839856119, -0.7499999985999999952 ) ) ;
#3324 = CARTESIAN_POINT ( 'NONE',  ( -13.88020161088410198, 17.01499254974013553, -0.7499999986000001062 ) ) ;
#3325 = ORIENTED_EDGE ( 'NONE', *, *, #838, .F. ) ;
#3326 = CARTESIAN_POINT ( 'NONE',  ( 31.89869799069711931, -10.55730375091296125, -0.7499999986000002172 ) ) ;
#3327 = LINE ( 'NONE', #497, #2923 ) ;
#3328 = ORIENTED_EDGE ( 'NONE', *, *, #425, .T. ) ;
#3329 = CARTESIAN_POINT ( 'NONE',  ( -13.49999979835839170, -15.49999999480600188, -0.7499999964333112779 ) ) ;
#3330 = CARTESIAN_POINT ( 'NONE',  ( 31.61201176237207733, 9.826980241574966968, 0.7499999975234761251 ) ) ;
#3331 = CARTESIAN_POINT ( 'NONE',  ( 16.60714665643583388, -20.27205560781245097, 0.7499999986000001062 ) ) ;
#3332 = ORIENTED_EDGE ( 'NONE', *, *, #1952, .T. ) ;
#3333 = ORIENTED_EDGE ( 'NONE', *, *, #3417, .F. ) ;
#3334 = EDGE_LOOP ( 'NONE', ( #3305, #1808, #478, #73 ) ) ;
#3335 = DIRECTION ( 'NONE',  ( 0.000000000000000000, 0.000000000000000000, -1.000000000000000000 ) ) ;
#3336 = ADVANCED_FACE ( 'NONE', ( #3902 ), #1996, .T. ) ;
#3337 = EDGE_CURVE ( 'NONE', #2212, #3926, #1684, .T. ) ;
#3338 = LINE ( 'NONE', #876, #3026 ) ;
#3339 = FACE_OUTER_BOUND ( 'NONE', #544, .T. ) ;
#3340 = CARTESIAN_POINT ( 'NONE',  ( 15.65127630687621085, 19.96410154156272654, -0.7499999986000001062 ) ) ;
#3341 = VERTEX_POINT ( 'NONE', #711 ) ;
#3342 = EDGE_LOOP ( 'NONE', ( #2792, #1088, #3990, #1767, #820 ) ) ;
#3343 = VERTEX_POINT ( 'NONE', #751 ) ;
#3344 = DIRECTION ( 'NONE',  ( -0.000000000000000000, 0.000000000000000000, 1.000000000000000000 ) ) ;
#3345 = CARTESIAN_POINT ( 'NONE',  ( -22.28014621683366414, 42.56217813218137991, 48.47984059516105049 ) ) ;
#3346 = VERTEX_POINT ( 'NONE', #1107 ) ;
#3347 = ADVANCED_FACE ( 'NONE', ( #109 ), #1747, .T. ) ;
#3348 = CARTESIAN_POINT ( 'NONE',  ( 9.999999684725091598, -15.83333342513354403, 0.7499999985999999952 ) ) ;
#3349 = AXIS2_PLACEMENT_3D ( 'NONE', #537, #2812, #2439 ) ;
#3350 = DIRECTION ( 'NONE',  ( -0.000000000000000000, 0.000000000000000000, 1.000000000000000000 ) ) ;
#3351 = CARTESIAN_POINT ( 'NONE',  ( 38.87264290905359587, 19.61355081979446169, 0.7500000000343319817 ) ) ;
#3352 = CARTESIAN_POINT ( 'NONE',  ( 6.250000526265647949, -37.00000000000003553, 0.4499999986000000618 ) ) ;
#3353 = ORIENTED_EDGE ( 'NONE', *, *, #2617, .F. ) ;
#3354 = PERSON ( 'UNSPECIFIED', 'UNSPECIFIED', 'UNSPECIFIED', ('UNSPECIFIED'), ('UNSPECIFIED'), ('UNSPECIFIED') ) ;
#3355 = CC_DESIGN_APPROVAL ( #2161, ( #2298 ) ) ;
#3356 = DIRECTION ( 'NONE',  ( 1.000000000000000000, 0.000000000000000000, 0.000000000000000000 ) ) ;
#3357 = VECTOR ( 'NONE', #1364, 1000.000000000000000 ) ;
#3358 = ORIENTED_EDGE ( 'NONE', *, *, #69, .F. ) ;
#3359 = ORIENTED_EDGE ( 'NONE', *, *, #2969, .F. ) ;
#3360 = DIRECTION ( 'NONE',  ( 1.000000000000000000, -2.312964634635743450E-15, 0.000000000000000000 ) ) ;
#3361 = B_SPLINE_CURVE_WITH_KNOTS ( 'NONE', 3,
 ( #609, #1322, #2837, #946 ),
 .UNSPECIFIED., .F., .F.,
 ( 4, 4 ),
 ( 0.000000000000000000, 1.000000000000000000 ),
 .UNSPECIFIED. ) ;
#3362 = CYLINDRICAL_SURFACE ( 'NONE', #2893, 2.250000000000001776 ) ;
#3363 = DIRECTION ( 'NONE',  ( 1.000000000000000000, 0.000000000000000000, 0.000000000000000000 ) ) ;
#3364 = CARTESIAN_POINT ( 'NONE',  ( 30.17429923753109478, -7.005310987553525770, 0.7499999985999999952 ) ) ;
#3365 = AXIS2_PLACEMENT_3D ( 'NONE', #2771, #3063, #2419 ) ;
#3366 = ORIENTED_EDGE ( 'NONE', *, *, #1248, .T. ) ;
#3367 = ORIENTED_EDGE ( 'NONE', *, *, #1621, .F. ) ;
#3368 = FACE_OUTER_BOUND ( 'NONE', #2280, .T. ) ;
#3369 = CARTESIAN_POINT ( 'NONE',  ( -24.51522520311793230, 18.11939766313700417, 0.7499999986000001062 ) ) ;
#3370 = ORIENTED_EDGE ( 'NONE', *, *, #2519, .F. ) ;
#3371 = DIRECTION ( 'NONE',  ( 0.000000000000000000, 1.000000000000000000, 0.000000000000000000 ) ) ;
#3372 = EDGE_CURVE ( 'NONE', #631, #1876, #762, .T. ) ;
#3373 = CYLINDRICAL_SURFACE ( 'NONE', #2567, 1.150000000000012124 ) ;
#3374 = EDGE_CURVE ( 'NONE', #3254, #504, #1988, .T. ) ;
#3375 = LINE ( 'NONE', #522, #3819 ) ;
#3376 = CARTESIAN_POINT ( 'NONE',  ( 40.99999978896359920, -4.450631159944235193, 0.7499999985999979968 ) ) ;
#3377 = VERTEX_POINT ( 'NONE', #3306 ) ;
#3378 = CARTESIAN_POINT ( 'NONE',  ( 14.65971713935318910, 19.16642537431752658, -0.7499999985999998842 ) ) ;
#3379 = ORIENTED_EDGE ( 'NONE', *, *, #3297, .T. ) ;
#3380 = EDGE_LOOP ( 'NONE', ( #3172, #3787, #788, #3014 ) ) ;
#3381 = PERSON_AND_ORGANIZATION ( #3354, #1964 ) ;
#3382 = CARTESIAN_POINT ( 'NONE',  ( -15.08493640832839233, -31.12787628813959273, 0.7499999985999999952 ) ) ;
#3383 = VECTOR ( 'NONE', #1238, 1000.000000000000000 ) ;
#3384 = DIRECTION ( 'NONE',  ( -1.000000000000000000, 0.000000000000000000, 0.000000000000000000 ) ) ;
#3385 = CARTESIAN_POINT ( 'NONE',  ( 28.73658671753259597, 4.183640966734486710, -0.7499999985999999952 ) ) ;
#3386 = CARTESIAN_POINT ( 'NONE',  ( -33.00000025194138686, -9.622503675614540342, -0.7499999985999999952 ) ) ;
#3387 = EDGE_CURVE ( 'NONE', #4037, #1290, #2038, .T. ) ;
#3388 = VECTOR ( 'NONE', #1579, 1000.000000000000000 ) ;
#3389 = ORIENTED_EDGE ( 'NONE', *, *, #2265, .T. ) ;
#3390 = DIRECTION ( 'NONE',  ( -1.000000000000000000, 0.000000000000000000, -0.000000000000000000 ) ) ;
#3391 = CARTESIAN_POINT ( 'NONE',  ( 19.34012317005079495, -35.79807595516765417, -0.7499999985999999952 ) ) ;
#3392 = EDGE_LOOP ( 'NONE', ( #1984, #2490, #2169, #1844, #2908 ) ) ;
#3393 = CARTESIAN_POINT ( 'NONE',  ( 27.29887419091259204, -1.361971726116018022, 0.7499999983955221161 ) ) ;
#3394 = EDGE_CURVE ( 'NONE', #504, #2082, #2883, .T. ) ;
#3395 = CARTESIAN_POINT ( 'NONE',  ( 17.39256660837895296, 20.25730638955105789, 0.7499999986000001062 ) ) ;
#3396 = CARTESIAN_POINT ( 'NONE',  ( 279.6515915496400453, 86.68877873670510326, 0.4500000045868898790 ) ) ;
#3397 = ORIENTED_EDGE ( 'NONE', *, *, #142, .F. ) ;
#3398 = VERTEX_POINT ( 'NONE', #2706 ) ;
#3399 = CC_DESIGN_PERSON_AND_ORGANIZATION_ASSIGNMENT ( #3029, #2071, ( #2298 ) ) ;
#3400 = CIRCLE ( 'NONE', #1543, 1.500000000000001332 ) ;
#3401 = DIRECTION ( 'NONE',  ( -0.8660253951928449379, 0.5000000148810764822, 0.000000000000000000 ) ) ;
#3402 = ORIENTED_EDGE ( 'NONE', *, *, #1226, .T. ) ;
#3403 = ORIENTED_EDGE ( 'NONE', *, *, #1268, .F. ) ;
#3404 = FACE_OUTER_BOUND ( 'NONE', #1209, .T. ) ;
#3405 = ADVANCED_FACE ( 'NONE', ( #398 ), #1173, .F. ) ;
#3406 = DIRECTION ( 'NONE',  ( -1.815852218230854713E-11, 1.048382767004157330E-11, 1.000000000000000000 ) ) ;
#3407 = DIRECTION ( 'NONE',  ( -1.815852218230840173E-11, -1.048382767004165731E-11, 1.000000000000000000 ) ) ;
#3408 = CARTESIAN_POINT ( 'NONE',  ( -33.00000011423342983, -28.86751278454052638, -0.7499999985999999952 ) ) ;
#3409 = ORIENTED_EDGE ( 'NONE', *, *, #2495, .F. ) ;
#3410 = ORIENTED_EDGE ( 'NONE', *, *, #2518, .F. ) ;
#3411 = CARTESIAN_POINT ( 'NONE',  ( -13.49999979670790751, -15.49999998800000256, 0.7499999975208361258 ) ) ;
#3412 = LINE ( 'NONE', #2214, #2853 ) ;
#3413 = VERTEX_POINT ( 'NONE', #584 ) ;
#3414 = CARTESIAN_POINT ( 'NONE',  ( -19.75000000003299050, -31.60992723815839156, 0.4499999979099763014 ) ) ;
#3415 = DIRECTION ( 'NONE',  ( -1.815852218230854713E-11, 1.048382767004157330E-11, 1.000000000000000000 ) ) ;
#3416 = CARTESIAN_POINT ( 'NONE',  ( 12.56294459692508525, 31.05566260279998758, 0.2499999995333341274 ) ) ;
#3417 = EDGE_CURVE ( 'NONE', #126, #1730, #105, .T. ) ;
#3418 = FACE_OUTER_BOUND ( 'NONE', #1259, .T. ) ;
#3419 = VERTEX_POINT ( 'NONE', #253 ) ;
#3420 = CARTESIAN_POINT ( 'NONE',  ( 14.50764361222080723, 18.96128477601442697, -0.7499999986000001062 ) ) ;
#3421 = EDGE_LOOP ( 'NONE', ( #2146, #2046, #3576, #637, #3332, #666, #1504, #583, #4079, #1126, #1411, #4056 ) ) ;
#3422 = ORIENTED_EDGE ( 'NONE', *, *, #2965, .F. ) ;
#3423 = AXIS2_PLACEMENT_3D ( 'NONE', #3507, #3195, #351 ) ;
#3424 = CARTESIAN_POINT ( 'NONE',  ( 31.47822394656745004, 12.83541682790595750, 0.7499999985999998842 ) ) ;
#3425 = AXIS2_PLACEMENT_3D ( 'NONE', #3859, #3900, #1065 ) ;
#3426 = EDGE_CURVE ( 'NONE', #1990, #1575, #4006, .T. ) ;
#3427 = EDGE_CURVE ( 'NONE', #2020, #4069, #1854, .T. ) ;
#3428 = DIRECTION ( 'NONE',  ( -1.000000000000000000, 0.000000000000000000, 0.000000000000000000 ) ) ;
#3429 = DIRECTION ( 'NONE',  ( -0.4999999999999919509, -0.8660254037844432595, -1.815852218230839850E-11 ) ) ;
#3430 = CARTESIAN_POINT ( 'NONE',  ( 17.13786556906670810, 20.27981158699176589, -0.7499999986000001062 ) ) ;
#3431 = VERTEX_POINT ( 'NONE', #3673 ) ;
#3432 = ORIENTED_EDGE ( 'NONE', *, *, #345, .F. ) ;
#3433 = CARTESIAN_POINT ( 'NONE',  ( 18.36197127434810383, -19.94519233753402787, 0.7499999989791641397 ) ) ;
#3434 = LINE ( 'NONE', #318, #2125 ) ;
#3435 = ORIENTED_EDGE ( 'NONE', *, *, #3317, .F. ) ;
#3436 = CARTESIAN_POINT ( 'NONE',  ( 11.35350119170808192, -41.37564620178454788, -0.7499999985999999952 ) ) ;
#3437 = CARTESIAN_POINT ( 'NONE',  ( -3.999999473734361377, -37.00000000000003553, 0.4499999986000000618 ) ) ;
#3438 = CARTESIAN_POINT ( 'NONE',  ( 13.99999976192509088, 5.757390675549478587, -0.7499999985999999952 ) ) ;
#3439 = CARTESIAN_POINT ( 'NONE',  ( -3.047624285679315204, 43.44854799647996657, -0.7499999986000001062 ) ) ;
#3440 = VERTEX_POINT ( 'NONE', #517 ) ;
#3441 = CARTESIAN_POINT ( 'NONE',  ( -2.749999473734360045, 17.49999999999998934, 0.7499999985999999952 ) ) ;
#3442 = ORIENTED_EDGE ( 'NONE', *, *, #550, .F. ) ;
#3443 = VERTEX_POINT ( 'NONE', #278 ) ;
#3444 = CARTESIAN_POINT ( 'NONE',  ( 30.96219631303218733, 13.43917497583396070, 0.7499999986000001062 ) ) ;
#3445 = EDGE_CURVE ( 'NONE', #1876, #1696, #3079, .T. ) ;
#3446 = FACE_BOUND ( 'NONE', #3875, .T. ) ;
#3447 = FACE_OUTER_BOUND ( 'NONE', #847, .T. ) ;
#3448 = CARTESIAN_POINT ( 'NONE',  ( -4.093854296136401061, 43.49999999511447157, 0.7500000033441499570 ) ) ;
#3449 = EDGE_CURVE ( 'NONE', #1051, #176, #187, .T. ) ;
#3450 = VECTOR ( 'NONE', #2670, 1000.000000000000000 ) ;
#3451 = ORIENTED_EDGE ( 'NONE', *, *, #1932, .F. ) ;
#3452 = ORIENTED_EDGE ( 'NONE', *, *, #1367, .F. ) ;
#3453 = DIRECTION ( 'NONE',  ( 1.000000000000000000, 0.000000000000000000, 1.815850082013637984E-11 ) ) ;
#3454 = CARTESIAN_POINT ( 'NONE',  ( 36.50000000002298606, -2.775557561562891351E-14, 0.4499999986000000618 ) ) ;
#3455 = ORIENTED_EDGE ( 'NONE', *, *, #2841, .T. ) ;
#3456 = VECTOR ( 'NONE', #248, 1000.000000000000000 ) ;
#3457 = CARTESIAN_POINT ( 'NONE',  ( 15.56085777812507587, 38.47270489339999244, 9.757819552369539906E-16 ) ) ;
#3458 = AXIS2_PLACEMENT_3D ( 'NONE', #1872, #3775, #4103 ) ;
#3459 = VECTOR ( 'NONE', #2658, 1000.000000000000000 ) ;
#3460 = FACE_OUTER_BOUND ( 'NONE', #2121, .T. ) ;
#3461 = CARTESIAN_POINT ( 'NONE',  ( 44.15000000002297753, -1.150000000000039879, 0.4499999986000000618 ) ) ;
#3462 = LINE ( 'NONE', #343, #2388 ) ;
#3463 = ORIENTED_EDGE ( 'NONE', *, *, #3101, .T. ) ;
#3464 = ORIENTED_EDGE ( 'NONE', *, *, #550, .T. ) ;
#3465 = VERTEX_POINT ( 'NONE', #856 ) ;
#3466 = FACE_OUTER_BOUND ( 'NONE', #1429, .T. ) ;
#3467 = AXIS2_PLACEMENT_3D ( 'NONE', #3237, #2666, #1339 ) ;
#3468 = B_SPLINE_CURVE_WITH_KNOTS ( 'NONE', 3,
 ( #1794, #1752, #886, #2487 ),
 .UNSPECIFIED., .F., .F.,
 ( 4, 4 ),
 ( 0.000000000000000000, 1.000000000000000000 ),
 .UNSPECIFIED. ) ;
#3469 = CARTESIAN_POINT ( 'NONE',  ( 45.75059565178410281, -9.591821578657039993, 0.7499999985999979968 ) ) ;
#3470 = ADVANCED_FACE ( 'NONE', ( #2122 ), #1459, .T. ) ;
#3471 = DIRECTION ( 'NONE',  ( -0.000000000000000000, 0.000000000000000000, 1.000000000000000000 ) ) ;
#3472 = CARTESIAN_POINT ( 'NONE',  ( -33.00000011423342983, -28.86751278454052638, -0.7499999985999999952 ) ) ;
#3473 = ADVANCED_FACE ( 'NONE', ( #1765, #2416 ), #4023, .F. ) ;
#3474 = PRODUCT ( 'PEN-XL', 'PEN-XL', '', ( #3853 ) ) ;
#3475 = ORIENTED_EDGE ( 'NONE', *, *, #649, .T. ) ;
#3476 = EDGE_LOOP ( 'NONE', ( #2374, #3967, #3013, #2843 ) ) ;
#3477 = CARTESIAN_POINT ( 'NONE',  ( -15.71912428486803570, -18.42387951966283666, 0.7499999986000001062 ) ) ;
#3478 = LINE ( 'NONE', #3820, #1599 ) ;
#3479 = DIRECTION ( 'NONE',  ( -0.000000000000000000, 0.000000000000000000, 1.000000000000000000 ) ) ;
#3480 = CARTESIAN_POINT ( 'NONE',  ( -33.00000053557491952, 8.889999569827722325E-07, -0.7499999985999999952 ) ) ;
#3481 = EDGE_CURVE ( 'NONE', #3682, #1229, #1497, .T. ) ;
#3482 = CARTESIAN_POINT ( 'NONE',  ( -1.749999473734359379, -37.00000000000003553, 0.7499999986000004393 ) ) ;
#3483 = CARTESIAN_POINT ( 'NONE',  ( 9.904003534325077851, 32.81585064959999443, -0.2499999995333329339 ) ) ;
#3484 = ORIENTED_EDGE ( 'NONE', *, *, #3192, .T. ) ;
#3485 = CIRCLE ( 'NONE', #962, 1.500000000000001332 ) ;
#3486 = CARTESIAN_POINT ( 'NONE',  ( 34.49999983552509519, -2.500000000000030198, 0.4499999986000000618 ) ) ;
#3487 = ORIENTED_EDGE ( 'NONE', *, *, #2640, .F. ) ;
#3488 = ORIENTED_EDGE ( 'NONE', *, *, #1072, .T. ) ;
#3489 = AXIS2_PLACEMENT_3D ( 'NONE', #3803, #2257, #1573 ) ;
#3490 = DIRECTION ( 'NONE',  ( -0.000000000000000000, 0.000000000000000000, 1.000000000000000000 ) ) ;
#3491 = DIRECTION ( 'NONE',  ( 1.000000000000000000, 0.000000000000000000, 0.000000000000000000 ) ) ;
#3492 = CARTESIAN_POINT ( 'NONE',  ( 3.500000526265645284, 17.49999999999998934, -0.7499999985999999952 ) ) ;
#3493 = VERTEX_POINT ( 'NONE', #1127 ) ;
#3494 = CARTESIAN_POINT ( 'NONE',  ( -1.749999473734359379, -37.00000000000003553, 0.4499999986000000618 ) ) ;
#3495 = VECTOR ( 'NONE', #4007, 1000.000000000000000 ) ;
#3496 = CARTESIAN_POINT ( 'NONE',  ( -13.78589830264628802, -31.87787628813645924, 0.4499999980154663626 ) ) ;
#3497 = CARTESIAN_POINT ( 'NONE',  ( 11.59227168217219628, 31.50585723395704107, 0.7499999986000001062 ) ) ;
#3498 = CARTESIAN_POINT ( 'NONE',  ( 4.000000526265646172, -37.00000000000003553, -0.7499999985999999952 ) ) ;
#3499 = LINE ( 'NONE', #651, #2496 ) ;
#3500 = CARTESIAN_POINT ( 'NONE',  ( 5.999999417025114745, 6.500000135683469793, 0.7499999985999999952 ) ) ;
#3501 = VERTEX_POINT ( 'NONE', #2103 ) ;
#3502 = ADVANCED_FACE ( 'NONE', ( #3368 ), #880, .T. ) ;
#3503 = EDGE_CURVE ( 'NONE', #921, #2276, #1897, .T. ) ;
#3504 = CARTESIAN_POINT ( 'NONE',  ( 49.30278453645811965, -4.000000000000031086, 0.4499999986000000618 ) ) ;
#3505 = VERTEX_POINT ( 'NONE', #208 ) ;
#3506 = ORIENTED_EDGE ( 'NONE', *, *, #251, .F. ) ;
#3507 = CARTESIAN_POINT ( 'NONE',  ( -18.78014675496516972, 36.49999999499997472, 48.47984059516105049 ) ) ;
#3508 = CYLINDRICAL_SURFACE ( 'NONE', #873, 2.250000000000001776 ) ;
#3509 = DIRECTION ( 'NONE',  ( 0.000000000000000000, 0.000000000000000000, -1.000000000000000000 ) ) ;
#3510 = EDGE_LOOP ( 'NONE', ( #3045, #753, #54, #4045, #1150, #1423 ) ) ;
#3511 = DIRECTION ( 'NONE',  ( -1.815852218230840173E-11, -1.048382767004165731E-11, 1.000000000000000000 ) ) ;
#3512 = CARTESIAN_POINT ( 'NONE',  ( 27.29887419312959551, -1.361971729671007658, -0.7499999974329573105 ) ) ;
#3513 = EDGE_CURVE ( 'NONE', #1380, #3081, #4046, .T. ) ;
#3514 = CARTESIAN_POINT ( 'NONE',  ( -18.66666656674392755, -18.50000000780002551, -0.7499999985999999952 ) ) ;
#3515 = AXIS2_PLACEMENT_3D ( 'NONE', #438, #752, #2019 ) ;
#3516 = DIRECTION ( 'NONE',  ( -0.000000000000000000, -0.000000000000000000, -1.000000000000000000 ) ) ;
#3517 = CARTESIAN_POINT ( 'NONE',  ( 5.500000526265647061, -37.00000000000003553, -0.7499999985999999952 ) ) ;
#3518 = DIRECTION ( 'NONE',  ( -0.5224985617661035420, 0.8526401661617597494, 0.000000000000000000 ) ) ;
#3519 = ORIENTED_EDGE ( 'NONE', *, *, #2660, .F. ) ;
#3520 = EDGE_CURVE ( 'NONE', #3377, #3171, #3957, .T. ) ;
#3521 = AXIS2_PLACEMENT_3D ( 'NONE', #3934, #3318, #3030 ) ;
#3522 = EDGE_CURVE ( 'NONE', #3140, #3295, #832, .T. ) ;
#3523 = VERTEX_POINT ( 'NONE', #2147 ) ;
#3524 = ORIENTED_EDGE ( 'NONE', *, *, #1136, .T. ) ;
#3525 = EDGE_CURVE ( 'NONE', #2441, #3443, #2286, .T. ) ;
#3526 = COORDINATED_UNIVERSAL_TIME_OFFSET ( 1, 0, .AHEAD. ) ;
#3527 = CARTESIAN_POINT ( 'NONE',  ( 44.15000000002297753, -2.775557561562891351E-14, -0.7499999985999999952 ) ) ;
#3528 = B_SPLINE_CURVE_WITH_KNOTS ( 'NONE', 3,
 ( #1303, #987, #1341, #2570 ),
 .UNSPECIFIED., .F., .F.,
 ( 4, 4 ),
 ( 0.000000000000000000, 1.000000000000000000 ),
 .UNSPECIFIED. ) ;
#3529 = ORIENTED_EDGE ( 'NONE', *, *, #649, .F. ) ;
#3530 = LINE ( 'NONE', #1565, #2093 ) ;
#3531 = CARTESIAN_POINT ( 'NONE',  ( -18.66666655927393137, -18.50000000780002551, 0.7499999985999999952 ) ) ;
#3532 = VECTOR ( 'NONE', #2425, 1000.000000000000000 ) ;
#3533 = CARTESIAN_POINT ( 'NONE',  ( 1.562999943197612707, 41.15685425792395336, 0.7500000034971850971 ) ) ;
#3534 = CARTESIAN_POINT ( 'NONE',  ( 47.99999978896360631, 9.825658719101127758, -0.7499999985999999952 ) ) ;
#3535 = CARTESIAN_POINT ( 'NONE',  ( 30.30096372935559046, 13.86197133311947738, 0.7499999976580421501 ) ) ;
#3536 = CARTESIAN_POINT ( 'NONE',  ( -22.07500000001147455, 38.23502157710267824, -0.7588613173279418200 ) ) ;
#3537 = ORIENTED_EDGE ( 'NONE', *, *, #3671, .T. ) ;
#3538 = CARTESIAN_POINT ( 'NONE',  ( -24.84041676657073339, -17.90202536879980855, 0.7499999986000001062 ) ) ;
#3539 = B_SPLINE_CURVE_WITH_KNOTS ( 'NONE', 3,
 ( #3155, #3196, #314, #919 ),
 .UNSPECIFIED., .F., .F.,
 ( 4, 4 ),
 ( 0.000000000000000000, 1.000000000000000000 ),
 .UNSPECIFIED. ) ;
#3540 = LINE ( 'NONE', #694, #1163 ) ;
#3541 = EDGE_LOOP ( 'NONE', ( #1331, #2697, #186, #1983 ) ) ;
#3542 = EDGE_LOOP ( 'NONE', ( #1096, #703 ) ) ;
#3543 = AXIS2_PLACEMENT_3D ( 'NONE', #1618, #930, #3829 ) ;
#3544 = ORIENTED_EDGE ( 'NONE', *, *, #3892, .F. ) ;
#3545 = DIRECTION ( 'NONE',  ( 0.000000000000000000, 1.000000000000000000, 0.000000000000000000 ) ) ;
#3546 = CARTESIAN_POINT ( 'NONE',  ( 40.99999978896359920, 7.068285425421510837, -0.7499999985999999952 ) ) ;
#3547 = EDGE_CURVE ( 'NONE', #3695, #3110, #633, .T. ) ;
#3548 = EDGE_CURVE ( 'NONE', #539, #446, #2563, .T. ) ;
#3549 = AXIS2_PLACEMENT_3D ( 'NONE', #2371, #2288, #1082 ) ;
#3550 = VERTEX_POINT ( 'NONE', #38 ) ;
#3551 = CARTESIAN_POINT ( 'NONE',  ( -25.61979830735843322, -17.01499252262643935, -0.7499999985999998842 ) ) ;
#3552 = CARTESIAN_POINT ( 'NONE',  ( 15.01910279003840643, -19.53408559889855312, -0.7499999985999999952 ) ) ;
#3553 = B_SPLINE_CURVE_WITH_KNOTS ( 'NONE', 3,
 ( #1660, #745, #411, #78 ),
 .UNSPECIFIED., .F., .F.,
 ( 4, 4 ),
 ( 0.000000000000000000, 1.000000000000000000 ),
 .UNSPECIFIED. ) ;
#3554 = FACE_OUTER_BOUND ( 'NONE', #593, .T. ) ;
#3555 = AXIS2_PLACEMENT_3D ( 'NONE', #2497, #3832, #3754 ) ;
#3556 = VECTOR ( 'NONE', #435, 1000.000000000000000 ) ;
#3557 = CARTESIAN_POINT ( 'NONE',  ( 30.96219629891163194, -13.43917537367330617, -0.7499999986000001062 ) ) ;
#3558 = DIRECTION ( 'NONE',  ( -1.000000000000000000, 0.000000000000000000, 0.000000000000000000 ) ) ;
#3559 = VERTEX_POINT ( 'NONE', #2213 ) ;
#3560 = CARTESIAN_POINT ( 'NONE',  ( -14.65958312620493054, -17.90202535748696988, -0.7499999985999998842 ) ) ;
#3561 = CARTESIAN_POINT ( 'NONE',  ( 27.29887419679610616, 1.361971346751977840, 0.7499999983663099279 ) ) ;
#3562 = VERTEX_POINT ( 'NONE', #1260 ) ;
#3563 = ORIENTED_EDGE ( 'NONE', *, *, #2134, .T. ) ;
#3564 = ORIENTED_EDGE ( 'NONE', *, *, #2994, .T. ) ;
#3565 =( LENGTH_UNIT ( ) NAMED_UNIT ( * ) SI_UNIT ( .MILLI., .METRE. ) );
#3566 = CARTESIAN_POINT ( 'NONE',  ( 30.30096373092508344, -13.86197171720002252, -0.2499999995333329339 ) ) ;
#3567 = EDGE_CURVE ( 'NONE', #931, #1820, #959, .T. ) ;
#3568 = EDGE_LOOP ( 'NONE', ( #2934, #1516, #2424, #1594 ) ) ;
#3569 = CARTESIAN_POINT ( 'NONE',  ( -20.38789305654526984, 43.31286663318947916, 0.5499999977757017433 ) ) ;
#3570 = CARTESIAN_POINT ( 'NONE',  ( 31.47824931933934778, -12.83495474607133779, 0.7499999986000001062 ) ) ;
#3571 = APPROVAL ( #1187, 'UNSPECIFIED' ) ;
#3572 = CARTESIAN_POINT ( 'NONE',  ( -19.96410153292185896, -26.57883818245981900, 0.4499999979588334975 ) ) ;
#3573 = LINE ( 'NONE', #396, #1435 ) ;
#3574 = CARTESIAN_POINT ( 'NONE',  ( 1.750000526265643730, -37.00000000000003553, 0.7499999986000004393 ) ) ;
#3575 = DIRECTION ( 'NONE',  ( -0.000000000000000000, 0.000000000000000000, 1.000000000000000000 ) ) ;
#3576 = ORIENTED_EDGE ( 'NONE', *, *, #2940, .T. ) ;
#3577 = DIRECTION ( 'NONE',  ( 1.000000000000000000, 0.000000000000000000, 0.000000000000000000 ) ) ;
#3578 = VECTOR ( 'NONE', #2454, 1000.000000000000000 ) ;
#3579 = CARTESIAN_POINT ( 'NONE',  ( -13.03589830265214289, 30.57883818246268248, 0.7499999980427042301 ) ) ;
#3580 = CARTESIAN_POINT ( 'NONE',  ( 15.49582446289361215, -19.87513577366396333, 0.7499999986000001062 ) ) ;
#3581 = ORIENTED_EDGE ( 'NONE', *, *, #2313, .T. ) ;
#3582 = VERTEX_POINT ( 'NONE', #1297 ) ;
#3583 = AXIS2_PLACEMENT_3D ( 'NONE', #553, #4020, #809 ) ;
#3584 = ORIENTED_EDGE ( 'NONE', *, *, #3163, .T. ) ;
#3585 =( NAMED_UNIT ( * ) SI_UNIT ( $, .STERADIAN. ) SOLID_ANGLE_UNIT ( ) );
#3586 = CARTESIAN_POINT ( 'NONE',  ( -5.499999473734362709, -37.00000000000003553, 0.7499999985999999952 ) ) ;
#3587 = EDGE_CURVE ( 'NONE', #2614, #2641, #2887, .T. ) ;
#3588 = ORIENTED_EDGE ( 'NONE', *, *, #69, .T. ) ;
#3589 = CARTESIAN_POINT ( 'NONE',  ( 2.750000526265644396, 17.49999999999998934, 0.7499999986000004393 ) ) ;
#3590 = CARTESIAN_POINT ( 'NONE',  ( -20.71410153292219292, 27.87787628813617857, 0.4499999979315959520 ) ) ;
#3591 = CARTESIAN_POINT ( 'NONE',  ( -18.25000000001120171, -31.60992723815209260, -0.7499999985999999952 ) ) ;
#3592 = CIRCLE ( 'NONE', #3852, 6.999999999999999112 ) ;
#3593 = VECTOR ( 'NONE', #3401, 1000.000000000000000 ) ;
#3594 = CARTESIAN_POINT ( 'NONE',  ( 9.904003539845080084, 32.81585065511999488, -0.7500000009079994534 ) ) ;
#3595 = EDGE_LOOP ( 'NONE', ( #3370, #2778, #3959, #2755 ) ) ;
#3596 = FACE_OUTER_BOUND ( 'NONE', #586, .T. ) ;
#3597 = CYLINDRICAL_SURFACE ( 'NONE', #3515, 2.999999994399978664 ) ;
#3598 = ORIENTED_EDGE ( 'NONE', *, *, #2558, .T. ) ;
#3599 = DIRECTION ( 'NONE',  ( 0.000000000000000000, -1.000000000000000000, 0.000000000000000000 ) ) ;
#3600 = ADVANCED_FACE ( 'NONE', ( #1317 ), #686, .F. ) ;
#3601 = EDGE_CURVE ( 'NONE', #921, #3605, #4088, .T. ) ;
#3602 = LINE ( 'NONE', #461, #621 ) ;
#3603 = CARTESIAN_POINT ( 'NONE',  ( 13.99999976588265760, -17.46983488100233828, 0.7499999985999999952 ) ) ;
#3604 = ORIENTED_EDGE ( 'NONE', *, *, #1133, .F. ) ;
#3605 = VERTEX_POINT ( 'NONE', #2252 ) ;
#3606 = ORIENTED_EDGE ( 'NONE', *, *, #2002, .T. ) ;
#3607 = APPLICATION_PROTOCOL_DEFINITION ( 'international standard', 'config_control_design', 1994, #4029 ) ;
#3608 = CARTESIAN_POINT ( 'NONE',  ( 41.85000000002300879, -1.150000000000039879, 0.4499999986000000618 ) ) ;
#3609 = CARTESIAN_POINT ( 'NONE',  ( -9.999999806958397741, -1.499999997200018864, 0.7500000013124998866 ) ) ;
#3610 = CARTESIAN_POINT ( 'NONE',  ( 47.99999978896360631, 9.825658719101127758, 0.4499999986000033370 ) ) ;
#3611 = FACE_OUTER_BOUND ( 'NONE', #527, .T. ) ;
#3612 = FACE_OUTER_BOUND ( 'NONE', #3510, .T. ) ;
#3613 = DIRECTION ( 'NONE',  ( -1.000000000000000000, 0.000000000000000000, 0.000000000000000000 ) ) ;
#3614 = VECTOR ( 'NONE', #1395, 1000.000000000000000 ) ;
#3615 = LINE ( 'NONE', #1342, #3450 ) ;
#3616 = ORIENTED_EDGE ( 'NONE', *, *, #1475, .T. ) ;
#3617 = CARTESIAN_POINT ( 'NONE',  ( 49.30278453645816938, 3.999999999999976019, 0.4499999986000000618 ) ) ;
#3618 = CIRCLE ( 'NONE', #639, 1.500000000000001332 ) ;
#3619 = EDGE_CURVE ( 'NONE', #483, #3343, #2667, .T. ) ;
#3620 = CYLINDRICAL_SURFACE ( 'NONE', #1833, 1.499999999999994449 ) ;
#3621 = CARTESIAN_POINT ( 'NONE',  ( 14.30848596857008026, -18.60139976866263467, 0.7499999986000002172 ) ) ;
#3622 = ORIENTED_EDGE ( 'NONE', *, *, #1035, .F. ) ;
#3623 = EDGE_LOOP ( 'NONE', ( #2848, #3634, #2398, #1388, #2982, #3910, #2740 ) ) ;
#3624 = CIRCLE ( 'NONE', #2574, 1.500000000000001332 ) ;
#3625 = EDGE_CURVE ( 'NONE', #1, #1737, #3530, .T. ) ;
#3626 = ADVANCED_FACE ( 'NONE', ( #1001 ), #2833, .F. ) ;
#3627 = VERTEX_POINT ( 'NONE', #3494 ) ;
#3628 = CIRCLE ( 'NONE', #442, 1.499999999999994449 ) ;
#3629 = CARTESIAN_POINT ( 'NONE',  ( 11.35350119170808192, -41.37564620178454788, 0.7499999985999979968 ) ) ;
#3630 = B_SPLINE_CURVE_WITH_KNOTS ( 'NONE', 3,
 ( #1352, #2906, #2968, #76 ),
 .UNSPECIFIED., .F., .F.,
 ( 4, 4 ),
 ( 0.000000000000000000, 1.000000000000000000 ),
 .UNSPECIFIED. ) ;
#3631 = CARTESIAN_POINT ( 'NONE',  ( -24.51522520849707476, -18.11939765829965765, -0.7499999986000001062 ) ) ;
#3632 = CARTESIAN_POINT ( 'NONE',  ( 27.29887419376109037, 1.361971342422468867, -0.7499999975788376183 ) ) ;
#3633 = ORIENTED_EDGE ( 'NONE', *, *, #2338, .T. ) ;
#3634 = ORIENTED_EDGE ( 'NONE', *, *, #1750, .T. ) ;
#3635 = CARTESIAN_POINT ( 'NONE',  ( 31.61201176647959699, -9.826980619188047328, -0.7499999979345822743 ) ) ;
#3636 = FACE_OUTER_BOUND ( 'NONE', #304, .T. ) ;
#3637 = ORIENTED_EDGE ( 'NONE', *, *, #658, .T. ) ;
#3638 = CARTESIAN_POINT ( 'NONE',  ( -16.49999978987540317, 18.50000001438345620, -0.7499999964333183833 ) ) ;
#3639 = DIRECTION ( 'NONE',  ( 0.000000000000000000, 0.000000000000000000, 1.000000000000000000 ) ) ;
#3640 = LINE ( 'NONE', #757, #3357 ) ;
#3641 = ORIENTED_EDGE ( 'NONE', *, *, #2162, .F. ) ;
#3642 = ORIENTED_EDGE ( 'NONE', *, *, #774, .F. ) ;
#3643 = EDGE_CURVE ( 'NONE', #1954, #2725, #1644, .T. ) ;
#3644 = VECTOR ( 'NONE', #691, 999.9999999999998863 ) ;
#3645 = ORIENTED_EDGE ( 'NONE', *, *, #95, .F. ) ;
#3646 = CIRCLE ( 'NONE', #1132, 1.150000000000010347 ) ;
#3647 = COORDINATED_UNIVERSAL_TIME_OFFSET ( 1, 0, .AHEAD. ) ;
#3648 = FACE_OUTER_BOUND ( 'NONE', #1409, .T. ) ;
#3649 = VECTOR ( 'NONE', #2866, 1000.000000000000000 ) ;
#3650 = EDGE_CURVE ( 'NONE', #129, #1966, #2525, .T. ) ;
#3651 = CARTESIAN_POINT ( 'NONE',  ( 4.000000526265646172, -35.50000000000002842, 0.4499999986000000618 ) ) ;
#3652 = CARTESIAN_POINT ( 'NONE',  ( -20.83333333027439949, -18.50000000780002551, 0.7499999985999999952 ) ) ;
#3653 = CARTESIAN_POINT ( 'NONE',  ( 18.13362179759282355, 20.06154184501510329, -0.7499999986000001062 ) ) ;
#3654 = EDGE_LOOP ( 'NONE', ( #1159, #1230, #2330, #3389 ) ) ;
#3655 = DIRECTION ( 'NONE',  ( -0.000000000000000000, -0.000000000000000000, 1.000000000000000000 ) ) ;
#3656 = CARTESIAN_POINT ( 'NONE',  ( -4.999999786874903762, 1.500000135683465796, 0.7612734287194810046 ) ) ;
#3657 = ORIENTED_EDGE ( 'NONE', *, *, #3525, .F. ) ;
#3658 = CARTESIAN_POINT ( 'NONE',  ( 14.25758385696100916, 18.51477269364125533, 0.7499999986000001062 ) ) ;
#3659 = CARTESIAN_POINT ( 'NONE',  ( 21.71208486405060256, -31.80404104718051528, 0.7499999985999999952 ) ) ;
#3660 = LINE ( 'NONE', #1408, #1763 ) ;
#3661 = CARTESIAN_POINT ( 'NONE',  ( -0.08579275553434487223, 42.44333071635934829, -0.7499999986000001062 ) ) ;
#3662 = ORIENTED_EDGE ( 'NONE', *, *, #191, .T. ) ;
#3663 = CARTESIAN_POINT ( 'NONE',  ( -9.999999786874907315, -26.99999987921702882, -0.7499999985999999952 ) ) ;
#3664 = ORIENTED_EDGE ( 'NONE', *, *, #1226, .F. ) ;
#3665 = ORIENTED_EDGE ( 'NONE', *, *, #1369, .F. ) ;
#3666 = DIRECTION ( 'NONE',  ( 0.000000000000000000, 0.000000000000000000, 1.000000000000000000 ) ) ;
#3667 = DIRECTION ( 'NONE',  ( 1.000000000000000000, 0.000000000000000000, 0.000000000000000000 ) ) ;
#3668 = CARTESIAN_POINT ( 'NONE',  ( -23.00000010127489958, -18.50000000686652513, 0.7499999977521299988 ) ) ;
#3669 = CARTESIAN_POINT ( 'NONE',  ( 42.42925220293555810, -12.66083073040102924, 0.7499999985999979968 ) ) ;
#3670 = EDGE_CURVE ( 'NONE', #3295, #3140, #1241, .T. ) ;
#3671 = EDGE_CURVE ( 'NONE', #207, #2788, #32, .T. ) ;
#3672 = ORIENTED_EDGE ( 'NONE', *, *, #3995, .F. ) ;
#3673 = CARTESIAN_POINT ( 'NONE',  ( -29.50000017035045374, -38.39379220117031366, -0.7499999985999999952 ) ) ;
#3674 = CARTESIAN_POINT ( 'NONE',  ( 40.99605932062508629, 17.33646545399997052, -0.7499999985999999952 ) ) ;
#3675 = ORIENTED_EDGE ( 'NONE', *, *, #3513, .F. ) ;
#3676 = DIRECTION ( 'NONE',  ( -0.000000000000000000, 0.000000000000000000, 1.000000000000000000 ) ) ;
#3677 = VECTOR ( 'NONE', #1832, 1000.000000000000114 ) ;
#3678 = B_SPLINE_CURVE_WITH_KNOTS ( 'NONE', 3,
 ( #587, #3799, #3514, #2565 ),
 .UNSPECIFIED., .F., .F.,
 ( 4, 4 ),
 ( 0.000000000000000000, 1.000000000000000000 ),
 .UNSPECIFIED. ) ;
#3679 = PLANE ( 'NONE',  #840 ) ;
#3680 = DIRECTION ( 'NONE',  ( -0.000000000000000000, -0.000000000000000000, -1.000000000000000000 ) ) ;
#3681 = CARTESIAN_POINT ( 'NONE',  ( -23.00000010127489958, 18.50000000779997222, -0.7499999968165377284 ) ) ;
#3682 = VERTEX_POINT ( 'NONE', #3935 ) ;
#3683 = CIRCLE ( 'NONE', #167, 1.500000000000001332 ) ;
#3684 = CARTESIAN_POINT ( 'NONE',  ( -17.08399266212565237, -45.56217776276644571, 48.47984059516105049 ) ) ;
#3685 = VECTOR ( 'NONE', #2016, 1000.000000000000000 ) ;
#3686 = VERTEX_POINT ( 'NONE', #101 ) ;
#3687 = ORIENTED_EDGE ( 'NONE', *, *, #1580, .T. ) ;
#3688 = DATE_TIME_ROLE ( 'classification_date' ) ;
#3689 = LINE ( 'NONE', #1099, #67 ) ;
#3690 = ADVANCED_FACE ( 'NONE', ( #431 ), #1101, .F. ) ;
#3691 = FACE_OUTER_BOUND ( 'NONE', #410, .T. ) ;
#3692 = CARTESIAN_POINT ( 'NONE',  ( -13.49999979035840170, 15.50000001339998867, 0.7499999973666701125 ) ) ;
#3693 = LINE ( 'NONE', #489, #600 ) ;
#3694 = EDGE_CURVE ( 'NONE', #2641, #2614, #1757, .T. ) ;
#3695 = VERTEX_POINT ( 'NONE', #3589 ) ;
#3696 = EDGE_LOOP ( 'NONE', ( #1861, #3529 ) ) ;
#3697 = CARTESIAN_POINT ( 'NONE',  ( 38.87264290905359587, 19.61355081979446169, 0.7500000000343319817 ) ) ;
#3698 = DIRECTION ( 'NONE',  ( -1.000000000000000000, 0.000000000000000000, 0.000000000000000000 ) ) ;
#3699 = ORIENTED_EDGE ( 'NONE', *, *, #1070, .F. ) ;
#3700 = CARTESIAN_POINT ( 'NONE',  ( -33.00000090116203211, 36.37306841329374407, -0.7499999985999999952 ) ) ;
#3701 = CARTESIAN_POINT ( 'NONE',  ( -33.00000100496691857, 32.33161595315442582, -0.7499999985999999952 ) ) ;
#3702 = EDGE_CURVE ( 'NONE', #3465, #129, #99, .T. ) ;
#3703 = DIRECTION ( 'NONE',  ( 0.000000000000000000, 0.000000000000000000, 1.000000000000000000 ) ) ;
#3704 = ORIENTED_EDGE ( 'NONE', *, *, #3706, .F. ) ;
#3705 = VERTEX_POINT ( 'NONE', #2331 ) ;
#3706 = EDGE_CURVE ( 'NONE', #3867, #932, #1960, .T. ) ;
#3707 = DIRECTION ( 'NONE',  ( 1.000000000000000000, 0.000000000000000000, 0.000000000000000000 ) ) ;
#3708 = ORIENTED_EDGE ( 'NONE', *, *, #964, .F. ) ;
#3709 = ORIENTED_EDGE ( 'NONE', *, *, #659, .T. ) ;
#3710 = FACE_OUTER_BOUND ( 'NONE', #3757, .T. ) ;
#3711 = CIRCLE ( 'NONE', #1274, 1.500000000000001332 ) ;
#3712 = DIRECTION ( 'NONE',  ( 0.5000000000000039968, -0.8660254037844363761, 1.815852218230854713E-11 ) ) ;
#3713 = CARTESIAN_POINT ( 'NONE',  ( 1.750000526265643730, -37.00000000000003553, 0.4499999986000000618 ) ) ;
#3714 = DIRECTION ( 'NONE',  ( 0.000000000000000000, 0.000000000000000000, -1.000000000000000000 ) ) ;
#3715 = ORIENTED_EDGE ( 'NONE', *, *, #1570, .T. ) ;
#3716 = DIRECTION ( 'NONE',  ( -0.000000000000000000, 0.000000000000000000, 1.000000000000000000 ) ) ;
#3717 = DIRECTION ( 'NONE',  ( 0.000000000000000000, 0.000000000000000000, -1.000000000000000000 ) ) ;
#3718 = ORIENTED_EDGE ( 'NONE', *, *, #3694, .F. ) ;
#3719 = CARTESIAN_POINT ( 'NONE',  ( -13.78589830265217131, 31.87787628813934404, 0.7499999980154664625 ) ) ;
#3720 = DIRECTION ( 'NONE',  ( -1.000000000000000000, 0.000000000000000000, 0.000000000000000000 ) ) ;
#3721 = FACE_OUTER_BOUND ( 'NONE', #3891, .T. ) ;
#3722 = CARTESIAN_POINT ( 'NONE',  ( -2.499999473734360045, -37.00000000000003553, 0.7499999985999999952 ) ) ;
#3723 = ORIENTED_EDGE ( 'NONE', *, *, #2431, .F. ) ;
#3724 = CIRCLE ( 'NONE', #136, 1.150000000000012124 ) ;
#3725 = EDGE_CURVE ( 'NONE', #3770, #2347, #1974, .T. ) ;
#3726 = EDGE_CURVE ( 'NONE', #1668, #3582, #3553, .T. ) ;
#3727 = CARTESIAN_POINT ( 'NONE',  ( 13.99999975649107675, 17.27217239314649078, -0.7499999980999861871 ) ) ;
#3728 = ORIENTED_EDGE ( 'NONE', *, *, #1741, .F. ) ;
#3729 = ORIENTED_EDGE ( 'NONE', *, *, #329, .T. ) ;
#3730 = CARTESIAN_POINT ( 'NONE',  ( 13.99999976063556772, -17.27217277080000812, -0.7499999981624879686 ) ) ;
#3731 = B_SPLINE_CURVE_WITH_KNOTS ( 'NONE', 3,
 ( #3978, #810, #897, #2435 ),
 .UNSPECIFIED., .F., .F.,
 ( 4, 4 ),
 ( 0.000000000000000000, 1.000000000000000000 ),
 .UNSPECIFIED. ) ;
#3732 = DIRECTION ( 'NONE',  ( -0.000000000000000000, 0.000000000000000000, 1.000000000000000000 ) ) ;
#3733 = DIRECTION ( 'NONE',  ( 1.000000000000000000, 0.000000000000000000, 0.000000000000000000 ) ) ;
#3734 = CARTESIAN_POINT ( 'NONE',  ( 17.89288989179615896, 20.14753210545224960, -0.7499999986000001062 ) ) ;
#3735 = VERTEX_POINT ( 'NONE', #3323 ) ;
#3736 = CARTESIAN_POINT ( 'NONE',  ( -13.49999979293452057, -15.89745667647517458, 0.7499999986000003283 ) ) ;
#3737 = CARTESIAN_POINT ( 'NONE',  ( -26.00000009850941751, 15.50000001339998867, 0.7499999977521281114 ) ) ;
#3738 = ORIENTED_EDGE ( 'NONE', *, *, #354, .T. ) ;
#3739 = CARTESIAN_POINT ( 'NONE',  ( -4.999999786874903762, -26.99999987921702882, 0.7499999985999999952 ) ) ;
#3740 = FACE_BOUND ( 'NONE', #2205, .T. ) ;
#3741 = DIRECTION ( 'NONE',  ( 0.8660254481687733596, 0.4999999231240692676, 0.000000000000000000 ) ) ;
#3742 = CARTESIAN_POINT ( 'NONE',  ( 9.999999500427431798, 1.500000188846245530, -0.7499999985999999952 ) ) ;
#3743 = VERTEX_POINT ( 'NONE', #2642 ) ;
#3744 = ADVANCED_FACE ( 'NONE', ( #2684 ), #1354, .T. ) ;
#3745 = AXIS2_PLACEMENT_3D ( 'NONE', #2270, #373, #3159 ) ;
#3746 = CARTESIAN_POINT ( 'NONE',  ( 33.02181325492509245, 14.15756398859999088, 9.757819552369539906E-16 ) ) ;
#3747 = ORIENTED_EDGE ( 'NONE', *, *, #3513, .T. ) ;
#3748 = VERTEX_POINT ( 'NONE', #2351 ) ;
#3749 = EDGE_CURVE ( 'NONE', #811, #2132, #2236, .T. ) ;
#3750 = ADVANCED_FACE ( 'NONE', ( #1703 ), #1336, .F. ) ;
#3751 = AXIS2_PLACEMENT_3D ( 'NONE', #1054, #96, #1014 ) ;
#3752 = CARTESIAN_POINT ( 'NONE',  ( -16.49999979167490594, 15.50000001339998867, 9.757819552369539906E-16 ) ) ;
#3753 = CIRCLE ( 'NONE', #1968, 2.250000000000001776 ) ;
#3754 = DIRECTION ( 'NONE',  ( -1.000000000000000000, 0.000000000000000000, 0.000000000000000000 ) ) ;
#3755 = CYLINDRICAL_SURFACE ( 'NONE', #2059, 1.500000000000001332 ) ;
#3756 = CARTESIAN_POINT ( 'NONE',  ( -16.75000000003298695, -31.60992723815839156, 0.4499999979644518366 ) ) ;
#3757 = EDGE_LOOP ( 'NONE', ( #1076, #3488, #364, #2040 ) ) ;
#3758 = CARTESIAN_POINT ( 'NONE',  ( -26.00000010674291673, -15.49999998800000256, -0.7499999969354413931 ) ) ;
#3759 = PLANE ( 'NONE',  #3122 ) ;
#3760 = EDGE_LOOP ( 'NONE', ( #516, #1715, #558, #739 ) ) ;
#3761 = PLANE ( 'NONE',  #1444 ) ;
#3762 = DIRECTION ( 'NONE',  ( 1.000000000000000000, 0.000000000000000000, 0.000000000000000000 ) ) ;
#3763 = CARTESIAN_POINT ( 'NONE',  ( 27.29887419679610616, 1.361971346751977840, 0.7499999983663099279 ) ) ;
#3764 = CARTESIAN_POINT ( 'NONE',  ( 16.99999975632507443, 17.27217238979997305, 9.757819552369539906E-16 ) ) ;
#3765 = VERTEX_POINT ( 'NONE', #2971 ) ;
#3766 = EDGE_CURVE ( 'NONE', #3505, #449, #982, .T. ) ;
#3767 = EDGE_CURVE ( 'NONE', #37, #1563, #1017, .T. ) ;
#3768 = PLANE ( 'NONE',  #2747 ) ;
#3769 = ORIENTED_EDGE ( 'NONE', *, *, #682, .F. ) ;
#3770 = VERTEX_POINT ( 'NONE', #3256 ) ;
#3771 = EDGE_CURVE ( 'NONE', #2079, #30, #333, .T. ) ;
#3772 = DIRECTION ( 'NONE',  ( 0.8660254037844363761, 0.5000000000000039968, 1.048382767004157330E-11 ) ) ;
#3773 = CARTESIAN_POINT ( 'NONE',  ( 28.20079915509909796, 24.73495838758898913, -0.7499999985999999952 ) ) ;
#3774 = CARTESIAN_POINT ( 'NONE',  ( -4.999999473734362709, 17.49999999999998934, 0.4499999986000000618 ) ) ;
#3775 = DIRECTION ( 'NONE',  ( 0.000000000000000000, -1.000000000000000000, 0.000000000000000000 ) ) ;
#3776 = CIRCLE ( 'NONE', #1784, 6.999999999999999112 ) ;
#3777 = EDGE_CURVE ( 'NONE', #848, #2899, #452, .T. ) ;
#3778 = VERTEX_POINT ( 'NONE', #3097 ) ;
#3779 = CARTESIAN_POINT ( 'NONE',  ( -16.10254308323747452, 18.50000000657153265, 0.7499999986000003283 ) ) ;
#3780 = DIRECTION ( 'NONE',  ( -1.815852218230840173E-11, -1.048382767004165731E-11, 1.000000000000000000 ) ) ;
#3781 = VECTOR ( 'NONE', #981, 1000.000000000000000 ) ;
#3782 = CARTESIAN_POINT ( 'NONE',  ( -26.00000010462591504, -15.49999999480600188, 0.7499999976310041117 ) ) ;
#3783 = CIRCLE ( 'NONE', #2393, 7.000000000000000000 ) ;
#3784 = FACE_BOUND ( 'NONE', #1328, .T. ) ;
#3785 = DIRECTION ( 'NONE',  ( 0.000000000000000000, 0.000000000000000000, -1.000000000000000000 ) ) ;
#3786 = CARTESIAN_POINT ( 'NONE',  ( 5.000000526265646172, 17.49999999999998934, -0.7499999985999999952 ) ) ;
#3787 = ORIENTED_EDGE ( 'NONE', *, *, #2585, .T. ) ;
#3788 = CARTESIAN_POINT ( 'NONE',  ( 18.36197127527361417, 19.94519195835098202, -0.7499999981624789758 ) ) ;
#3789 = ORIENTED_EDGE ( 'NONE', *, *, #3092, .T. ) ;
#3790 = ORIENTED_EDGE ( 'NONE', *, *, #3017, .F. ) ;
#3791 = FACE_BOUND ( 'NONE', #3696, .T. ) ;
#3792 = CARTESIAN_POINT ( 'NONE',  ( 5.500000526265647061, -37.00000000000003553, 0.4499999986000000618 ) ) ;
#3793 = DIRECTION ( 'NONE',  ( 0.000000000000000000, 0.000000000000000000, 1.000000000000000000 ) ) ;
#3794 = DIRECTION ( 'NONE',  ( -1.000000000000000000, 0.000000000000000000, 0.000000000000000000 ) ) ;
#3795 = B_SPLINE_CURVE_WITH_KNOTS ( 'NONE', 3,
 ( #1901, #1593, #3842, #3168 ),
 .UNSPECIFIED., .F., .F.,
 ( 4, 4 ),
 ( 0.000000000000000000, 1.000000000000000000 ),
 .UNSPECIFIED. ) ;
#3796 = EDGE_LOOP ( 'NONE', ( #3059, #2916 ) ) ;
#3797 = CARTESIAN_POINT ( 'NONE',  ( -14.65938445349803843, -17.90222400005577441, 0.7499999986000002172 ) ) ;
#3798 = DIRECTION ( 'NONE',  ( 0.8660253951928449379, -0.5000000148810764822, 0.000000000000000000 ) ) ;
#3799 = CARTESIAN_POINT ( 'NONE',  ( -20.83333334181292074, -18.50000000780002551, -0.7499999985999999952 ) ) ;
#3800 = EDGE_CURVE ( 'NONE', #4069, #4037, #2631, .T. ) ;
#3801 = EDGE_CURVE ( 'NONE', #1229, #3682, #3683, .T. ) ;
#3802 = FACE_BOUND ( 'NONE', #3542, .T. ) ;
#3803 = CARTESIAN_POINT ( 'NONE',  ( -4.999999473734362709, 17.49999999999998934, 0.4499999986000000618 ) ) ;
#3804 = DIRECTION ( 'NONE',  ( 0.000000000000000000, -1.000000000000000000, 0.000000000000000000 ) ) ;
#3805 = VERTEX_POINT ( 'NONE', #1190 ) ;
#3806 = DIRECTION ( 'NONE',  ( -0.000000000000000000, 0.000000000000000000, 1.000000000000000000 ) ) ;
#3807 = ORIENTED_EDGE ( 'NONE', *, *, #3992, .T. ) ;
#3808 = ORIENTED_EDGE ( 'NONE', *, *, #1398, .T. ) ;
#3809 = AXIS2_PLACEMENT_3D ( 'NONE', #623, #2870, #2192 ) ;
#3810 = AXIS2_PLACEMENT_3D ( 'NONE', #3154, #976, #4101 ) ;
#3811 = CARTESIAN_POINT ( 'NONE',  ( 1.562999941355613931, 41.15685426039444650, -0.7500000023161716989 ) ) ;
#3812 = CARTESIAN_POINT ( 'NONE',  ( -19.96410153292185896, -26.57883818245981900, 0.4499999979588334975 ) ) ;
#3813 = ADVANCED_FACE ( 'NONE', ( #3954 ), #247, .F. ) ;
#3814 = FACE_OUTER_BOUND ( 'NONE', #1675, .T. ) ;
#3815 = VECTOR ( 'NONE', #61, 1000.000000000000000 ) ;
#3816 = B_SPLINE_CURVE_WITH_KNOTS ( 'NONE', 3,
 ( #672, #1940, #1323, #2897 ),
 .UNSPECIFIED., .F., .F.,
 ( 4, 4 ),
 ( 0.000000000000000000, 1.000000000000000000 ),
 .UNSPECIFIED. ) ;
#3817 = ORIENTED_EDGE ( 'NONE', *, *, #1475, .F. ) ;
#3818 = CARTESIAN_POINT ( 'NONE',  ( 5.000000526265646172, 17.49999999999998934, 0.4499999986000000618 ) ) ;
#3819 = VECTOR ( 'NONE', #1773, 1000.000000000000000 ) ;
#3820 = CARTESIAN_POINT ( 'NONE',  ( 34.49999983552509519, 3.999999999999976019, 0.4499999986000000618 ) ) ;
#3821 = ADVANCED_FACE ( 'NONE', ( #2759, #3691 ), #1805, .F. ) ;
#3822 = CARTESIAN_POINT ( 'NONE',  ( -16.49999979039940001, -18.49999999628354530, 0.7499999973666701125 ) ) ;
#3823 = CARTESIAN_POINT ( 'NONE',  ( -12.78014581711942022, 43.49999999505599391, 0.7499999985999979968 ) ) ;
#3824 = CARTESIAN_POINT ( 'NONE',  ( -20.92500000003344596, 36.24316314841117048, 0.4499999978400660572 ) ) ;
#3825 = CARTESIAN_POINT ( 'NONE',  ( -9.884715314363411665, 43.49999999499998182, -0.7499999985999999952 ) ) ;
#3826 = ORIENTED_EDGE ( 'NONE', *, *, #573, .T. ) ;
#3827 = B_SPLINE_CURVE_WITH_KNOTS ( 'NONE', 3,
 ( #3822, #23, #1646, #983 ),
 .UNSPECIFIED., .F., .F.,
 ( 4, 4 ),
 ( 0.000000000000000000, 1.000000000000000000 ),
 .UNSPECIFIED. ) ;
#3828 = ADVANCED_FACE ( 'NONE', ( #3031 ), #1432, .F. ) ;
#3829 = DIRECTION ( 'NONE',  ( 1.063255776489359915E-08, -0.9999999999999998890, 0.000000000000000000 ) ) ;
#3830 = ORIENTED_EDGE ( 'NONE', *, *, #151, .T. ) ;
#3831 = ORIENTED_EDGE ( 'NONE', *, *, #748, .T. ) ;
#3832 = DIRECTION ( 'NONE',  ( -0.000000000000000000, -0.000000000000000000, 1.000000000000000000 ) ) ;
#3833 = DIRECTION ( 'NONE',  ( 0.000000000000000000, 0.000000000000000000, -1.000000000000000000 ) ) ;
#3834 = ORIENTED_EDGE ( 'NONE', *, *, #744, .F. ) ;
#3835 = CARTESIAN_POINT ( 'NONE',  ( -14.65958313754685172, 17.90202537675795469, 0.7499999985999998842 ) ) ;
#3836 = DIRECTION ( 'NONE',  ( 1.000000000000000000, 0.000000000000000000, 1.815850082013637984E-11 ) ) ;
#3837 = LINE ( 'NONE', #5, #3259 ) ;
#3838 = EDGE_CURVE ( 'NONE', #1492, #2383, #3338, .T. ) ;
#3839 = VECTOR ( 'NONE', #3780, 1000.000000000000000 ) ;
#3840 = CARTESIAN_POINT ( 'NONE',  ( -26.00000009567490622, -5.166666654200041897, -0.7499999985999999952 ) ) ;
#3841 = DIRECTION ( 'NONE',  ( -1.815852218230854713E-11, 1.048382767004157330E-11, 1.000000000000000000 ) ) ;
#3842 = CARTESIAN_POINT ( 'NONE',  ( 13.99999976192509088, 5.757390665441480593, 0.7499999985999999952 ) ) ;
#3843 = EDGE_LOOP ( 'NONE', ( #2840, #979, #3848, #566 ) ) ;
#3844 = AXIS2_PLACEMENT_3D ( 'NONE', #3033, #2703, #1456 ) ;
#3845 = AXIS2_PLACEMENT_3D ( 'NONE', #3955, #1761, #3032 ) ;
#3846 = CARTESIAN_POINT ( 'NONE',  ( 30.30096372680057826, 13.86197133591948827, -0.7499999965900845389 ) ) ;
#3847 = ORIENTED_EDGE ( 'NONE', *, *, #2892, .T. ) ;
#3848 = ORIENTED_EDGE ( 'NONE', *, *, #3937, .T. ) ;
#3849 = EDGE_CURVE ( 'NONE', #3805, #117, #487, .T. ) ;
#3850 = ADVANCED_FACE ( 'NONE', ( #182, #2701, #1122 ), #3075, .F. ) ;
#3851 = ORIENTED_EDGE ( 'NONE', *, *, #2715, .T. ) ;
#3852 = AXIS2_PLACEMENT_3D ( 'NONE', #1356, #2912, #3898 ) ;
#3853 = MECHANICAL_CONTEXT ( 'NONE', #4029, 'mechanical' ) ;
#3854 = CYLINDRICAL_SURFACE ( 'NONE', #2266, 1.500000000000001332 ) ;
#3855 = ORIENTED_EDGE ( 'NONE', *, *, #1621, .T. ) ;
#3856 = DIRECTION ( 'NONE',  ( -1.000000000000000000, 0.000000000000000000, 0.000000000000000000 ) ) ;
#3857 = CARTESIAN_POINT ( 'NONE',  ( 14.19069721480098956, -18.32950713315399582, -0.7499999985999999952 ) ) ;
#3858 = CARTESIAN_POINT ( 'NONE',  ( 40.99999978896359920, -4.450631159944235193, 48.47984059516105049 ) ) ;
#3859 = CARTESIAN_POINT ( 'NONE',  ( -20.92500000003297345, -36.24316314841146891, 0.4499999978400660572 ) ) ;
#3860 = LINE ( 'NONE', #1615, #163 ) ;
#3861 = LINE ( 'NONE', #1667, #1200 ) ;
#3862 = EDGE_LOOP ( 'NONE', ( #2279, #759, #1458, #1659 ) ) ;
#3863 = CARTESIAN_POINT ( 'NONE',  ( -26.00000010462591504, -15.49999999480600188, 0.7499999976310041117 ) ) ;
#3864 = ORIENTED_EDGE ( 'NONE', *, *, #2919, .T. ) ;
#3865 = CARTESIAN_POINT ( 'NONE',  ( -19.92907078568087442, -36.81816314841149307, 0.4499999978521224131 ) ) ;
#3866 = ORIENTED_EDGE ( 'NONE', *, *, #1882, .F. ) ;
#3867 = VERTEX_POINT ( 'NONE', #2073 ) ;
#3868 = EDGE_CURVE ( 'NONE', #1037, #1078, #632, .T. ) ;
#3869 = AXIS2_PLACEMENT_3D ( 'NONE', #1289, #3806, #2860 ) ;
#3870 = EDGE_CURVE ( 'NONE', #2394, #1775, #1501, .T. ) ;
#3871 = ORIENTED_EDGE ( 'NONE', *, *, #3567, .F. ) ;
#3872 = DATE_AND_TIME ( #139, #4081 ) ;
#3873 = DIRECTION ( 'NONE',  ( -0.000000000000000000, 0.000000000000000000, 1.000000000000000000 ) ) ;
#3874 = VECTOR ( 'NONE', #1894, 1000.000000000000000 ) ;
#3875 = EDGE_LOOP ( 'NONE', ( #1875, #2842 ) ) ;
#3876 = B_SPLINE_CURVE_WITH_KNOTS ( 'NONE', 3,
 ( #1653, #2163, #693, #3730 ),
 .UNSPECIFIED., .F., .F.,
 ( 4, 4 ),
 ( 0.000000000000000000, 1.000000000000000000 ),
 .UNSPECIFIED. ) ;
#3877 = CARTESIAN_POINT ( 'NONE',  ( -4.999999473734362709, 17.49999999999998934, 0.7499999985999999952 ) ) ;
#3878 = CARTESIAN_POINT ( 'NONE',  ( 14.73831208907702539, -19.25300335209772484, -0.7499999986000001062 ) ) ;
#3879 = DIRECTION ( 'NONE',  ( 0.000000000000000000, 1.000000000000000000, 0.000000000000000000 ) ) ;
#3880 = AXIS2_PLACEMENT_3D ( 'NONE', #3277, #55, #3896 ) ;
#3881 = AXIS2_PLACEMENT_3D ( 'NONE', #1093, #462, #1446 ) ;
#3882 = LINE ( 'NONE', #3534, #1034 ) ;
#3883 = ORIENTED_EDGE ( 'NONE', *, *, #1424, .T. ) ;
#3884 = DIRECTION ( 'NONE',  ( -1.000000000000000000, 0.000000000000000000, 0.000000000000000000 ) ) ;
#3885 = FACE_OUTER_BOUND ( 'NONE', #150, .T. ) ;
#3886 = ORIENTED_EDGE ( 'NONE', *, *, #1168, .T. ) ;
#3887 = PLANE ( 'NONE',  #875 ) ;
#3888 = DIRECTION ( 'NONE',  ( 1.000000000000000000, 0.000000000000000000, 0.000000000000000000 ) ) ;
#3889 = CARTESIAN_POINT ( 'NONE',  ( 14.73807950927820265, -19.25290872349152949, 0.7499999986000003283 ) ) ;
#3890 = EDGE_LOOP ( 'NONE', ( #2905, #1325, #1011, #217, #2857 ) ) ;
#3891 = EDGE_LOOP ( 'NONE', ( #941, #108, #381, #685 ) ) ;
#3892 = EDGE_CURVE ( 'NONE', #3292, #1115, #850, .T. ) ;
#3893 = LINE ( 'NONE', #2682, #434 ) ;
#3894 = DIRECTION ( 'NONE',  ( -1.000000000000000000, 0.000000000000000000, 0.000000000000000000 ) ) ;
#3895 = EDGE_LOOP ( 'NONE', ( #2309, #4000, #2484, #2317 ) ) ;
#3896 = DIRECTION ( 'NONE',  ( -1.000000000000000000, 0.000000000000000000, 0.000000000000000000 ) ) ;
#3897 = CARTESIAN_POINT ( 'NONE',  ( 27.29887417536158623, -1.361971738969014467, -0.2499999973745150039 ) ) ;
#3898 = DIRECTION ( 'NONE',  ( -1.000000000000000000, -6.938893903907229167E-15, -1.815852001253527964E-11 ) ) ;
#3899 = EDGE_CURVE ( 'NONE', #197, #932, #2782, .T. ) ;
#3900 = DIRECTION ( 'NONE',  ( -1.815852218230840173E-11, -1.048382767004165731E-11, 1.000000000000000000 ) ) ;
#3901 = ORIENTED_EDGE ( 'NONE', *, *, #2764, .F. ) ;
#3902 = FACE_OUTER_BOUND ( 'NONE', #3862, .T. ) ;
#3903 = CARTESIAN_POINT ( 'NONE',  ( -23.00000010647740112, -18.50000000521653831, -0.7499999966976401700 ) ) ;
#3904 = EDGE_LOOP ( 'NONE', ( #2105, #3224, #612, #91 ) ) ;
#3905 = VECTOR ( 'NONE', #3185, 1000.000000000000000 ) ;
#3906 = DIRECTION ( 'NONE',  ( -1.000000000000000000, 0.000000000000000000, 0.000000000000000000 ) ) ;
#3907 = CIRCLE ( 'NONE', #2532, 1.500000000000001332 ) ;
#3908 = DIRECTION ( 'NONE',  ( 0.000000000000000000, 0.000000000000000000, -1.000000000000000000 ) ) ;
#3909 = CARTESIAN_POINT ( 'NONE',  ( 16.99999975394808516, -20.27217987337501270, 0.7499999992093799861 ) ) ;
#3910 = ORIENTED_EDGE ( 'NONE', *, *, #3548, .F. ) ;
#3911 = ORIENTED_EDGE ( 'NONE', *, *, #2710, .F. ) ;
#3912 = AXIS2_PLACEMENT_3D ( 'NONE', #3137, #293, #3894 ) ;
#3913 = VECTOR ( 'NONE', #3020, 1000.000000000000000 ) ;
#3914 = ORIENTED_EDGE ( 'NONE', *, *, #3255, .F. ) ;
#3915 = PERSON_AND_ORGANIZATION_ROLE ( 'design_owner' ) ;
#3916 = CARTESIAN_POINT ( 'NONE',  ( -23.00000010694391861, 18.50000000544996226, 0.7499999976310041117 ) ) ;
#3917 = VERTEX_POINT ( 'NONE', #2478 ) ;
#3918 = DIRECTION ( 'NONE',  ( 0.000000000000000000, 0.000000000000000000, -1.000000000000000000 ) ) ;
#3919 = CARTESIAN_POINT ( 'NONE',  ( 31.79245333807038421, -10.18111713264763907, 0.7499999986000001062 ) ) ;
#3920 = DIRECTION ( 'NONE',  ( 0.000000000000000000, 0.000000000000000000, -1.000000000000000000 ) ) ;
#3921 = EDGE_CURVE ( 'NONE', #4037, #2899, #1826, .T. ) ;
#3922 = DIRECTION ( 'NONE',  ( -1.815852218230854713E-11, 1.048382767004157330E-11, 1.000000000000000000 ) ) ;
#3923 = DIRECTION ( 'NONE',  ( 0.4539905073389040036, -0.8910065203163020087, 0.000000000000000000 ) ) ;
#3924 = ADVANCED_FACE ( 'NONE', ( #2097 ), #3362, .F. ) ;
#3925 = DIRECTION ( 'NONE',  ( 0.5000000000000041078, -0.8660254037844363761, 0.000000000000000000 ) ) ;
#3926 = VERTEX_POINT ( 'NONE', #203 ) ;
#3927 = CYLINDRICAL_SURFACE ( 'NONE', #180, 1.150000000000012124 ) ;
#3928 = PLANE ( 'NONE',  #2100 ) ;
#3929 = CARTESIAN_POINT ( 'NONE',  ( -33.00000011379736264, -36.37306621146937857, 0.4499999976194335449 ) ) ;
#3930 = ORIENTED_EDGE ( 'NONE', *, *, #1648, .T. ) ;
#3931 = VERTEX_POINT ( 'NONE', #3996 ) ;
#3932 = ORIENTED_EDGE ( 'NONE', *, *, #2217, .F. ) ;
#3933 = PERSON_AND_ORGANIZATION ( #3354, #1964 ) ;
#3934 = CARTESIAN_POINT ( 'NONE',  ( -3.999999473734361377, -37.00000000000003553, 0.7499999985999999952 ) ) ;
#3935 = CARTESIAN_POINT ( 'NONE',  ( -2.499999473734360045, -37.00000000000003553, 0.4499999986000000618 ) ) ;
#3936 = CARTESIAN_POINT ( 'NONE',  ( -16.49999978987540317, 18.50000001438345620, -0.7499999964333183833 ) ) ;
#3937 = EDGE_CURVE ( 'NONE', #3686, #2461, #1165, .T. ) ;
#3938 = ORIENTED_EDGE ( 'NONE', *, *, #1721, .T. ) ;
#3939 = CARTESIAN_POINT ( 'NONE',  ( -18.33198189024218294, -29.45192403733262765, -0.7499999985999999952 ) ) ;
#3940 = VECTOR ( 'NONE', #2579, 1000.000000000000114 ) ;
#3941 = CARTESIAN_POINT ( 'NONE',  ( -21.92092921436361763, 35.66816314839849156, -0.7588613172982333621 ) ) ;
#3942 = ORIENTED_EDGE ( 'NONE', *, *, #2886, .F. ) ;
#3943 = LINE ( 'NONE', #2021, #340 ) ;
#3944 = ADVANCED_FACE ( 'NONE', ( #1311 ), #662, .F. ) ;
#3945 = AXIS2_PLACEMENT_3D ( 'NONE', #2876, #25, #1302 ) ;
#3946 = DIRECTION ( 'NONE',  ( -0.000000000000000000, 0.000000000000000000, 1.000000000000000000 ) ) ;
#3947 = DIRECTION ( 'NONE',  ( -0.000000000000000000, -0.000000000000000000, 1.000000000000000000 ) ) ;
#3948 = ORIENTED_EDGE ( 'NONE', *, *, #4053, .F. ) ;
#3949 = ORIENTED_EDGE ( 'NONE', *, *, #1189, .F. ) ;
#3950 = EDGE_CURVE ( 'NONE', #1430, #3431, #598, .T. ) ;
#3951 = ORIENTED_EDGE ( 'NONE', *, *, #3219, .T. ) ;
#3952 = AXIS2_PLACEMENT_3D ( 'NONE', #2041, #1110, #2378 ) ;
#3953 = DIRECTION ( 'NONE',  ( 0.000000000000000000, 0.000000000000000000, -1.000000000000000000 ) ) ;
#3954 = FACE_OUTER_BOUND ( 'NONE', #2977, .T. ) ;
#3955 = CARTESIAN_POINT ( 'NONE',  ( 44.15000000002297753, -2.775557561562891351E-14, 0.4499999986000000618 ) ) ;
#3956 = DIRECTION ( 'NONE',  ( 1.000000000000000000, 0.000000000000000000, 0.000000000000000000 ) ) ;
#3957 = B_SPLINE_CURVE_WITH_KNOTS ( 'NONE', 3,
 ( #2459, #1217, #2396, #3433 ),
 .UNSPECIFIED., .F., .F.,
 ( 4, 4 ),
 ( 0.000000000000000000, 1.000000000000000000 ),
 .UNSPECIFIED. ) ;
#3958 = ORIENTED_EDGE ( 'NONE', *, *, #990, .F. ) ;
#3959 = ORIENTED_EDGE ( 'NONE', *, *, #1060, .F. ) ;
#3960 = DIRECTION ( 'NONE',  ( 0.000000000000000000, 0.000000000000000000, -1.000000000000000000 ) ) ;
#3961 = CARTESIAN_POINT ( 'NONE',  ( 31.61201176647959699, -9.826980619188047328, -0.7499999979345822743 ) ) ;
#3962 = ORIENTED_EDGE ( 'NONE', *, *, #2571, .F. ) ;
#3963 = CARTESIAN_POINT ( 'NONE',  ( -22.07500000001100204, -38.23502157710298377, -0.7588613172965675835 ) ) ;
#3964 = CARTESIAN_POINT ( 'NONE',  ( 16.62649564440559047, 20.25971895687106183, 0.7499999986000001062 ) ) ;
#3965 = CARTESIAN_POINT ( 'NONE',  ( -23.07092921438505684, -37.66002157711567833, 0.4499999977862447764 ) ) ;
#3966 = DIRECTION ( 'NONE',  ( 0.000000000000000000, 0.000000000000000000, -1.000000000000000000 ) ) ;
#3967 = ORIENTED_EDGE ( 'NONE', *, *, #2571, .T. ) ;
#3968 = CIRCLE ( 'NONE', #2052, 1.500000000000001332 ) ;
#3969 = CARTESIAN_POINT ( 'NONE',  ( 15.43250406672358466, 19.83009289686699006, -0.7499999978499718445 ) ) ;
#3970 = EDGE_LOOP ( 'NONE', ( #1967, #1219, #155, #1702 ) ) ;
#3971 = CIRCLE ( 'NONE', #395, 1.150000000000010347 ) ;
#3972 = EDGE_CURVE ( 'NONE', #3867, #2810, #1605, .T. ) ;
#3973 = CARTESIAN_POINT ( 'NONE',  ( -13.49999979727489752, -5.166666667399538504, -0.7499999985999999952 ) ) ;
#3974 = EDGE_CURVE ( 'NONE', #811, #675, #330, .T. ) ;
#3975 = CIRCLE ( 'NONE', #1278, 6.999999999999999112 ) ;
#3976 = CARTESIAN_POINT ( 'NONE',  ( -4.093854296674914295, 43.49999999499998182, 0.2500000047516419133 ) ) ;
#3977 = CYLINDRICAL_SURFACE ( 'NONE', #2201, 1.150000000000012124 ) ;
#3978 = CARTESIAN_POINT ( 'NONE',  ( 1.562999941355613931, 41.15685426039444650, -0.7500000023161716989 ) ) ;
#3979 = EDGE_LOOP ( 'NONE', ( #1843, #2155, #3475, #710 ) ) ;
#3980 = DIRECTION ( 'NONE',  ( -0.000000000000000000, 0.000000000000000000, 1.000000000000000000 ) ) ;
#3981 = DIRECTION ( 'NONE',  ( 0.000000000000000000, 0.000000000000000000, -1.000000000000000000 ) ) ;
#3982 = ORIENTED_EDGE ( 'NONE', *, *, #2313, .F. ) ;
#3983 = FACE_OUTER_BOUND ( 'NONE', #189, .T. ) ;
#3984 = CARTESIAN_POINT ( 'NONE',  ( 18.36197127827959719, 19.94519195976945980, 0.7499999990333441335 ) ) ;
#3985 = CARTESIAN_POINT ( 'NONE',  ( -33.00000011423342983, -32.33161453644675731, -0.7499999985999999952 ) ) ;
#3986 = CARTESIAN_POINT ( 'NONE',  ( 43.11947573885158391, 15.05938009376195375, 0.7499999985999979968 ) ) ;
#3987 = VERTEX_POINT ( 'NONE', #3469 ) ;
#3988 = EDGE_CURVE ( 'NONE', #1710, #3413, #3064, .T. ) ;
#3989 = CARTESIAN_POINT ( 'NONE',  ( -13.58399255795811378, -39.49999999641654114, -0.7499999985999999952 ) ) ;
#3990 = ORIENTED_EDGE ( 'NONE', *, *, #3800, .F. ) ;
#3991 = ORIENTED_EDGE ( 'NONE', *, *, #3726, .F. ) ;
#3992 = EDGE_CURVE ( 'NONE', #3501, #4025, #366, .T. ) ;
#3993 = B_SPLINE_CURVE_WITH_KNOTS ( 'NONE', 3,
 ( #2267, #1560, #2884, #4084 ),
 .UNSPECIFIED., .F., .F.,
 ( 4, 4 ),
 ( 0.000000000000000000, 1.000000000000000000 ),
 .UNSPECIFIED. ) ;
#3994 = CYLINDRICAL_SURFACE ( 'NONE', #3521, 1.500000000000001332 ) ;
#3995 = EDGE_CURVE ( 'NONE', #1517, #483, #1720, .T. ) ;
#3996 = CARTESIAN_POINT ( 'NONE',  ( 18.36197127527361417, 19.94519195835098202, -0.7499999981624789758 ) ) ;
#3997 = CARTESIAN_POINT ( 'NONE',  ( -26.00000009850941751, 15.50000001339998867, 0.7499999977521281114 ) ) ;
#3998 = CARTESIAN_POINT ( 'NONE',  ( -27.46410218647468682, 39.56922037120580171, 0.7499999976864568652 ) ) ;
#3999 = B_SPLINE_CURVE_WITH_KNOTS ( 'NONE', 3,
 ( #3107, #3659, #2152, #1134 ),
 .UNSPECIFIED., .F., .F.,
 ( 4, 4 ),
 ( 0.000000000000000000, 1.000000000000000000 ),
 .UNSPECIFIED. ) ;
#4000 = ORIENTED_EDGE ( 'NONE', *, *, #3921, .T. ) ;
#4001 = EDGE_LOOP ( 'NONE', ( #3664, #4036, #94, #1885 ) ) ;
#4002 = CARTESIAN_POINT ( 'NONE',  ( -27.46410137528668116, -39.56921896518753101, 48.47984059522806177 ) ) ;
#4003 = DIRECTION ( 'NONE',  ( -1.815852218230854713E-11, 1.048382767004157330E-11, 1.000000000000000000 ) ) ;
#4004 = ORIENTED_EDGE ( 'NONE', *, *, #1035, .T. ) ;
#4005 = CARTESIAN_POINT ( 'NONE',  ( -21.92092921436361763, 35.66816314839849156, -0.7588613172982333621 ) ) ;
#4006 = CIRCLE ( 'NONE', #3349, 1.499999999999998890 ) ;
#4007 = DIRECTION ( 'NONE',  ( -0.000000000000000000, 0.000000000000000000, 1.000000000000000000 ) ) ;
#4008 = CARTESIAN_POINT ( 'NONE',  ( 12.56294459881410219, 31.05566260747347229, 0.7500000019478850755 ) ) ;
#4009 = CARTESIAN_POINT ( 'NONE',  ( -23.39745679298867387, 18.50000000855602877, -0.7499999986000001062 ) ) ;
#4010 = VERTEX_POINT ( 'NONE', #3811 ) ;
#4011 = CARTESIAN_POINT ( 'NONE',  ( -4.999999786874903762, 6.500000135683469793, 0.7612734287194810046 ) ) ;
#4012 = VECTOR ( 'NONE', #1157, 999.9999999999998863 ) ;
#4013 = ORIENTED_EDGE ( 'NONE', *, *, #1850, .T. ) ;
#4014 = ORIENTED_EDGE ( 'NONE', *, *, #3643, .F. ) ;
#4015 = PERSON_AND_ORGANIZATION_ROLE ( 'creator' ) ;
#4016 = CYLINDRICAL_SURFACE ( 'NONE', #2796, 5.000000000000000000 ) ;
#4017 = EDGE_CURVE ( 'NONE', #1483, #3242, #3115, .T. ) ;
#4018 = CIRCLE ( 'NONE', #1769, 1.150000000000011235 ) ;
#4019 = DIRECTION ( 'NONE',  ( -1.000000000000000000, 0.000000000000000000, -0.000000000000000000 ) ) ;
#4020 = DIRECTION ( 'NONE',  ( 0.000000000000000000, 0.000000000000000000, -1.000000000000000000 ) ) ;
#4021 = CARTESIAN_POINT ( 'NONE',  ( 47.99999978896360631, 9.825658719101127758, 0.7499999985999979968 ) ) ;
#4022 = ORIENTED_EDGE ( 'NONE', *, *, #2118, .F. ) ;
#4023 = PLANE ( 'NONE',  #1825 ) ;
#4024 = CARTESIAN_POINT ( 'NONE',  ( 38.87264290990458449, 19.61355081871946027, -0.7499999990383470205 ) ) ;
#4025 = VERTEX_POINT ( 'NONE', #3792 ) ;
#4026 = EDGE_CURVE ( 'NONE', #1280, #2088, #2828, .T. ) ;
#4027 = CARTESIAN_POINT ( 'NONE',  ( 13.99999975953558717, 17.27217238979997305, 0.7499999989791741317 ) ) ;
#4028 = EDGE_CURVE ( 'NONE', #2276, #3293, #954, .T. ) ;
#4029 = APPLICATION_CONTEXT ( 'configuration controlled 3d designs of mechanical parts and assemblies' ) ;
#4030 = B_SPLINE_CURVE_WITH_KNOTS ( 'NONE', 3,
 ( #3681, #4009, #888, #1839, #2446, #2154, #2109, #2489, #543, #1513 ),
 .UNSPECIFIED., .F., .F.,
 ( 4, 2, 2, 2, 4 ),
 ( 0.000000000000000000, 0.2500000000000000000, 0.5000000000000000000, 0.7500000000000000000, 1.000000000000000000 ),
 .UNSPECIFIED. ) ;
#4031 = CARTESIAN_POINT ( 'NONE',  ( 15.43250407047858097, 19.83009289776799378, 0.7499999992500141488 ) ) ;
#4032 = DIRECTION ( 'NONE',  ( 1.000000000000000000, 0.000000000000000000, 0.000000000000000000 ) ) ;
#4033 = LINE ( 'NONE', #3722, #2323 ) ;
#4034 = VERTEX_POINT ( 'NONE', #2520 ) ;
#4035 = CARTESIAN_POINT ( 'NONE',  ( -23.00000010127489958, 18.50000000779997222, -0.2499999995333329339 ) ) ;
#4036 = ORIENTED_EDGE ( 'NONE', *, *, #3012, .T. ) ;
#4037 = VERTEX_POINT ( 'NONE', #313 ) ;
#4038 = CARTESIAN_POINT ( 'NONE',  ( 30.65510023051534816, 13.68152978096052941, 0.7499999985999999952 ) ) ;
#4039 = AXIS2_PLACEMENT_3D ( 'NONE', #2295, #1087, #3265 ) ;
#4040 = DIRECTION ( 'NONE',  ( -0.7344557743279519491, -0.6786565519880645159, 0.000000000000000000 ) ) ;
#4041 = DIRECTION ( 'NONE',  ( -0.000000000000000000, 0.000000000000000000, 1.000000000000000000 ) ) ;
#4042 = CARTESIAN_POINT ( 'NONE',  ( 27.29887419091259204, -1.361971726116018022, 0.7499999983955221161 ) ) ;
#4043 = VECTOR ( 'NONE', #684, 1000.000000000000000 ) ;
#4044 = ORIENTED_EDGE ( 'NONE', *, *, #2216, .T. ) ;
#4045 = ORIENTED_EDGE ( 'NONE', *, *, #2282, .T. ) ;
#4046 = LINE ( 'NONE', #4002, #2627 ) ;
#4047 = FACE_OUTER_BOUND ( 'NONE', #1050, .T. ) ;
#4048 = EDGE_LOOP ( 'NONE', ( #1673, #2120, #2681, #692, #3234, #185, #992, #2340 ) ) ;
#4049 = EDGE_CURVE ( 'NONE', #3413, #2363, #2476, .T. ) ;
#4050 = CARTESIAN_POINT ( 'NONE',  ( 5.000000526265646172, 17.49999999999998934, 0.4499999986000000618 ) ) ;
#4051 = ADVANCED_FACE ( 'NONE', ( #2224 ), #2807, .T. ) ;
#4052 = CARTESIAN_POINT ( 'NONE',  ( -1.749999473734359379, -37.00000000000003553, 0.7499999985999999952 ) ) ;
#4053 = EDGE_CURVE ( 'NONE', #2383, #1609, #3993, .T. ) ;
#4054 = PLANE ( 'NONE',  #2032 ) ;
#4055 = LINE ( 'NONE', #3109, #1595 ) ;
#4056 = ORIENTED_EDGE ( 'NONE', *, *, #2542, .T. ) ;
#4057 = CYLINDRICAL_SURFACE ( 'NONE', #3203, 8.000000002000049903 ) ;
#4058 = EDGE_LOOP ( 'NONE', ( #4097, #2029 ) ) ;
#4059 = ORIENTED_EDGE ( 'NONE', *, *, #1503, .T. ) ;
#4060 = PLANE ( 'NONE',  #1064 ) ;
#4061 = CARTESIAN_POINT ( 'NONE',  ( -13.58399255795811378, -46.49999999641654824, 48.47984059516105049 ) ) ;
#4062 = DIRECTION ( 'NONE',  ( 0.8660254037844432595, -0.4999999999999919509, 0.000000000000000000 ) ) ;
#4063 = DIRECTION ( 'NONE',  ( -1.000000000000000000, 0.000000000000000000, 0.000000000000000000 ) ) ;
#4064 = B_SPLINE_CURVE_WITH_KNOTS ( 'NONE', 3,
 ( #1630, #1286, #2219, #3535 ),
 .UNSPECIFIED., .F., .F.,
 ( 4, 4 ),
 ( 0.000000000000000000, 1.000000000000000000 ),
 .UNSPECIFIED. ) ;
#4065 = ORIENTED_EDGE ( 'NONE', *, *, #2534, .F. ) ;
#4066 = CARTESIAN_POINT ( 'NONE',  ( 5.999999417025114745, 1.149999999999984368, -0.7499999985999999952 ) ) ;
#4067 = CC_DESIGN_SECURITY_CLASSIFICATION ( #130, ( #2298 ) ) ;
#4068 = CARTESIAN_POINT ( 'NONE',  ( -19.41506342725096701, 28.62787628813931562, 0.7499999985999999952 ) ) ;
#4069 = VERTEX_POINT ( 'NONE', #1582 ) ;
#4070 = LINE ( 'NONE', #925, #576 ) ;
#4071 = VECTOR ( 'NONE', #3946, 1000.000000000000000 ) ;
#4072 = EDGE_CURVE ( 'NONE', #2346, #2810, #104, .T. ) ;
#4073 = EDGE_CURVE ( 'NONE', #2690, #1926, #918, .T. ) ;
#4074 = DIRECTION ( 'NONE',  ( 1.451804941606909900E-08, -0.9999999999999998890, 0.000000000000000000 ) ) ;
#4075 = PLANE ( 'NONE',  #3100 ) ;
#4076 = CARTESIAN_POINT ( 'NONE',  ( -23.00000010127489958, 18.50000000779997222, -0.7499999968165377284 ) ) ;
#4077 = ORIENTED_EDGE ( 'NONE', *, *, #2467, .T. ) ;
#4078 = VECTOR ( 'NONE', #729, 1000.000000000000000 ) ;
#4079 = ORIENTED_EDGE ( 'NONE', *, *, #2956, .T. ) ;
#4080 = ORIENTED_EDGE ( 'NONE', *, *, #142, .T. ) ;
#4081 = LOCAL_TIME ( 12, 55, 46.00000000000000000, #2618 ) ;
#4082 = CARTESIAN_POINT ( 'NONE',  ( -16.75000000001120171, -31.60992723815839156, -0.7499999985999999952 ) ) ;
#4083 = ADVANCED_FACE ( 'NONE', ( #3446, #2208, #2926, #3273, #1080, #2326, #52, #1372 ), #2307, .T. ) ;
#4084 = CARTESIAN_POINT ( 'NONE',  ( 11.35350119170808192, -41.37564620178454788, -0.7499999985999999952 ) ) ;
#4085 = CARTESIAN_POINT ( 'NONE',  ( -26.00000009567490622, 15.50000001339998867, -0.2499999964553750176 ) ) ;
#4086 = CARTESIAN_POINT ( 'NONE',  ( 27.29887419312959551, -1.361971729671007658, -0.7499999974329573105 ) ) ;
#4087 = ORIENTED_EDGE ( 'NONE', *, *, #68, .T. ) ;
#4088 = LINE ( 'NONE', #3141, #3874 ) ;
#4089 = CARTESIAN_POINT ( 'NONE',  ( 35.00000000002298606, -2.775557561562891351E-14, 0.4499999986000000618 ) ) ;
#4090 = DIRECTION ( 'NONE',  ( 0.000000000000000000, -1.000000000000000000, 0.000000000000000000 ) ) ;
#4091 = FACE_BOUND ( 'NONE', #594, .T. ) ;
#4092 = CARTESIAN_POINT ( 'NONE',  ( 13.99999976192509088, 17.27217238979997305, -0.2499999982082989902 ) ) ;
#4093 = FACE_OUTER_BOUND ( 'NONE', #695, .T. ) ;
#4094 = EDGE_LOOP ( 'NONE', ( #3790, #2615, #3942, #210, #815 ) ) ;
#4095 = CARTESIAN_POINT ( 'NONE',  ( 9.999999676258614301, -8.666666468556517344, -0.7499999985999999952 ) ) ;
#4096 = ORIENTED_EDGE ( 'NONE', *, *, #3125, .F. ) ;
#4097 = ORIENTED_EDGE ( 'NONE', *, *, #3426, .F. ) ;
#4098 = CARTESIAN_POINT ( 'NONE',  ( 31.61201176237207733, 9.826980241574966968, 0.7499999975234761251 ) ) ;
#4099 = ADVANCED_FACE ( 'NONE', ( #1676 ), #408, .F. ) ;
#4100 = EDGE_CURVE ( 'NONE', #1737, #3058, #3893, .T. ) ;
#4101 = DIRECTION ( 'NONE',  ( 1.000000000000000000, 0.000000000000000000, 0.000000000000000000 ) ) ;
#4102 = CYLINDRICAL_SURFACE ( 'NONE', #1662, 1.150000000000012124 ) ;
#4103 = DIRECTION ( 'NONE',  ( 1.000000000000000000, 0.000000000000000000, 0.000000000000000000 ) ) ;
#4104 = AXIS2_PLACEMENT_3D ( 'NONE', #1507, #2707, #1834 ) ;
ENDSEC;
END-ISO-10303-21;
