ISO-10303-21;
HEADER;
FILE_DESCRIPTION (( 'STEP AP203' ),
    '1' );
FILE_NAME ('PEN-HV-PPC.STEP',
    '2025-01-21T11:49:41',
    ( '' ),
    ( '' ),
    'SwSTEP 2.0',
    'SolidWorks 2024',
    '' );
FILE_SCHEMA (( 'CONFIG_CONTROL_DESIGN' ));
ENDSEC;

DATA;
#1 = ORIENTED_EDGE ( 'NONE', *, *, #424, .T. ) ;
#2 = VERTEX_POINT ( 'NONE', #1944 ) ;
#3 = VECTOR ( 'NONE', #2049, 1000.000000000000114 ) ;
#4 = FACE_OUTER_BOUND ( 'NONE', #1264, .T. ) ;
#5 = FACE_OUTER_BOUND ( 'NONE', #1611, .T. ) ;
#6 = EDGE_CURVE ( 'NONE', #910, #2658, #1309, .T. ) ;
#7 = ORIENTED_EDGE ( 'NONE', *, *, #918, .T. ) ;
#8 = VECTOR ( 'NONE', #1882, 1000.000000000000000 ) ;
#9 = CARTESIAN_POINT ( 'NONE',  ( 3.499999238582336414, -26.00000010751387336, -0.7499999999999998890 ) ) ;
#10 = CARTESIAN_POINT ( 'NONE',  ( -24.58808720943517656, 22.28641560063425686, 0.7499999999999998890 ) ) ;
#11 = PERSON_AND_ORGANIZATION ( #1885, #839 ) ;
#12 = VECTOR ( 'NONE', #1489, 1000.000000000000114 ) ;
#13 = CARTESIAN_POINT ( 'NONE',  ( 4.749999149041864932, -27.70096201676062364, 0.7499999999999998890 ) ) ;
#14 = CIRCLE ( 'NONE', #1992, 39.79999999999971294 ) ;
#15 = LINE ( 'NONE', #1375, #1016 ) ;
#16 = VERTEX_POINT ( 'NONE', #198 ) ;
#17 = VECTOR ( 'NONE', #2019, 999.9999999999998863 ) ;
#18 = ORIENTED_EDGE ( 'NONE', *, *, #972, .F. ) ;
#19 = ORIENTED_EDGE ( 'NONE', *, *, #2798, .F. ) ;
#20 = EDGE_CURVE ( 'NONE', #1434, #808, #1695, .T. ) ;
#21 = LINE ( 'NONE', #416, #1041 ) ;
#22 = CARTESIAN_POINT ( 'NONE',  ( -20.90063468275337399, 13.79903872949444121, -0.7499999999999998890 ) ) ;
#23 = ORIENTED_EDGE ( 'NONE', *, *, #32, .T. ) ;
#24 = FACE_OUTER_BOUND ( 'NONE', #1396, .T. ) ;
#25 = DIRECTION ( 'NONE',  ( 0.5000000000000027756, 0.8660254037844370423, 0.000000000000000000 ) ) ;
#26 = CARTESIAN_POINT ( 'NONE',  ( -22.90199450624537292, -25.27323197206282757, 0.7499999999999998890 ) ) ;
#27 = DIRECTION ( 'NONE',  ( -0.5000000000000026645, -0.8660254037844372643, 0.000000000000000000 ) ) ;
#28 = ORIENTED_EDGE ( 'NONE', *, *, #2522, .F. ) ;
#29 = LOCAL_TIME ( 12, 49, 41.00000000000000000, #2637 ) ;
#30 = EDGE_CURVE ( 'NONE', #443, #2618, #847, .T. ) ;
#31 = ORIENTED_EDGE ( 'NONE', *, *, #20, .T. ) ;
#32 = EDGE_CURVE ( 'NONE', #2753, #1833, #2326, .T. ) ;
#33 = AXIS2_PLACEMENT_3D ( 'NONE', #2255, #882, #1766 ) ;
#34 = DIRECTION ( 'NONE',  ( -0.04108084440442504037, 0.9991558257964667789, 0.000000000000000000 ) ) ;
#35 = DIRECTION ( 'NONE',  ( 0.8660254187078559873, 0.4999999741518821317, 0.000000000000000000 ) ) ;
#36 = VERTEX_POINT ( 'NONE', #1680 ) ;
#37 = ADVANCED_FACE ( 'NONE', ( #2623 ), #628, .F. ) ;
#38 = DIRECTION ( 'NONE',  ( 0.000000000000000000, 0.000000000000000000, 1.000000000000000000 ) ) ;
#39 = PLANE ( 'NONE',  #2408 ) ;
#40 = SHAPE_DEFINITION_REPRESENTATION ( #2807, #2196 ) ;
#41 = LINE ( 'NONE', #2028, #430 ) ;
#42 = DIRECTION ( 'NONE',  ( 0.000000000000000000, -0.000000000000000000, -1.000000000000000000 ) ) ;
#43 = ORIENTED_EDGE ( 'NONE', *, *, #2267, .T. ) ;
#44 = ORIENTED_EDGE ( 'NONE', *, *, #1678, .F. ) ;
#45 = DIRECTION ( 'NONE',  ( 0.5000000000000043299, 0.8660254037844360431, 0.000000000000000000 ) ) ;
#46 = CARTESIAN_POINT ( 'NONE',  ( -22.90063478614582593, 10.33493717405034396, -11.93034015445707574 ) ) ;
#47 = ORIENTED_EDGE ( 'NONE', *, *, #2725, .F. ) ;
#48 = DIRECTION ( 'NONE',  ( -2.984684027707017910E-08, -0.9999999999999995559, 0.000000000000000000 ) ) ;
#49 = DIRECTION ( 'NONE',  ( 0.000000000000000000, -0.000000000000000000, -1.000000000000000000 ) ) ;
#50 = DIRECTION ( 'NONE',  ( 0.5000000000000036637, 0.8660254037844364872, 0.000000000000000000 ) ) ;
#51 = CARTESIAN_POINT ( 'NONE',  ( -25.97164796796046460, -23.98792713568136747, 0.7499999999999998890 ) ) ;
#52 = VECTOR ( 'NONE', #1854, 1000.000000000000000 ) ;
#53 = AXIS2_PLACEMENT_3D ( 'NONE', #2011, #2459, #2024 ) ;
#54 = ORIENTED_EDGE ( 'NONE', *, *, #467, .T. ) ;
#55 = ORIENTED_EDGE ( 'NONE', *, *, #1134, .F. ) ;
#56 = DIRECTION ( 'NONE',  ( -0.5000000000000033307, -0.8660254037844365982, 0.000000000000000000 ) ) ;
#57 = FACE_BOUND ( 'NONE', #1045, .T. ) ;
#58 = ORIENTED_EDGE ( 'NONE', *, *, #378, .T. ) ;
#59 = CARTESIAN_POINT ( 'NONE',  ( 2.499999268429179189, -25.00000007766703547, 0.7499999999999998890 ) ) ;
#60 = DIRECTION ( 'NONE',  ( 0.000000000000000000, -0.000000000000000000, -1.000000000000000000 ) ) ;
#61 = EDGE_CURVE ( 'NONE', #1038, #2618, #2785, .T. ) ;
#62 = APPROVAL_DATE_TIME ( #240, #1123 ) ;
#63 = AXIS2_PLACEMENT_3D ( 'NONE', #2838, #184, #411 ) ;
#64 = DIRECTION ( 'NONE',  ( 0.000000000000000000, 0.000000000000000000, 1.000000000000000000 ) ) ;
#65 = CARTESIAN_POINT ( 'NONE',  ( -19.61951529668721150, 27.69544620648698441, -0.7499999999999998890 ) ) ;
#66 = CARTESIAN_POINT ( 'NONE',  ( -17.72656601660451159, 28.93275796563909452, -0.7499999999999998890 ) ) ;
#67 = ORIENTED_EDGE ( 'NONE', *, *, #1790, .F. ) ;
#68 = ADVANCED_FACE ( 'NONE', ( #2569 ), #1932, .F. ) ;
#69 = ADVANCED_FACE ( 'NONE', ( #172 ), #1247, .T. ) ;
#70 = VERTEX_POINT ( 'NONE', #2796 ) ;
#71 = VECTOR ( 'NONE', #2811, 1000.000000000000000 ) ;
#72 = EDGE_CURVE ( 'NONE', #1426, #864, #2582, .T. ) ;
#73 = APPROVAL_PERSON_ORGANIZATION ( #879, #778, #1576 ) ;
#74 = CARTESIAN_POINT ( 'NONE',  ( 23.66818628806208480, 22.26268257912769499, -0.7499999999999998890 ) ) ;
#75 = CARTESIAN_POINT ( 'NONE',  ( 20.90063550646861756, 13.79903748185890144, -0.7499999999999998890 ) ) ;
#76 = ORIENTED_EDGE ( 'NONE', *, *, #2212, .F. ) ;
#77 = VECTOR ( 'NONE', #2381, 1000.000000000000000 ) ;
#78 = EDGE_CURVE ( 'NONE', #842, #1449, #386, .T. ) ;
#79 = ORIENTED_EDGE ( 'NONE', *, *, #2787, .F. ) ;
#80 = VECTOR ( 'NONE', #2664, 1000.000000000000000 ) ;
#81 = CYLINDRICAL_SURFACE ( 'NONE', #925, 1.499999999999998446 ) ;
#82 = EDGE_CURVE ( 'NONE', #914, #1843, #819, .T. ) ;
#83 = CARTESIAN_POINT ( 'NONE',  ( 7.082093173944506326, -1.818348959181917079, -0.7499999999999998890 ) ) ;
#84 = CYLINDRICAL_SURFACE ( 'NONE', #2388, 3.999999999999999112 ) ;
#85 = CARTESIAN_POINT ( 'NONE',  ( -2.500000731570821699, -24.99999992843284957, -0.7499999999999998890 ) ) ;
#86 = CARTESIAN_POINT ( 'NONE',  ( -25.27532412382966953, 11.70596479690644820, -11.93034015445707574 ) ) ;
#87 = ADVANCED_FACE ( 'NONE', ( #1495 ), #2655, .T. ) ;
#88 = ORIENTED_EDGE ( 'NONE', *, *, #383, .T. ) ;
#89 = ORIENTED_EDGE ( 'NONE', *, *, #1689, .T. ) ;
#90 = AXIS2_PLACEMENT_3D ( 'NONE', #2801, #1208, #2756 ) ;
#91 = LINE ( 'NONE', #2712, #1239 ) ;
#92 = DIRECTION ( 'NONE',  ( 0.5000000258481129833, 0.8660253888610230932, 0.000000000000000000 ) ) ;
#93 = LINE ( 'NONE', #320, #692 ) ;
#94 = CARTESIAN_POINT ( 'NONE',  ( -19.74999999999974065, 34.20800344948538907, 0.7500000000000001110 ) ) ;
#95 = CIRCLE ( 'NONE', #590, 1.499999999999998446 ) ;
#96 = CARTESIAN_POINT ( 'NONE',  ( -21.40515450758794813, 19.86382619763763557, 0.7499999999999998890 ) ) ;
#97 = CARTESIAN_POINT ( 'NONE',  ( -19.61951529668721150, 27.69544620648698441, -0.7499999999999998890 ) ) ;
#98 = DIRECTION ( 'NONE',  ( 0.9984695371899326988, 0.05530446007079042187, 0.000000000000000000 ) ) ;
#99 = VERTEX_POINT ( 'NONE', #1534 ) ;
#100 = VERTEX_POINT ( 'NONE', #26 ) ;
#101 = AXIS2_PLACEMENT_3D ( 'NONE', #1302, #858, #1981 ) ;
#102 = DIRECTION ( 'NONE',  ( 0.5000000000000017764, 0.8660254037844375974, 0.000000000000000000 ) ) ;
#103 = DIRECTION ( 'NONE',  ( 0.000000000000000000, -0.000000000000000000, -1.000000000000000000 ) ) ;
#104 = VECTOR ( 'NONE', #258, 1000.000000000000000 ) ;
#105 = ORIENTED_EDGE ( 'NONE', *, *, #776, .T. ) ;
#106 = LINE ( 'NONE', #933, #645 ) ;
#107 = CARTESIAN_POINT ( 'NONE',  ( -20.88924050203087646, 35.10501575627498738, -0.7499999999999998890 ) ) ;
#108 = EDGE_CURVE ( 'NONE', #427, #1089, #41, .T. ) ;
#109 = DIRECTION ( 'NONE',  ( 0.5000000000000031086, 0.8660254037844369313, 0.000000000000000000 ) ) ;
#110 = LINE ( 'NONE', #743, #909 ) ;
#111 = DIRECTION ( 'NONE',  ( 0.000000000000000000, 0.000000000000000000, 1.000000000000000000 ) ) ;
#112 = ORIENTED_EDGE ( 'NONE', *, *, #1213, .T. ) ;
#113 = ORIENTED_EDGE ( 'NONE', *, *, #30, .F. ) ;
#114 = CIRCLE ( 'NONE', #2246, 44.00000000000695621 ) ;
#115 = LINE ( 'NONE', #159, #1815 ) ;
#116 = LINE ( 'NONE', #2176, #1852 ) ;
#117 = EDGE_LOOP ( 'NONE', ( #173, #1960, #1149, #2647 ) ) ;
#118 = DIRECTION ( 'NONE',  ( 0.5351549677614003686, -0.8447539052767346623, 0.000000000000000000 ) ) ;
#119 = DIRECTION ( 'NONE',  ( 0.000000000000000000, 0.000000000000000000, 1.000000000000000000 ) ) ;
#120 = AXIS2_PLACEMENT_3D ( 'NONE', #502, #322, #2070 ) ;
#121 = ORIENTED_EDGE ( 'NONE', *, *, #1478, .T. ) ;
#122 = CARTESIAN_POINT ( 'NONE',  ( -19.75000000000003553, 34.20800344948535354, -0.7499999999999998890 ) ) ;
#123 = CARTESIAN_POINT ( 'NONE',  ( -17.34664499588853559, -36.97001996656128853, -0.7499999999999998890 ) ) ;
#124 = ORIENTED_EDGE ( 'NONE', *, *, #1326, .T. ) ;
#125 = EDGE_LOOP ( 'NONE', ( #2505, #2320, #2551, #955 ) ) ;
#126 = CIRCLE ( 'NONE', #1416, 4.000000000000027534 ) ;
#127 = DIRECTION ( 'NONE',  ( -0.000000000000000000, -0.000000000000000000, -1.000000000000000000 ) ) ;
#128 = LINE ( 'NONE', #581, #2275 ) ;
#129 = ORIENTED_EDGE ( 'NONE', *, *, #455, .T. ) ;
#130 = CARTESIAN_POINT ( 'NONE',  ( -17.35839507748865529, -36.96364864706367825, -0.7499999999999998890 ) ) ;
#131 = LINE ( 'NONE', #1951, #143 ) ;
#132 = ORIENTED_EDGE ( 'NONE', *, *, #805, .T. ) ;
#133 = FACE_OUTER_BOUND ( 'NONE', #1031, .T. ) ;
#134 = DIRECTION ( 'NONE',  ( 0.000000000000000000, -0.000000000000000000, -1.000000000000000000 ) ) ;
#135 = CARTESIAN_POINT ( 'NONE',  ( -19.95721519416062861, -35.64312081866062698, 0.7500000000000003331 ) ) ;
#136 = EDGE_CURVE ( 'NONE', #1281, #1712, #1333, .T. ) ;
#137 = CARTESIAN_POINT ( 'NONE',  ( -4.000000850958119969, -28.99999988366263537, 0.7499999999999998890 ) ) ;
#138 = ORIENTED_EDGE ( 'NONE', *, *, #781, .T. ) ;
#139 = CIRCLE ( 'NONE', #1753, 1.499999999999998002 ) ;
#140 = CYLINDRICAL_SURFACE ( 'NONE', #857, 44.00000000000947864 ) ;
#141 = PLANE ( 'NONE',  #2733 ) ;
#142 = ORIENTED_EDGE ( 'NONE', *, *, #1093, .F. ) ;
#143 = VECTOR ( 'NONE', #393, 1000.000000000000000 ) ;
#144 = AXIS2_PLACEMENT_3D ( 'NONE', #1738, #2642, #1535 ) ;
#145 = DIRECTION ( 'NONE',  ( 0.5000000000000036637, 0.8660254037844365982, 0.000000000000000000 ) ) ;
#146 = ADVANCED_FACE ( 'NONE', ( #440 ), #1143, .F. ) ;
#147 = DIRECTION ( 'NONE',  ( 0.000000000000000000, -0.000000000000000000, -1.000000000000000000 ) ) ;
#148 = AXIS2_PLACEMENT_3D ( 'NONE', #2243, #454, #2209 ) ;
#149 = VERTEX_POINT ( 'NONE', #2241 ) ;
#150 = EDGE_CURVE ( 'NONE', #224, #664, #2852, .T. ) ;
#151 = CARTESIAN_POINT ( 'NONE',  ( -19.74999999999031175, -34.20800344949305583, 0.7499999999999998890 ) ) ;
#152 = DIRECTION ( 'NONE',  ( 0.000000000000000000, -0.000000000000000000, -1.000000000000000000 ) ) ;
#153 = LINE ( 'NONE', #1462, #1679 ) ;
#154 = DIRECTION ( 'NONE',  ( -0.5000000000000029976, -0.8660254037844370423, 0.000000000000000000 ) ) ;
#155 = VECTOR ( 'NONE', #2790, 1000.000000000000000 ) ;
#156 = VERTEX_POINT ( 'NONE', #2208 ) ;
#157 = EDGE_CURVE ( 'NONE', #1135, #443, #251, .T. ) ;
#158 = VERTEX_POINT ( 'NONE', #2679 ) ;
#159 = CARTESIAN_POINT ( 'NONE',  ( 28.19486430068743132, 19.16506266793368951, -0.7499999999999998890 ) ) ;
#160 = ORIENTED_EDGE ( 'NONE', *, *, #326, .F. ) ;
#161 = EDGE_CURVE ( 'NONE', #2095, #36, #1363, .T. ) ;
#162 = DIRECTION ( 'NONE',  ( 0.000000000000000000, -0.000000000000000000, -1.000000000000000000 ) ) ;
#163 = LINE ( 'NONE', #1704, #1432 ) ;
#164 = ADVANCED_FACE ( 'NONE', ( #684 ), #1783, .F. ) ;
#165 = AXIS2_PLACEMENT_3D ( 'NONE', #1203, #111, #1419 ) ;
#166 = ORIENTED_EDGE ( 'NONE', *, *, #1727, .F. ) ;
#167 = EDGE_CURVE ( 'NONE', #2658, #1726, #257, .T. ) ;
#168 = DIRECTION ( 'NONE',  ( 0.000000000000000000, -0.000000000000000000, -1.000000000000000000 ) ) ;
#169 = CYLINDRICAL_SURFACE ( 'NONE', #725, 3.999999999999991118 ) ;
#170 = CARTESIAN_POINT ( 'NONE',  ( 38.77499999999995595, -1.255736835487383685, -0.7499999999999998890 ) ) ;
#171 = VECTOR ( 'NONE', #1620, 1000.000000000000000 ) ;
#172 = FACE_OUTER_BOUND ( 'NONE', #745, .T. ) ;
#173 = ORIENTED_EDGE ( 'NONE', *, *, #366, .F. ) ;
#174 = EDGE_CURVE ( 'NONE', #1610, #415, #1577, .T. ) ;
#175 = ORIENTED_EDGE ( 'NONE', *, *, #1139, .T. ) ;
#176 = CARTESIAN_POINT ( 'NONE',  ( -3.500000761417675132, -25.99999989858598681, 0.7499999999999998890 ) ) ;
#177 = ORIENTED_EDGE ( 'NONE', *, *, #494, .T. ) ;
#178 = LINE ( 'NONE', #1018, #2108 ) ;
#179 = LINE ( 'NONE', #1529, #597 ) ;
#180 = ORIENTED_EDGE ( 'NONE', *, *, #1983, .F. ) ;
#181 = CARTESIAN_POINT ( 'NONE',  ( -2.500000731570821699, -24.99999992843284957, 0.7499999999999998890 ) ) ;
#182 = DIRECTION ( 'NONE',  ( 0.5000000000000036637, 0.8660254037844364872, 0.000000000000000000 ) ) ;
#183 = DIRECTION ( 'NONE',  ( -0.5000000000000027756, -0.8660254037844370423, 0.000000000000000000 ) ) ;
#184 = DIRECTION ( 'NONE',  ( 0.000000000000000000, -0.000000000000000000, -1.000000000000000000 ) ) ;
#185 = ORIENTED_EDGE ( 'NONE', *, *, #735, .T. ) ;
#186 = ORIENTED_EDGE ( 'NONE', *, *, #2715, .T. ) ;
#187 = VERTEX_POINT ( 'NONE', #2640 ) ;
#188 = CARTESIAN_POINT ( 'NONE',  ( 1.499999298275970228, -24.00000004782022245, 0.7499999999999998890 ) ) ;
#189 = CARTESIAN_POINT ( 'NONE',  ( 27.90515535730719776, 8.605494476683407612, -0.7499999999999998890 ) ) ;
#190 = CIRCLE ( 'NONE', #1150, 15.00000000000000355 ) ;
#191 = AXIS2_PLACEMENT_3D ( 'NONE', #1137, #461, #1570 ) ;
#192 = ORIENTED_EDGE ( 'NONE', *, *, #1387, .T. ) ;
#193 = DIRECTION ( 'NONE',  ( -0.5000000000000031086, -0.8660254037844369313, 0.000000000000000000 ) ) ;
#194 = FACE_OUTER_BOUND ( 'NONE', #2088, .T. ) ;
#195 = CC_DESIGN_DATE_AND_TIME_ASSIGNMENT ( #255, #1129, ( #1451 ) ) ;
#196 = CARTESIAN_POINT ( 'NONE',  ( 3.659859958496401859E-17, 6.339063396702642258E-17, -0.0007499999999999999072 ) ) ;
#197 = EDGE_CURVE ( 'NONE', #1253, #2095, #836, .T. ) ;
#198 = CARTESIAN_POINT ( 'NONE',  ( -15.78440044350896621, -34.73147279686225630, -0.7499999999999998890 ) ) ;
#199 = DIRECTION ( 'NONE',  ( -0.8380645661306751482, -0.5455710613624985550, 0.000000000000000000 ) ) ;
#200 = ORIENTED_EDGE ( 'NONE', *, *, #2674, .F. ) ;
#201 = ORIENTED_EDGE ( 'NONE', *, *, #1484, .T. ) ;
#202 = ORIENTED_EDGE ( 'NONE', *, *, #816, .T. ) ;
#203 = AXIS2_PLACEMENT_3D ( 'NONE', #834, #2355, #369 ) ;
#204 = VECTOR ( 'NONE', #2136, 1000.000000000000114 ) ;
#205 = DIRECTION ( 'NONE',  ( 0.000000000000000000, -0.000000000000000000, -1.000000000000000000 ) ) ;
#206 = CARTESIAN_POINT ( 'NONE',  ( -19.02500000000007319, -32.95226661399777157, -0.7499999999999998890 ) ) ;
#207 = ADVANCED_FACE ( 'NONE', ( #2466 ), #672, .F. ) ;
#208 = ORIENTED_EDGE ( 'NONE', *, *, #1470, .T. ) ;
#209 = CARTESIAN_POINT ( 'NONE',  ( 1.499999268429176746, -25.00000004782018692, 0.7499999999999998890 ) ) ;
#210 = DIRECTION ( 'NONE',  ( 0.000000000000000000, -0.000000000000000000, -1.000000000000000000 ) ) ;
#211 = AXIS2_PLACEMENT_3D ( 'NONE', #968, #1635, #1855 ) ;
#212 = DIRECTION ( 'NONE',  ( 0.5000000000000026645, 0.8660254037844370423, 0.000000000000000000 ) ) ;
#213 = CARTESIAN_POINT ( 'NONE',  ( -19.75000000000007816, -34.20800344948519722, 0.7500000000000003331 ) ) ;
#214 = CARTESIAN_POINT ( 'NONE',  ( -20.40063465690526456, 14.66506411835546508, -11.93034015445707574 ) ) ;
#215 = EDGE_LOOP ( 'NONE', ( #487, #2768, #1498, #1011 ) ) ;
#216 = AXIS2_PLACEMENT_3D ( 'NONE', #384, #1928, #1275 ) ;
#217 = AXIS2_PLACEMENT_3D ( 'NONE', #2421, #38, #477 ) ;
#218 = ORIENTED_EDGE ( 'NONE', *, *, #1908, .F. ) ;
#219 = ORIENTED_EDGE ( 'NONE', *, *, #2002, .T. ) ;
#220 = EDGE_CURVE ( 'NONE', #1629, #914, #660, .T. ) ;
#221 = LINE ( 'NONE', #2444, #2802 ) ;
#222 = DIRECTION ( 'NONE',  ( -0.8660254187078557653, -0.4999999741518824092, 0.000000000000000000 ) ) ;
#223 = VECTOR ( 'NONE', #2631, 1000.000000000000000 ) ;
#224 = VERTEX_POINT ( 'NONE', #269 ) ;
#225 = CARTESIAN_POINT ( 'NONE',  ( 33.79471763230684189, 3.143275553626377228, -0.7499999999999998890 ) ) ;
#226 = FACE_BOUND ( 'NONE', #395, .T. ) ;
#227 = DIRECTION ( 'NONE',  ( 0.000000000000000000, -0.000000000000000000, -1.000000000000000000 ) ) ;
#228 = CARTESIAN_POINT ( 'NONE',  ( 3.499999268429180077, -25.00000010751382717, -0.7499999999999998890 ) ) ;
#229 = ORIENTED_EDGE ( 'NONE', *, *, #613, .T. ) ;
#230 = EDGE_CURVE ( 'NONE', #2710, #2149, #896, .T. ) ;
#231 = ORIENTED_EDGE ( 'NONE', *, *, #964, .F. ) ;
#232 = VERTEX_POINT ( 'NONE', #920 ) ;
#233 = EDGE_CURVE ( 'NONE', #413, #901, #1077, .T. ) ;
#234 = CARTESIAN_POINT ( 'NONE',  ( -19.91432337761743554, 38.20462675267139474, -0.7499999999999998890 ) ) ;
#235 = DIRECTION ( 'NONE',  ( 0.000000000000000000, -0.000000000000000000, -1.000000000000000000 ) ) ;
#236 = ORIENTED_EDGE ( 'NONE', *, *, #378, .F. ) ;
#237 = AXIS2_PLACEMENT_3D ( 'NONE', #2692, #1967, #681 ) ;
#238 = DIRECTION ( 'NONE',  ( -0.05344611564421302558, 0.9985707349619982187, 0.000000000000000000 ) ) ;
#239 = DIRECTION ( 'NONE',  ( 0.000000000000000000, -0.000000000000000000, -1.000000000000000000 ) ) ;
#240 = DATE_AND_TIME ( #2001, #698 ) ;
#241 = AXIS2_PLACEMENT_3D ( 'NONE', #2703, #527, #2291 ) ;
#242 = EDGE_CURVE ( 'NONE', #1610, #1877, #617, .T. ) ;
#243 = ADVANCED_FACE ( 'NONE', ( #2491 ), #283, .T. ) ;
#244 = CIRCLE ( 'NONE', #640, 1.499999999999998446 ) ;
#245 = DIRECTION ( 'NONE',  ( 0.000000000000000000, 0.000000000000000000, 1.000000000000000000 ) ) ;
#246 = ORIENTED_EDGE ( 'NONE', *, *, #886, .F. ) ;
#247 = VERTEX_POINT ( 'NONE', #1389 ) ;
#248 = EDGE_CURVE ( 'NONE', #1359, #732, #2096, .T. ) ;
#249 = CARTESIAN_POINT ( 'NONE',  ( -3.405398198188184899, 20.51914534019491398, 0.7499999999999998890 ) ) ;
#250 = CYLINDRICAL_SURFACE ( 'NONE', #191, 2.500000000000000888 ) ;
#251 = CIRCLE ( 'NONE', #1721, 2.249999999999999112 ) ;
#252 = ORIENTED_EDGE ( 'NONE', *, *, #161, .T. ) ;
#253 = LINE ( 'NONE', #2619, #80 ) ;
#254 = CARTESIAN_POINT ( 'NONE',  ( -19.52357589488617862, 32.77579113120864207, 0.7499999999999998890 ) ) ;
#255 = DATE_AND_TIME ( #1113, #439 ) ;
#256 = CC_DESIGN_APPROVAL ( #520, ( #2064 ) ) ;
#257 = LINE ( 'NONE', #2426, #2603 ) ;
#258 = DIRECTION ( 'NONE',  ( 0.9999999999999995559, -2.984684016604788326E-08, 0.000000000000000000 ) ) ;
#259 = EDGE_LOOP ( 'NONE', ( #1459, #865, #362, #1543 ) ) ;
#260 = ORIENTED_EDGE ( 'NONE', *, *, #1388, .T. ) ;
#261 = AXIS2_PLACEMENT_3D ( 'NONE', #2336, #350, #1229 ) ;
#262 = CYLINDRICAL_SURFACE ( 'NONE', #1841, 44.00000000000947864 ) ;
#263 = FACE_OUTER_BOUND ( 'NONE', #1674, .T. ) ;
#264 = VERTEX_POINT ( 'NONE', #2265 ) ;
#265 = CARTESIAN_POINT ( 'NONE',  ( 38.77499999999997016, -1.255736835487355929, 0.7500000000000001110 ) ) ;
#266 = LINE ( 'NONE', #254, #2269 ) ;
#267 = COORDINATED_UNIVERSAL_TIME_OFFSET ( 1, 0, .AHEAD. ) ;
#268 = AXIS2_PLACEMENT_3D ( 'NONE', #1091, #205, #666 ) ;
#269 = CARTESIAN_POINT ( 'NONE',  ( 3.249999149041856938, -30.29903822811393255, -0.7499999999999992228 ) ) ;
#270 = DIRECTION ( 'NONE',  ( 0.000000000000000000, 0.000000000000000000, 1.000000000000000000 ) ) ;
#271 = ORIENTED_EDGE ( 'NONE', *, *, #571, .T. ) ;
#272 = ORIENTED_EDGE ( 'NONE', *, *, #32, .F. ) ;
#273 = EDGE_CURVE ( 'NONE', #1089, #2803, #1590, .T. ) ;
#274 = LINE ( 'NONE', #1147, #953 ) ;
#275 = DIRECTION ( 'NONE',  ( -0.5000000000000028866, -0.8660254037844370423, 0.000000000000000000 ) ) ;
#276 = CIRCLE ( 'NONE', #1194, 5.649999999999843148 ) ;
#277 = ORIENTED_EDGE ( 'NONE', *, *, #1387, .F. ) ;
#278 = CARTESIAN_POINT ( 'NONE',  ( 28.19486430068743132, 19.16506266793368951, -15.29656465847268976 ) ) ;
#279 = DIRECTION ( 'NONE',  ( 0.000000000000000000, 0.000000000000000000, 1.000000000000000000 ) ) ;
#280 = EDGE_CURVE ( 'NONE', #482, #2379, #2660, .T. ) ;
#281 = AXIS2_PLACEMENT_3D ( 'NONE', #1676, #1915, #588 ) ;
#282 = ADVANCED_FACE ( 'NONE', ( #311, #1633 ), #1201, .F. ) ;
#283 = PLANE ( 'NONE',  #484 ) ;
#284 = CC_DESIGN_PERSON_AND_ORGANIZATION_ASSIGNMENT ( #616, #2837, ( #1232 ) ) ;
#285 = EDGE_CURVE ( 'NONE', #36, #1728, #1272, .T. ) ;
#286 = CARTESIAN_POINT ( 'NONE',  ( -21.52496888157150323, -25.97625023026183655, 0.7499999999999998890 ) ) ;
#287 = CIRCLE ( 'NONE', #1571, 2.249999999999999112 ) ;
#288 = VERTEX_POINT ( 'NONE', #1173 ) ;
#289 = EDGE_LOOP ( 'NONE', ( #1499, #260, #2076, #2830 ) ) ;
#290 = AXIS2_PLACEMENT_3D ( 'NONE', #1996, #293, #2472 ) ;
#291 = ADVANCED_FACE ( 'NONE', ( #2280 ), #1417, .T. ) ;
#292 = CARTESIAN_POINT ( 'NONE',  ( -5.125000850958127963, -30.94855704217761883, 0.7499999999999998890 ) ) ;
#293 = DIRECTION ( 'NONE',  ( 0.000000000000000000, 0.000000000000000000, 1.000000000000000000 ) ) ;
#294 = ORIENTED_EDGE ( 'NONE', *, *, #942, .T. ) ;
#295 = ORIENTED_EDGE ( 'NONE', *, *, #2121, .T. ) ;
#296 = FACE_OUTER_BOUND ( 'NONE', #678, .T. ) ;
#297 = CARTESIAN_POINT ( 'NONE',  ( -19.02499999999978897, 35.46374028497272946, 0.7500000000000001110 ) ) ;
#298 = EDGE_CURVE ( 'NONE', #1616, #601, #2100, .T. ) ;
#299 = DIRECTION ( 'NONE',  ( 0.5000000000000028866, 0.8660254037844370423, 0.000000000000000000 ) ) ;
#300 = CARTESIAN_POINT ( 'NONE',  ( 16.88421702143650904, 32.88101964550056522, 0.7499999999999998890 ) ) ;
#301 = CARTESIAN_POINT ( 'NONE',  ( -22.18613753116462561, 31.03542816602102761, -0.7499999999999998890 ) ) ;
#302 = ORIENTED_EDGE ( 'NONE', *, *, #2654, .T. ) ;
#303 = ORIENTED_EDGE ( 'NONE', *, *, #1446, .T. ) ;
#304 =( GEOMETRIC_REPRESENTATION_CONTEXT ( 3 ) GLOBAL_UNCERTAINTY_ASSIGNED_CONTEXT ( ( #1898 ) ) GLOBAL_UNIT_ASSIGNED_CONTEXT ( ( #1916, #589, #1505 ) ) REPRESENTATION_CONTEXT ( 'NONE', 'WORKASPACE' ) );
#305 = EDGE_CURVE ( 'NONE', #1034, #1219, #800, .T. ) ;
#306 = CARTESIAN_POINT ( 'NONE',  ( 20.90063550646861756, 13.79903748185890144, -15.29656465847268976 ) ) ;
#307 = LINE ( 'NONE', #1863, #1344 ) ;
#308 = ORIENTED_EDGE ( 'NONE', *, *, #455, .F. ) ;
#309 = DIRECTION ( 'NONE',  ( 0.000000000000000000, 0.000000000000000000, 1.000000000000000000 ) ) ;
#310 = FACE_OUTER_BOUND ( 'NONE', #533, .T. ) ;
#311 = FACE_BOUND ( 'NONE', #2325, .T. ) ;
#312 = DIRECTION ( 'NONE',  ( -0.5000000000000028866, -0.8660254037844369313, 0.000000000000000000 ) ) ;
#313 = EDGE_LOOP ( 'NONE', ( #2717, #1636, #2099, #1367 ) ) ;
#314 = ORIENTED_EDGE ( 'NONE', *, *, #1403, .F. ) ;
#315 = CYLINDRICAL_SURFACE ( 'NONE', #365, 14.00000000000000178 ) ;
#316 = CC_DESIGN_PERSON_AND_ORGANIZATION_ASSIGNMENT ( #2238, #1794, ( #2470 ) ) ;
#317 = DIRECTION ( 'NONE',  ( 0.000000000000000000, 0.000000000000000000, 1.000000000000000000 ) ) ;
#318 = ADVANCED_FACE ( 'NONE', ( #1156 ), #755, .F. ) ;
#319 = ORIENTED_EDGE ( 'NONE', *, *, #2511, .T. ) ;
#320 = CARTESIAN_POINT ( 'NONE',  ( 2.999999268429176080, -25.86602551129826466, -0.7499999999999998890 ) ) ;
#321 = DIRECTION ( 'NONE',  ( 0.000000000000000000, -0.000000000000000000, -1.000000000000000000 ) ) ;
#322 = DIRECTION ( 'NONE',  ( -0.000000000000000000, 0.000000000000000000, 1.000000000000000000 ) ) ;
#323 = PLANE ( 'NONE',  #915 ) ;
#324 = PLANE ( 'NONE',  #2609 ) ;
#325 = EDGE_CURVE ( 'NONE', #2428, #70, #1374, .T. ) ;
#326 = EDGE_CURVE ( 'NONE', #2710, #2577, #337, .T. ) ;
#327 = ORIENTED_EDGE ( 'NONE', *, *, #1273, .F. ) ;
#328 = ORIENTED_EDGE ( 'NONE', *, *, #2501, .F. ) ;
#329 = AXIS2_PLACEMENT_3D ( 'NONE', #2507, #2560, #1047 ) ;
#330 = DIRECTION ( 'NONE',  ( 0.000000000000000000, 0.000000000000000000, 1.000000000000000000 ) ) ;
#331 = DIRECTION ( 'NONE',  ( -0.000000000000000000, -0.000000000000000000, -1.000000000000000000 ) ) ;
#332 = VECTOR ( 'NONE', #317, 1000.000000000000000 ) ;
#333 = EDGE_CURVE ( 'NONE', #2800, #842, #1224, .T. ) ;
#334 = FACE_OUTER_BOUND ( 'NONE', #2513, .T. ) ;
#335 = CARTESIAN_POINT ( 'NONE',  ( 40.67053797469322518, 3.824897495327832520, 0.7499999999999998890 ) ) ;
#336 = ORIENTED_EDGE ( 'NONE', *, *, #2704, .F. ) ;
#337 = LINE ( 'NONE', #1215, #171 ) ;
#338 = CARTESIAN_POINT ( 'NONE',  ( 34.24265535014999529, -4.943814804946248920, 0.7499999999999998890 ) ) ;
#339 = CARTESIAN_POINT ( 'NONE',  ( -20.88924050203087646, 35.10501575627498738, 0.7499999999999998890 ) ) ;
#340 = EDGE_LOOP ( 'NONE', ( #2101, #1958, #2371, #1145 ) ) ;
#341 = ORIENTED_EDGE ( 'NONE', *, *, #2333, .T. ) ;
#342 = LOCAL_TIME ( 12, 49, 41.00000000000000000, #682 ) ;
#343 = LINE ( 'NONE', #1221, #908 ) ;
#344 = FACE_OUTER_BOUND ( 'NONE', #2020, .T. ) ;
#345 = VERTEX_POINT ( 'NONE', #1881 ) ;
#346 = CARTESIAN_POINT ( 'NONE',  ( -19.74999999999974065, 34.20800344948538907, -0.7499999999999998890 ) ) ;
#347 = CARTESIAN_POINT ( 'NONE',  ( -21.53460937143669440, 10.70096253706325662, -0.7499999999999998890 ) ) ;
#348 = VECTOR ( 'NONE', #726, 1000.000000000000114 ) ;
#349 = ORIENTED_EDGE ( 'NONE', *, *, #2543, .T. ) ;
#350 = DIRECTION ( 'NONE',  ( 0.000000000000000000, -0.000000000000000000, -1.000000000000000000 ) ) ;
#351 = DIRECTION ( 'NONE',  ( 0.000000000000000000, 0.000000000000000000, 1.000000000000000000 ) ) ;
#352 = CARTESIAN_POINT ( 'NONE',  ( -19.75000000000007816, -34.20800344948519722, -0.7499999999999998890 ) ) ;
#353 = CARTESIAN_POINT ( 'NONE',  ( -15.40199450624533029, -12.28285091529626882, -0.7499999999999998890 ) ) ;
#354 = ORIENTED_EDGE ( 'NONE', *, *, #366, .T. ) ;
#355 = CARTESIAN_POINT ( 'NONE',  ( 33.91978640809252710, 0.8852775094229685671, 0.7499999999999998890 ) ) ;
#356 = CARTESIAN_POINT ( 'NONE',  ( 43.04333899873444125, -1.856003432148061405, -0.7499999999999998890 ) ) ;
#357 = ORIENTED_EDGE ( 'NONE', *, *, #1042, .F. ) ;
#358 = ADVANCED_FACE ( 'NONE', ( #2763 ), #1588, .F. ) ;
#359 = LINE ( 'NONE', #1240, #2242 ) ;
#360 = DIRECTION ( 'NONE',  ( 0.000000000000000000, 0.000000000000000000, 1.000000000000000000 ) ) ;
#361 = CIRCLE ( 'NONE', #1709, 3.999999999999903189 ) ;
#362 = ORIENTED_EDGE ( 'NONE', *, *, #150, .T. ) ;
#363 = DIRECTION ( 'NONE',  ( 0.000000000000000000, 0.000000000000000000, 1.000000000000000000 ) ) ;
#364 = DIRECTION ( 'NONE',  ( -0.000000000000000000, -0.000000000000000000, -1.000000000000000000 ) ) ;
#365 = AXIS2_PLACEMENT_3D ( 'NONE', #1861, #1136, #1181 ) ;
#366 = EDGE_CURVE ( 'NONE', #156, #1250, #2339, .T. ) ;
#367 = ADVANCED_FACE ( 'NONE', ( #2056 ), #84, .F. ) ;
#368 = EDGE_CURVE ( 'NONE', #2577, #247, #2341, .T. ) ;
#369 = DIRECTION ( 'NONE',  ( 0.5000000000000036637, 0.8660254037844364872, 0.000000000000000000 ) ) ;
#370 = ORIENTED_EDGE ( 'NONE', *, *, #280, .T. ) ;
#371 = ADVANCED_FACE ( 'NONE', ( #2170 ), #830, .F. ) ;
#372 = VECTOR ( 'NONE', #210, 1000.000000000000000 ) ;
#373 = ORIENTED_EDGE ( 'NONE', *, *, #2105, .F. ) ;
#374 = DIRECTION ( 'NONE',  ( -0.5000000000000029976, -0.8660254037844370423, 0.000000000000000000 ) ) ;
#375 = FACE_OUTER_BOUND ( 'NONE', #608, .T. ) ;
#376 = EDGE_LOOP ( 'NONE', ( #1443, #535, #76, #1651 ) ) ;
#377 = CIRCLE ( 'NONE', #2410, 4.000000000000109246 ) ;
#378 = EDGE_CURVE ( 'NONE', #401, #875, #2013, .T. ) ;
#379 = AXIS2_PLACEMENT_3D ( 'NONE', #623, #1512, #2182 ) ;
#380 = CARTESIAN_POINT ( 'NONE',  ( -22.18613753116463982, 31.03542816602100629, -0.7499999999999998890 ) ) ;
#381 = FACE_OUTER_BOUND ( 'NONE', #1408, .T. ) ;
#382 = ORIENTED_EDGE ( 'NONE', *, *, #2639, .F. ) ;
#383 = EDGE_CURVE ( 'NONE', #1250, #2800, #574, .T. ) ;
#384 = CARTESIAN_POINT ( 'NONE',  ( -4.000000850958119969, -28.99999988366263537, 0.7499999999999998890 ) ) ;
#385 = DIRECTION ( 'NONE',  ( -0.000000000000000000, 0.000000000000000000, 1.000000000000000000 ) ) ;
#386 = LINE ( 'NONE', #1263, #930 ) ;
#387 = VERTEX_POINT ( 'NONE', #1675 ) ;
#388 = AXIS2_PLACEMENT_3D ( 'NONE', #1518, #576, #2827 ) ;
#389 = VERTEX_POINT ( 'NONE', #1492 ) ;
#390 = FACE_OUTER_BOUND ( 'NONE', #2335, .T. ) ;
#391 = EDGE_LOOP ( 'NONE', ( #1864, #142, #1138, #1087 ) ) ;
#392 = DIRECTION ( 'NONE',  ( 0.000000000000000000, -0.000000000000000000, -1.000000000000000000 ) ) ;
#393 = DIRECTION ( 'NONE',  ( 0.000000000000000000, -0.000000000000000000, -1.000000000000000000 ) ) ;
#394 = CIRCLE ( 'NONE', #1172, 1.000000000000001110 ) ;
#395 = EDGE_LOOP ( 'NONE', ( #707, #1313, #521, #493, #559, #2304, #1256, #760, #1496, #1811, #7, #1643, #718, #1056, #702, #2375, #175, #1336, #2270, #370, #2584, #983, #773, #2519, #2386, #2156, #2675, #2340, #1000, #1178, #1813, #272, #336, #1366, #2814, #236, #1786, #357, #89, #2734, #1660, #202, #1475, #200, #1298 ) ) ;
#396 = DIRECTION ( 'NONE',  ( 0.000000000000000000, 0.000000000000000000, -1.000000000000000000 ) ) ;
#397 = DIRECTION ( 'NONE',  ( 0.5000000000000036637, 0.8660254037844365982, 0.000000000000000000 ) ) ;
#398 = DIRECTION ( 'NONE',  ( 0.000000000000000000, 0.000000000000000000, 1.000000000000000000 ) ) ;
#399 = VECTOR ( 'NONE', #1242, 1000.000000000000114 ) ;
#400 = ORIENTED_EDGE ( 'NONE', *, *, #1099, .T. ) ;
#401 = VERTEX_POINT ( 'NONE', #181 ) ;
#402 = ORIENTED_EDGE ( 'NONE', *, *, #1911, .F. ) ;
#403 = ORIENTED_EDGE ( 'NONE', *, *, #1075, .F. ) ;
#404 = LINE ( 'NONE', #1283, #1088 ) ;
#405 = LINE ( 'NONE', #812, #1899 ) ;
#406 = ADVANCED_FACE ( 'NONE', ( #408 ), #1476, .T. ) ;
#407 = ORIENTED_EDGE ( 'NONE', *, *, #818, .T. ) ;
#408 = FACE_OUTER_BOUND ( 'NONE', #821, .T. ) ;
#409 = DIRECTION ( 'NONE',  ( 0.000000000000000000, 0.000000000000000000, 1.000000000000000000 ) ) ;
#410 = CARTESIAN_POINT ( 'NONE',  ( 34.24265535014999529, -4.943814804946248920, -0.7499999999999998890 ) ) ;
#411 = DIRECTION ( 'NONE',  ( 0.5000000000000036637, 0.8660254037844364872, 0.000000000000000000 ) ) ;
#412 = EDGE_LOOP ( 'NONE', ( #2089, #277, #472, #349 ) ) ;
#413 = VERTEX_POINT ( 'NONE', #602 ) ;
#414 = ADVANCED_FACE ( 'NONE', ( #1444 ), #2824, .T. ) ;
#415 = VERTEX_POINT ( 'NONE', #1953 ) ;
#416 = CARTESIAN_POINT ( 'NONE',  ( 28.19486430068743132, 19.16506266793368951, 0.7499999999999998890 ) ) ;
#417 = DIRECTION ( 'NONE',  ( 0.5000000000000089928, 0.8660254037844336006, 0.000000000000000000 ) ) ;
#418 = VECTOR ( 'NONE', #60, 1000.000000000000000 ) ;
#419 = ORIENTED_EDGE ( 'NONE', *, *, #1446, .F. ) ;
#420 = CARTESIAN_POINT ( 'NONE',  ( 13.34858002428915213, -29.69301450067526815, 0.7499999999999998890 ) ) ;
#421 = DIRECTION ( 'NONE',  ( 0.9999999999999995559, -2.984684016604788326E-08, 0.000000000000000000 ) ) ;
#422 = LINE ( 'NONE', #170, #1724 ) ;
#423 = VECTOR ( 'NONE', #1209, 1000.000000000000114 ) ;
#424 = EDGE_CURVE ( 'NONE', #1238, #2428, #2749, .T. ) ;
#425 = CARTESIAN_POINT ( 'NONE',  ( 11.63365131311878642, -26.01745869843496806, -0.7499999999999998890 ) ) ;
#426 = DIRECTION ( 'NONE',  ( 0.5000000000000089928, 0.8660254037844336006, 0.000000000000000000 ) ) ;
#427 = VERTEX_POINT ( 'NONE', #1661 ) ;
#428 = VERTEX_POINT ( 'NONE', #2549 ) ;
#429 = ORIENTED_EDGE ( 'NONE', *, *, #1591, .F. ) ;
#430 = VECTOR ( 'NONE', #1114, 1000.000000000000000 ) ;
#431 = CARTESIAN_POINT ( 'NONE',  ( 37.01041879060621653, -13.37359067335524010, 0.7499999999999998890 ) ) ;
#432 = PLANE ( 'NONE',  #874 ) ;
#433 = VERTEX_POINT ( 'NONE', #2128 ) ;
#434 = DIRECTION ( 'NONE',  ( -0.5000000000000028866, -0.8660254037844369313, 0.000000000000000000 ) ) ;
#435 = CARTESIAN_POINT ( 'NONE',  ( -5.115782978568359951, -5.224098121022865193, -0.7499999999999998890 ) ) ;
#436 = VECTOR ( 'NONE', #659, 1000.000000000000000 ) ;
#437 = ADVANCED_FACE ( 'NONE', ( #133 ), #1035, .F. ) ;
#438 = APPROVAL_STATUS ( 'not_yet_approved' ) ;
#439 = LOCAL_TIME ( 12, 49, 41.00000000000000000, #1807 ) ;
#440 = FACE_OUTER_BOUND ( 'NONE', #1987, .T. ) ;
#441 = LINE ( 'NONE', #2092, #1757 ) ;
#442 = ORIENTED_EDGE ( 'NONE', *, *, #1904, .T. ) ;
#443 = VERTEX_POINT ( 'NONE', #555 ) ;
#444 = ORIENTED_EDGE ( 'NONE', *, *, #1436, .T. ) ;
#445 = LINE ( 'NONE', #431, #2846 ) ;
#446 = CARTESIAN_POINT ( 'NONE',  ( -17.47164499588853914, -37.18652631750740056, 0.7499999999999998890 ) ) ;
#447 = EDGE_CURVE ( 'NONE', #2393, #2625, #1177, .T. ) ;
#448 = VECTOR ( 'NONE', #2417, 1000.000000000000000 ) ;
#449 = ADVANCED_FACE ( 'NONE', ( #2793 ), #2157, .T. ) ;
#450 = ORIENTED_EDGE ( 'NONE', *, *, #2716, .F. ) ;
#451 = CYLINDRICAL_SURFACE ( 'NONE', #2059, 4.000000000000000888 ) ;
#452 = FACE_OUTER_BOUND ( 'NONE', #2613, .T. ) ;
#453 = CARTESIAN_POINT ( 'NONE',  ( -23.40515461098040007, 16.39972464219354720, -11.93034015445707574 ) ) ;
#454 = DIRECTION ( 'NONE',  ( 0.000000000000000000, 0.000000000000000000, 1.000000000000000000 ) ) ;
#455 = EDGE_CURVE ( 'NONE', #2625, #2446, #2568, .T. ) ;
#456 = EDGE_LOOP ( 'NONE', ( #2431, #1103, #1539, #2745 ) ) ;
#457 = ORIENTED_EDGE ( 'NONE', *, *, #424, .F. ) ;
#458 = VECTOR ( 'NONE', #1411, 1000.000000000000114 ) ;
#459 = EDGE_CURVE ( 'NONE', #2312, #100, #1706, .T. ) ;
#460 = DIRECTION ( 'NONE',  ( -0.8660254187078559873, -0.4999999741518820762, 0.000000000000000000 ) ) ;
#461 = DIRECTION ( 'NONE',  ( 0.000000000000000000, 0.000000000000000000, 1.000000000000000000 ) ) ;
#462 = AXIS2_PLACEMENT_3D ( 'NONE', #1477, #831, #2129 ) ;
#463 = LINE ( 'NONE', #1733, #2201 ) ;
#464 = DIRECTION ( 'NONE',  ( 0.000000000000000000, 0.000000000000000000, -1.000000000000000000 ) ) ;
#465 = APPROVAL_ROLE ( '' ) ;
#466 = VECTOR ( 'NONE', #2736, 1000.000000000000000 ) ;
#467 = EDGE_CURVE ( 'NONE', #1325, #2758, #2351, .T. ) ;
#468 = DIRECTION ( 'NONE',  ( -0.5000000000000027756, -0.8660254037844370423, 0.000000000000000000 ) ) ;
#469 = CIRCLE ( 'NONE', #2178, 3.999999999999999112 ) ;
#470 = CARTESIAN_POINT ( 'NONE',  ( 3.499999238582336414, -26.00000010751387336, 0.7499999999999998890 ) ) ;
#471 = ORIENTED_EDGE ( 'NONE', *, *, #2380, .F. ) ;
#472 = ORIENTED_EDGE ( 'NONE', *, *, #333, .F. ) ;
#473 = CARTESIAN_POINT ( 'NONE',  ( -5.115782978568757855, -5.224098121013187601, -0.7499999999999998890 ) ) ;
#474 = CYLINDRICAL_SURFACE ( 'NONE', #1481, 4.000000000000109246 ) ;
#475 = VECTOR ( 'NONE', #1100, 1000.000000000000000 ) ;
#476 = ORIENTED_EDGE ( 'NONE', *, *, #869, .F. ) ;
#477 = DIRECTION ( 'NONE',  ( -0.5000000000000032196, -0.8660254037844367092, 0.000000000000000000 ) ) ;
#478 = CYLINDRICAL_SURFACE ( 'NONE', #1522, 44.00000000000695621 ) ;
#479 = CIRCLE ( 'NONE', #1072, 2.500000000000000888 ) ;
#480 = DIRECTION ( 'NONE',  ( 0.000000000000000000, 0.000000000000000000, 1.000000000000000000 ) ) ;
#481 = DIRECTION ( 'NONE',  ( 0.000000000000000000, -0.000000000000000000, -1.000000000000000000 ) ) ;
#482 = VERTEX_POINT ( 'NONE', #1940 ) ;
#483 = ORIENTED_EDGE ( 'NONE', *, *, #1301, .F. ) ;
#484 = AXIS2_PLACEMENT_3D ( 'NONE', #2294, #979, #2524 ) ;
#485 = DIRECTION ( 'NONE',  ( -0.000000000000000000, -0.000000000000000000, -1.000000000000000000 ) ) ;
#486 = CYLINDRICAL_SURFACE ( 'NONE', #730, 15.00000000000000355 ) ;
#487 = ORIENTED_EDGE ( 'NONE', *, *, #2629, .T. ) ;
#488 = CYLINDRICAL_SURFACE ( 'NONE', #1020, 1.000000000000001110 ) ;
#489 = CARTESIAN_POINT ( 'NONE',  ( 13.26644447987222186, -29.66903184909253710, -0.7499999999999998890 ) ) ;
#490 = CARTESIAN_POINT ( 'NONE',  ( 13.26644447987221831, -29.66903184909252289, -0.7499999999999998890 ) ) ;
#491 = FACE_OUTER_BOUND ( 'NONE', #1777, .T. ) ;
#492 = ORIENTED_EDGE ( 'NONE', *, *, #1312, .F. ) ;
#493 = ORIENTED_EDGE ( 'NONE', *, *, #2212, .T. ) ;
#494 = EDGE_CURVE ( 'NONE', #415, #1353, #2795, .T. ) ;
#495 = FACE_OUTER_BOUND ( 'NONE', #117, .T. ) ;
#496 = CARTESIAN_POINT ( 'NONE',  ( -21.52496888157150323, -25.97625023026183655, -0.7499999999999998890 ) ) ;
#497 = CIRCLE ( 'NONE', #862, 15.00000000000000355 ) ;
#498 = VERTEX_POINT ( 'NONE', #2578 ) ;
#499 = PLANE ( 'NONE',  #1161 ) ;
#500 = DIRECTION ( 'NONE',  ( 0.5000000000000036637, 0.8660254037844365982, 0.000000000000000000 ) ) ;
#501 = AXIS2_PLACEMENT_3D ( 'NONE', #1634, #1870, #2723 ) ;
#502 = CARTESIAN_POINT ( 'NONE',  ( 19.26561229230102157, -5.773381706008500203, -0.7499999999999998890 ) ) ;
#503 = DIRECTION ( 'NONE',  ( -0.5000000000000028866, -0.8660254037844369313, 0.000000000000000000 ) ) ;
#504 = DIRECTION ( 'NONE',  ( 0.000000000000000000, 0.000000000000000000, 1.000000000000000000 ) ) ;
#505 = AXIS2_PLACEMENT_3D ( 'NONE', #2653, #2439, #2319 ) ;
#506 = EDGE_CURVE ( 'NONE', #2813, #2416, #1779, .T. ) ;
#507 = CIRCLE ( 'NONE', #379, 44.00000000000000000 ) ;
#508 = ORIENTED_EDGE ( 'NONE', *, *, #1458, .F. ) ;
#509 = VERTEX_POINT ( 'NONE', #265 ) ;
#510 = AXIS2_PLACEMENT_3D ( 'NONE', #1351, #2029, #1131 ) ;
#511 = DIRECTION ( 'NONE',  ( 0.5000000000000036637, 0.8660254037844364872, 0.000000000000000000 ) ) ;
#512 = DIRECTION ( 'NONE',  ( 0.000000000000000000, 0.000000000000000000, 1.000000000000000000 ) ) ;
#513 = ORIENTED_EDGE ( 'NONE', *, *, #2851, .T. ) ;
#514 = CARTESIAN_POINT ( 'NONE',  ( 3.249999149041855162, -30.29903822811393610, 0.4500000000000001776 ) ) ;
#515 = CARTESIAN_POINT ( 'NONE',  ( 38.14645569620127219, 0.5200171320773511185, 0.7500000000000001110 ) ) ;
#516 = ADVANCED_FACE ( 'NONE', ( #1125 ), #2635, .F. ) ;
#517 = CARTESIAN_POINT ( 'NONE',  ( -1.500000701723945618, -23.99999995827970167, -0.7499999999999998890 ) ) ;
#518 = DIRECTION ( 'NONE',  ( 0.000000000000000000, -0.000000000000000000, -1.000000000000000000 ) ) ;
#519 = DIRECTION ( 'NONE',  ( 0.000000000000000000, 0.000000000000000000, 1.000000000000000000 ) ) ;
#520 = APPROVAL ( #697, 'UNSPECIFIED' ) ;
#521 = ORIENTED_EDGE ( 'NONE', *, *, #860, .T. ) ;
#522 = ORIENTED_EDGE ( 'NONE', *, *, #298, .T. ) ;
#523 = CYLINDRICAL_SURFACE ( 'NONE', #1101, 1.000000000000001110 ) ;
#524 = DIRECTION ( 'NONE',  ( -0.5000000000000028866, -0.8660254037844369313, 0.000000000000000000 ) ) ;
#525 = ORIENTED_EDGE ( 'NONE', *, *, #577, .F. ) ;
#526 = CARTESIAN_POINT ( 'NONE',  ( 39.50000000000960654, -7.756742795736419839E-12, -0.7499999999999998890 ) ) ;
#527 = DIRECTION ( 'NONE',  ( 0.8660253888610232043, -0.5000000258481130944, 0.000000000000000000 ) ) ;
#528 = EDGE_CURVE ( 'NONE', #2614, #932, #1999, .T. ) ;
#529 = ADVANCED_FACE ( 'NONE', ( #24 ), #451, .F. ) ;
#530 = CARTESIAN_POINT ( 'NONE',  ( 5.299037254718518497, -29.75000012243728165, 0.4500000000000001776 ) ) ;
#531 = DIRECTION ( 'NONE',  ( 0.000000000000000000, 0.000000000000000000, 1.000000000000000000 ) ) ;
#532 = CARTESIAN_POINT ( 'NONE',  ( -19.02500000000007319, -32.95226661399777157, 0.7500000000000001110 ) ) ;
#533 = EDGE_LOOP ( 'NONE', ( #714, #54, #1520, #887 ) ) ;
#534 = EDGE_CURVE ( 'NONE', #1912, #387, #2017, .T. ) ;
#535 = ORIENTED_EDGE ( 'NONE', *, *, #2346, .F. ) ;
#536 = CARTESIAN_POINT ( 'NONE',  ( 4.749999149041863156, -27.70096201676062364, -0.7499999999999992228 ) ) ;
#537 = CARTESIAN_POINT ( 'NONE',  ( -22.03460939728480383, 9.834937148202234525, -0.7499999999999998890 ) ) ;
#538 = ORIENTED_EDGE ( 'NONE', *, *, #161, .F. ) ;
#539 = CARTESIAN_POINT ( 'NONE',  ( -5.125000850958127963, -30.94855704217761883, 0.7499999999999998890 ) ) ;
#540 = CARTESIAN_POINT ( 'NONE',  ( 1.499999268429176746, -25.00000004782018692, -0.7499999999999998890 ) ) ;
#541 = DIRECTION ( 'NONE',  ( 0.000000000000000000, 0.000000000000000000, -1.000000000000000000 ) ) ;
#542 = FACE_OUTER_BOUND ( 'NONE', #2299, .T. ) ;
#543 = CARTESIAN_POINT ( 'NONE',  ( 34.05169123139243226, -1.496138884566775795, -0.7499999999999998890 ) ) ;
#544 = VERTEX_POINT ( 'NONE', #638 ) ;
#545 = CIRCLE ( 'NONE', #1659, 0.2500000000000026645 ) ;
#546 = EDGE_LOOP ( 'NONE', ( #2602, #837, #586, #2611 ) ) ;
#547 = AXIS2_PLACEMENT_3D ( 'NONE', #1457, #600, #2349 ) ;
#548 = DIRECTION ( 'NONE',  ( -0.000000000000000000, 0.000000000000000000, 1.000000000000000000 ) ) ;
#549 = CARTESIAN_POINT ( 'NONE',  ( 34.46620454777403353, -8.979783397805570999, -0.7499999999999998890 ) ) ;
#550 = ORIENTED_EDGE ( 'NONE', *, *, #2121, .F. ) ;
#551 = CIRCLE ( 'NONE', #782, 4.000000000000027534 ) ;
#552 = LINE ( 'NONE', #1500, #155 ) ;
#553 = DIRECTION ( 'NONE',  ( 0.5000000000000028866, 0.8660254037844369313, 0.000000000000000000 ) ) ;
#554 = VERTEX_POINT ( 'NONE', #1331 ) ;
#555 = CARTESIAN_POINT ( 'NONE',  ( -2.875000850958111975, -27.05144272514764481, 0.4500000000000001776 ) ) ;
#556 = CARTESIAN_POINT ( 'NONE',  ( -17.47164499588853914, -37.18652631750740056, -0.7499999999999998890 ) ) ;
#557 = CARTESIAN_POINT ( 'NONE',  ( -6.750763674670841930, 34.54230526329281048, 0.7499999999999998890 ) ) ;
#558 = AXIS2_PLACEMENT_3D ( 'NONE', #9, #2652, #654 ) ;
#559 = ORIENTED_EDGE ( 'NONE', *, *, #2429, .T. ) ;
#560 = ORIENTED_EDGE ( 'NONE', *, *, #61, .F. ) ;
#561 = ADVANCED_FACE ( 'NONE', ( #1780 ), #1531, .F. ) ;
#562 = VECTOR ( 'NONE', #2227, 1000.000000000000114 ) ;
#563 = CARTESIAN_POINT ( 'NONE',  ( 38.14645569621217192, 0.5200171320731600266, 0.7499999999999998890 ) ) ;
#564 = DIRECTION ( 'NONE',  ( 0.000000000000000000, 0.000000000000000000, 1.000000000000000000 ) ) ;
#565 = VERTEX_POINT ( 'NONE', #670 ) ;
#566 = DIRECTION ( 'NONE',  ( 0.8370477540759883039, 0.5471298359588370186, 0.000000000000000000 ) ) ;
#567 = DIRECTION ( 'NONE',  ( -0.5000000000000028866, -0.8660254037844369313, 0.000000000000000000 ) ) ;
#568 = ADVANCED_FACE ( 'NONE', ( #902 ), #856, .T. ) ;
#569 = AXIS2_PLACEMENT_3D ( 'NONE', #1869, #2307, #2042 ) ;
#570 = EDGE_CURVE ( 'NONE', #70, #975, #2834, .T. ) ;
#571 = EDGE_CURVE ( 'NONE', #2060, #601, #463, .T. ) ;
#572 = AXIS2_PLACEMENT_3D ( 'NONE', #1360, #1111, #2251 ) ;
#573 = ORIENTED_EDGE ( 'NONE', *, *, #1075, .T. ) ;
#574 = LINE ( 'NONE', #614, #399 ) ;
#575 = LINE ( 'NONE', #1461, #1479 ) ;
#576 = DIRECTION ( 'NONE',  ( 0.000000000000000000, 0.000000000000000000, 1.000000000000000000 ) ) ;
#577 = EDGE_CURVE ( 'NONE', #987, #1833, #253, .T. ) ;
#578 = ORIENTED_EDGE ( 'NONE', *, *, #467, .F. ) ;
#579 = AXIS2_PLACEMENT_3D ( 'NONE', #2615, #34, #2648 ) ;
#580 = CARTESIAN_POINT ( 'NONE',  ( -2.500000731570821699, -24.99999992843284957, -0.7499999999999998890 ) ) ;
#581 = CARTESIAN_POINT ( 'NONE',  ( 2.874999149041854718, -30.94855728095226155, 0.7499999999999998890 ) ) ;
#582 = ORIENTED_EDGE ( 'NONE', *, *, #2514, .F. ) ;
#583 = EDGE_CURVE ( 'NONE', #808, #428, #625, .T. ) ;
#584 = CARTESIAN_POINT ( 'NONE',  ( -19.75000000000007816, -34.20800344948519722, -0.7499999999999998890 ) ) ;
#585 = CARTESIAN_POINT ( 'NONE',  ( 37.97053797469325076, 3.696044630826101240, -0.7499999999999998890 ) ) ;
#586 = ORIENTED_EDGE ( 'NONE', *, *, #1139, .F. ) ;
#587 = CARTESIAN_POINT ( 'NONE',  ( -1.500000731570791279, -24.99999995827975141, 0.7499999999999998890 ) ) ;
#588 = DIRECTION ( 'NONE',  ( -0.5000000000000026645, -0.8660254037844370423, 0.000000000000000000 ) ) ;
#589 =( NAMED_UNIT ( * ) PLANE_ANGLE_UNIT ( ) SI_UNIT ( $, .RADIAN. ) );
#590 = AXIS2_PLACEMENT_3D ( 'NONE', #2482, #734, #1626 ) ;
#591 = CARTESIAN_POINT ( 'NONE',  ( 22.77532495184237149, 16.03609038166902678, -15.29656465847268976 ) ) ;
#592 = VERTEX_POINT ( 'NONE', #2405 ) ;
#593 = CIRCLE ( 'NONE', #101, 0.2500000000000026645 ) ;
#594 = ORIENTED_EDGE ( 'NONE', *, *, #1565, .T. ) ;
#595 = DIRECTION ( 'NONE',  ( 0.5000000000000033307, 0.8660254037844367092, 0.000000000000000000 ) ) ;
#596 = VERTEX_POINT ( 'NONE', #420 ) ;
#597 = VECTOR ( 'NONE', #35, 1000.000000000000114 ) ;
#598 = VECTOR ( 'NONE', #1307, 1000.000000000000000 ) ;
#599 = DIRECTION ( 'NONE',  ( 0.000000000000000000, 0.000000000000000000, 1.000000000000000000 ) ) ;
#600 = DIRECTION ( 'NONE',  ( 0.000000000000000000, 0.000000000000000000, 1.000000000000000000 ) ) ;
#601 = VERTEX_POINT ( 'NONE', #1300 ) ;
#602 = CARTESIAN_POINT ( 'NONE',  ( 21.90063542892426085, 10.33493582195090177, 0.7499999999999996669 ) ) ;
#603 = DIRECTION ( 'NONE',  ( -0.5000000000000027756, -0.8660254037844370423, 0.000000000000000000 ) ) ;
#604 = ORIENTED_EDGE ( 'NONE', *, *, #786, .F. ) ;
#605 = ORIENTED_EDGE ( 'NONE', *, *, #1316, .F. ) ;
#606 = ORIENTED_EDGE ( 'NONE', *, *, #2259, .F. ) ;
#607 = EDGE_CURVE ( 'NONE', #975, #646, #790, .T. ) ;
#608 = EDGE_LOOP ( 'NONE', ( #2847, #2468, #898, #522 ) ) ;
#609 = AXIS2_PLACEMENT_3D ( 'NONE', #770, #519, #312 ) ;
#610 = CARTESIAN_POINT ( 'NONE',  ( -23.12901562109725973, -36.34862332053866396, -0.7499999999999998890 ) ) ;
#611 = DIRECTION ( 'NONE',  ( 0.000000000000000000, 0.000000000000000000, 1.000000000000000000 ) ) ;
#612 = ORIENTED_EDGE ( 'NONE', *, *, #242, .F. ) ;
#613 = EDGE_CURVE ( 'NONE', #1325, #2792, #2425, .T. ) ;
#614 = CARTESIAN_POINT ( 'NONE',  ( -6.750763674670841930, 34.54230526329281048, -0.7499999999999998890 ) ) ;
#615 = CYLINDRICAL_SURFACE ( 'NONE', #2682, 4.000000000000009770 ) ;
#616 = PERSON_AND_ORGANIZATION ( #1885, #839 ) ;
#617 = CIRCLE ( 'NONE', #988, 3.999999999999991118 ) ;
#618 = EDGE_LOOP ( 'NONE', ( #219, #2671, #2433, #820 ) ) ;
#619 = VERTEX_POINT ( 'NONE', #1319 ) ;
#620 = ORIENTED_EDGE ( 'NONE', *, *, #1911, .T. ) ;
#621 = ORIENTED_EDGE ( 'NONE', *, *, #2799, .F. ) ;
#622 = DIRECTION ( 'NONE',  ( 0.000000000000000000, -0.000000000000000000, -1.000000000000000000 ) ) ;
#623 = CARTESIAN_POINT ( 'NONE',  ( -1.966310195365870817, 7.042447080187505648, -0.7499999999999998890 ) ) ;
#624 = ORIENTED_EDGE ( 'NONE', *, *, #459, .T. ) ;
#625 = LINE ( 'NONE', #1515, #1180 ) ;
#626 = FACE_OUTER_BOUND ( 'NONE', #1485, .T. ) ;
#627 = CARTESIAN_POINT ( 'NONE',  ( 2.499999268429179189, -25.00000007766703547, -0.7499999999999998890 ) ) ;
#628 = CYLINDRICAL_SURFACE ( 'NONE', #2240, 15.00000000000000178 ) ;
#629 = DIRECTION ( 'NONE',  ( 0.000000000000000000, 0.000000000000000000, 1.000000000000000000 ) ) ;
#630 = ORIENTED_EDGE ( 'NONE', *, *, #2292, .T. ) ;
#631 = ORIENTED_EDGE ( 'NONE', *, *, #2762, .T. ) ;
#632 = EDGE_LOOP ( 'NONE', ( #1424, #2808 ) ) ;
#633 = CIRCLE ( 'NONE', #2821, 39.80000000000001847 ) ;
#634 = EDGE_CURVE ( 'NONE', #901, #482, #2222, .T. ) ;
#635 = DIRECTION ( 'NONE',  ( -0.5000000000000027756, -0.8660254037844370423, 0.000000000000000000 ) ) ;
#636 = CARTESIAN_POINT ( 'NONE',  ( 5.124999149041865820, -27.05144296392229819, 0.4500000000000001776 ) ) ;
#637 = ORIENTED_EDGE ( 'NONE', *, *, #1265, .T. ) ;
#638 = CARTESIAN_POINT ( 'NONE',  ( 5.626406775012695149, -26.00000017098042093, 0.7499999999999998890 ) ) ;
#639 = DIRECTION ( 'NONE',  ( 0.000000000000000000, 0.000000000000000000, 1.000000000000000000 ) ) ;
#640 = AXIS2_PLACEMENT_3D ( 'NONE', #750, #2314, #1399 ) ;
#641 = DIRECTION ( 'NONE',  ( -0.5471298359588371296, 0.8370477540759883039, 0.000000000000000000 ) ) ;
#642 = CARTESIAN_POINT ( 'NONE',  ( -19.52357589488586598, 32.77579113120891208, 0.7500000000000001110 ) ) ;
#643 = ADVANCED_FACE ( 'NONE', ( #1980 ), #877, .F. ) ;
#644 = VERTEX_POINT ( 'NONE', #2438 ) ;
#645 = VECTOR ( 'NONE', #977, 999.9999999999998863 ) ;
#646 = VERTEX_POINT ( 'NONE', #59 ) ;
#647 = ADVANCED_FACE ( 'NONE', ( #2735 ), #946, .T. ) ;
#648 = ORIENTED_EDGE ( 'NONE', *, *, #325, .T. ) ;
#649 = VECTOR ( 'NONE', #1268, 1000.000000000000114 ) ;
#650 = CARTESIAN_POINT ( 'NONE',  ( 25.90515546069967101, 12.06959615151482978, -15.29656465847268976 ) ) ;
#651 = CARTESIAN_POINT ( 'NONE',  ( -20.03460929389234835, 13.29903870364632645, -0.7499999999999998890 ) ) ;
#652 = EDGE_LOOP ( 'NONE', ( #2276, #18, #2192, #1741 ) ) ;
#653 = EDGE_CURVE ( 'NONE', #428, #911, #2464, .T. ) ;
#654 = DIRECTION ( 'NONE',  ( 0.9999999999999995559, -2.984684016604787664E-08, 0.000000000000000000 ) ) ;
#655 = LINE ( 'NONE', #2462, #372 ) ;
#656 = AXIS2_PLACEMENT_3D ( 'NONE', #922, #245, #27 ) ;
#657 = EDGE_CURVE ( 'NONE', #1135, #1038, #2290, .T. ) ;
#658 = DIRECTION ( 'NONE',  ( 0.5000000000000031086, 0.8660254037844369313, 0.000000000000000000 ) ) ;
#659 = DIRECTION ( 'NONE',  ( 0.000000000000000000, -0.000000000000000000, -1.000000000000000000 ) ) ;
#660 = CIRCLE ( 'NONE', #33, 2.500000000000000888 ) ;
#661 = ADVANCED_FACE ( 'NONE', ( #2506 ), #722, .F. ) ;
#662 = VERTEX_POINT ( 'NONE', #1185 ) ;
#663 = EDGE_CURVE ( 'NONE', #2416, #2753, #93, .T. ) ;
#664 = VERTEX_POINT ( 'NONE', #514 ) ;
#665 = AXIS2_PLACEMENT_3D ( 'NONE', #1788, #676, #1569 ) ;
#666 = DIRECTION ( 'NONE',  ( 0.5000000000000026645, 0.8660254037844372643, 0.000000000000000000 ) ) ;
#667 = DIRECTION ( 'NONE',  ( 0.5000000000000024425, 0.8660254037844372643, 0.000000000000000000 ) ) ;
#668 = ADVANCED_FACE ( 'NONE', ( #296 ), #2305, .F. ) ;
#669 = ORIENTED_EDGE ( 'NONE', *, *, #82, .T. ) ;
#670 = CARTESIAN_POINT ( 'NONE',  ( 31.59464567416487313, 10.15070035352102629, -0.7499999999999998890 ) ) ;
#671 = CARTESIAN_POINT ( 'NONE',  ( 4.749999149041864932, -27.70096201676062364, 0.4500000000000001776 ) ) ;
#672 = CYLINDRICAL_SURFACE ( 'NONE', #2250, 3.999999999999903189 ) ;
#673 = LINE ( 'NONE', #557, #893 ) ;
#674 = ORIENTED_EDGE ( 'NONE', *, *, #2219, .T. ) ;
#675 = ORIENTED_EDGE ( 'NONE', *, *, #1183, .T. ) ;
#676 = DIRECTION ( 'NONE',  ( 0.000000000000000000, -0.000000000000000000, -1.000000000000000000 ) ) ;
#677 = CYLINDRICAL_SURFACE ( 'NONE', #53, 2.500000000000000888 ) ;
#678 = EDGE_LOOP ( 'NONE', ( #1026, #319, #791, #2497 ) ) ;
#679 = VECTOR ( 'NONE', #364, 1000.000000000000000 ) ;
#680 = DIRECTION ( 'NONE',  ( 0.000000000000000000, 0.000000000000000000, 1.000000000000000000 ) ) ;
#681 = DIRECTION ( 'NONE',  ( 0.5000000000000028866, 0.8660254037844370423, 0.000000000000000000 ) ) ;
#682 = COORDINATED_UNIVERSAL_TIME_OFFSET ( 1, 0, .AHEAD. ) ;
#683 = AXIS2_PLACEMENT_3D ( 'NONE', #799, #1938, #1060 ) ;
#684 = FACE_OUTER_BOUND ( 'NONE', #618, .T. ) ;
#685 = VECTOR ( 'NONE', #2688, 1000.000000000000000 ) ;
#686 = DIRECTION ( 'NONE',  ( -0.5000000000000026645, -0.8660254037844372643, 0.000000000000000000 ) ) ;
#687 = EDGE_LOOP ( 'NONE', ( #1159, #2022, #2203, #28 ) ) ;
#688 = VERTEX_POINT ( 'NONE', #1198 ) ;
#689 = ADVANCED_FACE ( 'NONE', ( #2747 ), #1384, .F. ) ;
#690 = CARTESIAN_POINT ( 'NONE',  ( 33.91978640809251289, 0.8852775094229755615, -0.7499999999999998890 ) ) ;
#691 = DIRECTION ( 'NONE',  ( 0.5000000000000028866, 0.8660254037844369313, 0.000000000000000000 ) ) ;
#692 = VECTOR ( 'NONE', #2488, 1000.000000000000000 ) ;
#693 = AXIS2_PLACEMENT_3D ( 'NONE', #1687, #599, #2391 ) ;
#694 = EDGE_LOOP ( 'NONE', ( #2399, #538, #1933, #2126 ) ) ;
#695 = FACE_OUTER_BOUND ( 'NONE', #376, .T. ) ;
#696 = DIRECTION ( 'NONE',  ( -0.5000000000000029976, -0.8660254037844370423, 0.000000000000000000 ) ) ;
#697 = APPROVAL_STATUS ( 'not_yet_approved' ) ;
#698 = LOCAL_TIME ( 12, 49, 41.00000000000000000, #1982 ) ;
#699 = DIRECTION ( 'NONE',  ( 0.000000000000000000, 0.000000000000000000, 1.000000000000000000 ) ) ;
#700 = DIRECTION ( 'NONE',  ( 0.000000000000000000, 0.000000000000000000, 1.000000000000000000 ) ) ;
#701 = EDGE_CURVE ( 'NONE', #158, #2792, #2702, .T. ) ;
#702 = ORIENTED_EDGE ( 'NONE', *, *, #2799, .T. ) ;
#703 = EDGE_LOOP ( 'NONE', ( #327, #1718, #1769, #2329, #849, #295, #737, #2221, #1639, #1439, #1330, #1323, #1787, #2164, #2527, #2401, #186, #1021, #476, #294, #1241, #721, #1538, #1292, #2373, #2180 ) ) ;
#704 = DIRECTION ( 'NONE',  ( -0.000000000000000000, 0.000000000000000000, 1.000000000000000000 ) ) ;
#705 = LINE ( 'NONE', #2065, #423 ) ;
#706 = ORIENTED_EDGE ( 'NONE', *, *, #663, .T. ) ;
#707 = ORIENTED_EDGE ( 'NONE', *, *, #2105, .T. ) ;
#708 = DIRECTION ( 'NONE',  ( -0.5000000000000033307, -0.8660254037844365982, 0.000000000000000000 ) ) ;
#709 = DIRECTION ( 'NONE',  ( -0.5000000000000027756, -0.8660254037844370423, 0.000000000000000000 ) ) ;
#710 = ADVANCED_FACE ( 'NONE', ( #2038 ), #81, .F. ) ;
#711 = CARTESIAN_POINT ( 'NONE',  ( -3.405398198188184899, 20.51914534019491398, -0.7499999999999998890 ) ) ;
#712 = DIRECTION ( 'NONE',  ( 0.5000000000000089928, 0.8660254037844336006, 0.000000000000000000 ) ) ;
#713 = LINE ( 'NONE', #286, #2504 ) ;
#714 = ORIENTED_EDGE ( 'NONE', *, *, #613, .F. ) ;
#715 = ORIENTED_EDGE ( 'NONE', *, *, #2622, .T. ) ;
#716 = DIRECTION ( 'NONE',  ( 0.5000000000000108802, 0.8660254037844323793, 0.000000000000000000 ) ) ;
#717 = CARTESIAN_POINT ( 'NONE',  ( -30.08707865822566419, -25.36516754068582813, 0.7499999999999998890 ) ) ;
#718 = ORIENTED_EDGE ( 'NONE', *, *, #2113, .T. ) ;
#719 = AXIS2_PLACEMENT_3D ( 'NONE', #2517, #1595, #973 ) ;
#720 = EDGE_CURVE ( 'NONE', #1317, #932, #106, .T. ) ;
#721 = ORIENTED_EDGE ( 'NONE', *, *, #964, .T. ) ;
#722 = CYLINDRICAL_SURFACE ( 'NONE', #2693, 39.79999999999971294 ) ;
#723 = DIRECTION ( 'NONE',  ( -0.5000000000000028866, -0.8660254037844369313, 0.000000000000000000 ) ) ;
#724 = CC_DESIGN_PERSON_AND_ORGANIZATION_ASSIGNMENT ( #2041, #1098, ( #2064 ) ) ;
#725 = AXIS2_PLACEMENT_3D ( 'NONE', #2111, #1243, #2579 ) ;
#726 = DIRECTION ( 'NONE',  ( 0.9999999999999995559, -2.984684049911478403E-08, 0.000000000000000000 ) ) ;
#727 = CYLINDRICAL_SURFACE ( 'NONE', #2452, 3.999999999999991118 ) ;
#728 = DIRECTION ( 'NONE',  ( 0.000000000000000000, -0.000000000000000000, -1.000000000000000000 ) ) ;
#729 = VECTOR ( 'NONE', #739, 999.9999999999998863 ) ;
#730 = AXIS2_PLACEMENT_3D ( 'NONE', #1370, #2079, #275 ) ;
#731 = VERTEX_POINT ( 'NONE', #1644 ) ;
#732 = VERTEX_POINT ( 'NONE', #2532 ) ;
#733 = ADVANCED_FACE ( 'NONE', ( #334 ), #2318, .F. ) ;
#734 = DIRECTION ( 'NONE',  ( 0.000000000000000000, 0.000000000000000000, 1.000000000000000000 ) ) ;
#735 = EDGE_CURVE ( 'NONE', #838, #1948, #1585, .T. ) ;
#736 = FACE_BOUND ( 'NONE', #632, .T. ) ;
#737 = ORIENTED_EDGE ( 'NONE', *, *, #1772, .T. ) ;
#738 = DIRECTION ( 'NONE',  ( -0.5000000000000033307, -0.8660254037844367092, 0.000000000000000000 ) ) ;
#739 = DIRECTION ( 'NONE',  ( -0.4640008580350620804, -0.8858347496811842525, 0.000000000000000000 ) ) ;
#740 = AXIS2_PLACEMENT_3D ( 'NONE', #2385, #2133, #1025 ) ;
#741 = EDGE_CURVE ( 'NONE', #2803, #2670, #1169, .T. ) ;
#742 = CARTESIAN_POINT ( 'NONE',  ( -4.000000850958119969, -28.99999988366263537, -0.7499999999999992228 ) ) ;
#743 = CARTESIAN_POINT ( 'NONE',  ( 16.88421702143650904, 32.88101964550056522, 0.7499999999999998890 ) ) ;
#744 = DIRECTION ( 'NONE',  ( 0.5000000000000028866, 0.8660254037844369313, 0.000000000000000000 ) ) ;
#745 = EDGE_LOOP ( 'NONE', ( #58, #604, #457, #2815 ) ) ;
#746 = ADVANCED_FACE ( 'NONE', ( #695 ), #488, .T. ) ;
#747 = ORIENTED_EDGE ( 'NONE', *, *, #1736, .F. ) ;
#748 = CIRCLE ( 'NONE', #1773, 1.449999999999996181 ) ;
#749 = PLANE ( 'NONE',  #2358 ) ;
#750 = CARTESIAN_POINT ( 'NONE',  ( -4.000000850958119969, -28.99999988366263537, 0.4500000000000001776 ) ) ;
#751 = VECTOR ( 'NONE', #1838, 999.9999999999998863 ) ;
#752 = ORIENTED_EDGE ( 'NONE', *, *, #577, .T. ) ;
#753 = CARTESIAN_POINT ( 'NONE',  ( -29.00124108700547154, -18.61218677584938419, -0.7499999999999998890 ) ) ;
#754 = CARTESIAN_POINT ( 'NONE',  ( -13.26644447987293596, -29.66903184909198643, -0.7499999999999998890 ) ) ;
#755 = CYLINDRICAL_SURFACE ( 'NONE', #2841, 3.999999999999999112 ) ;
#756 = DIRECTION ( 'NONE',  ( 0.000000000000000000, 0.000000000000000000, 1.000000000000000000 ) ) ;
#757 = LINE ( 'NONE', #1393, #1218 ) ;
#758 = CIRCLE ( 'NONE', #268, 4.000000000000009770 ) ;
#759 = ORIENTED_EDGE ( 'NONE', *, *, #2211, .T. ) ;
#760 = ORIENTED_EDGE ( 'NONE', *, *, #2048, .F. ) ;
#761 = DIRECTION ( 'NONE',  ( -0.8923522141467769009, 0.4513397012310628731, 0.000000000000000000 ) ) ;
#762 = DIRECTION ( 'NONE',  ( 0.000000000000000000, -0.000000000000000000, -1.000000000000000000 ) ) ;
#763 = ORIENTED_EDGE ( 'NONE', *, *, #2197, .T. ) ;
#764 = DIRECTION ( 'NONE',  ( 0.5000000000000028866, 0.8660254037844369313, 0.000000000000000000 ) ) ;
#765 = DIRECTION ( 'NONE',  ( 0.5000000000000034417, 0.8660254037844367092, 0.000000000000000000 ) ) ;
#766 = ORIENTED_EDGE ( 'NONE', *, *, #6, .F. ) ;
#767 = ADVANCED_FACE ( 'NONE', ( #1602 ), #499, .T. ) ;
#768 = DIRECTION ( 'NONE',  ( 0.5000000000000035527, 0.8660254037844367092, 0.000000000000000000 ) ) ;
#769 = DIRECTION ( 'NONE',  ( -0.5000000000000028866, -0.8660254037844369313, 0.000000000000000000 ) ) ;
#770 = CARTESIAN_POINT ( 'NONE',  ( 7.082093173944506326, -1.818348959181917079, 0.7499999999999998890 ) ) ;
#771 = VERTEX_POINT ( 'NONE', #610 ) ;
#772 = VECTOR ( 'NONE', #1189, 1000.000000000000000 ) ;
#773 = ORIENTED_EDGE ( 'NONE', *, *, #1326, .F. ) ;
#774 = VECTOR ( 'NONE', #2306, 1000.000000000000000 ) ;
#775 = EDGE_CURVE ( 'NONE', #187, #1912, #552, .T. ) ;
#776 = EDGE_CURVE ( 'NONE', #247, #2147, #1628, .T. ) ;
#777 = DIRECTION ( 'NONE',  ( -0.5000000000000028866, -0.8660254037844369313, 0.000000000000000000 ) ) ;
#778 = APPROVAL ( #2254, 'UNSPECIFIED' ) ;
#779 = CARTESIAN_POINT ( 'NONE',  ( 43.04333899873443414, -1.856003432148061405, 0.7499999999999998890 ) ) ;
#780 = VERTEX_POINT ( 'NONE', #989 ) ;
#781 = EDGE_CURVE ( 'NONE', #1184, #1610, #1354, .T. ) ;
#782 = AXIS2_PLACEMENT_3D ( 'NONE', #2445, #2616, #1315 ) ;
#783 = CARTESIAN_POINT ( 'NONE',  ( -19.53460926804423892, 14.16506409250735032, -11.93034015445707574 ) ) ;
#784 = CYLINDRICAL_SURFACE ( 'NONE', #1010, 39.79999999999982663 ) ;
#785 = VERTEX_POINT ( 'NONE', #380 ) ;
#786 = EDGE_CURVE ( 'NONE', #2428, #875, #359, .T. ) ;
#787 = DIRECTION ( 'NONE',  ( 0.000000000000000000, -0.000000000000000000, -1.000000000000000000 ) ) ;
#788 = CARTESIAN_POINT ( 'NONE',  ( 13.34858002428915213, -29.69301450067526815, -0.7499999999999998890 ) ) ;
#789 = FACE_OUTER_BOUND ( 'NONE', #1681, .T. ) ;
#790 = CIRCLE ( 'NONE', #2189, 1.000000000000003109 ) ;
#791 = ORIENTED_EDGE ( 'NONE', *, *, #2588, .T. ) ;
#792 = VERTEX_POINT ( 'NONE', #1672 ) ;
#793 = EDGE_CURVE ( 'NONE', #2324, #2095, #2589, .T. ) ;
#794 = AXIS2_PLACEMENT_3D ( 'NONE', #2782, #1431, #2309 ) ;
#795 = DIRECTION ( 'NONE',  ( 0.000000000000000000, 0.000000000000000000, -1.000000000000000000 ) ) ;
#796 = DIRECTION ( 'NONE',  ( -0.5000000000000043299, -0.8660254037844361541, 0.000000000000000000 ) ) ;
#797 = ORIENTED_EDGE ( 'NONE', *, *, #1040, .T. ) ;
#798 = DIRECTION ( 'NONE',  ( -0.8447539052767347734, -0.5351549677614004796, 0.000000000000000000 ) ) ;
#799 = CARTESIAN_POINT ( 'NONE',  ( 5.626406700395597760, -28.50000017098041383, -0.7499999999999998890 ) ) ;
#800 = CIRCLE ( 'NONE', #846, 1.499999999999998446 ) ;
#801 = VECTOR ( 'NONE', #843, 1000.000000000000000 ) ;
#802 = ORIENTED_EDGE ( 'NONE', *, *, #818, .F. ) ;
#803 = CARTESIAN_POINT ( 'NONE',  ( 11.63365131311878642, -26.01745869843496806, 0.7499999999999998890 ) ) ;
#804 = LINE ( 'NONE', #2143, #1200 ) ;
#805 = EDGE_CURVE ( 'NONE', #2311, #813, #1488, .T. ) ;
#806 = VERTEX_POINT ( 'NONE', #2377 ) ;
#807 = ORIENTED_EDGE ( 'NONE', *, *, #2499, .T. ) ;
#808 = VERTEX_POINT ( 'NONE', #2122 ) ;
#809 = CARTESIAN_POINT ( 'NONE',  ( -5.115782978568359951, -5.224098121022865193, 0.7499999999999998890 ) ) ;
#810 = ORIENTED_EDGE ( 'NONE', *, *, #242, .T. ) ;
#811 = DIRECTION ( 'NONE',  ( 0.5000000000000031086, 0.8660254037844368202, 0.000000000000000000 ) ) ;
#812 = CARTESIAN_POINT ( 'NONE',  ( -19.95721519416154166, -35.64312081866690818, -0.7499999999999998890 ) ) ;
#813 = VERTEX_POINT ( 'NONE', #1925 ) ;
#814 = CARTESIAN_POINT ( 'NONE',  ( -19.75000000000007816, -34.20800344948519722, -0.7499999999999998890 ) ) ;
#815 = DIRECTION ( 'NONE',  ( 0.5000000000000033307, 0.8660254037844367092, 0.000000000000000000 ) ) ;
#816 = EDGE_CURVE ( 'NONE', #1952, #100, #1165, .T. ) ;
#817 = LINE ( 'NONE', #1288, #71 ) ;
#818 = EDGE_CURVE ( 'NONE', #1435, #662, #888, .T. ) ;
#819 = LINE ( 'NONE', #1710, #2554 ) ;
#820 = ORIENTED_EDGE ( 'NONE', *, *, #528, .T. ) ;
#821 = EDGE_LOOP ( 'NONE', ( #124, #2120, #2696, #1084 ) ) ;
#822 = ORIENTED_EDGE ( 'NONE', *, *, #2580, .F. ) ;
#823 = VECTOR ( 'NONE', #990, 1000.000000000000000 ) ;
#824 = EDGE_CURVE ( 'NONE', #433, #1567, #126, .T. ) ;
#825 = EDGE_CURVE ( 'NONE', #806, #2389, #1270, .T. ) ;
#826 = CIRCLE ( 'NONE', #1900, 0.9999999999999991118 ) ;
#827 = CARTESIAN_POINT ( 'NONE',  ( 22.77532495184236794, 16.03609038166902323, -0.7499999999999998890 ) ) ;
#828 = DIRECTION ( 'NONE',  ( 0.8915106817748846835, -0.4529996735995295287, 0.000000000000000000 ) ) ;
#829 = ORIENTED_EDGE ( 'NONE', *, *, #447, .T. ) ;
#830 = CYLINDRICAL_SURFACE ( 'NONE', #940, 1.449999999999996181 ) ;
#831 = DIRECTION ( 'NONE',  ( 0.000000000000000000, -0.000000000000000000, -1.000000000000000000 ) ) ;
#832 = LINE ( 'NONE', #2172, #1917 ) ;
#833 = ADVANCED_FACE ( 'NONE', ( #1001 ), #2545, .T. ) ;
#834 = CARTESIAN_POINT ( 'NONE',  ( -19.75000000000007816, -34.20800344948519722, 0.7500000000000001110 ) ) ;
#835 = ORIENTED_EDGE ( 'NONE', *, *, #1348, .T. ) ;
#836 = CIRCLE ( 'NONE', #2465, 3.999999999999999112 ) ;
#837 = ORIENTED_EDGE ( 'NONE', *, *, #2501, .T. ) ;
#838 = VERTEX_POINT ( 'NONE', #1032 ) ;
#839 = ORGANIZATION ( 'UNSPECIFIED', 'UNSPECIFIED', '' ) ;
#840 = DIRECTION ( 'NONE',  ( 0.000000000000000000, 0.000000000000000000, 1.000000000000000000 ) ) ;
#841 = CARTESIAN_POINT ( 'NONE',  ( 39.50000000000960654, -7.756742795736419839E-12, 0.7499999999999998890 ) ) ;
#842 = VERTEX_POINT ( 'NONE', #2819 ) ;
#843 = DIRECTION ( 'NONE',  ( 0.000000000000000000, 0.000000000000000000, 1.000000000000000000 ) ) ;
#844 = DIRECTION ( 'NONE',  ( 0.000000000000000000, -0.000000000000000000, -1.000000000000000000 ) ) ;
#845 = DIRECTION ( 'NONE',  ( 0.000000000000000000, 0.000000000000000000, 1.000000000000000000 ) ) ;
#846 = AXIS2_PLACEMENT_3D ( 'NONE', #742, #64, #2750 ) ;
#847 = LINE ( 'NONE', #1052, #2186 ) ;
#848 = CARTESIAN_POINT ( 'NONE',  ( 2.999999268429176080, -25.86602551129826466, -0.7499999999999998890 ) ) ;
#849 = ORIENTED_EDGE ( 'NONE', *, *, #1978, .T. ) ;
#850 = ORIENTED_EDGE ( 'NONE', *, *, #333, .T. ) ;
#851 = ORIENTED_EDGE ( 'NONE', *, *, #2279, .F. ) ;
#852 = VECTOR ( 'NONE', #566, 1000.000000000000227 ) ;
#853 = LINE ( 'NONE', #1743, #223 ) ;
#854 = CARTESIAN_POINT ( 'NONE',  ( 39.49999999999992895, -2.528858120092247205E-15, -0.7499999999999998890 ) ) ;
#855 = ORIENTED_EDGE ( 'NONE', *, *, #1179, .T. ) ;
#856 = CYLINDRICAL_SURFACE ( 'NONE', #572, 1.000000000000003109 ) ;
#857 = AXIS2_PLACEMENT_3D ( 'NONE', #809, #1935, #1251 ) ;
#858 = DIRECTION ( 'NONE',  ( 0.000000000000000000, -0.000000000000000000, -1.000000000000000000 ) ) ;
#859 = CARTESIAN_POINT ( 'NONE',  ( -19.91432337761743199, 38.20462675267128816, 0.7499999999999998890 ) ) ;
#860 = EDGE_CURVE ( 'NONE', #187, #554, #178, .T. ) ;
#861 = DIRECTION ( 'NONE',  ( 0.000000000000000000, 0.000000000000000000, 1.000000000000000000 ) ) ;
#862 = AXIS2_PLACEMENT_3D ( 'NONE', #1830, #2500, #45 ) ;
#863 = FACE_OUTER_BOUND ( 'NONE', #2032, .T. ) ;
#864 = VERTEX_POINT ( 'NONE', #827 ) ;
#865 = ORIENTED_EDGE ( 'NONE', *, *, #1985, .F. ) ;
#866 = VERTEX_POINT ( 'NONE', #130 ) ;
#867 = ADVANCED_FACE ( 'NONE', ( #1716 ), #2759, .T. ) ;
#868 = CIRCLE ( 'NONE', #2769, 1.500000000000001998 ) ;
#869 = EDGE_CURVE ( 'NONE', #1857, #1371, #2480, .T. ) ;
#870 = ADVANCED_FACE ( 'NONE', ( #1456 ), #1909, .T. ) ;
#871 = CARTESIAN_POINT ( 'NONE',  ( 3.499999268429180077, -25.00000010751382717, -0.7499999999999998890 ) ) ;
#872 = CARTESIAN_POINT ( 'NONE',  ( -17.72656601660451159, 28.93275796563909452, 0.7499999999999998890 ) ) ;
#873 = CIRCLE ( 'NONE', #2775, 1.000000000000003109 ) ;
#874 = AXIS2_PLACEMENT_3D ( 'NONE', #2200, #222, #1108 ) ;
#875 = VERTEX_POINT ( 'NONE', #1107 ) ;
#876 = EDGE_CURVE ( 'NONE', #1324, #2627, #1930, .T. ) ;
#877 = PLANE ( 'NONE',  #558 ) ;
#878 = DIRECTION ( 'NONE',  ( 0.8380645661306752592, 0.5455710613624985550, 0.000000000000000000 ) ) ;
#879 = PERSON_AND_ORGANIZATION ( #1885, #839 ) ;
#880 = CIRCLE ( 'NONE', #148, 2.249999999999999112 ) ;
#881 = EDGE_CURVE ( 'NONE', #1426, #1924, #21, .T. ) ;
#882 = DIRECTION ( 'NONE',  ( 0.000000000000000000, -0.000000000000000000, -1.000000000000000000 ) ) ;
#883 = CARTESIAN_POINT ( 'NONE',  ( -17.31975466228174554, -37.38509450870836304, 0.7499999999999998890 ) ) ;
#884 = ORIENTED_EDGE ( 'NONE', *, *, #534, .F. ) ;
#885 = ORIENTED_EDGE ( 'NONE', *, *, #1943, .T. ) ;
#886 = EDGE_CURVE ( 'NONE', #688, #771, #758, .T. ) ;
#887 = ORIENTED_EDGE ( 'NONE', *, *, #701, .T. ) ;
#888 = CIRCLE ( 'NONE', #2021, 44.00000000000947864 ) ;
#889 = CARTESIAN_POINT ( 'NONE',  ( 13.26644447987222186, -29.66903184909253710, -0.7499999999999998890 ) ) ;
#890 = LINE ( 'NONE', #872, #1802 ) ;
#891 = DIRECTION ( 'NONE',  ( 0.000000000000000000, 0.000000000000000000, 1.000000000000000000 ) ) ;
#892 = LINE ( 'NONE', #2027, #2228 ) ;
#893 = VECTOR ( 'NONE', #1840, 1000.000000000000114 ) ;
#894 = CARTESIAN_POINT ( 'NONE',  ( 9.633651313118779314, -29.48156031357270734, -0.7499999999999998890 ) ) ;
#895 = CARTESIAN_POINT ( 'NONE',  ( 33.79471763230684189, 3.143275553626377228, -0.7499999999999998890 ) ) ;
#896 = CIRCLE ( 'NONE', #1544, 1.449999999999996181 ) ;
#897 = ORIENTED_EDGE ( 'NONE', *, *, #816, .F. ) ;
#898 = ORIENTED_EDGE ( 'NONE', *, *, #2380, .T. ) ;
#899 = CYLINDRICAL_SURFACE ( 'NONE', #665, 0.2500000000000026645 ) ;
#900 = DIRECTION ( 'NONE',  ( 0.5000000000000033307, 0.8660254037844365982, 0.000000000000000000 ) ) ;
#901 = VERTEX_POINT ( 'NONE', #2199 ) ;
#902 = FACE_OUTER_BOUND ( 'NONE', #340, .T. ) ;
#903 = FACE_BOUND ( 'NONE', #2740, .T. ) ;
#904 = SECURITY_CLASSIFICATION_LEVEL ( 'unclassified' ) ;
#905 = DIRECTION ( 'NONE',  ( 0.000000000000000000, 0.000000000000000000, 1.000000000000000000 ) ) ;
#906 = PLANE ( 'NONE',  #1867 ) ;
#907 = EDGE_CURVE ( 'NONE', #792, #2060, #2207, .T. ) ;
#908 = VECTOR ( 'NONE', #127, 1000.000000000000000 ) ;
#909 = VECTOR ( 'NONE', #2322, 1000.000000000000000 ) ;
#910 = VERTEX_POINT ( 'NONE', #2166 ) ;
#911 = VERTEX_POINT ( 'NONE', #2233 ) ;
#912 = DIRECTION ( 'NONE',  ( 0.5000000000000028866, 0.8660254037844369313, 0.000000000000000000 ) ) ;
#913 = LINE ( 'NONE', #1845, #921 ) ;
#914 = VERTEX_POINT ( 'NONE', #2435 ) ;
#915 = AXIS2_PLACEMENT_3D ( 'NONE', #2525, #1648, #1662 ) ;
#916 = CARTESIAN_POINT ( 'NONE',  ( 21.53461001021641152, 10.70096125158345579, -15.29656465847268976 ) ) ;
#917 = FACE_OUTER_BOUND ( 'NONE', #1902, .T. ) ;
#918 = EDGE_CURVE ( 'NONE', #149, #1455, #2617, .T. ) ;
#919 = PERSON_AND_ORGANIZATION ( #1885, #839 ) ;
#920 = CARTESIAN_POINT ( 'NONE',  ( -25.27532412382966953, 11.70596479690644820, -0.7499999999999998890 ) ) ;
#921 = VECTOR ( 'NONE', #2713, 1000.000000000000000 ) ;
#922 = CARTESIAN_POINT ( 'NONE',  ( 3.499999268429180077, -25.00000010751382717, -0.7499999999999998890 ) ) ;
#923 = ORIENTED_EDGE ( 'NONE', *, *, #383, .F. ) ;
#924 = ORIENTED_EDGE ( 'NONE', *, *, #233, .F. ) ;
#925 = AXIS2_PLACEMENT_3D ( 'NONE', #1630, #2520, #2083 ) ;
#926 = EDGE_CURVE ( 'NONE', #1877, #1353, #1511, .T. ) ;
#927 = DIRECTION ( 'NONE',  ( 0.05530446007079042187, -0.9984695371899326988, 0.000000000000000000 ) ) ;
#928 = LINE ( 'NONE', #1163, #1157 ) ;
#929 = EDGE_LOOP ( 'NONE', ( #1110, #2601, #1469, #2854 ) ) ;
#930 = VECTOR ( 'NONE', #2146, 999.9999999999998863 ) ;
#931 = AXIS2_PLACEMENT_3D ( 'NONE', #2102, #1422, #2313 ) ;
#932 = VERTEX_POINT ( 'NONE', #1774 ) ;
#933 = CARTESIAN_POINT ( 'NONE',  ( 33.91978640809251289, 0.8852775094229755615, 0.7499999999999998890 ) ) ;
#934 = CARTESIAN_POINT ( 'NONE',  ( 3.999999149041860935, -29.00000012243728165, 0.4500000000000001776 ) ) ;
#935 = VECTOR ( 'NONE', #1335, 1000.000000000000000 ) ;
#936 = DIRECTION ( 'NONE',  ( 0.5000000000000026645, 0.8660254037844370423, 0.000000000000000000 ) ) ;
#937 = CARTESIAN_POINT ( 'NONE',  ( -1.966310195375652548, 7.042447080195312736, -0.7499999999999998890 ) ) ;
#938 = CARTESIAN_POINT ( 'NONE',  ( 33.91978640809251289, 0.8852775094229755615, -0.7499999999999998890 ) ) ;
#939 = ORIENTED_EDGE ( 'NONE', *, *, #2298, .F. ) ;
#940 = AXIS2_PLACEMENT_3D ( 'NONE', #1503, #2394, #1895 ) ;
#941 = ORIENTED_EDGE ( 'NONE', *, *, #368, .T. ) ;
#942 = EDGE_CURVE ( 'NONE', #1857, #389, #2831, .T. ) ;
#943 = DIRECTION ( 'NONE',  ( 0.5000000000000028866, 0.8660254037844370423, 0.000000000000000000 ) ) ;
#944 = CARTESIAN_POINT ( 'NONE',  ( -20.90063468275337399, 13.79903872949444121, 0.7499999999999996669 ) ) ;
#945 = EDGE_LOOP ( 'NONE', ( #1192, #1274, #2552, #631 ) ) ;
#946 = PLANE ( 'NONE',  #2689 ) ;
#947 = PLANE ( 'NONE',  #329 ) ;
#948 = EDGE_CURVE ( 'NONE', #731, #2528, #445, .T. ) ;
#949 = CARTESIAN_POINT ( 'NONE',  ( -21.40515450758794813, 19.86382619763763557, -0.7499999999999998890 ) ) ;
#950 = DIRECTION ( 'NONE',  ( 0.5000000000000036637, 0.8660254037844365982, 0.000000000000000000 ) ) ;
#951 = DIRECTION ( 'NONE',  ( -0.000000000000000000, -0.000000000000000000, -1.000000000000000000 ) ) ;
#952 = ADVANCED_FACE ( 'NONE', ( #1327 ), #1073, .F. ) ;
#953 = VECTOR ( 'NONE', #927, 1000.000000000000114 ) ;
#954 = EDGE_CURVE ( 'NONE', #961, #911, #221, .T. ) ;
#955 = ORIENTED_EDGE ( 'NONE', *, *, #2630, .T. ) ;
#956 = EDGE_LOOP ( 'NONE', ( #2443, #403 ) ) ;
#957 = AXIS2_PLACEMENT_3D ( 'NONE', #985, #548, #1236 ) ;
#958 = CARTESIAN_POINT ( 'NONE',  ( -19.75000000000007816, -34.20800344948519722, 0.7500000000000003331 ) ) ;
#959 = LINE ( 'NONE', #46, #332 ) ;
#960 = ADVANCED_FACE ( 'NONE', ( #4 ), #1962, .T. ) ;
#961 = VERTEX_POINT ( 'NONE', #2217 ) ;
#962 = DIRECTION ( 'NONE',  ( 0.000000000000000000, 0.000000000000000000, 1.000000000000000000 ) ) ;
#963 = CARTESIAN_POINT ( 'NONE',  ( -24.58808720943517656, 22.28641560063425686, -0.7499999999999998890 ) ) ;
#964 = EDGE_CURVE ( 'NONE', #1667, #592, #1296, .T. ) ;
#965 = AXIS2_PLACEMENT_3D ( 'NONE', #2608, #844, #182 ) ;
#966 = DIRECTION ( 'NONE',  ( 0.000000000000000000, -0.000000000000000000, -1.000000000000000000 ) ) ;
#967 = CARTESIAN_POINT ( 'NONE',  ( -2.477282425888648110, 34.48834721836994532, 0.7499999999999998890 ) ) ;
#968 = CARTESIAN_POINT ( 'NONE',  ( 39.50000000000960654, -7.756742795736419839E-12, 0.7499999999999998890 ) ) ;
#969 = AXIS2_PLACEMENT_3D ( 'NONE', #2069, #279, #709 ) ;
#970 = ORIENTED_EDGE ( 'NONE', *, *, #2197, .F. ) ;
#971 = ORIENTED_EDGE ( 'NONE', *, *, #1086, .F. ) ;
#972 = EDGE_CURVE ( 'NONE', #288, #482, #2181, .T. ) ;
#973 = DIRECTION ( 'NONE',  ( -0.5000000000000027756, -0.8660254037844370423, 0.000000000000000000 ) ) ;
#974 = LINE ( 'NONE', #717, #2131 ) ;
#975 = VERTEX_POINT ( 'NONE', #188 ) ;
#976 = AXIS2_PLACEMENT_3D ( 'NONE', #1401, #309, #738 ) ;
#977 = DIRECTION ( 'NONE',  ( -0.05530446007081697007, 0.9984695371899313665, 0.000000000000000000 ) ) ;
#978 = FACE_OUTER_BOUND ( 'NONE', #1804, .T. ) ;
#979 = DIRECTION ( 'NONE',  ( 0.4999999741518820762, -0.8660254187078559873, 0.000000000000000000 ) ) ;
#980 = CYLINDRICAL_SURFACE ( 'NONE', #2124, 1.000000000000001110 ) ;
#981 = DIRECTION ( 'NONE',  ( 0.000000000000000000, -0.000000000000000000, -1.000000000000000000 ) ) ;
#982 = CIRCLE ( 'NONE', #656, 1.000000000000002442 ) ;
#983 = ORIENTED_EDGE ( 'NONE', *, *, #720, .F. ) ;
#984 = EDGE_LOOP ( 'NONE', ( #1506, #271, #1285, #471 ) ) ;
#985 = CARTESIAN_POINT ( 'NONE',  ( -27.27532422722212146, 8.241863241462356271, -0.7499999999999998890 ) ) ;
#986 = FACE_OUTER_BOUND ( 'NONE', #456, .T. ) ;
#987 = VERTEX_POINT ( 'NONE', #1341 ) ;
#988 = AXIS2_PLACEMENT_3D ( 'NONE', #425, #1082, #1969 ) ;
#989 = CARTESIAN_POINT ( 'NONE',  ( -19.61951529668721150, 27.69544620648698441, 0.7499999999999998890 ) ) ;
#990 = DIRECTION ( 'NONE',  ( 0.000000000000000000, -0.000000000000000000, -1.000000000000000000 ) ) ;
#991 = EDGE_LOOP ( 'NONE', ( #2481, #2709, #1553, #252 ) ) ;
#992 = DIRECTION ( 'NONE',  ( 0.000000000000000000, 0.000000000000000000, -1.000000000000000000 ) ) ;
#993 = FACE_OUTER_BOUND ( 'NONE', #1269, .T. ) ;
#994 = AXIS2_PLACEMENT_3D ( 'NONE', #1528, #2010, #635 ) ;
#995 = DIRECTION ( 'NONE',  ( 0.000000000000000000, 0.000000000000000000, 1.000000000000000000 ) ) ;
#996 = EDGE_LOOP ( 'NONE', ( #1168, #2052, #1842, #192 ) ) ;
#997 = ORIENTED_EDGE ( 'NONE', *, *, #2511, .F. ) ;
#998 = LINE ( 'NONE', #2770, #2766 ) ;
#999 = DIRECTION ( 'NONE',  ( 0.000000000000000000, -0.000000000000000000, -1.000000000000000000 ) ) ;
#1000 = ORIENTED_EDGE ( 'NONE', *, *, #2310, .F. ) ;
#1001 = FACE_OUTER_BOUND ( 'NONE', #991, .T. ) ;
#1002 = DIRECTION ( 'NONE',  ( -0.5000000000000032196, -0.8660254037844367092, 0.000000000000000000 ) ) ;
#1003 = EDGE_LOOP ( 'NONE', ( #2031, #1848 ) ) ;
#1004 = ADVANCED_FACE ( 'NONE', ( #1995 ), #899, .T. ) ;
#1005 = DIRECTION ( 'NONE',  ( -0.4513397012310628176, -0.8923522141467767899, 0.000000000000000000 ) ) ;
#1006 = FACE_OUTER_BOUND ( 'NONE', #945, .T. ) ;
#1007 = CARTESIAN_POINT ( 'NONE',  ( -27.27532422722212146, 8.241863241462356271, 0.7499999999999998890 ) ) ;
#1008 = VECTOR ( 'NONE', #49, 1000.000000000000000 ) ;
#1009 = ORIENTED_EDGE ( 'NONE', *, *, #1260, .F. ) ;
#1010 = AXIS2_PLACEMENT_3D ( 'NONE', #2154, #1284, #2167 ) ;
#1011 = ORIENTED_EDGE ( 'NONE', *, *, #1425, .T. ) ;
#1012 = AXIS2_PLACEMENT_3D ( 'NONE', #1596, #2483, #2050 ) ;
#1013 = CARTESIAN_POINT ( 'NONE',  ( 22.90063540307614787, 10.33493580702747749, -0.7499999999999998890 ) ) ;
#1014 = CARTESIAN_POINT ( 'NONE',  ( 39.50000000000960654, -7.756742795736419839E-12, 0.7499999999999998890 ) ) ;
#1015 = ORIENTED_EDGE ( 'NONE', *, *, #2716, .T. ) ;
#1016 = VECTOR ( 'NONE', #700, 1000.000000000000000 ) ;
#1017 = EDGE_CURVE ( 'NONE', #1739, #1924, #404, .T. ) ;
#1018 = CARTESIAN_POINT ( 'NONE',  ( -22.03460939728480383, 9.834937148202234525, 0.7499999999999998890 ) ) ;
#1019 = CARTESIAN_POINT ( 'NONE',  ( -4.000000850958119969, -28.99999988366263537, -0.7499999999999992228 ) ) ;
#1020 = AXIS2_PLACEMENT_3D ( 'NONE', #1372, #2263, #708 ) ;
#1021 = ORIENTED_EDGE ( 'NONE', *, *, #1436, .F. ) ;
#1022 = DIRECTION ( 'NONE',  ( -0.5000000000000033307, -0.8660254037844365982, 0.000000000000000000 ) ) ;
#1023 = CARTESIAN_POINT ( 'NONE',  ( 5.626406775012695149, -26.00000017098042093, -0.7499999999999998890 ) ) ;
#1024 = CIRCLE ( 'NONE', #931, 0.9999999999999706901 ) ;
#1025 = DIRECTION ( 'NONE',  ( -0.5000000000000035527, -0.8660254037844367092, 0.000000000000000000 ) ) ;
#1026 = ORIENTED_EDGE ( 'NONE', *, *, #805, .F. ) ;
#1027 = ORIENTED_EDGE ( 'NONE', *, *, #1395, .F. ) ;
#1028 = VECTOR ( 'NONE', #1897, 1000.000000000000000 ) ;
#1029 = DIRECTION ( 'NONE',  ( -0.8915106817748846835, 0.4529996735995295287, 0.000000000000000000 ) ) ;
#1030 = EDGE_CURVE ( 'NONE', #2446, #1513, #853, .T. ) ;
#1031 = EDGE_LOOP ( 'NONE', ( #1756, #1076, #1798, #1308 ) ) ;
#1032 = CARTESIAN_POINT ( 'NONE',  ( 21.53461001021640797, 10.70096125158345757, -0.7499999999999998890 ) ) ;
#1033 = CARTESIAN_POINT ( 'NONE',  ( -3.250000850958115972, -27.70096177798597736, 0.7499999999999998890 ) ) ;
#1034 = VERTEX_POINT ( 'NONE', #2078 ) ;
#1035 = CYLINDRICAL_SURFACE ( 'NONE', #216, 2.249999999999999112 ) ;
#1036 = LINE ( 'NONE', #2565, #679 ) ;
#1037 = CARTESIAN_POINT ( 'NONE',  ( 5.626406700395597760, -28.50000017098041383, 0.7499999999999998890 ) ) ;
#1038 = VERTEX_POINT ( 'NONE', #292 ) ;
#1039 = ORIENTED_EDGE ( 'NONE', *, *, #2382, .T. ) ;
#1040 = EDGE_CURVE ( 'NONE', #2149, #910, #2720, .T. ) ;
#1041 = VECTOR ( 'NONE', #460, 1000.000000000000114 ) ;
#1042 = EDGE_CURVE ( 'NONE', #1490, #1249, #2260, .T. ) ;
#1043 = ORIENTED_EDGE ( 'NONE', *, *, #825, .F. ) ;
#1044 = CARTESIAN_POINT ( 'NONE',  ( -4.000000850958119969, -28.99999988366263537, 0.4500000000000001776 ) ) ;
#1045 = EDGE_LOOP ( 'NONE', ( #1714, #2134, #1884, #1482, #229, #400, #208, #132, #2746, #2046, #669, #2767, #1, #648, #1507, #2548, #1934, #1290, #885, #138, #810, #1450, #2684, #2784, #2610, #2797, #1062, #2685, #1421, #1939, #1282, #513, #1889, #341, #2690, #2289, #855, #354, #88, #850, #2162, #2484, #2515, #1124, #1918 ) ) ;
#1046 = DIRECTION ( 'NONE',  ( 0.5000000258481129833, 0.8660253888610230932, 0.000000000000000000 ) ) ;
#1047 = DIRECTION ( 'NONE',  ( -0.8892051767466552237, -0.4575086377839763241, 0.000000000000000000 ) ) ;
#1048 = ADVANCED_FACE ( 'NONE', ( #2699 ), #262, .T. ) ;
#1049 = ORIENTED_EDGE ( 'NONE', *, *, #2587, .F. ) ;
#1050 = DIRECTION ( 'NONE',  ( 0.000000000000000000, 0.000000000000000000, 1.000000000000000000 ) ) ;
#1051 = DIRECTION ( 'NONE',  ( 0.000000000000000000, -0.000000000000000000, -1.000000000000000000 ) ) ;
#1052 = CARTESIAN_POINT ( 'NONE',  ( -2.875000850958111975, -27.05144272514764481, 0.7499999999999998890 ) ) ;
#1053 = ORIENTED_EDGE ( 'NONE', *, *, #2812, .F. ) ;
#1054 = AXIS2_PLACEMENT_3D ( 'NONE', #1806, #464, #2223 ) ;
#1055 = EDGE_LOOP ( 'NONE', ( #612, #2195, #177, #1752 ) ) ;
#1056 = ORIENTED_EDGE ( 'NONE', *, *, #881, .T. ) ;
#1057 = AXIS2_PLACEMENT_3D ( 'NONE', #2820, #1442, #1926 ) ;
#1058 = AXIS2_PLACEMENT_3D ( 'NONE', #75, #762, #2557 ) ;
#1059 = DIRECTION ( 'NONE',  ( 0.5000000000000028866, 0.8660254037844370423, 0.000000000000000000 ) ) ;
#1060 = DIRECTION ( 'NONE',  ( 0.5000000000000026645, 0.8660254037844370423, 0.000000000000000000 ) ) ;
#1061 = MANIFOLD_SOLID_BREP ( 'Fillet7', #2003 ) ;
#1062 = ORIENTED_EDGE ( 'NONE', *, *, #2508, .T. ) ;
#1063 = DIRECTION ( 'NONE',  ( 0.000000000000000000, 0.000000000000000000, 1.000000000000000000 ) ) ;
#1064 = DIRECTION ( 'NONE',  ( -0.5000000000000026645, -0.8660254037844370423, 0.000000000000000000 ) ) ;
#1065 = DIRECTION ( 'NONE',  ( 0.000000000000000000, -0.000000000000000000, -1.000000000000000000 ) ) ;
#1066 = EDGE_LOOP ( 'NONE', ( #1160, #2342, #1228, #2697 ) ) ;
#1067 = DIRECTION ( 'NONE',  ( 0.000000000000000000, -0.000000000000000000, -1.000000000000000000 ) ) ;
#1068 = ORIENTED_EDGE ( 'NONE', *, *, #1689, .F. ) ;
#1069 = AXIS2_PLACEMENT_3D ( 'NONE', #137, #1901, #154 ) ;
#1070 = ORIENTED_EDGE ( 'NONE', *, *, #220, .F. ) ;
#1071 = ORIENTED_EDGE ( 'NONE', *, *, #775, .F. ) ;
#1072 = AXIS2_PLACEMENT_3D ( 'NONE', #1037, #2407, #212 ) ;
#1073 = CYLINDRICAL_SURFACE ( 'NONE', #1554, 1.000000000000002442 ) ;
#1074 = CARTESIAN_POINT ( 'NONE',  ( -20.47500000000007958, -35.46374028497263708, 0.7500000000000003331 ) ) ;
#1075 = EDGE_CURVE ( 'NONE', #1593, #1872, #95, .T. ) ;
#1076 = ORIENTED_EDGE ( 'NONE', *, *, #30, .T. ) ;
#1077 = CIRCLE ( 'NONE', #1731, 1.000000000000000444 ) ;
#1078 = DIRECTION ( 'NONE',  ( 0.000000000000000000, 0.000000000000000000, -1.000000000000000000 ) ) ;
#1079 = DIRECTION ( 'NONE',  ( 0.000000000000000000, -0.000000000000000000, -1.000000000000000000 ) ) ;
#1080 = FACE_OUTER_BOUND ( 'NONE', #984, .T. ) ;
#1081 = AXIS2_PLACEMENT_3D ( 'NONE', #1574, #2461, #2014 ) ;
#1082 = DIRECTION ( 'NONE',  ( 0.000000000000000000, 0.000000000000000000, 1.000000000000000000 ) ) ;
#1083 = CARTESIAN_POINT ( 'NONE',  ( -4.000000850958119969, -28.99999988366263537, 0.7499999999999998890 ) ) ;
#1084 = ORIENTED_EDGE ( 'NONE', *, *, #2774, .T. ) ;
#1085 = ADVANCED_FACE ( 'NONE', ( #495 ), #315, .F. ) ;
#1086 = EDGE_CURVE ( 'NONE', #1359, #427, #1334, .T. ) ;
#1087 = ORIENTED_EDGE ( 'NONE', *, *, #869, .T. ) ;
#1088 = VECTOR ( 'NONE', #2844, 1000.000000000000000 ) ;
#1089 = VERTEX_POINT ( 'NONE', #2033 ) ;
#1090 = APPLICATION_CONTEXT ( 'configuration controlled 3d designs of mechanical parts and assemblies' ) ;
#1091 = CARTESIAN_POINT ( 'NONE',  ( -19.74999999999031175, -34.20800344949305583, -0.7499999999999998890 ) ) ;
#1092 = CARTESIAN_POINT ( 'NONE',  ( 33.91978640809252710, 0.8852775094229685671, -0.7499999999999998890 ) ) ;
#1093 = EDGE_CURVE ( 'NONE', #1502, #2213, #2490, .T. ) ;
#1094 = ORIENTED_EDGE ( 'NONE', *, *, #2113, .F. ) ;
#1095 = CARTESIAN_POINT ( 'NONE',  ( 1.499999298275970228, -24.00000004782022245, -0.7499999999999998890 ) ) ;
#1096 = VECTOR ( 'NONE', #761, 999.9999999999998863 ) ;
#1097 = CARTESIAN_POINT ( 'NONE',  ( 20.77532505523484474, 19.50019205650044896, -0.7499999999999998890 ) ) ;
#1098 = PERSON_AND_ORGANIZATION_ROLE ( 'creator' ) ;
#1099 = EDGE_CURVE ( 'NONE', #2792, #2312, #497, .T. ) ;
#1100 = DIRECTION ( 'NONE',  ( 0.000000000000000000, 0.000000000000000000, 1.000000000000000000 ) ) ;
#1101 = AXIS2_PLACEMENT_3D ( 'NONE', #306, #2743, #56 ) ;
#1102 = DIRECTION ( 'NONE',  ( 0.000000000000000000, 0.000000000000000000, 1.000000000000000000 ) ) ;
#1103 = ORIENTED_EDGE ( 'NONE', *, *, #1646, .F. ) ;
#1104 = ORIENTED_EDGE ( 'NONE', *, *, #1155, .T. ) ;
#1105 = ORIENTED_EDGE ( 'NONE', *, *, #1273, .T. ) ;
#1106 = VECTOR ( 'NONE', #2337, 1000.000000000000000 ) ;
#1107 = CARTESIAN_POINT ( 'NONE',  ( -1.500000701723945618, -23.99999995827970167, 0.7499999999999998890 ) ) ;
#1108 = DIRECTION ( 'NONE',  ( 0.4999999741518824092, -0.8660254187078557653, 0.000000000000000000 ) ) ;
#1109 = AXIS2_PLACEMENT_3D ( 'NONE', #1182, #2261, #1641 ) ;
#1110 = ORIENTED_EDGE ( 'NONE', *, *, #459, .F. ) ;
#1111 = DIRECTION ( 'NONE',  ( 0.000000000000000000, 0.000000000000000000, 1.000000000000000000 ) ) ;
#1112 = CARTESIAN_POINT ( 'NONE',  ( 2.874999149041854718, -30.94855728095226155, 0.7499999999999998890 ) ) ;
#1113 = CALENDAR_DATE ( 2025, 21, 1 ) ;
#1114 = DIRECTION ( 'NONE',  ( -0.000000000000000000, -0.000000000000000000, -1.000000000000000000 ) ) ;
#1115 = DIRECTION ( 'NONE',  ( 0.5000000000000024425, 0.8660254037844372643, 0.000000000000000000 ) ) ;
#1116 = ORIENTED_EDGE ( 'NONE', *, *, #1745, .F. ) ;
#1117 = EDGE_LOOP ( 'NONE', ( #180, #620, #573, #2249 ) ) ;
#1118 = VECTOR ( 'NONE', #2190, 1000.000000000000000 ) ;
#1119 = AXIS2_PLACEMENT_3D ( 'NONE', #2362, #162, #1210 ) ;
#1120 = CARTESIAN_POINT ( 'NONE',  ( 22.40063542892426796, 11.20096122573533748, -0.7499999999999998890 ) ) ;
#1121 = CARTESIAN_POINT ( 'NONE',  ( 16.88421702143650904, 32.88101964550056522, -0.7499999999999998890 ) ) ;
#1122 = AXIS2_PLACEMENT_3D ( 'NONE', #1261, #2621, #1303 ) ;
#1123 = APPROVAL ( #438, 'UNSPECIFIED' ) ;
#1124 = ORIENTED_EDGE ( 'NONE', *, *, #793, .F. ) ;
#1125 = FACE_OUTER_BOUND ( 'NONE', #259, .T. ) ;
#1126 = EDGE_CURVE ( 'NONE', #1164, #498, #91, .T. ) ;
#1127 = CARTESIAN_POINT ( 'NONE',  ( -20.88924050203087646, 35.10501575627498738, 0.7499999999999998890 ) ) ;
#1128 = AXIS2_PLACEMENT_3D ( 'NONE', #1623, #504, #2112 ) ;
#1129 = DATE_TIME_ROLE ( 'classification_date' ) ;
#1130 = CARTESIAN_POINT ( 'NONE',  ( -4.000000850958119969, -28.99999988366263537, 0.4500000000000001776 ) ) ;
#1131 = DIRECTION ( 'NONE',  ( 0.5000000000000031086, 0.8660254037844369313, 0.000000000000000000 ) ) ;
#1132 = AXIS2_PLACEMENT_3D ( 'NONE', #1460, #1050, #1286 ) ;
#1133 = ORIENTED_EDGE ( 'NONE', *, *, #2357, .T. ) ;
#1134 = EDGE_CURVE ( 'NONE', #1997, #1971, #1800, .T. ) ;
#1135 = VERTEX_POINT ( 'NONE', #1398 ) ;
#1136 = DIRECTION ( 'NONE',  ( 0.000000000000000000, 0.000000000000000000, 1.000000000000000000 ) ) ;
#1137 = CARTESIAN_POINT ( 'NONE',  ( -5.626406561599184286, -28.49999983511949964, -0.7499999999999998890 ) ) ;
#1138 = ORIENTED_EDGE ( 'NONE', *, *, #2639, .T. ) ;
#1139 = EDGE_CURVE ( 'NONE', #1948, #413, #1609, .T. ) ;
#1140 = DIRECTION ( 'NONE',  ( 0.000000000000000000, 0.000000000000000000, 1.000000000000000000 ) ) ;
#1141 = DIRECTION ( 'NONE',  ( 0.5000000000000014433, 0.8660254037844378194, 0.000000000000000000 ) ) ;
#1142 = DATE_AND_TIME ( #2016, #29 ) ;
#1143 = CYLINDRICAL_SURFACE ( 'NONE', #1955, 0.9999999999999706901 ) ;
#1144 = CARTESIAN_POINT ( 'NONE',  ( 7.082093173944506326, -1.818348959181917079, -0.7499999999999998890 ) ) ;
#1145 = ORIENTED_EDGE ( 'NONE', *, *, #570, .T. ) ;
#1146 = ORIENTED_EDGE ( 'NONE', *, *, #2357, .F. ) ;
#1147 = CARTESIAN_POINT ( 'NONE',  ( 37.97053797469325076, 3.696044630826092803, 0.7499999999999998890 ) ) ;
#1148 = CARTESIAN_POINT ( 'NONE',  ( -19.74999999999031175, -34.20800344949305583, -0.7499999999999998890 ) ) ;
#1149 = ORIENTED_EDGE ( 'NONE', *, *, #918, .F. ) ;
#1150 = AXIS2_PLACEMENT_3D ( 'NONE', #2158, #385, #1504 ) ;
#1151 = DIRECTION ( 'NONE',  ( -0.4999999741518820762, 0.8660254187078559873, 0.000000000000000000 ) ) ;
#1152 = CYLINDRICAL_SURFACE ( 'NONE', #2592, 39.79999999999971294 ) ;
#1153 = PERSON_AND_ORGANIZATION ( #1885, #839 ) ;
#1154 = AXIS2_PLACEMENT_3D ( 'NONE', #435, #1346, #2665 ) ;
#1155 = EDGE_CURVE ( 'NONE', #498, #1455, #1472, .T. ) ;
#1156 = FACE_OUTER_BOUND ( 'NONE', #2025, .T. ) ;
#1157 = VECTOR ( 'NONE', #512, 1000.000000000000000 ) ;
#1158 = LINE ( 'NONE', #2656, #1759 ) ;
#1159 = ORIENTED_EDGE ( 'NONE', *, *, #954, .F. ) ;
#1160 = ORIENTED_EDGE ( 'NONE', *, *, #741, .F. ) ;
#1161 = AXIS2_PLACEMENT_3D ( 'NONE', #1878, #798, #118 ) ;
#1162 = DIRECTION ( 'NONE',  ( 0.000000000000000000, -0.000000000000000000, -1.000000000000000000 ) ) ;
#1163 = CARTESIAN_POINT ( 'NONE',  ( -20.03460929389234835, 13.29903870364632645, -11.93034015445707574 ) ) ;
#1164 = VERTEX_POINT ( 'NONE', #74 ) ;
#1165 = CIRCLE ( 'NONE', #1119, 15.00000000000000355 ) ;
#1166 = ADVANCED_FACE ( 'NONE', ( #2286 ), #523, .T. ) ;
#1167 = VECTOR ( 'NONE', #1561, 1000.000000000000114 ) ;
#1168 = ORIENTED_EDGE ( 'NONE', *, *, #2048, .T. ) ;
#1169 = LINE ( 'NONE', #2691, #1671 ) ;
#1170 = CARTESIAN_POINT ( 'NONE',  ( 43.04333899873443414, -1.856003432148061405, 0.7499999999999998890 ) ) ;
#1171 = ADVANCED_FACE ( 'NONE', ( #1379 ), #749, .F. ) ;
#1172 = AXIS2_PLACEMENT_3D ( 'NONE', #1708, #1968, #1735 ) ;
#1173 = CARTESIAN_POINT ( 'NONE',  ( 25.90515546069967456, 12.06959615151483334, -0.7499999999999998890 ) ) ;
#1174 = DIRECTION ( 'NONE',  ( 0.8370477540759883039, 0.5471298359588370186, 0.000000000000000000 ) ) ;
#1175 = ORIENTED_EDGE ( 'NONE', *, *, #583, .F. ) ;
#1176 = EDGE_CURVE ( 'NONE', #2379, #565, #2471, .T. ) ;
#1177 = CIRCLE ( 'NONE', #261, 0.2500000000000026645 ) ;
#1178 = ORIENTED_EDGE ( 'NONE', *, *, #2806, .T. ) ;
#1179 = EDGE_CURVE ( 'NONE', #1164, #156, #1836, .T. ) ;
#1180 = VECTOR ( 'NONE', #238, 1000.000000000000114 ) ;
#1181 = DIRECTION ( 'NONE',  ( -0.5000000000000028866, -0.8660254037844370423, 0.000000000000000000 ) ) ;
#1182 = CARTESIAN_POINT ( 'NONE',  ( 27.90515535730719776, 8.605494476683407612, -0.7499999999999998890 ) ) ;
#1183 = EDGE_CURVE ( 'NONE', #662, #1886, #274, .T. ) ;
#1184 = VERTEX_POINT ( 'NONE', #1923 ) ;
#1185 = CARTESIAN_POINT ( 'NONE',  ( 37.97053797469325076, 3.696044630826101240, 0.7499999999999998890 ) ) ;
#1186 = ADVANCED_FACE ( 'NONE', ( #390 ), #1437, .T. ) ;
#1187 = CARTESIAN_POINT ( 'NONE',  ( -3.500000761417675132, -25.99999989858598681, -0.7499999999999998890 ) ) ;
#1188 = DIRECTION ( 'NONE',  ( 0.5000000000000028866, 0.8660254037844369313, 0.000000000000000000 ) ) ;
#1189 = DIRECTION ( 'NONE',  ( 0.000000000000000000, 0.000000000000000000, 1.000000000000000000 ) ) ;
#1190 = DIRECTION ( 'NONE',  ( 0.5000000000000027756, 0.8660254037844370423, 0.000000000000000000 ) ) ;
#1191 = EDGE_CURVE ( 'NONE', #1249, #401, #1329, .T. ) ;
#1192 = ORIENTED_EDGE ( 'NONE', *, *, #2115, .F. ) ;
#1193 = ORIENTED_EDGE ( 'NONE', *, *, #948, .F. ) ;
#1194 = AXIS2_PLACEMENT_3D ( 'NONE', #2786, #795, #1418 ) ;
#1195 = DIRECTION ( 'NONE',  ( 0.000000000000000000, 0.000000000000000000, 1.000000000000000000 ) ) ;
#1196 = LINE ( 'NONE', #2302, #685 ) ;
#1197 = EDGE_LOOP ( 'NONE', ( #2151, #2460, #2183, #941 ) ) ;
#1198 = CARTESIAN_POINT ( 'NONE',  ( -17.31975466228174554, -37.38509450870836304, -0.7499999999999998890 ) ) ;
#1199 = LINE ( 'NONE', #1170, #729 ) ;
#1200 = VECTOR ( 'NONE', #1493, 1000.000000000000114 ) ;
#1201 = PLANE ( 'NONE',  #1683 ) ;
#1202 = FACE_OUTER_BOUND ( 'NONE', #1279, .T. ) ;
#1203 = CARTESIAN_POINT ( 'NONE',  ( -4.000000850958119969, -28.99999988366263537, 0.7499999999999998890 ) ) ;
#1204 = AXIS2_PLACEMENT_3D ( 'NONE', #2107, #360, #2123 ) ;
#1205 = AXIS2_PLACEMENT_3D ( 'NONE', #1148, #2034, #2502 ) ;
#1206 = ORIENTED_EDGE ( 'NONE', *, *, #2787, .T. ) ;
#1207 = ORIENTED_EDGE ( 'NONE', *, *, #1904, .F. ) ;
#1208 = DIRECTION ( 'NONE',  ( 0.000000000000000000, 0.000000000000000000, 1.000000000000000000 ) ) ;
#1209 = DIRECTION ( 'NONE',  ( 0.9999999999999995559, -2.984684049911478403E-08, 0.000000000000000000 ) ) ;
#1210 = DIRECTION ( 'NONE',  ( 0.5000000000000028866, 0.8660254037844370423, 0.000000000000000000 ) ) ;
#1211 = LINE ( 'NONE', #754, #2082 ) ;
#1212 = AXIS2_PLACEMENT_3D ( 'NONE', #584, #1703, #1254 ) ;
#1213 = EDGE_CURVE ( 'NONE', #443, #1135, #1650, .T. ) ;
#1214 = ORIENTED_EDGE ( 'NONE', *, *, #570, .F. ) ;
#1215 = CARTESIAN_POINT ( 'NONE',  ( -19.95721519416154166, -35.64312081866690818, 0.7499999999999998890 ) ) ;
#1216 = FACE_BOUND ( 'NONE', #956, .T. ) ;
#1217 = DIRECTION ( 'NONE',  ( 0.5000000000000036637, 0.8660254037844364872, 0.000000000000000000 ) ) ;
#1218 = VECTOR ( 'NONE', #2296, 1000.000000000000000 ) ;
#1219 = VERTEX_POINT ( 'NONE', #2539 ) ;
#1220 = ORIENTED_EDGE ( 'NONE', *, *, #2387, .F. ) ;
#1221 = CARTESIAN_POINT ( 'NONE',  ( -2.477282425888648110, 34.48834721836994532, -0.7499999999999998890 ) ) ;
#1222 = CYLINDRICAL_SURFACE ( 'NONE', #1619, 4.000000000000109246 ) ;
#1223 = ORIENTED_EDGE ( 'NONE', *, *, #1638, .T. ) ;
#1224 = CIRCLE ( 'NONE', #1964, 5.649999999999993250 ) ;
#1225 = ADVANCED_FACE ( 'NONE', ( #1684 ), #140, .T. ) ;
#1226 = DIRECTION ( 'NONE',  ( 0.000000000000000000, -0.000000000000000000, -1.000000000000000000 ) ) ;
#1227 = CARTESIAN_POINT ( 'NONE',  ( 3.999999149041860935, -29.00000012243728165, -0.7499999999999992228 ) ) ;
#1228 = ORIENTED_EDGE ( 'NONE', *, *, #248, .T. ) ;
#1229 = DIRECTION ( 'NONE',  ( 0.5000000000000089928, 0.8660254037844336006, 0.000000000000000000 ) ) ;
#1230 = DIRECTION ( 'NONE',  ( -0.5351549677614004796, 0.8447539052767346623, 0.000000000000000000 ) ) ;
#1231 = CARTESIAN_POINT ( 'NONE',  ( -17.31975466228174554, -37.38509450870836304, 0.7499999999999998890 ) ) ;
#1232 = PRODUCT ( 'PEN-HV-PPC', 'PEN-HV-PPC', '', ( #2160 ) ) ;
#1233 = DIRECTION ( 'NONE',  ( 0.000000000000000000, 0.000000000000000000, 1.000000000000000000 ) ) ;
#1234 = ORIENTED_EDGE ( 'NONE', *, *, #1299, .F. ) ;
#1235 = EDGE_CURVE ( 'NONE', #596, #427, #2114, .T. ) ;
#1236 = DIRECTION ( 'NONE',  ( 0.5000000000000028866, 0.8660254037844369313, 0.000000000000000000 ) ) ;
#1237 = FACE_OUTER_BOUND ( 'NONE', #2761, .T. ) ;
#1238 = VERTEX_POINT ( 'NONE', #580 ) ;
#1239 = VECTOR ( 'NONE', #1195, 1000.000000000000000 ) ;
#1240 = CARTESIAN_POINT ( 'NONE',  ( -1.500000701723945618, -23.99999995827970167, -0.7499999999999998890 ) ) ;
#1241 = ORIENTED_EDGE ( 'NONE', *, *, #2115, .T. ) ;
#1242 = DIRECTION ( 'NONE',  ( -0.8892051767466552237, -0.4575086377839763241, 0.000000000000000000 ) ) ;
#1243 = DIRECTION ( 'NONE',  ( 0.000000000000000000, 0.000000000000000000, 1.000000000000000000 ) ) ;
#1244 = CARTESIAN_POINT ( 'NONE',  ( 2.999999268429176080, -25.86602551129826466, 0.7499999999999998890 ) ) ;
#1245 = AXIS2_PLACEMENT_3D ( 'NONE', #1765, #639, #696 ) ;
#1246 = EDGE_CURVE ( 'NONE', #2710, #1991, #1875, .T. ) ;
#1247 = CYLINDRICAL_SURFACE ( 'NONE', #740, 1.000000000000047073 ) ;
#1248 = AXIS2_PLACEMENT_3D ( 'NONE', #1227, #2140, #2805 ) ;
#1249 = VERTEX_POINT ( 'NONE', #176 ) ;
#1250 = VERTEX_POINT ( 'NONE', #2343 ) ;
#1251 = DIRECTION ( 'NONE',  ( 0.5000000000000028866, 0.8660254037844369313, 0.000000000000000000 ) ) ;
#1252 = DIRECTION ( 'NONE',  ( 0.000000000000000000, 0.000000000000000000, 1.000000000000000000 ) ) ;
#1253 = VERTEX_POINT ( 'NONE', #2359 ) ;
#1254 = DIRECTION ( 'NONE',  ( 0.5000000000000036637, 0.8660254037844364872, 0.000000000000000000 ) ) ;
#1255 = DIRECTION ( 'NONE',  ( 0.000000000000000000, -0.000000000000000000, -1.000000000000000000 ) ) ;
#1256 = ORIENTED_EDGE ( 'NONE', *, *, #2629, .F. ) ;
#1257 = EDGE_CURVE ( 'NONE', #2741, #2658, #1699, .T. ) ;
#1258 = DIRECTION ( 'NONE',  ( 0.8923522141467767899, -0.4513397012310628176, 0.000000000000000000 ) ) ;
#1259 = CARTESIAN_POINT ( 'NONE',  ( 3.999999149041860935, -29.00000012243728165, -0.7499999999999992228 ) ) ;
#1260 = EDGE_CURVE ( 'NONE', #1877, #1573, #1467, .T. ) ;
#1261 = CARTESIAN_POINT ( 'NONE',  ( -22.40063476029771294, 11.20096256291136783, 0.7499999999999996669 ) ) ;
#1262 = DESIGN_CONTEXT ( 'detailed design', #1090, 'design' ) ;
#1263 = CARTESIAN_POINT ( 'NONE',  ( -17.72656601660451159, 28.93275796563909452, -0.7499999999999998890 ) ) ;
#1264 = EDGE_LOOP ( 'NONE', ( #231, #2726, #1666, #1742 ) ) ;
#1265 = EDGE_CURVE ( 'NONE', #864, #1739, #115, .T. ) ;
#1266 = ORIENTED_EDGE ( 'NONE', *, *, #1524, .F. ) ;
#1267 = CIRCLE ( 'NONE', #2051, 4.000000000000000888 ) ;
#1268 = DIRECTION ( 'NONE',  ( 0.8660253888610228712, -0.5000000258481133164, 0.000000000000000000 ) ) ;
#1269 = EDGE_LOOP ( 'NONE', ( #2350, #112 ) ) ;
#1270 = LINE ( 'NONE', #2153, #852 ) ;
#1271 = CARTESIAN_POINT ( 'NONE',  ( 13.26644447987221831, -29.66903184909252289, 0.7499999999999998890 ) ) ;
#1272 = CIRCLE ( 'NONE', #2612, 3.999999999999999112 ) ;
#1273 = EDGE_CURVE ( 'NONE', #808, #2663, #2187, .T. ) ;
#1274 = ORIENTED_EDGE ( 'NONE', *, *, #1758, .F. ) ;
#1275 = DIRECTION ( 'NONE',  ( -0.5000000000000029976, -0.8660254037844370423, 0.000000000000000000 ) ) ;
#1276 = CARTESIAN_POINT ( 'NONE',  ( 7.082093173956544696, -1.818348959180495550, 0.7499999999999998890 ) ) ;
#1277 = LINE ( 'NONE', #859, #2430 ) ;
#1278 = EDGE_LOOP ( 'NONE', ( #835, #1922, #2137, #2586 ) ) ;
#1279 = EDGE_LOOP ( 'NONE', ( #884, #1071, #19, #851 ) ) ;
#1280 = EDGE_CURVE ( 'NONE', #232, #387, #1640, .T. ) ;
#1281 = VERTEX_POINT ( 'NONE', #536 ) ;
#1282 = ORIENTED_EDGE ( 'NONE', *, *, #876, .T. ) ;
#1283 = CARTESIAN_POINT ( 'NONE',  ( 20.40063553231673765, 14.66506290056675965, -15.29656465847268976 ) ) ;
#1284 = DIRECTION ( 'NONE',  ( 0.000000000000000000, 0.000000000000000000, 1.000000000000000000 ) ) ;
#1285 = ORIENTED_EDGE ( 'NONE', *, *, #2553, .T. ) ;
#1286 = DIRECTION ( 'NONE',  ( -0.5000000000000031086, -0.8660254037844369313, 0.000000000000000000 ) ) ;
#1287 = CARTESIAN_POINT ( 'NONE',  ( 39.49999999999992895, -2.528858120092247205E-15, -0.7499999999999998890 ) ) ;
#1288 = CARTESIAN_POINT ( 'NONE',  ( 34.05169123139243226, -1.496138884566775795, -0.7499999999999998890 ) ) ;
#1289 = ORIENTED_EDGE ( 'NONE', *, *, #2495, .T. ) ;
#1290 = ORIENTED_EDGE ( 'NONE', *, *, #1694, .T. ) ;
#1291 = AXIS2_PLACEMENT_3D ( 'NONE', #1276, #1051, #1929 ) ;
#1292 = ORIENTED_EDGE ( 'NONE', *, *, #1920, .T. ) ;
#1293 = EDGE_LOOP ( 'NONE', ( #328, #2194, #1566, #924 ) ) ;
#1294 = AXIS2_PLACEMENT_3D ( 'NONE', #1019, #2392, #1002 ) ;
#1295 = CIRCLE ( 'NONE', #1012, 3.999999999999991118 ) ;
#1296 = LINE ( 'NONE', #234, #1552 ) ;
#1297 = LINE ( 'NONE', #2218, #2826 ) ;
#1298 = ORIENTED_EDGE ( 'NONE', *, *, #2669, .T. ) ;
#1299 = EDGE_CURVE ( 'NONE', #1843, #1238, #1024, .T. ) ;
#1300 = CARTESIAN_POINT ( 'NONE',  ( 5.124999149041865820, -27.05144296392229819, 0.7499999999999998890 ) ) ;
#1301 = EDGE_CURVE ( 'NONE', #232, #1325, #1310, .T. ) ;
#1302 = CARTESIAN_POINT ( 'NONE',  ( -17.47164499588853914, -37.18652631750740056, -0.7499999999999998890 ) ) ;
#1303 = DIRECTION ( 'NONE',  ( 0.5000000000000033307, 0.8660254037844365982, 0.000000000000000000 ) ) ;
#1304 = EDGE_CURVE ( 'NONE', #1455, #156, #343, .T. ) ;
#1305 = AXIS2_PLACEMENT_3D ( 'NONE', #526, #1414, #1865 ) ;
#1306 = DIRECTION ( 'NONE',  ( 0.000000000000000000, 0.000000000000000000, 1.000000000000000000 ) ) ;
#1307 = DIRECTION ( 'NONE',  ( 0.000000000000000000, -0.000000000000000000, -1.000000000000000000 ) ) ;
#1308 = ORIENTED_EDGE ( 'NONE', *, *, #657, .F. ) ;
#1309 = CIRCLE ( 'NONE', #63, 1.449999999999996181 ) ;
#1310 = CIRCLE ( 'NONE', #957, 4.000000000000000888 ) ;
#1311 = ORIENTED_EDGE ( 'NONE', *, *, #1598, .T. ) ;
#1312 = EDGE_CURVE ( 'NONE', #2803, #1359, #998, .T. ) ;
#1313 = ORIENTED_EDGE ( 'NONE', *, *, #2798, .T. ) ;
#1314 = DIRECTION ( 'NONE',  ( 0.05344611564421302558, -0.9985707349619982187, 0.000000000000000000 ) ) ;
#1315 = DIRECTION ( 'NONE',  ( 0.5000000000000031086, 0.8660254037844368202, 0.000000000000000000 ) ) ;
#1316 = EDGE_CURVE ( 'NONE', #1886, #1971, #2555, .T. ) ;
#1317 = VERTEX_POINT ( 'NONE', #355 ) ;
#1318 = AXIS2_PLACEMENT_3D ( 'NONE', #151, #787, #2809 ) ;
#1319 = CARTESIAN_POINT ( 'NONE',  ( -17.72656601660452580, 28.93275796563912294, 0.7499999999999998890 ) ) ;
#1320 = CARTESIAN_POINT ( 'NONE',  ( 3.499999238582336414, -26.00000010751387336, -0.7499999999999998890 ) ) ;
#1321 = DIRECTION ( 'NONE',  ( -0.8370477540759881929, -0.5471298359588370186, 0.000000000000000000 ) ) ;
#1322 = CYLINDRICAL_SURFACE ( 'NONE', #2698, 1.000000000000002442 ) ;
#1323 = ORIENTED_EDGE ( 'NONE', *, *, #1696, .T. ) ;
#1324 = VERTEX_POINT ( 'NONE', #1013 ) ;
#1325 = VERTEX_POINT ( 'NONE', #1905 ) ;
#1326 = EDGE_CURVE ( 'NONE', #732, #1317, #276, .T. ) ;
#1327 = FACE_OUTER_BOUND ( 'NONE', #2370, .T. ) ;
#1328 = FACE_OUTER_BOUND ( 'NONE', #687, .T. ) ;
#1329 = CIRCLE ( 'NONE', #90, 0.9999999999999706901 ) ;
#1330 = ORIENTED_EDGE ( 'NONE', *, *, #1908, .T. ) ;
#1331 = CARTESIAN_POINT ( 'NONE',  ( -20.03460929389234835, 13.29903870364632645, 0.7499999999999998890 ) ) ;
#1332 = PLANE ( 'NONE',  #1054 ) ;
#1333 = LINE ( 'NONE', #13, #2376 ) ;
#1334 = CIRCLE ( 'NONE', #1702, 15.00000000000000355 ) ;
#1335 = DIRECTION ( 'NONE',  ( 0.000000000000000000, -0.000000000000000000, -1.000000000000000000 ) ) ;
#1336 = ORIENTED_EDGE ( 'NONE', *, *, #233, .T. ) ;
#1337 = EDGE_LOOP ( 'NONE', ( #1376, #44, #2257, #1223 ) ) ;
#1338 = CC_DESIGN_DATE_AND_TIME_ASSIGNMENT ( #2666, #1347, ( #2064 ) ) ;
#1339 = CIRCLE ( 'NONE', #1291, 44.00000000000695621 ) ;
#1340 = EDGE_CURVE ( 'NONE', #1435, #2104, #110, .T. ) ;
#1341 = CARTESIAN_POINT ( 'NONE',  ( 3.499999238582338190, -26.00000010751383073, -0.7499999999999998890 ) ) ;
#1342 = DIRECTION ( 'NONE',  ( 0.000000000000000000, -0.000000000000000000, -1.000000000000000000 ) ) ;
#1343 = VECTOR ( 'NONE', #1851, 999.9999999999998863 ) ;
#1344 = VECTOR ( 'NONE', #331, 1000.000000000000000 ) ;
#1345 = DIRECTION ( 'NONE',  ( 0.000000000000000000, 0.000000000000000000, 1.000000000000000000 ) ) ;
#1346 = DIRECTION ( 'NONE',  ( 0.000000000000000000, -0.000000000000000000, -1.000000000000000000 ) ) ;
#1347 = DATE_TIME_ROLE ( 'creation_date' ) ;
#1348 = EDGE_CURVE ( 'NONE', #99, #2562, #361, .T. ) ;
#1349 = CARTESIAN_POINT ( 'NONE',  ( -22.18613753116462561, 31.03542816602102761, 0.7499999999999998890 ) ) ;
#1350 = ADVANCED_FACE ( 'NONE', ( #542 ), #2308, .F. ) ;
#1351 = CARTESIAN_POINT ( 'NONE',  ( 39.49999999999992895, -2.528858120092247205E-15, -0.7499999999999998890 ) ) ;
#1352 = ORIENTED_EDGE ( 'NONE', *, *, #1017, .F. ) ;
#1353 = VERTEX_POINT ( 'NONE', #2086 ) ;
#1354 = CIRCLE ( 'NONE', #693, 3.999999999999991118 ) ;
#1355 = ADVANCED_FACE ( 'NONE', ( #2492 ), #727, .F. ) ;
#1356 = CARTESIAN_POINT ( 'NONE',  ( -5.115782978568359951, -5.224098121022865193, 0.7499999999999998890 ) ) ;
#1357 = DIRECTION ( 'NONE',  ( 0.000000000000000000, -0.000000000000000000, -1.000000000000000000 ) ) ;
#1358 = CIRCLE ( 'NONE', #609, 39.79999999999971294 ) ;
#1359 = VERTEX_POINT ( 'NONE', #338 ) ;
#1360 = CARTESIAN_POINT ( 'NONE',  ( 1.499999268429176746, -25.00000004782018692, -0.7499999999999998890 ) ) ;
#1361 = DIRECTION ( 'NONE',  ( 0.000000000000000000, 0.000000000000000000, 1.000000000000000000 ) ) ;
#1362 = CALENDAR_DATE ( 2025, 21, 1 ) ;
#1363 = LINE ( 'NONE', #453, #1860 ) ;
#1364 = DIRECTION ( 'NONE',  ( 0.000000000000000000, 0.000000000000000000, 1.000000000000000000 ) ) ;
#1365 = AXIS2_PLACEMENT_3D ( 'NONE', #1853, #2737, #2509 ) ;
#1366 = ORIENTED_EDGE ( 'NONE', *, *, #607, .F. ) ;
#1367 = ORIENTED_EDGE ( 'NONE', *, *, #150, .F. ) ;
#1368 = AXIS2_PLACEMENT_3D ( 'NONE', #249, #622, #1059 ) ;
#1369 = DIRECTION ( 'NONE',  ( -0.5000000000000027756, -0.8660254037844370423, 0.000000000000000000 ) ) ;
#1370 = CARTESIAN_POINT ( 'NONE',  ( 19.26561229230102157, -5.773381706008500203, -0.7499999999999998890 ) ) ;
#1371 = VERTEX_POINT ( 'NONE', #2535 ) ;
#1372 = CARTESIAN_POINT ( 'NONE',  ( -20.90063468275337399, 13.79903872949444121, -11.93034015445707574 ) ) ;
#1373 = LINE ( 'NONE', #1631, #1343 ) ;
#1374 = LINE ( 'NONE', #517, #348 ) ;
#1375 = CARTESIAN_POINT ( 'NONE',  ( 21.90063542892426085, 10.33493582195090177, -15.29656465847268976 ) ) ;
#1376 = ORIENTED_EDGE ( 'NONE', *, *, #2715, .F. ) ;
#1377 = ORIENTED_EDGE ( 'NONE', *, *, #1179, .F. ) ;
#1378 = EDGE_CURVE ( 'NONE', #1238, #401, #1839, .T. ) ;
#1379 = FACE_OUTER_BOUND ( 'NONE', #125, .T. ) ;
#1380 = CARTESIAN_POINT ( 'NONE',  ( -22.90199450624537292, -25.27323197206282757, -0.7499999999999998890 ) ) ;
#1381 = ORIENTED_EDGE ( 'NONE', *, *, #2216, .T. ) ;
#1382 = AXIS2_PLACEMENT_3D ( 'NONE', #1546, #2849, #1781 ) ;
#1383 = ORIENTED_EDGE ( 'NONE', *, *, #1652, .F. ) ;
#1384 = CYLINDRICAL_SURFACE ( 'NONE', #976, 1.449999999999941558 ) ;
#1385 = CARTESIAN_POINT ( 'NONE',  ( -25.27532412382966598, 11.70596479690644642, 0.7499999999999998890 ) ) ;
#1386 = AXIS2_PLACEMENT_3D ( 'NONE', #1083, #1252, #1970 ) ;
#1387 = EDGE_CURVE ( 'NONE', #842, #619, #1390, .T. ) ;
#1388 = EDGE_CURVE ( 'NONE', #2393, #2645, #1430, .T. ) ;
#1389 = CARTESIAN_POINT ( 'NONE',  ( -20.47500000000007958, -35.46374028497263708, -0.7499999999999998890 ) ) ;
#1390 = LINE ( 'NONE', #2281, #1106 ) ;
#1391 = ADVANCED_FACE ( 'NONE', ( #1216, #993 ), #323, .F. ) ;
#1392 = VECTOR ( 'NONE', #1364, 1000.000000000000000 ) ;
#1393 = CARTESIAN_POINT ( 'NONE',  ( 22.90063540307614787, 10.33493580702747749, -15.29656465847268976 ) ) ;
#1394 = ORIENTED_EDGE ( 'NONE', *, *, #2007, .T. ) ;
#1395 = EDGE_CURVE ( 'NONE', #2645, #688, #545, .T. ) ;
#1396 = EDGE_LOOP ( 'NONE', ( #483, #450, #1691, #578 ) ) ;
#1397 = ADVANCED_FACE ( 'NONE', ( #1202 ), #980, .T. ) ;
#1398 = CARTESIAN_POINT ( 'NONE',  ( -5.125000850958127963, -30.94855704217761883, 0.4500000000000001776 ) ) ;
#1399 = DIRECTION ( 'NONE',  ( -0.5000000000000032196, -0.8660254037844367092, 0.000000000000000000 ) ) ;
#1400 = EDGE_LOOP ( 'NONE', ( #2842, #2583, #1525, #2365 ) ) ;
#1401 = CARTESIAN_POINT ( 'NONE',  ( 39.49999999999992895, -2.528858120092247205E-15, -0.7499999999999998890 ) ) ;
#1402 = CARTESIAN_POINT ( 'NONE',  ( -19.52357589488584466, 32.77579113120879839, -0.7499999999999998890 ) ) ;
#1403 = EDGE_CURVE ( 'NONE', #1573, #1089, #633, .T. ) ;
#1404 = VECTOR ( 'NONE', #2724, 1000.000000000000000 ) ;
#1405 = DIRECTION ( 'NONE',  ( 0.000000000000000000, 0.000000000000000000, 1.000000000000000000 ) ) ;
#1406 = CARTESIAN_POINT ( 'NONE',  ( -11.63365131311934064, -26.01745869843469805, 0.7499999999999998890 ) ) ;
#1407 = DIRECTION ( 'NONE',  ( 0.000000000000000000, -0.000000000000000000, -1.000000000000000000 ) ) ;
#1408 = EDGE_LOOP ( 'NONE', ( #1377, #2235, #1104, #2165 ) ) ;
#1409 = AXIS2_PLACEMENT_3D ( 'NONE', #2477, #2722, #2085 ) ;
#1410 = ORIENTED_EDGE ( 'NONE', *, *, #1598, .F. ) ;
#1411 = DIRECTION ( 'NONE',  ( 0.9999999999999995559, -2.984684027707017910E-08, 0.000000000000000000 ) ) ;
#1412 = DIRECTION ( 'NONE',  ( 0.000000000000000000, -0.000000000000000000, -1.000000000000000000 ) ) ;
#1413 = ORIENTED_EDGE ( 'NONE', *, *, #1758, .T. ) ;
#1414 = DIRECTION ( 'NONE',  ( 0.000000000000000000, -0.000000000000000000, -1.000000000000000000 ) ) ;
#1415 = LINE ( 'NONE', #963, #774 ) ;
#1416 = AXIS2_PLACEMENT_3D ( 'NONE', #2093, #2106, #811 ) ;
#1417 = PLANE ( 'NONE',  #1365 ) ;
#1418 = DIRECTION ( 'NONE',  ( 0.5000000000000031086, 0.8660254037844369313, 0.000000000000000000 ) ) ;
#1419 = DIRECTION ( 'NONE',  ( -0.5000000000000029976, -0.8660254037844370423, 0.000000000000000000 ) ) ;
#1420 = ORIENTED_EDGE ( 'NONE', *, *, #447, .F. ) ;
#1421 = ORIENTED_EDGE ( 'NONE', *, *, #2252, .T. ) ;
#1422 = DIRECTION ( 'NONE',  ( 0.000000000000000000, 0.000000000000000000, 1.000000000000000000 ) ) ;
#1423 = DIRECTION ( 'NONE',  ( 0.4999999999999974465, 0.8660254037844401509, 0.000000000000000000 ) ) ;
#1424 = ORIENTED_EDGE ( 'NONE', *, *, #305, .T. ) ;
#1425 = EDGE_CURVE ( 'NONE', #1449, #780, #2043, .T. ) ;
#1426 = VERTEX_POINT ( 'NONE', #2706 ) ;
#1427 = CARTESIAN_POINT ( 'NONE',  ( -25.97164796796046460, -23.98792713568136747, -0.7499999999999998890 ) ) ;
#1428 = CARTESIAN_POINT ( 'NONE',  ( -23.64772738517347506, 33.30927032398812315, 0.7499999999999998890 ) ) ;
#1429 = DIRECTION ( 'NONE',  ( 0.000000000000000000, 0.000000000000000000, 1.000000000000000000 ) ) ;
#1430 = LINE ( 'NONE', #1621, #8 ) ;
#1431 = DIRECTION ( 'NONE',  ( 0.000000000000000000, 0.000000000000000000, 1.000000000000000000 ) ) ;
#1432 = VECTOR ( 'NONE', #2590, 1000.000000000000000 ) ;
#1433 = AXIS2_PLACEMENT_3D ( 'NONE', #2191, #564, #2103 ) ;
#1434 = VERTEX_POINT ( 'NONE', #1606 ) ;
#1435 = VERTEX_POINT ( 'NONE', #300 ) ;
#1436 = EDGE_CURVE ( 'NONE', #1371, #1797, #1568, .T. ) ;
#1437 = PLANE ( 'NONE',  #2214 ) ;
#1438 = DIRECTION ( 'NONE',  ( 0.9984695371899312555, 0.05530446007081668558, 0.000000000000000000 ) ) ;
#1439 = ORIENTED_EDGE ( 'NONE', *, *, #368, .F. ) ;
#1440 = VECTOR ( 'NONE', #2474, 1000.000000000000000 ) ;
#1441 = DIRECTION ( 'NONE',  ( 0.000000000000000000, 0.000000000000000000, 1.000000000000000000 ) ) ;
#1442 = DIRECTION ( 'NONE',  ( 0.000000000000000000, 0.000000000000000000, -1.000000000000000000 ) ) ;
#1443 = ORIENTED_EDGE ( 'NONE', *, *, #2073, .F. ) ;
#1444 = FACE_OUTER_BOUND ( 'NONE', #546, .T. ) ;
#1445 = DIRECTION ( 'NONE',  ( 0.000000000000000000, -0.000000000000000000, -1.000000000000000000 ) ) ;
#1446 = EDGE_CURVE ( 'NONE', #1573, #596, #2295, .T. ) ;
#1447 = CARTESIAN_POINT ( 'NONE',  ( -18.62287980131237575, -33.29580826329411281, 0.7500000000000003331 ) ) ;
#1448 = CIRCLE ( 'NONE', #211, 4.000000000000109246 ) ;
#1449 = VERTEX_POINT ( 'NONE', #97 ) ;
#1450 = ORIENTED_EDGE ( 'NONE', *, *, #1260, .T. ) ;
#1451 = SECURITY_CLASSIFICATION ( '', '', #904 ) ;
#1452 = AXIS2_PLACEMENT_3D ( 'NONE', #2366, #396, #768 ) ;
#1453 = DIRECTION ( 'NONE',  ( 0.000000000000000000, -0.000000000000000000, -1.000000000000000000 ) ) ;
#1454 = DIRECTION ( 'NONE',  ( -0.8660253888610229822, 0.5000000258481134274, 0.000000000000000000 ) ) ;
#1455 = VERTEX_POINT ( 'NONE', #967 ) ;
#1456 = FACE_OUTER_BOUND ( 'NONE', #2258, .T. ) ;
#1457 = CARTESIAN_POINT ( 'NONE',  ( -5.115782978568757855, -5.224098121013187601, 0.7499999999999998890 ) ) ;
#1458 = EDGE_CURVE ( 'NONE', #1712, #664, #868, .T. ) ;
#1459 = ORIENTED_EDGE ( 'NONE', *, *, #136, .F. ) ;
#1460 = CARTESIAN_POINT ( 'NONE',  ( 39.49999999999992895, -2.528858120092247205E-15, -0.7499999999999998890 ) ) ;
#1461 = CARTESIAN_POINT ( 'NONE',  ( -23.12901562109726328, -36.34862332053867107, -0.7499999999999998890 ) ) ;
#1462 = CARTESIAN_POINT ( 'NONE',  ( -23.12901562109725973, -36.34862332053866396, 0.7499999999999998890 ) ) ;
#1463 = DIRECTION ( 'NONE',  ( -0.5000000000000028866, -0.8660254037844370423, 0.000000000000000000 ) ) ;
#1464 = ORIENTED_EDGE ( 'NONE', *, *, #1257, .T. ) ;
#1465 = AXIS2_PLACEMENT_3D ( 'NONE', #473, #2247, #1369 ) ;
#1466 = ADVANCED_FACE ( 'NONE', ( #626 ), #2367, .F. ) ;
#1467 = LINE ( 'NONE', #2150, #204 ) ;
#1468 = LINE ( 'NONE', #2771, #598 ) ;
#1469 = ORIENTED_EDGE ( 'NONE', *, *, #701, .F. ) ;
#1470 = EDGE_CURVE ( 'NONE', #2312, #2311, #190, .T. ) ;
#1471 = EDGE_CURVE ( 'NONE', #731, #2741, #2727, .T. ) ;
#1472 = CIRCLE ( 'NONE', #719, 39.79999999999982663 ) ;
#1473 = CARTESIAN_POINT ( 'NONE',  ( -25.97164796796046460, -23.98792713568136747, -0.7499999999999998890 ) ) ;
#1474 = LINE ( 'NONE', #1033, #2822 ) ;
#1475 = ORIENTED_EDGE ( 'NONE', *, *, #1612, .T. ) ;
#1476 = CYLINDRICAL_SURFACE ( 'NONE', #1132, 5.649999999999843148 ) ;
#1477 = CARTESIAN_POINT ( 'NONE',  ( -19.74999999999974065, 34.20800344948538907, 0.7499999999999998890 ) ) ;
#1478 = EDGE_CURVE ( 'NONE', #2663, #1971, #1521, .T. ) ;
#1479 = VECTOR ( 'NONE', #1230, 1000.000000000000000 ) ;
#1480 = DIRECTION ( 'NONE',  ( -0.000000000000000000, -0.000000000000000000, -1.000000000000000000 ) ) ;
#1481 = AXIS2_PLACEMENT_3D ( 'NONE', #841, #235, #667 ) ;
#1482 = ORIENTED_EDGE ( 'NONE', *, *, #1301, .T. ) ;
#1483 = VECTOR ( 'NONE', #270, 1000.000000000000000 ) ;
#1484 = EDGE_CURVE ( 'NONE', #1513, #806, #1339, .T. ) ;
#1485 = EDGE_LOOP ( 'NONE', ( #766, #2117, #302, #1874 ) ) ;
#1486 = DIRECTION ( 'NONE',  ( 0.8915106817748846835, -0.4529996735995295287, 0.000000000000000000 ) ) ;
#1487 = ORIENTED_EDGE ( 'NONE', *, *, #1638, .F. ) ;
#1488 = LINE ( 'NONE', #1473, #1816 ) ;
#1489 = DIRECTION ( 'NONE',  ( 0.9599168625253327036, -0.2802848854995959593, 0.000000000000000000 ) ) ;
#1490 = VERTEX_POINT ( 'NONE', #2406 ) ;
#1491 = EDGE_CURVE ( 'NONE', #771, #345, #575, .T. ) ;
#1492 = CARTESIAN_POINT ( 'NONE',  ( -23.64772738517347506, 33.30927032398812315, -0.7499999999999998890 ) ) ;
#1493 = DIRECTION ( 'NONE',  ( -0.05344611564421302558, 0.9985707349619982187, 0.000000000000000000 ) ) ;
#1494 = VECTOR ( 'NONE', #1956, 1000.000000000000000 ) ;
#1495 = FACE_OUTER_BOUND ( 'NONE', #1337, .T. ) ;
#1496 = ORIENTED_EDGE ( 'NONE', *, *, #1972, .F. ) ;
#1497 = LOCAL_TIME ( 12, 49, 41.00000000000000000, #267 ) ;
#1498 = ORIENTED_EDGE ( 'NONE', *, *, #2486, .F. ) ;
#1499 = ORIENTED_EDGE ( 'NONE', *, *, #2387, .T. ) ;
#1500 = CARTESIAN_POINT ( 'NONE',  ( -21.53460937143669440, 10.70096253706325662, -11.93034015445707574 ) ) ;
#1501 = DIRECTION ( 'NONE',  ( -0.4640008580350620804, -0.8858347496811842525, 0.000000000000000000 ) ) ;
#1502 = VERTEX_POINT ( 'NONE', #2352 ) ;
#1503 = CARTESIAN_POINT ( 'NONE',  ( -19.75000000000007816, -34.20800344948519722, 0.7500000000000001110 ) ) ;
#1504 = DIRECTION ( 'NONE',  ( 0.5000000000000028866, 0.8660254037844370423, 0.000000000000000000 ) ) ;
#1505 =( NAMED_UNIT ( * ) SI_UNIT ( $, .STERADIAN. ) SOLID_ANGLE_UNIT ( ) );
#1506 = ORIENTED_EDGE ( 'NONE', *, *, #1778, .F. ) ;
#1507 = ORIENTED_EDGE ( 'NONE', *, *, #1868, .T. ) ;
#1508 = AXIS2_PLACEMENT_3D ( 'NONE', #2776, #2559, #1314 ) ;
#1509 = VERTEX_POINT ( 'NONE', #1023 ) ;
#1510 = ORIENTED_EDGE ( 'NONE', *, *, #1093, .T. ) ;
#1511 = LINE ( 'NONE', #889, #448 ) ;
#1512 = DIRECTION ( 'NONE',  ( 0.000000000000000000, -0.000000000000000000, -1.000000000000000000 ) ) ;
#1513 = VERTEX_POINT ( 'NONE', #1941 ) ;
#1514 = VECTOR ( 'NONE', #1453, 1000.000000000000000 ) ;
#1515 = CARTESIAN_POINT ( 'NONE',  ( 40.84645569621219607, 0.5381050623766470142, -0.7499999999999998890 ) ) ;
#1516 = CARTESIAN_POINT ( 'NONE',  ( -1.966310195365870817, 7.042447080187505648, 0.7499999999999998890 ) ) ;
#1517 = DIRECTION ( 'NONE',  ( -0.000000000000000000, 0.000000000000000000, 1.000000000000000000 ) ) ;
#1518 = CARTESIAN_POINT ( 'NONE',  ( 3.499999268429180077, -25.00000010751382717, 0.7499999999999998890 ) ) ;
#1519 = CYLINDRICAL_SURFACE ( 'NONE', #1527, 44.00000000000000000 ) ;
#1520 = ORIENTED_EDGE ( 'NONE', *, *, #2674, .T. ) ;
#1521 = CIRCLE ( 'NONE', #2591, 1.449999999999941558 ) ;
#1522 = AXIS2_PLACEMENT_3D ( 'NONE', #2253, #239, #25 ) ;
#1523 = ORIENTED_EDGE ( 'NONE', *, *, #926, .T. ) ;
#1524 = EDGE_CURVE ( 'NONE', #2633, #2012, #1036, .T. ) ;
#1525 = ORIENTED_EDGE ( 'NONE', *, *, #634, .F. ) ;
#1526 = CIRCLE ( 'NONE', #505, 1.449999999999842082 ) ;
#1527 = AXIS2_PLACEMENT_3D ( 'NONE', #1751, #1067, #2411 ) ;
#1528 = CARTESIAN_POINT ( 'NONE',  ( 3.999999149041860935, -29.00000012243728165, 0.4500000000000001776 ) ) ;
#1529 = CARTESIAN_POINT ( 'NONE',  ( 22.03460998436829499, 9.834935832875599360, -0.7499999999999998890 ) ) ;
#1530 = EDGE_LOOP ( 'NONE', ( #2606, #1207, #1464, #1856 ) ) ;
#1531 = CYLINDRICAL_SURFACE ( 'NONE', #217, 1.499999999999998446 ) ;
#1532 = LINE ( 'NONE', #1575, #1008 ) ;
#1533 = ADVANCED_FACE ( 'NONE', ( #2810 ), #615, .T. ) ;
#1534 = CARTESIAN_POINT ( 'NONE',  ( -13.26644447987293596, -29.66903184909198643, 0.7499999999999998890 ) ) ;
#1535 = DIRECTION ( 'NONE',  ( 0.9999999999999995559, -2.984684055462594188E-08, 0.000000000000000000 ) ) ;
#1536 = ORIENTED_EDGE ( 'NONE', *, *, #2812, .T. ) ;
#1537 = AXIS2_PLACEMENT_3D ( 'NONE', #1349, #641, #1321 ) ;
#1538 = ORIENTED_EDGE ( 'NONE', *, *, #1701, .T. ) ;
#1539 = ORIENTED_EDGE ( 'NONE', *, *, #1770, .T. ) ;
#1540 = CIRCLE ( 'NONE', #1128, 1.000000000000002442 ) ;
#1541 = DIRECTION ( 'NONE',  ( 0.000000000000000000, 0.000000000000000000, 1.000000000000000000 ) ) ;
#1542 = DIRECTION ( 'NONE',  ( -0.8370477540759804214, -0.5471298359588488980, 0.000000000000000000 ) ) ;
#1543 = ORIENTED_EDGE ( 'NONE', *, *, #1591, .T. ) ;
#1544 = AXIS2_PLACEMENT_3D ( 'NONE', #213, #1750, #50 ) ;
#1545 = DIRECTION ( 'NONE',  ( -0.5000000000000032196, -0.8660254037844367092, 0.000000000000000000 ) ) ;
#1546 = CARTESIAN_POINT ( 'NONE',  ( -5.626406561599184286, -28.49999983511949964, 0.7499999999999998890 ) ) ;
#1547 = ADVANCED_FACE ( 'NONE', ( #194 ), #169, .F. ) ;
#1548 = APPLICATION_PROTOCOL_DEFINITION ( 'international standard', 'config_control_design', 1994, #1090 ) ;
#1549 = DIRECTION ( 'NONE',  ( -0.000000000000000000, 0.000000000000000000, 1.000000000000000000 ) ) ;
#1550 = CC_DESIGN_PERSON_AND_ORGANIZATION_ASSIGNMENT ( #11, #2449, ( #2470 ) ) ;
#1551 = CARTESIAN_POINT ( 'NONE',  ( -22.90063478614581882, 10.33493717405034040, 0.7499999999999998890 ) ) ;
#1552 = VECTOR ( 'NONE', #1729, 999.9999999999998863 ) ;
#1553 = ORIENTED_EDGE ( 'NONE', *, *, #793, .T. ) ;
#1554 = AXIS2_PLACEMENT_3D ( 'NONE', #871, #840, #1556 ) ;
#1555 = VERTEX_POINT ( 'NONE', #2595 ) ;
#1556 = DIRECTION ( 'NONE',  ( -0.5000000000000026645, -0.8660254037844372643, 0.000000000000000000 ) ) ;
#1557 = LINE ( 'NONE', #1730, #1803 ) ;
#1558 = ADVANCED_FACE ( 'NONE', ( #1006 ), #2835, .T. ) ;
#1559 = ADVANCED_FACE ( 'NONE', ( #1954 ), #2620, .F. ) ;
#1560 = ORIENTED_EDGE ( 'NONE', *, *, #786, .T. ) ;
#1561 = DIRECTION ( 'NONE',  ( 0.8660254187078559873, 0.4999999741518820762, 0.000000000000000000 ) ) ;
#1562 = CARTESIAN_POINT ( 'NONE',  ( -18.62287980131237575, -33.29580826329411281, -0.7499999999999998890 ) ) ;
#1563 = DIRECTION ( 'NONE',  ( -0.5000000000000029976, -0.8660254037844370423, 0.000000000000000000 ) ) ;
#1564 = DIRECTION ( 'NONE',  ( -0.5000000000000028866, -0.8660254037844369313, 0.000000000000000000 ) ) ;
#1565 = EDGE_CURVE ( 'NONE', #1281, #224, #139, .T. ) ;
#1566 = ORIENTED_EDGE ( 'NONE', *, *, #2708, .F. ) ;
#1567 = VERTEX_POINT ( 'NONE', #2781 ) ;
#1568 = CIRCLE ( 'NONE', #2173, 1.449999999999892042 ) ;
#1569 = DIRECTION ( 'NONE',  ( 0.5000000000000089928, 0.8660254037844336006, 0.000000000000000000 ) ) ;
#1570 = DIRECTION ( 'NONE',  ( -0.5000000000000026645, -0.8660254037844370423, 0.000000000000000000 ) ) ;
#1571 = AXIS2_PLACEMENT_3D ( 'NONE', #934, #2719, #2264 ) ;
#1572 = CIRCLE ( 'NONE', #290, 1.449999999999911138 ) ;
#1573 = VERTEX_POINT ( 'NONE', #788 ) ;
#1574 = CARTESIAN_POINT ( 'NONE',  ( -22.40063476029771294, 11.20096256291136783, -0.7499999999999998890 ) ) ;
#1575 = CARTESIAN_POINT ( 'NONE',  ( 43.04333899873444125, -1.856003432148061405, 0.7499999999999998890 ) ) ;
#1576 = APPROVAL_ROLE ( '' ) ;
#1577 = LINE ( 'NONE', #894, #475 ) ;
#1578 = CARTESIAN_POINT ( 'NONE',  ( 37.97053797469325076, 3.696044630826101240, 0.7499999999999998890 ) ) ;
#1579 = EDGE_LOOP ( 'NONE', ( #2833, #2077, #314, #303 ) ) ;
#1580 = ORIENTED_EDGE ( 'NONE', *, *, #1471, .F. ) ;
#1581 = DIRECTION ( 'NONE',  ( -0.05530446007081697007, 0.9984695371899313665, 0.000000000000000000 ) ) ;
#1582 = FACE_OUTER_BOUND ( 'NONE', #2141, .T. ) ;
#1583 = CIRCLE ( 'NONE', #1122, 1.000000000000001110 ) ;
#1584 = ORIENTED_EDGE ( 'NONE', *, *, #775, .T. ) ;
#1585 = LINE ( 'NONE', #916, #1810 ) ;
#1586 = LINE ( 'NONE', #1320, #1988 ) ;
#1587 = DATE_AND_TIME ( #1362, #1497 ) ;
#1588 = PLANE ( 'NONE',  #2198 ) ;
#1589 = DIRECTION ( 'NONE',  ( 0.9991558257964668899, 0.04108084440442505425, 0.000000000000000000 ) ) ;
#1590 = CIRCLE ( 'NONE', #120, 15.00000000000000355 ) ;
#1591 = EDGE_CURVE ( 'NONE', #664, #1712, #1615, .T. ) ;
#1592 = ORIENTED_EDGE ( 'NONE', *, *, #1812, .T. ) ;
#1593 = VERTEX_POINT ( 'NONE', #2794 ) ;
#1594 = VECTOR ( 'NONE', #1975, 1000.000000000000000 ) ;
#1595 = DIRECTION ( 'NONE',  ( 0.000000000000000000, 0.000000000000000000, 1.000000000000000000 ) ) ;
#1596 = CARTESIAN_POINT ( 'NONE',  ( 11.63365131311878642, -26.01745869843496806, 0.7499999999999998890 ) ) ;
#1597 = ORIENTED_EDGE ( 'NONE', *, *, #1017, .T. ) ;
#1598 = EDGE_CURVE ( 'NONE', #1434, #264, #804, .T. ) ;
#1599 = ADVANCED_FACE ( 'NONE', ( #452 ), #39, .T. ) ;
#1600 = ADVANCED_FACE ( 'NONE', ( #226, #2015, #2000, #903 ), #1332, .F. ) ;
#1601 = ORIENTED_EDGE ( 'NONE', *, *, #2730, .F. ) ;
#1602 = FACE_OUTER_BOUND ( 'NONE', #2651, .T. ) ;
#1603 = LINE ( 'NONE', #2039, #466 ) ;
#1604 = AXIS2_PLACEMENT_3D ( 'NONE', #1044, #330, #374 ) ;
#1605 = DIRECTION ( 'NONE',  ( -0.000000000000000000, 0.000000000000000000, 1.000000000000000000 ) ) ;
#1606 = CARTESIAN_POINT ( 'NONE',  ( 40.84645569621320504, 0.5381050623573083724, 0.7500000000000001110 ) ) ;
#1607 = CARTESIAN_POINT ( 'NONE',  ( 39.50000000000960654, -7.756742795736419839E-12, -0.7499999999999998890 ) ) ;
#1608 = ADVANCED_FACE ( 'NONE', ( #917 ), #478, .T. ) ;
#1609 = CIRCLE ( 'NONE', #1977, 1.000000000000000000 ) ;
#1610 = VERTEX_POINT ( 'NONE', #2677 ) ;
#1611 = EDGE_LOOP ( 'NONE', ( #1105, #1656, #1133, #31 ) ) ;
#1612 = EDGE_CURVE ( 'NONE', #100, #158, #1892, .T. ) ;
#1613 = DIRECTION ( 'NONE',  ( 0.000000000000000000, -0.000000000000000000, -1.000000000000000000 ) ) ;
#1614 = FACE_BOUND ( 'NONE', #1653, .T. ) ;
#1615 = CIRCLE ( 'NONE', #281, 1.500000000000001998 ) ;
#1616 = VERTEX_POINT ( 'NONE', #1112 ) ;
#1617 = DIRECTION ( 'NONE',  ( -0.8660254187078559873, -0.4999999741518820762, 0.000000000000000000 ) ) ;
#1618 = DIRECTION ( 'NONE',  ( 0.000000000000000000, 0.000000000000000000, -1.000000000000000000 ) ) ;
#1619 = AXIS2_PLACEMENT_3D ( 'NONE', #1014, #481, #1826 ) ;
#1620 = DIRECTION ( 'NONE',  ( 0.000000000000000000, -0.000000000000000000, -1.000000000000000000 ) ) ;
#1621 = CARTESIAN_POINT ( 'NONE',  ( -17.34664499588853559, -36.97001996656128853, 0.7499999999999998890 ) ) ;
#1622 = AXIS2_PLACEMENT_3D ( 'NONE', #1607, #42, #1115 ) ;
#1623 = CARTESIAN_POINT ( 'NONE',  ( 3.499999268429180077, -25.00000010751382717, 0.7499999999999998890 ) ) ;
#1624 = ORIENTED_EDGE ( 'NONE', *, *, #1340, .F. ) ;
#1625 = ORIENTED_EDGE ( 'NONE', *, *, #881, .F. ) ;
#1626 = DIRECTION ( 'NONE',  ( -0.5000000000000032196, -0.8660254037844367092, 0.000000000000000000 ) ) ;
#1627 = CARTESIAN_POINT ( 'NONE',  ( -1.966310195375652548, 7.042447080195312736, -0.7499999999999998890 ) ) ;
#1628 = CIRCLE ( 'NONE', #1212, 1.449999999999996181 ) ;
#1629 = VERTEX_POINT ( 'NONE', #2185 ) ;
#1630 = CARTESIAN_POINT ( 'NONE',  ( 3.999999149041860935, -29.00000012243728165, 0.7499999999999998890 ) ) ;
#1631 = CARTESIAN_POINT ( 'NONE',  ( -15.78440044350895910, -34.73147279686225630, -0.7499999999999998890 ) ) ;
#1632 = VECTOR ( 'NONE', #2087, 1000.000000000000000 ) ;
#1633 = FACE_OUTER_BOUND ( 'NONE', #1003, .T. ) ;
#1634 = CARTESIAN_POINT ( 'NONE',  ( -15.40199450624533029, -12.28285091529626882, -0.7499999999999998890 ) ) ;
#1635 = DIRECTION ( 'NONE',  ( 0.000000000000000000, -0.000000000000000000, -1.000000000000000000 ) ) ;
#1636 = ORIENTED_EDGE ( 'NONE', *, *, #136, .T. ) ;
#1637 = AXIS2_PLACEMENT_3D ( 'NONE', #587, #1719, #2607 ) ;
#1638 = EDGE_CURVE ( 'NONE', #2389, #1797, #266, .T. ) ;
#1639 = ORIENTED_EDGE ( 'NONE', *, *, #776, .F. ) ;
#1640 = LINE ( 'NONE', #1654, #649 ) ;
#1641 = DIRECTION ( 'NONE',  ( 0.5000000000000028866, 0.8660254037844369313, 0.000000000000000000 ) ) ;
#1642 = ORIENTED_EDGE ( 'NONE', *, *, #2806, .F. ) ;
#1643 = ORIENTED_EDGE ( 'NONE', *, *, #1155, .F. ) ;
#1644 = CARTESIAN_POINT ( 'NONE',  ( 37.01041879060621653, -13.37359067335524010, 0.7499999999999998890 ) ) ;
#1645 = FACE_OUTER_BOUND ( 'NONE', #1746, .T. ) ;
#1646 = EDGE_CURVE ( 'NONE', #2, #2356, #1532, .T. ) ;
#1647 = CARTESIAN_POINT ( 'NONE',  ( 34.46620454777403353, -8.979783397805570999, 0.7499999999999998890 ) ) ;
#1648 = DIRECTION ( 'NONE',  ( 0.000000000000000000, 0.000000000000000000, -1.000000000000000000 ) ) ;
#1649 = FACE_OUTER_BOUND ( 'NONE', #2061, .T. ) ;
#1650 = CIRCLE ( 'NONE', #1604, 2.249999999999999112 ) ;
#1651 = ORIENTED_EDGE ( 'NONE', *, *, #2211, .F. ) ;
#1652 = EDGE_CURVE ( 'NONE', #864, #1164, #1799, .T. ) ;
#1653 = EDGE_LOOP ( 'NONE', ( #1990, #594 ) ) ;
#1654 = CARTESIAN_POINT ( 'NONE',  ( -30.69486328589502477, 14.83493740668336081, -0.7499999999999998890 ) ) ;
#1655 = PLANE ( 'NONE',  #2503 ) ;
#1656 = ORIENTED_EDGE ( 'NONE', *, *, #2754, .T. ) ;
#1657 = CARTESIAN_POINT ( 'NONE',  ( 22.40063542892426796, 11.20096122573533748, -15.29656465847268976 ) ) ;
#1658 = CARTESIAN_POINT ( 'NONE',  ( 43.04333899873443414, -1.856003432148061405, -0.7499999999999998890 ) ) ;
#1659 = AXIS2_PLACEMENT_3D ( 'NONE', #556, #1445, #712 ) ;
#1660 = ORIENTED_EDGE ( 'NONE', *, *, #2588, .F. ) ;
#1661 = CARTESIAN_POINT ( 'NONE',  ( 32.10750089371835969, -13.52489105250273838, 0.7499999999999998890 ) ) ;
#1662 = DIRECTION ( 'NONE',  ( 0.5000000000000028866, 0.8660254037844369313, 0.000000000000000000 ) ) ;
#1663 = LINE ( 'NONE', #2752, #1028 ) ;
#1664 = VECTOR ( 'NONE', #2237, 1000.000000000000000 ) ;
#1665 = AXIS2_PLACEMENT_3D ( 'NONE', #2530, #103, #691 ) ;
#1666 = ORIENTED_EDGE ( 'NONE', *, *, #2514, .T. ) ;
#1667 = VERTEX_POINT ( 'NONE', #2423 ) ;
#1668 = DIRECTION ( 'NONE',  ( -0.000000000000000000, 0.000000000000000000, 1.000000000000000000 ) ) ;
#1669 = DIRECTION ( 'NONE',  ( -0.000000000000000000, -0.000000000000000000, -1.000000000000000000 ) ) ;
#1670 = ORIENTED_EDGE ( 'NONE', *, *, #2202, .T. ) ;
#1671 = VECTOR ( 'NONE', #2053, 999.9999999999998863 ) ;
#1672 = CARTESIAN_POINT ( 'NONE',  ( 2.874999149041854718, -30.94855728095226155, 0.4500000000000001776 ) ) ;
#1673 = DIRECTION ( 'NONE',  ( 0.000000000000000000, 0.000000000000000000, 1.000000000000000000 ) ) ;
#1674 = EDGE_LOOP ( 'NONE', ( #1070, #2541, #1068, #67 ) ) ;
#1675 = CARTESIAN_POINT ( 'NONE',  ( -22.90063478614582593, 10.33493717405034396, -0.7499999999999998890 ) ) ;
#1676 = CARTESIAN_POINT ( 'NONE',  ( 3.999999149041860935, -29.00000012243728165, 0.4500000000000001776 ) ) ;
#1677 = CYLINDRICAL_SURFACE ( 'NONE', #2193, 5.649999999999989697 ) ;
#1678 = EDGE_CURVE ( 'NONE', #806, #785, #655, .T. ) ;
#1679 = VECTOR ( 'NONE', #2383, 1000.000000000000000 ) ;
#1680 = CARTESIAN_POINT ( 'NONE',  ( -23.40515461098040007, 16.39972464219354720, 0.7499999999999998890 ) ) ;
#1681 = EDGE_LOOP ( 'NONE', ( #113, #1946, #2469, #2284 ) ) ;
#1682 = EDGE_CURVE ( 'NONE', #2813, #646, #892, .T. ) ;
#1683 = AXIS2_PLACEMENT_3D ( 'NONE', #530, #541, #1188 ) ;
#1684 = FACE_OUTER_BOUND ( 'NONE', #2537, .T. ) ;
#1685 = FACE_OUTER_BOUND ( 'NONE', #2455, .T. ) ;
#1686 = ORIENTED_EDGE ( 'NONE', *, *, #1246, .T. ) ;
#1687 = CARTESIAN_POINT ( 'NONE',  ( 11.63365131311878642, -26.01745869843496806, -0.7499999999999998890 ) ) ;
#1688 = CYLINDRICAL_SURFACE ( 'NONE', #1989, 4.000000000000000888 ) ;
#1689 = EDGE_CURVE ( 'NONE', #1490, #2562, #2634, .T. ) ;
#1690 = EDGE_CURVE ( 'NONE', #2618, #1038, #2496, .T. ) ;
#1691 = ORIENTED_EDGE ( 'NONE', *, *, #2669, .F. ) ;
#1692 = DIRECTION ( 'NONE',  ( -0.5000000000000028866, -0.8660254037844369313, 0.000000000000000000 ) ) ;
#1693 = CARTESIAN_POINT ( 'NONE',  ( -19.74999999999974065, 34.20800344948538907, 0.7500000000000001110 ) ) ;
#1694 = EDGE_CURVE ( 'NONE', #987, #1509, #1586, .T. ) ;
#1695 = LINE ( 'NONE', #2116, #1494 ) ;
#1696 = EDGE_CURVE ( 'NONE', #866, #2645, #593, .T. ) ;
#1697 = ORIENTED_EDGE ( 'NONE', *, *, #1040, .F. ) ;
#1698 = EDGE_LOOP ( 'NONE', ( #2558, #2843, #373, #1015 ) ) ;
#1699 = LINE ( 'NONE', #2529, #1096 ) ;
#1700 = VERTEX_POINT ( 'NONE', #1748 ) ;
#1701 = EDGE_CURVE ( 'NONE', #592, #2104, #2453, .T. ) ;
#1702 = AXIS2_PLACEMENT_3D ( 'NONE', #2023, #1817, #943 ) ;
#1703 = DIRECTION ( 'NONE',  ( 0.000000000000000000, -0.000000000000000000, -1.000000000000000000 ) ) ;
#1704 = CARTESIAN_POINT ( 'NONE',  ( 19.53461011360888122, 14.16506292641487974, 0.7499999999999998890 ) ) ;
#1705 = ORIENTED_EDGE ( 'NONE', *, *, #273, .F. ) ;
#1706 = LINE ( 'NONE', #2780, #77 ) ;
#1707 = DIRECTION ( 'NONE',  ( 0.000000000000000000, -0.000000000000000000, -1.000000000000000000 ) ) ;
#1708 = CARTESIAN_POINT ( 'NONE',  ( 22.40063542892426796, 11.20096122573533748, -0.7499999999999998890 ) ) ;
#1709 = AXIS2_PLACEMENT_3D ( 'NONE', #1406, #531, #2738 ) ;
#1710 = CARTESIAN_POINT ( 'NONE',  ( -7.633689415050835869, -25.99999977520844396, -0.7499999999999998890 ) ) ;
#1711 = VECTOR ( 'NONE', #321, 1000.000000000000000 ) ;
#1712 = VERTEX_POINT ( 'NONE', #671 ) ;
#1713 = CIRCLE ( 'NONE', #2778, 1.449999999999911138 ) ;
#1714 = ORIENTED_EDGE ( 'NONE', *, *, #2202, .F. ) ;
#1715 = ORIENTED_EDGE ( 'NONE', *, *, #2553, .F. ) ;
#1716 = FACE_OUTER_BOUND ( 'NONE', #1293, .T. ) ;
#1717 = DIRECTION ( 'NONE',  ( 0.5000000000000024425, 0.8660254037844372643, 0.000000000000000000 ) ) ;
#1718 = ORIENTED_EDGE ( 'NONE', *, *, #583, .T. ) ;
#1719 = DIRECTION ( 'NONE',  ( 0.000000000000000000, 0.000000000000000000, -1.000000000000000000 ) ) ;
#1720 = CARTESIAN_POINT ( 'NONE',  ( 3.999999149041860935, -29.00000012243728165, 0.4500000000000001776 ) ) ;
#1721 = AXIS2_PLACEMENT_3D ( 'NONE', #1130, #861, #1563 ) ;
#1722 = ORIENTED_EDGE ( 'NONE', *, *, #1257, .F. ) ;
#1723 = ORIENTED_EDGE ( 'NONE', *, *, #2598, .F. ) ;
#1724 = VECTOR ( 'NONE', #2130, 1000.000000000000000 ) ;
#1725 = PRODUCT_RELATED_PRODUCT_CATEGORY ( 'detail', '', ( #1232 ) ) ;
#1726 = VERTEX_POINT ( 'NONE', #1562 ) ;
#1727 = EDGE_CURVE ( 'NONE', #1184, #1555, #2448, .T. ) ;
#1728 = VERTEX_POINT ( 'NONE', #10 ) ;
#1729 = DIRECTION ( 'NONE',  ( 0.9991558257964668899, 0.04108084440442505425, 0.000000000000000000 ) ) ;
#1730 = CARTESIAN_POINT ( 'NONE',  ( -30.69486328589502477, 14.83493740668336081, 0.7499999999999998890 ) ) ;
#1731 = AXIS2_PLACEMENT_3D ( 'NONE', #2694, #2440, #2409 ) ;
#1732 = EDGE_LOOP ( 'NONE', ( #1289, #2412, #1893, #752 ) ) ;
#1733 = CARTESIAN_POINT ( 'NONE',  ( 5.124999149041865820, -27.05144296392229819, 0.7499999999999998890 ) ) ;
#1734 = CARTESIAN_POINT ( 'NONE',  ( -19.74999999999031175, -34.20800344949305583, 0.7499999999999998890 ) ) ;
#1735 = DIRECTION ( 'NONE',  ( 0.5000000000000033307, 0.8660254037844365982, 0.000000000000000000 ) ) ;
#1736 = EDGE_CURVE ( 'NONE', #2213, #2389, #1526, .T. ) ;
#1737 = DIRECTION ( 'NONE',  ( 0.000000000000000000, 0.000000000000000000, 1.000000000000000000 ) ) ;
#1738 = CARTESIAN_POINT ( 'NONE',  ( -1.500000701723945618, -23.99999995827970167, -0.7499999999999998890 ) ) ;
#1739 = VERTEX_POINT ( 'NONE', #2521 ) ;
#1740 = AXIS2_PLACEMENT_3D ( 'NONE', #783, #1890, #2574 ) ;
#1741 = ORIENTED_EDGE ( 'NONE', *, *, #1176, .F. ) ;
#1742 = ORIENTED_EDGE ( 'NONE', *, *, #2298, .T. ) ;
#1743 = CARTESIAN_POINT ( 'NONE',  ( -23.12901562109726328, -36.34862332053867107, 0.7499999999999998890 ) ) ;
#1744 = DIRECTION ( 'NONE',  ( -0.5000000000000033307, -0.8660254037844367092, 0.000000000000000000 ) ) ;
#1745 = EDGE_CURVE ( 'NONE', #264, #428, #2278, .T. ) ;
#1746 = EDGE_LOOP ( 'NONE', ( #2390, #1584, #1670, #759 ) ) ;
#1747 = DIRECTION ( 'NONE',  ( 0.000000000000000000, 0.000000000000000000, 1.000000000000000000 ) ) ;
#1748 = CARTESIAN_POINT ( 'NONE',  ( -17.16507619652049854, 29.18399420086684160, 0.7499999999999998890 ) ) ;
#1749 = PERSON_AND_ORGANIZATION_ROLE ( 'classification_officer' ) ;
#1750 = DIRECTION ( 'NONE',  ( 0.000000000000000000, -0.000000000000000000, -1.000000000000000000 ) ) ;
#1751 = CARTESIAN_POINT ( 'NONE',  ( -1.966310195365870817, 7.042447080187505648, 0.7499999999999998890 ) ) ;
#1752 = ORIENTED_EDGE ( 'NONE', *, *, #926, .F. ) ;
#1753 = AXIS2_PLACEMENT_3D ( 'NONE', #1259, #1896, #603 ) ;
#1754 = VECTOR ( 'NONE', #119, 1000.000000000000000 ) ;
#1755 = ORIENTED_EDGE ( 'NONE', *, *, #1524, .T. ) ;
#1756 = ORIENTED_EDGE ( 'NONE', *, *, #1213, .F. ) ;
#1757 = VECTOR ( 'NONE', #1454, 999.9999999999998863 ) ;
#1758 = EDGE_CURVE ( 'NONE', #433, #389, #1879, .T. ) ;
#1759 = VECTOR ( 'NONE', #1589, 999.9999999999998863 ) ;
#1760 = DIRECTION ( 'NONE',  ( 0.000000000000000000, -0.000000000000000000, -1.000000000000000000 ) ) ;
#1761 = CYLINDRICAL_SURFACE ( 'NONE', #2597, 1.449999999999941558 ) ;
#1762 = EDGE_CURVE ( 'NONE', #813, #99, #1211, .T. ) ;
#1763 = ORIENTED_EDGE ( 'NONE', *, *, #1030, .F. ) ;
#1764 = DIRECTION ( 'NONE',  ( -0.5000000000000026645, -0.8660254037844372643, 0.000000000000000000 ) ) ;
#1765 = CARTESIAN_POINT ( 'NONE',  ( -4.000000850958119969, -28.99999988366263537, 0.7499999999999998890 ) ) ;
#1766 = DIRECTION ( 'NONE',  ( 0.5000000000000026645, 0.8660254037844370423, 0.000000000000000000 ) ) ;
#1767 = FACE_OUTER_BOUND ( 'NONE', #996, .T. ) ;
#1768 = ORIENTED_EDGE ( 'NONE', *, *, #1943, .F. ) ;
#1769 = ORIENTED_EDGE ( 'NONE', *, *, #653, .T. ) ;
#1770 = EDGE_CURVE ( 'NONE', #2, #731, #1199, .T. ) ;
#1771 = ORIENTED_EDGE ( 'NONE', *, *, #2333, .F. ) ;
#1772 = EDGE_CURVE ( 'NONE', #16, #1726, #1373, .T. ) ;
#1773 = AXIS2_PLACEMENT_3D ( 'NONE', #352, #728, #1217 ) ;
#1774 = CARTESIAN_POINT ( 'NONE',  ( 33.79471763230684189, 3.143275553626377228, 0.7499999999999998890 ) ) ;
#1775 = CARTESIAN_POINT ( 'NONE',  ( 20.77532505523484474, 19.50019205650044896, 0.7499999999999998890 ) ) ;
#1776 = CC_DESIGN_SECURITY_CLASSIFICATION ( #1451, ( #2470 ) ) ;
#1777 = EDGE_LOOP ( 'NONE', ( #1723, #706, #23, #525 ) ) ;
#1778 = EDGE_CURVE ( 'NONE', #2060, #792, #287, .T. ) ;
#1779 = CIRCLE ( 'NONE', #2148, 1.000000000000002442 ) ;
#1780 = FACE_OUTER_BOUND ( 'NONE', #1117, .T. ) ;
#1781 = DIRECTION ( 'NONE',  ( 0.5000000000000026645, 0.8660254037844370423, 0.000000000000000000 ) ) ;
#1782 = VECTOR ( 'NONE', #891, 1000.000000000000000 ) ;
#1783 = CYLINDRICAL_SURFACE ( 'NONE', #2090, 39.79999999999982663 ) ;
#1784 = CARTESIAN_POINT ( 'NONE',  ( -2.875000850958111975, -27.05144272514764481, 0.7499999999999998890 ) ) ;
#1785 = ADVANCED_FACE ( 'NONE', ( #310 ), #1152, .F. ) ;
#1786 = ORIENTED_EDGE ( 'NONE', *, *, #1191, .F. ) ;
#1787 = ORIENTED_EDGE ( 'NONE', *, *, #1395, .T. ) ;
#1788 = CARTESIAN_POINT ( 'NONE',  ( -17.47164499588853914, -37.18652631750740056, 0.7499999999999998890 ) ) ;
#1789 = LINE ( 'NONE', #2673, #2544 ) ;
#1790 = EDGE_CURVE ( 'NONE', #914, #1490, #1866, .T. ) ;
#1791 = EDGE_LOOP ( 'NONE', ( #1697, #630, #105, #1601 ) ) ;
#1792 = DIRECTION ( 'NONE',  ( 0.000000000000000000, 0.000000000000000000, 1.000000000000000000 ) ) ;
#1793 = DIRECTION ( 'NONE',  ( 0.5455710613624985550, -0.8380645661306752592, 0.000000000000000000 ) ) ;
#1794 = PERSON_AND_ORGANIZATION_ROLE ( 'creator' ) ;
#1795 = DIRECTION ( 'NONE',  ( -0.5000000000000029976, -0.8660254037844370423, 0.000000000000000000 ) ) ;
#1796 = DIRECTION ( 'NONE',  ( -0.8370477540759805324, -0.5471298359588488980, 0.000000000000000000 ) ) ;
#1797 = VERTEX_POINT ( 'NONE', #1402 ) ;
#1798 = ORIENTED_EDGE ( 'NONE', *, *, #1690, .T. ) ;
#1799 = CIRCLE ( 'NONE', #1846, 3.999999999999999112 ) ;
#1800 = LINE ( 'NONE', #1844, #3 ) ;
#1801 = CYLINDRICAL_SURFACE ( 'NONE', #2547, 39.80000000000001847 ) ;
#1802 = VECTOR ( 'NONE', #1542, 999.9999999999998863 ) ;
#1803 = VECTOR ( 'NONE', #2632, 999.9999999999998863 ) ;
#1804 = EDGE_LOOP ( 'NONE', ( #747, #1592, #444, #1487 ) ) ;
#1805 = DIRECTION ( 'NONE',  ( 0.000000000000000000, 0.000000000000000000, 1.000000000000000000 ) ) ;
#1806 = CARTESIAN_POINT ( 'NONE',  ( -19.74999999999031175, -34.20800344949305583, 0.7499999999999998890 ) ) ;
#1807 = COORDINATED_UNIVERSAL_TIME_OFFSET ( 1, 0, .AHEAD. ) ;
#1808 = DIRECTION ( 'NONE',  ( 0.000000000000000000, 0.000000000000000000, 1.000000000000000000 ) ) ;
#1809 = LINE ( 'NONE', #2695, #1483 ) ;
#1810 = VECTOR ( 'NONE', #1805, 1000.000000000000000 ) ;
#1811 = ORIENTED_EDGE ( 'NONE', *, *, #2622, .F. ) ;
#1812 = EDGE_CURVE ( 'NONE', #2213, #1371, #2748, .T. ) ;
#1813 = ORIENTED_EDGE ( 'NONE', *, *, #2495, .F. ) ;
#1814 = VECTOR ( 'NONE', #1480, 1000.000000000000000 ) ;
#1815 = VECTOR ( 'NONE', #2374, 1000.000000000000114 ) ;
#1816 = VECTOR ( 'NONE', #2604, 1000.000000000000114 ) ;
#1817 = DIRECTION ( 'NONE',  ( 0.000000000000000000, -0.000000000000000000, -1.000000000000000000 ) ) ;
#1818 = DIRECTION ( 'NONE',  ( -0.000000000000000000, 0.000000000000000000, 1.000000000000000000 ) ) ;
#1819 = CIRCLE ( 'NONE', #794, 39.79999999999971294 ) ;
#1820 = EDGE_LOOP ( 'NONE', ( #1768, #606, #1642, #166 ) ) ;
#1821 = DIRECTION ( 'NONE',  ( -0.4081982916884110968, -0.9128932876643703898, 0.000000000000000000 ) ) ;
#1822 = DIRECTION ( 'NONE',  ( 0.000000000000000000, 0.000000000000000000, 1.000000000000000000 ) ) ;
#1823 = AXIS2_PLACEMENT_3D ( 'NONE', #711, #1605, #299 ) ;
#1824 = DIRECTION ( 'NONE',  ( -0.2802848854995960703, -0.9599168625253327036, 0.000000000000000000 ) ) ;
#1825 = DIRECTION ( 'NONE',  ( 0.000000000000000000, 0.000000000000000000, 1.000000000000000000 ) ) ;
#1826 = DIRECTION ( 'NONE',  ( 0.5000000000000024425, 0.8660254037844372643, 0.000000000000000000 ) ) ;
#1827 = ADVANCED_FACE ( 'NONE', ( #1645 ), #2084, .T. ) ;
#1828 = ORIENTED_EDGE ( 'NONE', *, *, #2138, .T. ) ;
#1829 = ORIENTED_EDGE ( 'NONE', *, *, #1316, .T. ) ;
#1830 = CARTESIAN_POINT ( 'NONE',  ( -15.40199450624533029, -12.28285091529626882, -0.7499999999999998890 ) ) ;
#1831 = PLANE ( 'NONE',  #1205 ) ;
#1832 = ORIENTED_EDGE ( 'NONE', *, *, #1470, .F. ) ;
#1833 = VERTEX_POINT ( 'NONE', #2533 ) ;
#1834 = CARTESIAN_POINT ( 'NONE',  ( -7.633689415050835869, -25.99999977520844396, -0.7499999999999998890 ) ) ;
#1835 = DIRECTION ( 'NONE',  ( 0.000000000000000000, 0.000000000000000000, 1.000000000000000000 ) ) ;
#1836 = CIRCLE ( 'NONE', #1465, 39.79999999999982663 ) ;
#1837 = EDGE_CURVE ( 'NONE', #2614, #565, #2035, .T. ) ;
#1838 = DIRECTION ( 'NONE',  ( -0.05530446007081669252, 0.9984695371899313665, 0.000000000000000000 ) ) ;
#1839 = LINE ( 'NONE', #85, #772 ) ;
#1840 = DIRECTION ( 'NONE',  ( -0.8892051767466552237, -0.4575086377839763241, 0.000000000000000000 ) ) ;
#1841 = AXIS2_PLACEMENT_3D ( 'NONE', #1356, #1162, #912 ) ;
#1842 = ORIENTED_EDGE ( 'NONE', *, *, #78, .F. ) ;
#1843 = VERTEX_POINT ( 'NONE', #1187 ) ;
#1844 = CARTESIAN_POINT ( 'NONE',  ( 37.97053797469325076, 3.696044630826092803, -0.7499999999999998890 ) ) ;
#1845 = CARTESIAN_POINT ( 'NONE',  ( -20.47500000000007958, -35.46374028497263708, 0.7500000000000001110 ) ) ;
#1846 = AXIS2_PLACEMENT_3D ( 'NONE', #1097, #2636, #1141 ) ;
#1847 = EDGE_CURVE ( 'NONE', #1250, #149, #1603, .T. ) ;
#1848 = ORIENTED_EDGE ( 'NONE', *, *, #1778, .T. ) ;
#1849 = CIRCLE ( 'NONE', #1248, 1.499999999999998002 ) ;
#1850 = DIRECTION ( 'NONE',  ( 0.9128932876643703898, -0.4081982916884110968, 0.000000000000000000 ) ) ;
#1851 = DIRECTION ( 'NONE',  ( -0.8923522141467769009, 0.4513397012310628731, 0.000000000000000000 ) ) ;
#1852 = VECTOR ( 'NONE', #199, 1000.000000000000000 ) ;
#1853 = CARTESIAN_POINT ( 'NONE',  ( -30.69486328589502477, 14.83493740668336081, -11.93034015445707574 ) ) ;
#1854 = DIRECTION ( 'NONE',  ( 0.000000000000000000, 0.000000000000000000, 1.000000000000000000 ) ) ;
#1855 = DIRECTION ( 'NONE',  ( 0.5000000000000024425, 0.8660254037844372643, 0.000000000000000000 ) ) ;
#1856 = ORIENTED_EDGE ( 'NONE', *, *, #167, .T. ) ;
#1857 = VERTEX_POINT ( 'NONE', #107 ) ;
#1858 = VECTOR ( 'NONE', #2277, 1000.000000000000000 ) ;
#1859 = ADVANCED_FACE ( 'NONE', ( #978 ), #2489, .F. ) ;
#1860 = VECTOR ( 'NONE', #1306, 1000.000000000000000 ) ;
#1861 = CARTESIAN_POINT ( 'NONE',  ( -3.405398198188184899, 20.51914534019491398, -0.7499999999999998890 ) ) ;
#1862 = EDGE_CURVE ( 'NONE', #1728, #1253, #1415, .T. ) ;
#1863 = CARTESIAN_POINT ( 'NONE',  ( 5.626406775012695149, -26.00000017098042093, -0.7499999999999998890 ) ) ;
#1864 = ORIENTED_EDGE ( 'NONE', *, *, #1812, .F. ) ;
#1865 = DIRECTION ( 'NONE',  ( 0.5000000000000024425, 0.8660254037844372643, 0.000000000000000000 ) ) ;
#1866 = LINE ( 'NONE', #2094, #1754 ) ;
#1867 = AXIS2_PLACEMENT_3D ( 'NONE', #66, #2256, #1796 ) ;
#1868 = EDGE_CURVE ( 'NONE', #70, #2813, #873, .T. ) ;
#1869 = CARTESIAN_POINT ( 'NONE',  ( 3.999999149041860935, -29.00000012243728165, 0.7499999999999998890 ) ) ;
#1870 = DIRECTION ( 'NONE',  ( 0.000000000000000000, 0.000000000000000000, 1.000000000000000000 ) ) ;
#1871 = CARTESIAN_POINT ( 'NONE',  ( 20.03461008776076113, 13.29903750770701976, 0.7499999999999998890 ) ) ;
#1872 = VERTEX_POINT ( 'NONE', #2475 ) ;
#1873 = AXIS2_PLACEMENT_3D ( 'NONE', #2110, #1005, #1258 ) ;
#1874 = ORIENTED_EDGE ( 'NONE', *, *, #167, .F. ) ;
#1875 = LINE ( 'NONE', #1887, #2354 ) ;
#1876 = DIRECTION ( 'NONE',  ( 0.8858347496811841415, -0.4640008580350620249, 0.000000000000000000 ) ) ;
#1877 = VERTEX_POINT ( 'NONE', #489 ) ;
#1878 = CARTESIAN_POINT ( 'NONE',  ( -23.12901562109726328, -36.34862332053867107, 0.7499999999999998890 ) ) ;
#1879 = LINE ( 'NONE', #1428, #1711 ) ;
#1880 = VERTEX_POINT ( 'NONE', #1385 ) ;
#1881 = CARTESIAN_POINT ( 'NONE',  ( -30.08707865822566419, -25.36516754068582813, -0.7499999999999998890 ) ) ;
#1882 = DIRECTION ( 'NONE',  ( 0.000000000000000000, -0.000000000000000000, -1.000000000000000000 ) ) ;
#1883 = LINE ( 'NONE', #339, #1404 ) ;
#1884 = ORIENTED_EDGE ( 'NONE', *, *, #1280, .F. ) ;
#1885 = PERSON ( 'UNSPECIFIED', 'UNSPECIFIED', 'UNSPECIFIED', ('UNSPECIFIED'), ('UNSPECIFIED'), ('UNSPECIFIED') ) ;
#1886 = VERTEX_POINT ( 'NONE', #515 ) ;
#1887 = CARTESIAN_POINT ( 'NONE',  ( -19.95721519416154166, -35.64312081866690818, 0.7499999999999998890 ) ) ;
#1888 = CYLINDRICAL_SURFACE ( 'NONE', #1386, 1.499999999999998446 ) ;
#1889 = ORIENTED_EDGE ( 'NONE', *, *, #2138, .F. ) ;
#1890 = DIRECTION ( 'NONE',  ( 0.5000000258481134274, 0.8660253888610229822, 0.000000000000000000 ) ) ;
#1891 = FACE_OUTER_BOUND ( 'NONE', #652, .T. ) ;
#1892 = CIRCLE ( 'NONE', #237, 15.00000000000000355 ) ;
#1893 = ORIENTED_EDGE ( 'NONE', *, *, #1694, .F. ) ;
#1894 = ADVANCED_FACE ( 'NONE', ( #2054 ), #947, .F. ) ;
#1895 = DIRECTION ( 'NONE',  ( 0.5000000000000036637, 0.8660254037844364872, 0.000000000000000000 ) ) ;
#1896 = DIRECTION ( 'NONE',  ( 0.000000000000000000, 0.000000000000000000, 1.000000000000000000 ) ) ;
#1897 = DIRECTION ( 'NONE',  ( 0.000000000000000000, 0.000000000000000000, 1.000000000000000000 ) ) ;
#1898 = UNCERTAINTY_MEASURE_WITH_UNIT (LENGTH_MEASURE( 1.000000000000000082E-05 ), #1916, 'distance_accuracy_value', 'NONE');
#1899 = VECTOR ( 'NONE', #828, 1000.000000000000000 ) ;
#1900 = AXIS2_PLACEMENT_3D ( 'NONE', #944, #1818, #1423 ) ;
#1901 = DIRECTION ( 'NONE',  ( 0.000000000000000000, 0.000000000000000000, 1.000000000000000000 ) ) ;
#1902 = EDGE_LOOP ( 'NONE', ( #2245, #1961, #201, #2231 ) ) ;
#1903 = EDGE_CURVE ( 'NONE', #813, #1629, #2175, .T. ) ;
#1904 = EDGE_CURVE ( 'NONE', #2741, #16, #131, .T. ) ;
#1905 = CARTESIAN_POINT ( 'NONE',  ( -31.11414181394468415, 9.365909297400271782, -0.7499999999999998890 ) ) ;
#1906 = CARTESIAN_POINT ( 'NONE',  ( -17.47164499588853914, -37.18652631750740056, 0.7499999999999998890 ) ) ;
#1907 = ORIENTED_EDGE ( 'NONE', *, *, #1491, .F. ) ;
#1908 = EDGE_CURVE ( 'NONE', #2577, #866, #405, .T. ) ;
#1909 = PLANE ( 'NONE',  #1508 ) ;
#1910 = LINE ( 'NONE', #1271, #12 ) ;
#1911 = EDGE_CURVE ( 'NONE', #1219, #1593, #1474, .T. ) ;
#1912 = VERTEX_POINT ( 'NONE', #347 ) ;
#1913 = EDGE_CURVE ( 'NONE', #961, #2, #377, .T. ) ;
#1914 = CARTESIAN_POINT ( 'NONE',  ( 22.40063542892426796, 11.20096122573533748, -15.29656465847268976 ) ) ;
#1915 = DIRECTION ( 'NONE',  ( 0.000000000000000000, 0.000000000000000000, 1.000000000000000000 ) ) ;
#1916 =( LENGTH_UNIT ( ) NAMED_UNIT ( * ) SI_UNIT ( .MILLI., .METRE. ) );
#1917 = VECTOR ( 'NONE', #398, 1000.000000000000000 ) ;
#1918 = ORIENTED_EDGE ( 'NONE', *, *, #2073, .T. ) ;
#1919 = EDGE_LOOP ( 'NONE', ( #1949, #829, #2840, #1027 ) ) ;
#1920 = EDGE_CURVE ( 'NONE', #2104, #1997, #2317, .T. ) ;
#1921 = AXIS2_PLACEMENT_3D ( 'NONE', #803, #2594, #1692 ) ;
#1922 = ORIENTED_EDGE ( 'NONE', *, *, #2080, .T. ) ;
#1923 = CARTESIAN_POINT ( 'NONE',  ( 7.936885397596828540, -27.54517652769369818, -0.7499999999999998890 ) ) ;
#1924 = VERTEX_POINT ( 'NONE', #2791 ) ;
#1925 = CARTESIAN_POINT ( 'NONE',  ( -13.26644447987293596, -29.66903184909198643, -0.7499999999999998890 ) ) ;
#1926 = DIRECTION ( 'NONE',  ( 0.5000000000000026645, 0.8660254037844370423, 0.000000000000000000 ) ) ;
#1927 = ORIENTED_EDGE ( 'NONE', *, *, #663, .F. ) ;
#1928 = DIRECTION ( 'NONE',  ( 0.000000000000000000, 0.000000000000000000, 1.000000000000000000 ) ) ;
#1929 = DIRECTION ( 'NONE',  ( 0.5000000000000027756, 0.8660254037844370423, 0.000000000000000000 ) ) ;
#1930 = CIRCLE ( 'NONE', #2300, 1.000000000000001110 ) ;
#1931 = DIRECTION ( 'NONE',  ( 0.8660254037844370423, -0.5000000000000028866, 0.000000000000000000 ) ) ;
#1932 = CYLINDRICAL_SURFACE ( 'NONE', #203, 1.449999999999996181 ) ;
#1933 = ORIENTED_EDGE ( 'NONE', *, *, #197, .F. ) ;
#1934 = ORIENTED_EDGE ( 'NONE', *, *, #2598, .T. ) ;
#1935 = DIRECTION ( 'NONE',  ( 0.000000000000000000, -0.000000000000000000, -1.000000000000000000 ) ) ;
#1936 = ORIENTED_EDGE ( 'NONE', *, *, #1790, .T. ) ;
#1937 = CARTESIAN_POINT ( 'NONE',  ( -19.53460926804423892, 14.16506409250735032, -0.7499999999999998890 ) ) ;
#1938 = DIRECTION ( 'NONE',  ( 0.000000000000000000, -0.000000000000000000, -1.000000000000000000 ) ) ;
#1939 = ORIENTED_EDGE ( 'NONE', *, *, #2030, .F. ) ;
#1940 = CARTESIAN_POINT ( 'NONE',  ( 25.90515546069967101, 12.06959615151482978, 0.7499999999999998890 ) ) ;
#1941 = CARTESIAN_POINT ( 'NONE',  ( -30.08707865822566419, -25.36516754068582813, 0.7499999999999998890 ) ) ;
#1942 = CARTESIAN_POINT ( 'NONE',  ( -29.00124108700547865, -18.61218677584938774, -0.7499999999999998890 ) ) ;
#1943 = EDGE_CURVE ( 'NONE', #1509, #1184, #1945, .T. ) ;
#1944 = CARTESIAN_POINT ( 'NONE',  ( 43.04333899873444125, -1.856003432148061405, 0.7499999999999998890 ) ) ;
#1945 = CIRCLE ( 'NONE', #683, 2.500000000000000888 ) ;
#1946 = ORIENTED_EDGE ( 'NONE', *, *, #157, .F. ) ;
#1947 = CIRCLE ( 'NONE', #1665, 44.00000000000947864 ) ;
#1948 = VERTEX_POINT ( 'NONE', #2832 ) ;
#1949 = ORIENTED_EDGE ( 'NONE', *, *, #1388, .F. ) ;
#1950 = DIRECTION ( 'NONE',  ( 0.5000000000000033307, 0.8660254037844365982, 0.000000000000000000 ) ) ;
#1951 = CARTESIAN_POINT ( 'NONE',  ( -15.78440044350896621, -34.73147279686225630, 0.7499999999999998890 ) ) ;
#1952 = VERTEX_POINT ( 'NONE', #2777 ) ;
#1953 = CARTESIAN_POINT ( 'NONE',  ( 9.633651313118779314, -29.48156031357270734, 0.7499999999999998890 ) ) ;
#1954 = FACE_OUTER_BOUND ( 'NONE', #391, .T. ) ;
#1955 = AXIS2_PLACEMENT_3D ( 'NONE', #2004, #905, #1795 ) ;
#1956 = DIRECTION ( 'NONE',  ( 0.000000000000000000, -0.000000000000000000, -1.000000000000000000 ) ) ;
#1957 = PLANE ( 'NONE',  #144 ) ;
#1958 = ORIENTED_EDGE ( 'NONE', *, *, #1682, .F. ) ;
#1959 = APPROVAL_PERSON_ORGANIZATION ( #2206, #1123, #2224 ) ;
#1960 = ORIENTED_EDGE ( 'NONE', *, *, #1304, .F. ) ;
#1961 = ORIENTED_EDGE ( 'NONE', *, *, #2219, .F. ) ;
#1962 = PLANE ( 'NONE',  #579 ) ;
#1963 = DIRECTION ( 'NONE',  ( 0.5000000000000031086, 0.8660254037844369313, 0.000000000000000000 ) ) ;
#1964 = AXIS2_PLACEMENT_3D ( 'NONE', #122, #992, #936 ) ;
#1965 = ORIENTED_EDGE ( 'NONE', *, *, #2543, .F. ) ;
#1966 = DIRECTION ( 'NONE',  ( 0.5000000000000034417, 0.8660254037844367092, 0.000000000000000000 ) ) ;
#1967 = DIRECTION ( 'NONE',  ( 0.000000000000000000, -0.000000000000000000, -1.000000000000000000 ) ) ;
#1968 = DIRECTION ( 'NONE',  ( 0.000000000000000000, -0.000000000000000000, -1.000000000000000000 ) ) ;
#1969 = DIRECTION ( 'NONE',  ( -0.5000000000000028866, -0.8660254037844369313, 0.000000000000000000 ) ) ;
#1970 = DIRECTION ( 'NONE',  ( -0.5000000000000032196, -0.8660254037844367092, 0.000000000000000000 ) ) ;
#1971 = VERTEX_POINT ( 'NONE', #2363 ) ;
#1972 = EDGE_CURVE ( 'NONE', #1700, #619, #2498, .T. ) ;
#1973 = ORIENTED_EDGE ( 'NONE', *, *, #2754, .F. ) ;
#1974 = ORIENTED_EDGE ( 'NONE', *, *, #230, .T. ) ;
#1975 = DIRECTION ( 'NONE',  ( -0.8380645661306751482, -0.5455710613624985550, 0.000000000000000000 ) ) ;
#1976 = DIRECTION ( 'NONE',  ( 0.000000000000000000, 0.000000000000000000, 1.000000000000000000 ) ) ;
#1977 = AXIS2_PLACEMENT_3D ( 'NONE', #2687, #704, #716 ) ;
#1978 = EDGE_CURVE ( 'NONE', #2356, #2528, #2605, .T. ) ;
#1979 = ORIENTED_EDGE ( 'NONE', *, *, #1920, .F. ) ;
#1980 = FACE_OUTER_BOUND ( 'NONE', #1732, .T. ) ;
#1981 = DIRECTION ( 'NONE',  ( 0.5000000000000089928, 0.8660254037844336006, 0.000000000000000000 ) ) ;
#1982 = COORDINATED_UNIVERSAL_TIME_OFFSET ( 1, 0, .AHEAD. ) ;
#1983 = EDGE_CURVE ( 'NONE', #1219, #1034, #2683, .T. ) ;
#1984 = DIRECTION ( 'NONE',  ( -0.5000000000000029976, -0.8660254037844369313, 0.000000000000000000 ) ) ;
#1985 = EDGE_CURVE ( 'NONE', #224, #1281, #1849, .T. ) ;
#1986 = CARTESIAN_POINT ( 'NONE',  ( -19.95721519416154166, -35.64312081866690818, -0.7499999999999998890 ) ) ;
#1987 = EDGE_LOOP ( 'NONE', ( #2008, #2161, #1234, #1206 ) ) ;
#1988 = VECTOR ( 'NONE', #421, 1000.000000000000000 ) ;
#1989 = AXIS2_PLACEMENT_3D ( 'NONE', #189, #1673, #567 ) ;
#1990 = ORIENTED_EDGE ( 'NONE', *, *, #1985, .T. ) ;
#1991 = VERTEX_POINT ( 'NONE', #2546 ) ;
#1992 = AXIS2_PLACEMENT_3D ( 'NONE', #1144, #2005, #1564 ) ;
#1993 = ADVANCED_FACE ( 'NONE', ( #381 ), #784, .F. ) ;
#1994 = ADVANCED_FACE ( 'NONE', ( #1891 ), #1688, .F. ) ;
#1995 = FACE_OUTER_BOUND ( 'NONE', #289, .T. ) ;
#1996 = CARTESIAN_POINT ( 'NONE',  ( 39.49999999999992895, -2.528858120092247205E-15, 0.7500000000000001110 ) ) ;
#1997 = VERTEX_POINT ( 'NONE', #585 ) ;
#1998 = EDGE_CURVE ( 'NONE', #2633, #1948, #163, .T. ) ;
#1999 = LINE ( 'NONE', #225, #1782 ) ;
#2000 = FACE_OUTER_BOUND ( 'NONE', #2600, .T. ) ;
#2001 = CALENDAR_DATE ( 2025, 21, 1 ) ;
#2002 = EDGE_CURVE ( 'NONE', #932, #2379, #2364, .T. ) ;
#2003 = CLOSED_SHELL ( 'NONE', ( #414, #1350, #2818, #710, #437, #561, #2155, #371, #1466, #1859, #2566, #1355, #1004, #1225, #2457, #1785, #1993, #1600, #2225, #449, #2369, #2432, #2062, #870, #2721, #1048, #960, #1558, #1599, #87, #1608, #767, #1533, #2127, #1186, #661, #2576, #2681, #1894, #164, #1171, #406, #2437, #2293, #358, #1547, #643, #952, #568, #2424, #69, #146, #733, #207, #668, #1559, #68, #689, #2420, #1391, #2628, #516, #282, #2415, #2074, #2040, #1085, #2303, #37, #647, #243, #2163, #867, #1166, #318, #1994, #291, #833, #1827, #367, #529, #1397, #746 ) ) ;
#2004 = CARTESIAN_POINT ( 'NONE',  ( -3.500000731570791501, -24.99999989858599747, -0.7499999999999998890 ) ) ;
#2005 = DIRECTION ( 'NONE',  ( 0.000000000000000000, 0.000000000000000000, 1.000000000000000000 ) ) ;
#2006 = EDGE_LOOP ( 'NONE', ( #923, #2345, #715, #1965 ) ) ;
#2007 = EDGE_CURVE ( 'NONE', #1353, #596, #1910, .T. ) ;
#2008 = ORIENTED_EDGE ( 'NONE', *, *, #1191, .T. ) ;
#2009 = VECTOR ( 'NONE', #1174, 1000.000000000000227 ) ;
#2010 = DIRECTION ( 'NONE',  ( 0.000000000000000000, 0.000000000000000000, 1.000000000000000000 ) ) ;
#2011 = CARTESIAN_POINT ( 'NONE',  ( 5.626406700395597760, -28.50000017098041383, -0.7499999999999998890 ) ) ;
#2012 = VERTEX_POINT ( 'NONE', #2378 ) ;
#2013 = CIRCLE ( 'NONE', #1637, 1.000000000000047073 ) ;
#2014 = DIRECTION ( 'NONE',  ( 0.5000000000000033307, 0.8660254037844365982, 0.000000000000000000 ) ) ;
#2015 = FACE_BOUND ( 'NONE', #2414, .T. ) ;
#2016 = CALENDAR_DATE ( 2025, 21, 1 ) ;
#2017 = CIRCLE ( 'NONE', #1081, 1.000000000000001110 ) ;
#2018 = CARTESIAN_POINT ( 'NONE',  ( -11.63365131311934064, -26.01745869843469805, -0.7499999999999998890 ) ) ;
#2019 = DIRECTION ( 'NONE',  ( -0.05530446007081697007, 0.9984695371899313665, 0.000000000000000000 ) ) ;
#2020 = EDGE_LOOP ( 'NONE', ( #2755, #2135, #2701, #1116 ) ) ;
#2021 = AXIS2_PLACEMENT_3D ( 'NONE', #2804, #392, #764 ) ;
#2022 = ORIENTED_EDGE ( 'NONE', *, *, #1913, .T. ) ;
#2023 = CARTESIAN_POINT ( 'NONE',  ( 19.26561229230102157, -5.773381706008500203, 0.7499999999999998890 ) ) ;
#2024 = DIRECTION ( 'NONE',  ( -0.5000000000000026645, -0.8660254037844370423, 0.000000000000000000 ) ) ;
#2025 = EDGE_LOOP ( 'NONE', ( #1383, #2789, #1094, #2230 ) ) ;
#2026 = DIRECTION ( 'NONE',  ( 0.9999999999999995559, -2.984684027707017910E-08, 0.000000000000000000 ) ) ;
#2027 = CARTESIAN_POINT ( 'NONE',  ( 2.499999268429179189, -25.00000007766703547, -0.7499999999999998890 ) ) ;
#2028 = CARTESIAN_POINT ( 'NONE',  ( 32.10750089371836680, -13.52489105250274193, -0.7499999999999998890 ) ) ;
#2029 = DIRECTION ( 'NONE',  ( 0.000000000000000000, 0.000000000000000000, -1.000000000000000000 ) ) ;
#2030 = EDGE_CURVE ( 'NONE', #1324, #288, #179, .T. ) ;
#2031 = ORIENTED_EDGE ( 'NONE', *, *, #907, .T. ) ;
#2032 = EDGE_LOOP ( 'NONE', ( #402, #2398, #807, #1381 ) ) ;
#2033 = CARTESIAN_POINT ( 'NONE',  ( 32.10750089371835969, -13.52489105250273838, -0.7499999999999998890 ) ) ;
#2034 = DIRECTION ( 'NONE',  ( 0.000000000000000000, 0.000000000000000000, -1.000000000000000000 ) ) ;
#2035 = CIRCLE ( 'NONE', #969, 39.79999999999982663 ) ;
#2036 = CIRCLE ( 'NONE', #1058, 1.000000000000001110 ) ;
#2037 = ORIENTED_EDGE ( 'NONE', *, *, #1183, .F. ) ;
#2038 = FACE_OUTER_BOUND ( 'NONE', #313, .T. ) ;
#2039 = CARTESIAN_POINT ( 'NONE',  ( -9.810519127163855657, 32.96801781464808556, 0.7499999999999998890 ) ) ;
#2040 = ADVANCED_FACE ( 'NONE', ( #263 ), #250, .T. ) ;
#2041 = PERSON_AND_ORGANIZATION ( #1885, #839 ) ;
#2042 = DIRECTION ( 'NONE',  ( -0.5000000000000027756, -0.8660254037844370423, 0.000000000000000000 ) ) ;
#2043 = LINE ( 'NONE', #65, #2773 ) ;
#2044 = CARTESIAN_POINT ( 'NONE',  ( -17.16507619652049854, 29.18399420086684160, -0.7499999999999998890 ) ) ;
#2045 = ORIENTED_EDGE ( 'NONE', *, *, #108, .F. ) ;
#2046 = ORIENTED_EDGE ( 'NONE', *, *, #220, .T. ) ;
#2047 = AXIS2_PLACEMENT_3D ( 'NONE', #2848, #1747, #434 ) ;
#2048 = EDGE_CURVE ( 'NONE', #619, #780, #890, .T. ) ;
#2049 = DIRECTION ( 'NONE',  ( 0.05530446007079042187, -0.9984695371899326988, 0.000000000000000000 ) ) ;
#2050 = DIRECTION ( 'NONE',  ( -0.5000000000000028866, -0.8660254037844369313, 0.000000000000000000 ) ) ;
#2051 = AXIS2_PLACEMENT_3D ( 'NONE', #1007, #981, #744 ) ;
#2052 = ORIENTED_EDGE ( 'NONE', *, *, #1425, .F. ) ;
#2053 = DIRECTION ( 'NONE',  ( -0.05530446007081669252, 0.9984695371899313665, 0.000000000000000000 ) ) ;
#2054 = FACE_OUTER_BOUND ( 'NONE', #2006, .T. ) ;
#2055 = AXIS2_PLACEMENT_3D ( 'NONE', #1914, #1063, #1022 ) ;
#2056 = FACE_OUTER_BOUND ( 'NONE', #694, .T. ) ;
#2057 = CARTESIAN_POINT ( 'NONE',  ( -19.74999999999974065, 34.20800344948538907, -0.7499999999999998890 ) ) ;
#2058 = LINE ( 'NONE', #86, #2384 ) ;
#2059 = AXIS2_PLACEMENT_3D ( 'NONE', #2236, #1140, #2447 ) ;
#2060 = VERTEX_POINT ( 'NONE', #636 ) ;
#2061 = EDGE_LOOP ( 'NONE', ( #55, #1049, #675, #1829 ) ) ;
#2062 = ADVANCED_FACE ( 'NONE', ( #1328 ), #474, .T. ) ;
#2063 = DIRECTION ( 'NONE',  ( 0.000000000000000000, -0.000000000000000000, -1.000000000000000000 ) ) ;
#2064 = PRODUCT_DEFINITION ( 'UNKNOWN', '', #2470, #1262 ) ;
#2065 = CARTESIAN_POINT ( 'NONE',  ( -1.500000701723945618, -23.99999995827970167, 0.7499999999999998890 ) ) ;
#2066 = ORIENTED_EDGE ( 'NONE', *, *, #2168, .T. ) ;
#2067 = VERTEX_POINT ( 'NONE', #651 ) ;
#2068 = CARTESIAN_POINT ( 'NONE',  ( 7.082093173944506326, -1.818348959181917079, -0.7499999999999998890 ) ) ;
#2069 = CARTESIAN_POINT ( 'NONE',  ( -5.115782978568757855, -5.224098121013187601, -0.7499999999999998890 ) ) ;
#2070 = DIRECTION ( 'NONE',  ( 0.5000000000000035527, 0.8660254037844365982, 0.000000000000000000 ) ) ;
#2071 = CARTESIAN_POINT ( 'NONE',  ( 13.34858002428915213, -29.69301450067526815, -0.7499999999999998890 ) ) ;
#2072 = CARTESIAN_POINT ( 'NONE',  ( -19.75000000000003553, 34.20800344948535354, -0.7499999999999998890 ) ) ;
#2073 = EDGE_CURVE ( 'NONE', #2324, #2067, #2729, .T. ) ;
#2074 = ADVANCED_FACE ( 'NONE', ( #2662 ), #677, .T. ) ;
#2075 = AXIS2_PLACEMENT_3D ( 'NONE', #2301, #1613, #102 ) ;
#2076 = ORIENTED_EDGE ( 'NONE', *, *, #1696, .F. ) ;
#2077 = ORIENTED_EDGE ( 'NONE', *, *, #108, .T. ) ;
#2078 = CARTESIAN_POINT ( 'NONE',  ( -4.750000850958126186, -30.29903798933929338, -0.7499999999999992228 ) ) ;
#2079 = DIRECTION ( 'NONE',  ( 0.000000000000000000, 0.000000000000000000, 1.000000000000000000 ) ) ;
#2080 = EDGE_CURVE ( 'NONE', #2562, #1629, #1789, .T. ) ;
#2081 = ORIENTED_EDGE ( 'NONE', *, *, #1727, .T. ) ;
#2082 = VECTOR ( 'NONE', #1835, 1000.000000000000000 ) ;
#2083 = DIRECTION ( 'NONE',  ( -0.5000000000000032196, -0.8660254037844367092, 0.000000000000000000 ) ) ;
#2084 = PLANE ( 'NONE',  #241 ) ;
#2085 = DIRECTION ( 'NONE',  ( 0.5000000000000028866, 0.8660254037844369313, 0.000000000000000000 ) ) ;
#2086 = CARTESIAN_POINT ( 'NONE',  ( 13.26644447987222186, -29.66903184909253710, 0.7499999999999998890 ) ) ;
#2087 = DIRECTION ( 'NONE',  ( 0.000000000000000000, -0.000000000000000000, -1.000000000000000000 ) ) ;
#2088 = EDGE_LOOP ( 'NONE', ( #2177, #2419, #2081, #2643 ) ) ;
#2089 = ORIENTED_EDGE ( 'NONE', *, *, #1972, .T. ) ;
#2090 = AXIS2_PLACEMENT_3D ( 'NONE', #2450, #1808, #468 ) ;
#2091 = DIRECTION ( 'NONE',  ( 0.4529996735995295287, 0.8915106817748846835, -0.000000000000000000 ) ) ;
#2092 = CARTESIAN_POINT ( 'NONE',  ( -19.53460926804423892, 14.16506409250735032, 0.7499999999999998890 ) ) ;
#2093 = CARTESIAN_POINT ( 'NONE',  ( -19.74999999999974065, 34.20800344948538907, 0.7499999999999998890 ) ) ;
#2094 = CARTESIAN_POINT ( 'NONE',  ( -5.626406486982082455, -25.99999983511949608, -0.7499999999999998890 ) ) ;
#2095 = VERTEX_POINT ( 'NONE', #2248 ) ;
#2096 = LINE ( 'NONE', #1647, #751 ) ;
#2097 = CARTESIAN_POINT ( 'NONE',  ( 11.63365131311878642, -26.01745869843496806, -0.7499999999999998890 ) ) ;
#2098 = FACE_OUTER_BOUND ( 'NONE', #412, .T. ) ;
#2099 = ORIENTED_EDGE ( 'NONE', *, *, #1458, .T. ) ;
#2100 = CIRCLE ( 'NONE', #569, 2.249999999999999112 ) ;
#2101 = ORIENTED_EDGE ( 'NONE', *, *, #607, .T. ) ;
#2102 = CARTESIAN_POINT ( 'NONE',  ( -3.500000731570791501, -24.99999989858599747, -0.7499999999999998890 ) ) ;
#2103 = DIRECTION ( 'NONE',  ( -0.5000000000000027756, -0.8660254037844370423, 0.000000000000000000 ) ) ;
#2104 = VERTEX_POINT ( 'NONE', #1121 ) ;
#2105 = EDGE_CURVE ( 'NONE', #1880, #2487, #1557, .T. ) ;
#2106 = DIRECTION ( 'NONE',  ( 0.000000000000000000, -0.000000000000000000, -1.000000000000000000 ) ) ;
#2107 = CARTESIAN_POINT ( 'NONE',  ( -11.63365131311934064, -26.01745869843469805, -0.7499999999999998890 ) ) ;
#2108 = VECTOR ( 'NONE', #1046, 1000.000000000000114 ) ;
#2109 = VERTEX_POINT ( 'NONE', #1092 ) ;
#2110 = CARTESIAN_POINT ( 'NONE',  ( -15.78440044350895910, -34.73147279686225630, 0.7499999999999998890 ) ) ;
#2111 = CARTESIAN_POINT ( 'NONE',  ( 11.63365131311878642, -26.01745869843496806, -0.7499999999999998890 ) ) ;
#2112 = DIRECTION ( 'NONE',  ( -0.5000000000000026645, -0.8660254037844372643, 0.000000000000000000 ) ) ;
#2113 = EDGE_CURVE ( 'NONE', #498, #1426, #469, .T. ) ;
#2114 = CIRCLE ( 'NONE', #2485, 39.80000000000001847 ) ;
#2115 = EDGE_CURVE ( 'NONE', #389, #1667, #551, .T. ) ;
#2116 = CARTESIAN_POINT ( 'NONE',  ( 40.84645569621219607, 0.5381050623766470142, 0.7499999999999998890 ) ) ;
#2117 = ORIENTED_EDGE ( 'NONE', *, *, #2730, .T. ) ;
#2118 = CARTESIAN_POINT ( 'NONE',  ( -19.95721519416154166, -35.64312081866690818, 0.7499999999999998890 ) ) ;
#2119 = FACE_OUTER_BOUND ( 'NONE', #1066, .T. ) ;
#2120 = ORIENTED_EDGE ( 'NONE', *, *, #2630, .F. ) ;
#2121 = EDGE_CURVE ( 'NONE', #2528, #16, #507, .T. ) ;
#2122 = CARTESIAN_POINT ( 'NONE',  ( 40.84645569621219607, 0.5381050623766470142, -0.7499999999999998890 ) ) ;
#2123 = DIRECTION ( 'NONE',  ( -0.5000000000000029976, -0.8660254037844369313, 0.000000000000000000 ) ) ;
#2124 = AXIS2_PLACEMENT_3D ( 'NONE', #2751, #756, #2510 ) ;
#2125 = AXIS2_PLACEMENT_3D ( 'NONE', #2332, #1255, #553 ) ;
#2126 = ORIENTED_EDGE ( 'NONE', *, *, #1862, .F. ) ;
#2127 = ADVANCED_FACE ( 'NONE', ( #2649 ), #2234, .T. ) ;
#2128 = CARTESIAN_POINT ( 'NONE',  ( -23.64772738517347506, 33.30927032398812315, 0.7499999999999998890 ) ) ;
#2129 = DIRECTION ( 'NONE',  ( 0.5000000000000031086, 0.8660254037844368202, 0.000000000000000000 ) ) ;
#2130 = DIRECTION ( 'NONE',  ( 0.000000000000000000, 0.000000000000000000, 1.000000000000000000 ) ) ;
#2131 = VECTOR ( 'NONE', #1412, 1000.000000000000000 ) ;
#2132 = CIRCLE ( 'NONE', #510, 5.649999999999843148 ) ;
#2133 = DIRECTION ( 'NONE',  ( 0.000000000000000000, 0.000000000000000000, 1.000000000000000000 ) ) ;
#2134 = ORIENTED_EDGE ( 'NONE', *, *, #534, .T. ) ;
#2135 = ORIENTED_EDGE ( 'NONE', *, *, #954, .T. ) ;
#2136 = DIRECTION ( 'NONE',  ( 0.9599168625253327036, -0.2802848854995959593, 0.000000000000000000 ) ) ;
#2137 = ORIENTED_EDGE ( 'NONE', *, *, #1903, .F. ) ;
#2138 = EDGE_CURVE ( 'NONE', #2012, #838, #1297, .T. ) ;
#2139 = DIRECTION ( 'NONE',  ( -0.8660253888610228712, 0.5000000258481133164, 0.000000000000000000 ) ) ;
#2140 = DIRECTION ( 'NONE',  ( 0.000000000000000000, 0.000000000000000000, 1.000000000000000000 ) ) ;
#2141 = EDGE_LOOP ( 'NONE', ( #1705, #2045, #971, #492 ) ) ;
#2142 = DIRECTION ( 'NONE',  ( 0.5000000000000036637, 0.8660254037844364872, 0.000000000000000000 ) ) ;
#2143 = CARTESIAN_POINT ( 'NONE',  ( 40.84645569621219607, 0.5381050623766470142, 0.7499999999999998890 ) ) ;
#2144 = DIRECTION ( 'NONE',  ( -0.5000000000000028866, -0.8660254037844370423, 0.000000000000000000 ) ) ;
#2145 = AXIS2_PLACEMENT_3D ( 'NONE', #196, #2144, #1931 ) ;
#2146 = DIRECTION ( 'NONE',  ( -0.8370477540759804214, -0.5471298359588488980, 0.000000000000000000 ) ) ;
#2147 = VERTEX_POINT ( 'NONE', #206 ) ;
#2148 = AXIS2_PLACEMENT_3D ( 'NONE', #2676, #1792, #1764 ) ;
#2149 = VERTEX_POINT ( 'NONE', #1074 ) ;
#2150 = CARTESIAN_POINT ( 'NONE',  ( 13.26644447987221831, -29.66903184909252289, -0.7499999999999998890 ) ) ;
#2151 = ORIENTED_EDGE ( 'NONE', *, *, #2292, .F. ) ;
#2152 = AXIS2_PLACEMENT_3D ( 'NONE', #2184, #680, #1545 ) ;
#2153 = CARTESIAN_POINT ( 'NONE',  ( -22.18613753116462561, 31.03542816602102761, 0.7499999999999998890 ) ) ;
#2154 = CARTESIAN_POINT ( 'NONE',  ( -5.115782978568757855, -5.224098121013187601, -0.7499999999999998890 ) ) ;
#2155 = ADVANCED_FACE ( 'NONE', ( #5 ), #1761, .F. ) ;
#2156 = ORIENTED_EDGE ( 'NONE', *, *, #1235, .F. ) ;
#2157 = PLANE ( 'NONE',  #1873 ) ;
#2158 = CARTESIAN_POINT ( 'NONE',  ( -15.40199450624533029, -12.28285091529626882, -0.7499999999999998890 ) ) ;
#2159 = AXIS2_PLACEMENT_3D ( 'NONE', #346, #1226, #145 ) ;
#2160 = MECHANICAL_CONTEXT ( 'NONE', #2283, 'mechanical' ) ;
#2161 = ORIENTED_EDGE ( 'NONE', *, *, #1378, .F. ) ;
#2162 = ORIENTED_EDGE ( 'NONE', *, *, #78, .T. ) ;
#2163 = ADVANCED_FACE ( 'NONE', ( #2418 ), #432, .T. ) ;
#2164 = ORIENTED_EDGE ( 'NONE', *, *, #886, .T. ) ;
#2165 = ORIENTED_EDGE ( 'NONE', *, *, #1304, .T. ) ;
#2166 = CARTESIAN_POINT ( 'NONE',  ( -19.02500000000007319, -32.95226661399777157, 0.7500000000000003331 ) ) ;
#2167 = DIRECTION ( 'NONE',  ( -0.5000000000000027756, -0.8660254037844370423, 0.000000000000000000 ) ) ;
#2168 = EDGE_CURVE ( 'NONE', #1886, #509, #1572, .T. ) ;
#2169 = EDGE_LOOP ( 'NONE', ( #1973, #121, #605, #2066 ) ) ;
#2170 = FACE_OUTER_BOUND ( 'NONE', #1791, .T. ) ;
#2171 = DIRECTION ( 'NONE',  ( 0.5000000000000026645, 0.8660254037844372643, 0.000000000000000000 ) ) ;
#2172 = CARTESIAN_POINT ( 'NONE',  ( -3.500000761417675132, -25.99999989858598681, -0.7499999999999998890 ) ) ;
#2173 = AXIS2_PLACEMENT_3D ( 'NONE', #2057, #518, #950 ) ;
#2174 = ORIENTED_EDGE ( 'NONE', *, *, #1690, .F. ) ;
#2175 = CIRCLE ( 'NONE', #1204, 3.999999999999903189 ) ;
#2176 = CARTESIAN_POINT ( 'NONE',  ( -20.88924050203087646, 35.10501575627498738, 0.7499999999999998890 ) ) ;
#2177 = ORIENTED_EDGE ( 'NONE', *, *, #174, .F. ) ;
#2178 = AXIS2_PLACEMENT_3D ( 'NONE', #1775, #1342, #1963 ) ;
#2179 = ORIENTED_EDGE ( 'NONE', *, *, #325, .F. ) ;
#2180 = ORIENTED_EDGE ( 'NONE', *, *, #1478, .F. ) ;
#2181 = LINE ( 'NONE', #650, #2347 ) ;
#2182 = DIRECTION ( 'NONE',  ( 0.5000000000000028866, 0.8660254037844370423, 0.000000000000000000 ) ) ;
#2183 = ORIENTED_EDGE ( 'NONE', *, *, #326, .T. ) ;
#2184 = CARTESIAN_POINT ( 'NONE',  ( 3.999999149041860935, -29.00000012243728165, 0.7499999999999998890 ) ) ;
#2185 = CARTESIAN_POINT ( 'NONE',  ( -7.936885312183893149, -27.54517632100994362, -0.7499999999999998890 ) ) ;
#2186 = VECTOR ( 'NONE', #1737, 1000.000000000000000 ) ;
#2187 = CIRCLE ( 'NONE', #2556, 1.449999999999941558 ) ;
#2188 = CARTESIAN_POINT ( 'NONE',  ( 20.90063550646861756, 13.79903748185890144, 0.7499999999999996669 ) ) ;
#2189 = AXIS2_PLACEMENT_3D ( 'NONE', #209, #1078, #1966 ) ;
#2190 = DIRECTION ( 'NONE',  ( 0.000000000000000000, 0.000000000000000000, 1.000000000000000000 ) ) ;
#2191 = CARTESIAN_POINT ( 'NONE',  ( 3.999999149041860935, -29.00000012243728165, 0.7499999999999998890 ) ) ;
#2192 = ORIENTED_EDGE ( 'NONE', *, *, #2252, .F. ) ;
#2193 = AXIS2_PLACEMENT_3D ( 'NONE', #2072, #995, #2526 ) ;
#2194 = ORIENTED_EDGE ( 'NONE', *, *, #876, .F. ) ;
#2195 = ORIENTED_EDGE ( 'NONE', *, *, #174, .T. ) ;
#2196 = ADVANCED_BREP_SHAPE_REPRESENTATION ( 'PEN-HV-PPC', ( #1061, #2145 ), #304 ) ;
#2197 = EDGE_CURVE ( 'NONE', #644, #1435, #1947, .T. ) ;
#2198 = AXIS2_PLACEMENT_3D ( 'NONE', #490, #1824, #2705 ) ;
#2199 = CARTESIAN_POINT ( 'NONE',  ( 22.90063540307614787, 10.33493580702747749, 0.7499999999999998890 ) ) ;
#2200 = CARTESIAN_POINT ( 'NONE',  ( 19.53461011360888122, 14.16506292641487974, -15.29656465847268976 ) ) ;
#2201 = VECTOR ( 'NONE', #1345, 1000.000000000000000 ) ;
#2202 = EDGE_CURVE ( 'NONE', #1912, #2067, #2287, .T. ) ;
#2203 = ORIENTED_EDGE ( 'NONE', *, *, #1646, .T. ) ;
#2204 = CARTESIAN_POINT ( 'NONE',  ( 22.03460998436829499, 9.834935832875599360, 0.7499999999999998890 ) ) ;
#2205 = CARTESIAN_POINT ( 'NONE',  ( 7.936885397596828540, -27.54517652769369818, -0.7499999999999998890 ) ) ;
#2206 = PERSON_AND_ORGANIZATION ( #1885, #839 ) ;
#2207 = CIRCLE ( 'NONE', #994, 2.249999999999999112 ) ;
#2208 = CARTESIAN_POINT ( 'NONE',  ( -2.477282425888648110, 34.48834721836994532, -0.7499999999999998890 ) ) ;
#2209 = DIRECTION ( 'NONE',  ( -0.5000000000000027756, -0.8660254037844370423, 0.000000000000000000 ) ) ;
#2210 = ORIENTED_EDGE ( 'NONE', *, *, #2587, .T. ) ;
#2211 = EDGE_CURVE ( 'NONE', #2067, #554, #928, .T. ) ;
#2212 = EDGE_CURVE ( 'NONE', #554, #2361, #826, .T. ) ;
#2213 = VERTEX_POINT ( 'NONE', #2744 ) ;
#2214 = AXIS2_PLACEMENT_3D ( 'NONE', #2118, #2091, #1029 ) ;
#2215 = EDGE_LOOP ( 'NONE', ( #1625, #2262, #637, #1597 ) ) ;
#2216 = EDGE_CURVE ( 'NONE', #1872, #1593, #244, .T. ) ;
#2217 = CARTESIAN_POINT ( 'NONE',  ( 41.50000000000967759, 3.464101615130087186, 0.7499999999999998890 ) ) ;
#2218 = CARTESIAN_POINT ( 'NONE',  ( 19.53461011360888122, 14.16506292641487974, -0.7499999999999998890 ) ) ;
#2219 = EDGE_CURVE ( 'NONE', #1513, #345, #974, .T. ) ;
#2220 = AXIS2_PLACEMENT_3D ( 'NONE', #958, #2063, #511 ) ;
#2221 = ORIENTED_EDGE ( 'NONE', *, *, #2654, .F. ) ;
#2222 = LINE ( 'NONE', #2204, #1167 ) ;
#2223 = DIRECTION ( 'NONE',  ( 0.5000000000000028866, 0.8660254037844369313, 0.000000000000000000 ) ) ;
#2224 = APPROVAL_ROLE ( '' ) ;
#2225 = ADVANCED_FACE ( 'NONE', ( #57, #1614, #2700, #736 ), #1831, .T. ) ;
#2226 = CARTESIAN_POINT ( 'NONE',  ( 3.249999149041855162, -30.29903822811393610, 0.7499999999999998890 ) ) ;
#2227 = DIRECTION ( 'NONE',  ( 0.9128932876643703898, -0.4081982916884110968, 0.000000000000000000 ) ) ;
#2228 = VECTOR ( 'NONE', #1361, 1000.000000000000000 ) ;
#2229 = AXIS2_PLACEMENT_3D ( 'NONE', #22, #1357, #900 ) ;
#2230 = ORIENTED_EDGE ( 'NONE', *, *, #1126, .F. ) ;
#2231 = ORIENTED_EDGE ( 'NONE', *, *, #1678, .T. ) ;
#2232 = AXIS2_PLACEMENT_3D ( 'NONE', #446, #2403, #417 ) ;
#2233 = CARTESIAN_POINT ( 'NONE',  ( 41.50000000000967759, 3.464101615130087186, -0.7499999999999998890 ) ) ;
#2234 = CYLINDRICAL_SURFACE ( 'NONE', #2232, 0.2500000000000026645 ) ;
#2235 = ORIENTED_EDGE ( 'NONE', *, *, #1126, .T. ) ;
#2236 = CARTESIAN_POINT ( 'NONE',  ( -27.27532422722212146, 8.241863241462356271, -0.7499999999999998890 ) ) ;
#2237 = DIRECTION ( 'NONE',  ( 0.000000000000000000, 0.000000000000000000, 1.000000000000000000 ) ) ;
#2238 = PERSON_AND_ORGANIZATION ( #1885, #839 ) ;
#2239 = AXIS2_PLACEMENT_3D ( 'NONE', #1427, #1821, #1850 ) ;
#2240 = AXIS2_PLACEMENT_3D ( 'NONE', #353, #1233, #1463 ) ;
#2241 = CARTESIAN_POINT ( 'NONE',  ( -9.810519127163855657, 32.96801781464808556, 0.7499999999999998890 ) ) ;
#2242 = VECTOR ( 'NONE', #2348, 1000.000000000000000 ) ;
#2243 = CARTESIAN_POINT ( 'NONE',  ( 3.999999149041860935, -29.00000012243728165, 0.7499999999999998890 ) ) ;
#2244 = ORIENTED_EDGE ( 'NONE', *, *, #2422, .F. ) ;
#2245 = ORIENTED_EDGE ( 'NONE', *, *, #2646, .F. ) ;
#2246 = AXIS2_PLACEMENT_3D ( 'NONE', #2550, #1407, #1190 ) ;
#2247 = DIRECTION ( 'NONE',  ( 0.000000000000000000, 0.000000000000000000, 1.000000000000000000 ) ) ;
#2248 = CARTESIAN_POINT ( 'NONE',  ( -23.40515461098040007, 16.39972464219354720, -0.7499999999999998890 ) ) ;
#2249 = ORIENTED_EDGE ( 'NONE', *, *, #2499, .F. ) ;
#2250 = AXIS2_PLACEMENT_3D ( 'NONE', #2018, #480, #1984 ) ;
#2251 = DIRECTION ( 'NONE',  ( -0.5000000000000034417, -0.8660254037844367092, 0.000000000000000000 ) ) ;
#2252 = EDGE_CURVE ( 'NONE', #565, #288, #2274, .T. ) ;
#2253 = CARTESIAN_POINT ( 'NONE',  ( 7.082093173956544696, -1.818348959180495550, 0.7499999999999998890 ) ) ;
#2254 = APPROVAL_STATUS ( 'not_yet_approved' ) ;
#2255 = CARTESIAN_POINT ( 'NONE',  ( -5.626406561599184286, -28.49999983511949964, -0.7499999999999998890 ) ) ;
#2256 = DIRECTION ( 'NONE',  ( -0.5471298359588488980, 0.8370477540759805324, 0.000000000000000000 ) ) ;
#2257 = ORIENTED_EDGE ( 'NONE', *, *, #825, .T. ) ;
#2258 = EDGE_LOOP ( 'NONE', ( #1175, #2657, #1311, #2404 ) ) ;
#2259 = EDGE_CURVE ( 'NONE', #544, #1509, #307, .T. ) ;
#2260 = LINE ( 'NONE', #2731, #458 ) ;
#2261 = DIRECTION ( 'NONE',  ( -0.000000000000000000, 0.000000000000000000, 1.000000000000000000 ) ) ;
#2262 = ORIENTED_EDGE ( 'NONE', *, *, #72, .T. ) ;
#2263 = DIRECTION ( 'NONE',  ( 0.000000000000000000, 0.000000000000000000, 1.000000000000000000 ) ) ;
#2264 = DIRECTION ( 'NONE',  ( -0.5000000000000027756, -0.8660254037844370423, 0.000000000000000000 ) ) ;
#2265 = CARTESIAN_POINT ( 'NONE',  ( 40.67053797469322518, 3.824897495327832520, 0.7499999999999998890 ) ) ;
#2266 = LINE ( 'NONE', #938, #17 ) ;
#2267 = EDGE_CURVE ( 'NONE', #875, #975, #705, .T. ) ;
#2268 = ORIENTED_EDGE ( 'NONE', *, *, #1682, .T. ) ;
#2269 = VECTOR ( 'NONE', #1079, 1000.000000000000000 ) ;
#2270 = ORIENTED_EDGE ( 'NONE', *, *, #634, .T. ) ;
#2271 = VECTOR ( 'NONE', #1501, 999.9999999999998863 ) ;
#2272 = CARTESIAN_POINT ( 'NONE',  ( 31.59464567416487313, 10.15070035352102806, -0.7499999999999998890 ) ) ;
#2273 = CARTESIAN_POINT ( 'NONE',  ( -20.40063465690526456, 14.66506411835546508, -0.7499999999999998890 ) ) ;
#2274 = CIRCLE ( 'NONE', #1109, 4.000000000000000888 ) ;
#2275 = VECTOR ( 'NONE', #2853, 1000.000000000000000 ) ;
#2276 = ORIENTED_EDGE ( 'NONE', *, *, #280, .F. ) ;
#2277 = DIRECTION ( 'NONE',  ( 0.000000000000000000, 0.000000000000000000, 1.000000000000000000 ) ) ;
#2278 = LINE ( 'NONE', #335, #418 ) ;
#2279 = EDGE_CURVE ( 'NONE', #387, #2487, #959, .T. ) ;
#2280 = FACE_OUTER_BOUND ( 'NONE', #1698, .T. ) ;
#2281 = CARTESIAN_POINT ( 'NONE',  ( -17.72656601660452580, 28.93275796563912294, -0.7499999999999998890 ) ) ;
#2282 = LINE ( 'NONE', #301, #2009 ) ;
#2283 = APPLICATION_CONTEXT ( 'configuration controlled 3d designs of mechanical parts and assemblies' ) ;
#2284 = ORIENTED_EDGE ( 'NONE', *, *, #61, .T. ) ;
#2285 = ORIENTED_EDGE ( 'NONE', *, *, #82, .F. ) ;
#2286 = FACE_OUTER_BOUND ( 'NONE', #2297, .T. ) ;
#2287 = LINE ( 'NONE', #537, #2456 ) ;
#2288 = CIRCLE ( 'NONE', #2561, 0.9999999999999995559 ) ;
#2289 = ORIENTED_EDGE ( 'NONE', *, *, #1652, .T. ) ;
#2290 = LINE ( 'NONE', #539, #1858 ) ;
#2291 = DIRECTION ( 'NONE',  ( 0.5000000258481129833, 0.8660253888610230932, 0.000000000000000000 ) ) ;
#2292 = EDGE_CURVE ( 'NONE', #2149, #247, #913, .T. ) ;
#2293 = ADVANCED_FACE ( 'NONE', ( #2732 ), #1801, .F. ) ;
#2294 = CARTESIAN_POINT ( 'NONE',  ( 22.03460998436829499, 9.834935832875599360, -15.29656465847268976 ) ) ;
#2295 = LINE ( 'NONE', #2071, #52 ) ;
#2296 = DIRECTION ( 'NONE',  ( -0.000000000000000000, -0.000000000000000000, -1.000000000000000000 ) ) ;
#2297 = EDGE_LOOP ( 'NONE', ( #1771, #1266, #621, #1352 ) ) ;
#2298 = EDGE_CURVE ( 'NONE', #644, #592, #1196, .T. ) ;
#2299 = EDGE_LOOP ( 'NONE', ( #1832, #624, #897, #997 ) ) ;
#2300 = AXIS2_PLACEMENT_3D ( 'NONE', #1120, #2672, #1950 ) ;
#2301 = CARTESIAN_POINT ( 'NONE',  ( -19.74999999999974065, 34.20800344948538907, 0.7500000000000001110 ) ) ;
#2302 = CARTESIAN_POINT ( 'NONE',  ( -6.923340132364169897, 38.73875821403110820, 0.7499999999999998890 ) ) ;
#2303 = ADVANCED_FACE ( 'NONE', ( #1582 ), #486, .F. ) ;
#2304 = ORIENTED_EDGE ( 'NONE', *, *, #285, .T. ) ;
#2305 = PLANE ( 'NONE',  #2239 ) ;
#2306 = DIRECTION ( 'NONE',  ( -0.000000000000000000, -0.000000000000000000, -1.000000000000000000 ) ) ;
#2307 = DIRECTION ( 'NONE',  ( 0.000000000000000000, 0.000000000000000000, 1.000000000000000000 ) ) ;
#2308 = CYLINDRICAL_SURFACE ( 'NONE', #501, 15.00000000000000178 ) ;
#2309 = DIRECTION ( 'NONE',  ( -0.5000000000000028866, -0.8660254037844369313, 0.000000000000000000 ) ) ;
#2310 = EDGE_CURVE ( 'NONE', #1555, #415, #1295, .T. ) ;
#2311 = VERTEX_POINT ( 'NONE', #496 ) ;
#2312 = VERTEX_POINT ( 'NONE', #1380 ) ;
#2313 = DIRECTION ( 'NONE',  ( -0.5000000000000029976, -0.8660254037844370423, 0.000000000000000000 ) ) ;
#2314 = DIRECTION ( 'NONE',  ( 0.000000000000000000, 0.000000000000000000, 1.000000000000000000 ) ) ;
#2315 = AXIS2_PLACEMENT_3D ( 'NONE', #1693, #152, #397 ) ;
#2316 = EDGE_LOOP ( 'NONE', ( #246, #822, #129, #1536 ) ) ;
#2317 = CIRCLE ( 'NONE', #2125, 44.00000000000947864 ) ;
#2318 = PLANE ( 'NONE',  #2650 ) ;
#2319 = DIRECTION ( 'NONE',  ( 0.5000000000000017764, 0.8660254037844375974, 0.000000000000000000 ) ) ;
#2320 = ORIENTED_EDGE ( 'NONE', *, *, #528, .F. ) ;
#2321 = DIRECTION ( 'NONE',  ( -0.5000000000000031086, -0.8660254037844369313, 0.000000000000000000 ) ) ;
#2322 = DIRECTION ( 'NONE',  ( 0.000000000000000000, -0.000000000000000000, -1.000000000000000000 ) ) ;
#2323 = CYLINDRICAL_SURFACE ( 'NONE', #165, 2.249999999999999112 ) ;
#2324 = VERTEX_POINT ( 'NONE', #2273 ) ;
#2325 = EDGE_LOOP ( 'NONE', ( #429, #508 ) ) ;
#2326 = CIRCLE ( 'NONE', #388, 1.000000000000002442 ) ;
#2327 = CARTESIAN_POINT ( 'NONE',  ( -1.966310195375652548, 7.042447080195312736, 0.7499999999999998890 ) ) ;
#2328 = CARTESIAN_POINT ( 'NONE',  ( -23.12901562109725973, -36.34862332053866396, 0.7499999999999998890 ) ) ;
#2329 = ORIENTED_EDGE ( 'NONE', *, *, #2522, .T. ) ;
#2330 = VECTOR ( 'NONE', #2139, 1000.000000000000114 ) ;
#2331 = DIRECTION ( 'NONE',  ( -0.5000000000000033307, -0.8660254037844365982, 0.000000000000000000 ) ) ;
#2332 = CARTESIAN_POINT ( 'NONE',  ( -5.115782978568359951, -5.224098121022865193, -0.7499999999999998890 ) ) ;
#2333 = EDGE_CURVE ( 'NONE', #2012, #1739, #2036, .T. ) ;
#2334 = CC_DESIGN_APPROVAL ( #1123, ( #2470 ) ) ;
#2335 = EDGE_LOOP ( 'NONE', ( #218, #160, #1686, #1039 ) ) ;
#2336 = CARTESIAN_POINT ( 'NONE',  ( -17.47164499588853914, -37.18652631750740056, 0.7499999999999998890 ) ) ;
#2337 = DIRECTION ( 'NONE',  ( 0.000000000000000000, 0.000000000000000000, 1.000000000000000000 ) ) ;
#2338 = CARTESIAN_POINT ( 'NONE',  ( 38.77499999999995595, -1.255736835487383685, -0.7499999999999998890 ) ) ;
#2339 = CIRCLE ( 'NONE', #1823, 14.00000000000000178 ) ;
#2340 = ORIENTED_EDGE ( 'NONE', *, *, #494, .F. ) ;
#2341 = CIRCLE ( 'NONE', #2523, 1.449999999999996181 ) ;
#2342 = ORIENTED_EDGE ( 'NONE', *, *, #1312, .T. ) ;
#2343 = CARTESIAN_POINT ( 'NONE',  ( -9.810519127163855657, 32.96801781464808556, -0.7499999999999998890 ) ) ;
#2344 = DIRECTION ( 'NONE',  ( -0.05530446007081669252, 0.9984695371899313665, 0.000000000000000000 ) ) ;
#2345 = ORIENTED_EDGE ( 'NONE', *, *, #1847, .T. ) ;
#2346 = EDGE_CURVE ( 'NONE', #2361, #2324, #2788, .T. ) ;
#2347 = VECTOR ( 'NONE', #1541, 1000.000000000000000 ) ;
#2348 = DIRECTION ( 'NONE',  ( 0.000000000000000000, 0.000000000000000000, 1.000000000000000000 ) ) ;
#2349 = DIRECTION ( 'NONE',  ( -0.5000000000000027756, -0.8660254037844370423, 0.000000000000000000 ) ) ;
#2350 = ORIENTED_EDGE ( 'NONE', *, *, #157, .T. ) ;
#2351 = LINE ( 'NONE', #2564, #2434 ) ;
#2352 = CARTESIAN_POINT ( 'NONE',  ( -20.88924050203071303, 35.10501575627485948, 0.7500000000000001110 ) ) ;
#2353 = CARTESIAN_POINT ( 'NONE',  ( 3.999999149041860935, -29.00000012243728165, 0.7499999999999998890 ) ) ;
#2354 = VECTOR ( 'NONE', #1486, 1000.000000000000000 ) ;
#2355 = DIRECTION ( 'NONE',  ( 0.000000000000000000, -0.000000000000000000, -1.000000000000000000 ) ) ;
#2356 = VERTEX_POINT ( 'NONE', #356 ) ;
#2357 = EDGE_CURVE ( 'NONE', #509, #1434, #1713, .T. ) ;
#2358 = AXIS2_PLACEMENT_3D ( 'NONE', #690, #2458, #1581 ) ;
#2359 = CARTESIAN_POINT ( 'NONE',  ( -24.58808720943517656, 22.28641560063425686, -0.7499999999999998890 ) ) ;
#2360 = CARTESIAN_POINT ( 'NONE',  ( -20.40063465690526456, 14.66506411835546508, 0.7499999999999998890 ) ) ;
#2361 = VERTEX_POINT ( 'NONE', #2360 ) ;
#2362 = CARTESIAN_POINT ( 'NONE',  ( -15.40199450624533029, -12.28285091529626882, 0.7499999999999998890 ) ) ;
#2363 = CARTESIAN_POINT ( 'NONE',  ( 38.14645569621056609, 0.5200171321017205139, -0.7499999999999998890 ) ) ;
#2364 = CIRCLE ( 'NONE', #547, 39.79999999999982663 ) ;
#2365 = ORIENTED_EDGE ( 'NONE', *, *, #2708, .T. ) ;
#2366 = CARTESIAN_POINT ( 'NONE',  ( -1.500000731570791279, -24.99999995827975141, -0.7499999999999998890 ) ) ;
#2367 = CYLINDRICAL_SURFACE ( 'NONE', #965, 1.449999999999996181 ) ;
#2368 = CARTESIAN_POINT ( 'NONE',  ( -17.16507619652049854, 29.18399420086684160, -0.7499999999999998890 ) ) ;
#2369 = ADVANCED_FACE ( 'NONE', ( #1685 ), #1519, .T. ) ;
#2370 = EDGE_LOOP ( 'NONE', ( #1927, #2772, #2268, #2479 ) ) ;
#2371 = ORIENTED_EDGE ( 'NONE', *, *, #1868, .F. ) ;
#2372 = CC_DESIGN_PERSON_AND_ORGANIZATION_ASSIGNMENT ( #919, #1749, ( #1451 ) ) ;
#2373 = ORIENTED_EDGE ( 'NONE', *, *, #1134, .T. ) ;
#2374 = DIRECTION ( 'NONE',  ( -0.8660254187078559873, -0.4999999741518821317, 0.000000000000000000 ) ) ;
#2375 = ORIENTED_EDGE ( 'NONE', *, *, #1998, .T. ) ;
#2376 = VECTOR ( 'NONE', #699, 1000.000000000000000 ) ;
#2377 = CARTESIAN_POINT ( 'NONE',  ( -22.18613753116463982, 31.03542816602100629, 0.7499999999999998890 ) ) ;
#2378 = CARTESIAN_POINT ( 'NONE',  ( 20.03461008776076113, 13.29903750770701976, -0.7499999999999998890 ) ) ;
#2379 = VERTEX_POINT ( 'NONE', #2572 ) ;
#2380 = EDGE_CURVE ( 'NONE', #792, #1616, #128, .T. ) ;
#2381 = DIRECTION ( 'NONE',  ( 0.000000000000000000, 0.000000000000000000, 1.000000000000000000 ) ) ;
#2382 = EDGE_CURVE ( 'NONE', #1991, #866, #1468, .T. ) ;
#2383 = DIRECTION ( 'NONE',  ( 0.000000000000000000, -0.000000000000000000, -1.000000000000000000 ) ) ;
#2384 = VECTOR ( 'NONE', #951, 1000.000000000000000 ) ;
#2385 = CARTESIAN_POINT ( 'NONE',  ( -1.500000731570791279, -24.99999995827975141, -0.7499999999999998890 ) ) ;
#2386 = ORIENTED_EDGE ( 'NONE', *, *, #1086, .T. ) ;
#2387 = EDGE_CURVE ( 'NONE', #1991, #2393, #2641, .T. ) ;
#2388 = AXIS2_PLACEMENT_3D ( 'NONE', #949, #1405, #193 ) ;
#2389 = VERTEX_POINT ( 'NONE', #642 ) ;
#2390 = ORIENTED_EDGE ( 'NONE', *, *, #860, .F. ) ;
#2391 = DIRECTION ( 'NONE',  ( -0.5000000000000028866, -0.8660254037844369313, 0.000000000000000000 ) ) ;
#2392 = DIRECTION ( 'NONE',  ( 0.000000000000000000, 0.000000000000000000, 1.000000000000000000 ) ) ;
#2393 = VERTEX_POINT ( 'NONE', #2540 ) ;
#2394 = DIRECTION ( 'NONE',  ( 0.000000000000000000, -0.000000000000000000, -1.000000000000000000 ) ) ;
#2395 = DIRECTION ( 'NONE',  ( 0.5000000000000028866, 0.8660254037844370423, 0.000000000000000000 ) ) ;
#2396 = AXIS2_PLACEMENT_3D ( 'NONE', #1657, #1441, #2331 ) ;
#2397 = CARTESIAN_POINT ( 'NONE',  ( -31.11414181394468415, 9.365909297400271782, 0.7499999999999998890 ) ) ;
#2398 = ORIENTED_EDGE ( 'NONE', *, *, #305, .F. ) ;
#2399 = ORIENTED_EDGE ( 'NONE', *, *, #285, .F. ) ;
#2400 = ORIENTED_EDGE ( 'NONE', *, *, #1471, .T. ) ;
#2401 = ORIENTED_EDGE ( 'NONE', *, *, #2646, .T. ) ;
#2402 = DIRECTION ( 'NONE',  ( 0.000000000000000000, -0.000000000000000000, -1.000000000000000000 ) ) ;
#2403 = DIRECTION ( 'NONE',  ( 0.000000000000000000, -0.000000000000000000, -1.000000000000000000 ) ) ;
#2404 = ORIENTED_EDGE ( 'NONE', *, *, #1745, .T. ) ;
#2405 = CARTESIAN_POINT ( 'NONE',  ( -6.923340132364169897, 38.73875821403110820, -0.7499999999999998890 ) ) ;
#2406 = CARTESIAN_POINT ( 'NONE',  ( -5.626406486982082455, -25.99999983511949608, 0.7499999999999998890 ) ) ;
#2407 = DIRECTION ( 'NONE',  ( -0.000000000000000000, 0.000000000000000000, 1.000000000000000000 ) ) ;
#2408 = AXIS2_PLACEMENT_3D ( 'NONE', #1127, #1793, #878 ) ;
#2409 = DIRECTION ( 'NONE',  ( 0.4999999999999967804, 0.8660254037844407060, 0.000000000000000000 ) ) ;
#2410 = AXIS2_PLACEMENT_3D ( 'NONE', #2575, #147, #1717 ) ;
#2411 = DIRECTION ( 'NONE',  ( 0.5000000000000028866, 0.8660254037844370423, 0.000000000000000000 ) ) ;
#2412 = ORIENTED_EDGE ( 'NONE', *, *, #2259, .T. ) ;
#2413 = VECTOR ( 'NONE', #1669, 1000.000000000000000 ) ;
#2414 = EDGE_LOOP ( 'NONE', ( #2779, #1715 ) ) ;
#2415 = ADVANCED_FACE ( 'NONE', ( #375 ), #2839, .F. ) ;
#2416 = VERTEX_POINT ( 'NONE', #848 ) ;
#2417 = DIRECTION ( 'NONE',  ( 0.000000000000000000, 0.000000000000000000, 1.000000000000000000 ) ) ;
#2418 = FACE_OUTER_BOUND ( 'NONE', #2829, .T. ) ;
#2419 = ORIENTED_EDGE ( 'NONE', *, *, #781, .F. ) ;
#2420 = ADVANCED_FACE ( 'NONE', ( #863 ), #1888, .F. ) ;
#2421 = CARTESIAN_POINT ( 'NONE',  ( -4.000000850958119969, -28.99999988366263537, 0.7499999999999998890 ) ) ;
#2422 = EDGE_CURVE ( 'NONE', #1502, #433, #116, .T. ) ;
#2423 = CARTESIAN_POINT ( 'NONE',  ( -19.91432337761743199, 38.20462675267128816, -0.7499999999999998890 ) ) ;
#2424 = ADVANCED_FACE ( 'NONE', ( #1237 ), #1957, .F. ) ;
#2425 = CIRCLE ( 'NONE', #2047, 39.79999999999971294 ) ;
#2426 = CARTESIAN_POINT ( 'NONE',  ( -18.62287980130668075, -33.29580826329699761, 0.7499999999999998890 ) ) ;
#2427 = CARTESIAN_POINT ( 'NONE',  ( -1.500000701723945618, -23.99999995827970167, -0.7499999999999998890 ) ) ;
#2428 = VERTEX_POINT ( 'NONE', #2427 ) ;
#2429 = EDGE_CURVE ( 'NONE', #2361, #36, #441, .T. ) ;
#2430 = VECTOR ( 'NONE', #1065, 1000.000000000000000 ) ;
#2431 = ORIENTED_EDGE ( 'NONE', *, *, #1978, .F. ) ;
#2432 = ADVANCED_FACE ( 'NONE', ( #986 ), #141, .T. ) ;
#2433 = ORIENTED_EDGE ( 'NONE', *, *, #1837, .F. ) ;
#2434 = VECTOR ( 'NONE', #363, 1000.000000000000000 ) ;
#2435 = CARTESIAN_POINT ( 'NONE',  ( -5.626406486982082455, -25.99999983511949608, -0.7499999999999998890 ) ) ;
#2436 = DIRECTION ( 'NONE',  ( -0.000000000000000000, -0.000000000000000000, -1.000000000000000000 ) ) ;
#2437 = ADVANCED_FACE ( 'NONE', ( #2119 ), #1655, .F. ) ;
#2438 = CARTESIAN_POINT ( 'NONE',  ( -6.923340132364169897, 38.73875821403110820, 0.7499999999999998890 ) ) ;
#2439 = DIRECTION ( 'NONE',  ( 0.000000000000000000, -0.000000000000000000, -1.000000000000000000 ) ) ;
#2440 = DIRECTION ( 'NONE',  ( -0.000000000000000000, 0.000000000000000000, 1.000000000000000000 ) ) ;
#2441 = CARTESIAN_POINT ( 'NONE',  ( 37.01041879060621653, -13.37359067335524010, -0.7499999999999998890 ) ) ;
#2442 = ORIENTED_EDGE ( 'NONE', *, *, #942, .F. ) ;
#2443 = ORIENTED_EDGE ( 'NONE', *, *, #2216, .F. ) ;
#2444 = CARTESIAN_POINT ( 'NONE',  ( 41.50000000000967759, 3.464101615130087186, 0.7499999999999998890 ) ) ;
#2445 = CARTESIAN_POINT ( 'NONE',  ( -19.74999999999974065, 34.20800344948538907, -0.7499999999999998890 ) ) ;
#2446 = VERTEX_POINT ( 'NONE', #2328 ) ;
#2447 = DIRECTION ( 'NONE',  ( -0.5000000000000028866, -0.8660254037844369313, 0.000000000000000000 ) ) ;
#2448 = LINE ( 'NONE', #2205, #1664 ) ;
#2449 = PERSON_AND_ORGANIZATION_ROLE ( 'design_supplier' ) ;
#2450 = CARTESIAN_POINT ( 'NONE',  ( -5.115782978568757855, -5.224098121013187601, -0.7499999999999998890 ) ) ;
#2451 = DIRECTION ( 'NONE',  ( -0.000000000000000000, 0.000000000000000000, 1.000000000000000000 ) ) ;
#2452 = AXIS2_PLACEMENT_3D ( 'NONE', #2097, #2764, #769 ) ;
#2453 = CIRCLE ( 'NONE', #1154, 44.00000000000947864 ) ;
#2454 = ORIENTED_EDGE ( 'NONE', *, *, #1484, .F. ) ;
#2455 = EDGE_LOOP ( 'NONE', ( #550, #1193, #2400, #442 ) ) ;
#2456 = VECTOR ( 'NONE', #92, 1000.000000000000114 ) ;
#2457 = ADVANCED_FACE ( 'NONE', ( #344 ), #1222, .T. ) ;
#2458 = DIRECTION ( 'NONE',  ( 0.9984695371899312555, 0.05530446007081696314, 0.000000000000000000 ) ) ;
#2459 = DIRECTION ( 'NONE',  ( 0.000000000000000000, 0.000000000000000000, 1.000000000000000000 ) ) ;
#2460 = ORIENTED_EDGE ( 'NONE', *, *, #230, .F. ) ;
#2461 = DIRECTION ( 'NONE',  ( 0.000000000000000000, -0.000000000000000000, -1.000000000000000000 ) ) ;
#2462 = CARTESIAN_POINT ( 'NONE',  ( -22.18613753116463982, 31.03542816602100629, 0.7499999999999998890 ) ) ;
#2463 = APPROVAL_DATE_TIME ( #1142, #778 ) ;
#2464 = CIRCLE ( 'NONE', #1305, 4.000000000000109246 ) ;
#2465 = AXIS2_PLACEMENT_3D ( 'NONE', #2667, #1549, #658 ) ;
#2466 = FACE_OUTER_BOUND ( 'NONE', #1278, .T. ) ;
#2467 = LINE ( 'NONE', #51, #562 ) ;
#2468 = ORIENTED_EDGE ( 'NONE', *, *, #907, .F. ) ;
#2469 = ORIENTED_EDGE ( 'NONE', *, *, #657, .T. ) ;
#2470 = PRODUCT_DEFINITION_FORMATION_WITH_SPECIFIED_SOURCE ( 'ANY', '', #1232, .NOT_KNOWN. ) ;
#2471 = LINE ( 'NONE', #2272, #2711 ) ;
#2472 = DIRECTION ( 'NONE',  ( -0.5000000000000043299, -0.8660254037844361541, 0.000000000000000000 ) ) ;
#2473 = ORIENTED_EDGE ( 'NONE', *, *, #6, .T. ) ;
#2474 = DIRECTION ( 'NONE',  ( -0.000000000000000000, -0.000000000000000000, -1.000000000000000000 ) ) ;
#2475 = CARTESIAN_POINT ( 'NONE',  ( -4.750000850958126186, -30.29903798933929338, 0.4500000000000001776 ) ) ;
#2476 = CALENDAR_DATE ( 2025, 21, 1 ) ;
#2477 = CARTESIAN_POINT ( 'NONE',  ( 27.90515535730719776, 8.605494476683407612, 0.7499999999999998890 ) ) ;
#2478 = CARTESIAN_POINT ( 'NONE',  ( -7.936885312183893149, -27.54517632100994362, 0.7499999999999998890 ) ) ;
#2479 = ORIENTED_EDGE ( 'NONE', *, *, #2704, .T. ) ;
#2480 = CIRCLE ( 'NONE', #2159, 1.449999999999892042 ) ;
#2481 = ORIENTED_EDGE ( 'NONE', *, *, #2429, .F. ) ;
#2482 = CARTESIAN_POINT ( 'NONE',  ( -4.000000850958119969, -28.99999988366263537, 0.4500000000000001776 ) ) ;
#2483 = DIRECTION ( 'NONE',  ( 0.000000000000000000, 0.000000000000000000, 1.000000000000000000 ) ) ;
#2484 = ORIENTED_EDGE ( 'NONE', *, *, #2486, .T. ) ;
#2485 = AXIS2_PLACEMENT_3D ( 'NONE', #2327, #2571, #777 ) ;
#2486 = EDGE_CURVE ( 'NONE', #1449, #1253, #14, .T. ) ;
#2487 = VERTEX_POINT ( 'NONE', #1551 ) ;
#2488 = DIRECTION ( 'NONE',  ( 0.000000000000000000, 0.000000000000000000, 1.000000000000000000 ) ) ;
#2489 = CYLINDRICAL_SURFACE ( 'NONE', #2638, 1.449999999999892042 ) ;
#2490 = CIRCLE ( 'NONE', #2075, 1.449999999999842082 ) ;
#2491 = FACE_OUTER_BOUND ( 'NONE', #1400, .T. ) ;
#2492 = FACE_OUTER_BOUND ( 'NONE', #1055, .T. ) ;
#2493 = LINE ( 'NONE', #2044, #1392 ) ;
#2494 = ORIENTED_EDGE ( 'NONE', *, *, #824, .F. ) ;
#2495 = EDGE_CURVE ( 'NONE', #1833, #544, #2707, .T. ) ;
#2496 = CIRCLE ( 'NONE', #1245, 2.249999999999999112 ) ;
#2497 = ORIENTED_EDGE ( 'NONE', *, *, #1762, .F. ) ;
#2498 = CIRCLE ( 'NONE', #1057, 5.649999999999993250 ) ;
#2499 = EDGE_CURVE ( 'NONE', #1034, #1872, #1809, .T. ) ;
#2500 = DIRECTION ( 'NONE',  ( -0.000000000000000000, 0.000000000000000000, 1.000000000000000000 ) ) ;
#2501 = EDGE_CURVE ( 'NONE', #2627, #413, #15, .T. ) ;
#2502 = DIRECTION ( 'NONE',  ( 0.5000000000000028866, 0.8660254037844369313, 0.000000000000000000 ) ) ;
#2503 = AXIS2_PLACEMENT_3D ( 'NONE', #549, #1438, #2344 ) ;
#2504 = VECTOR ( 'NONE', #2451, 1000.000000000000000 ) ;
#2505 = ORIENTED_EDGE ( 'NONE', *, *, #720, .T. ) ;
#2506 = FACE_OUTER_BOUND ( 'NONE', #215, .T. ) ;
#2507 = CARTESIAN_POINT ( 'NONE',  ( -6.750763674670841930, 34.54230526329281048, -0.7499999999999998890 ) ) ;
#2508 = EDGE_CURVE ( 'NONE', #2109, #2614, #2266, .T. ) ;
#2509 = DIRECTION ( 'NONE',  ( 0.8660253888610228712, -0.5000000258481133164, 0.000000000000000000 ) ) ;
#2510 = DIRECTION ( 'NONE',  ( -0.5000000000000033307, -0.8660254037844365982, 0.000000000000000000 ) ) ;
#2511 = EDGE_CURVE ( 'NONE', #2311, #1952, #713, .T. ) ;
#2512 = CARTESIAN_POINT ( 'NONE',  ( 37.97053797469325076, 3.696044630826092803, 0.7499999999999998890 ) ) ;
#2513 = EDGE_LOOP ( 'NONE', ( #2285, #1936, #2538, #79 ) ) ;
#2514 = EDGE_CURVE ( 'NONE', #1567, #644, #1158, .T. ) ;
#2515 = ORIENTED_EDGE ( 'NONE', *, *, #197, .T. ) ;
#2516 = EDGE_CURVE ( 'NONE', #2670, #2109, #2132, .T. ) ;
#2517 = CARTESIAN_POINT ( 'NONE',  ( -5.115782978568757855, -5.224098121013187601, 0.7499999999999998890 ) ) ;
#2518 = DIRECTION ( 'NONE',  ( 0.000000000000000000, 0.000000000000000000, 1.000000000000000000 ) ) ;
#2519 = ORIENTED_EDGE ( 'NONE', *, *, #248, .F. ) ;
#2520 = DIRECTION ( 'NONE',  ( 0.000000000000000000, 0.000000000000000000, 1.000000000000000000 ) ) ;
#2521 = CARTESIAN_POINT ( 'NONE',  ( 20.40063553231673410, 14.66506290056675788, -0.7499999999999998890 ) ) ;
#2522 = EDGE_CURVE ( 'NONE', #911, #2356, #2644, .T. ) ;
#2523 = AXIS2_PLACEMENT_3D ( 'NONE', #814, #168, #2142 ) ;
#2524 = DIRECTION ( 'NONE',  ( 0.8660254187078559873, 0.4999999741518820762, 0.000000000000000000 ) ) ;
#2525 = CARTESIAN_POINT ( 'NONE',  ( -2.700962745281464628, -29.74999988366263537, 0.4500000000000001776 ) ) ;
#2526 = DIRECTION ( 'NONE',  ( -0.5000000000000029976, -0.8660254037844369313, 0.000000000000000000 ) ) ;
#2527 = ORIENTED_EDGE ( 'NONE', *, *, #1491, .T. ) ;
#2528 = VERTEX_POINT ( 'NONE', #2441 ) ;
#2529 = CARTESIAN_POINT ( 'NONE',  ( -15.78440044350895910, -34.73147279686225630, 0.7499999999999998890 ) ) ;
#2530 = CARTESIAN_POINT ( 'NONE',  ( -5.115782978568359951, -5.224098121022865193, 0.7499999999999998890 ) ) ;
#2531 = ORIENTED_EDGE ( 'NONE', *, *, #1736, .T. ) ;
#2532 = CARTESIAN_POINT ( 'NONE',  ( 34.05169123139243226, -1.496138884566775795, 0.7499999999999998890 ) ) ;
#2533 = CARTESIAN_POINT ( 'NONE',  ( 3.499999238582338190, -26.00000010751383073, 0.7499999999999998890 ) ) ;
#2534 = CARTESIAN_POINT ( 'NONE',  ( 20.77532505523484474, 19.50019205650044896, -0.7499999999999998890 ) ) ;
#2535 = CARTESIAN_POINT ( 'NONE',  ( -19.02499999999978897, 35.46374028497272946, -0.7499999999999998890 ) ) ;
#2536 = DIRECTION ( 'NONE',  ( -0.05530446007079042187, 0.9984695371899326988, 0.000000000000000000 ) ) ;
#2537 = EDGE_LOOP ( 'NONE', ( #763, #2828, #2593, #939 ) ) ;
#2538 = ORIENTED_EDGE ( 'NONE', *, *, #1042, .T. ) ;
#2539 = CARTESIAN_POINT ( 'NONE',  ( -3.250000850958115972, -27.70096177798597736, -0.7499999999999992228 ) ) ;
#2540 = CARTESIAN_POINT ( 'NONE',  ( -17.34664499588853559, -36.97001996656128853, 0.7499999999999998890 ) ) ;
#2541 = ORIENTED_EDGE ( 'NONE', *, *, #2080, .F. ) ;
#2542 = AXIS2_PLACEMENT_3D ( 'NONE', #1516, #134, #2395 ) ;
#2543 = EDGE_CURVE ( 'NONE', #2800, #1700, #2493, .T. ) ;
#2544 = VECTOR ( 'NONE', #2436, 1000.000000000000000 ) ;
#2545 = PLANE ( 'NONE',  #1740 ) ;
#2546 = CARTESIAN_POINT ( 'NONE',  ( -17.35839507748865529, -36.96364864706367825, 0.7499999999999998890 ) ) ;
#2547 = AXIS2_PLACEMENT_3D ( 'NONE', #1627, #2518, #524 ) ;
#2548 = ORIENTED_EDGE ( 'NONE', *, *, #506, .T. ) ;
#2549 = CARTESIAN_POINT ( 'NONE',  ( 40.67053797469322518, 3.824897495327832520, -0.7499999999999998890 ) ) ;
#2550 = CARTESIAN_POINT ( 'NONE',  ( 7.082093173956544696, -1.818348959180495550, -0.7499999999999998890 ) ) ;
#2551 = ORIENTED_EDGE ( 'NONE', *, *, #2508, .F. ) ;
#2552 = ORIENTED_EDGE ( 'NONE', *, *, #824, .T. ) ;
#2553 = EDGE_CURVE ( 'NONE', #601, #1616, #880, .T. ) ;
#2554 = VECTOR ( 'NONE', #2599, 1000.000000000000114 ) ;
#2555 = LINE ( 'NONE', #563, #1514 ) ;
#2556 = AXIS2_PLACEMENT_3D ( 'NONE', #2585, #2816, #595 ) ;
#2557 = DIRECTION ( 'NONE',  ( 0.5000000000000033307, 0.8660254037844365982, 0.000000000000000000 ) ) ;
#2558 = ORIENTED_EDGE ( 'NONE', *, *, #1280, .T. ) ;
#2559 = DIRECTION ( 'NONE',  ( -0.9985707349619983297, -0.05344611564421303251, 0.000000000000000000 ) ) ;
#2560 = DIRECTION ( 'NONE',  ( -0.4575086377839763241, 0.8892051767466552237, 0.000000000000000000 ) ) ;
#2561 = AXIS2_PLACEMENT_3D ( 'NONE', #2188, #1517, #2596 ) ;
#2562 = VERTEX_POINT ( 'NONE', #2478 ) ;
#2563 = CC_DESIGN_APPROVAL ( #778, ( #1451 ) ) ;
#2564 = CARTESIAN_POINT ( 'NONE',  ( -31.11414181394468415, 9.365909297400271782, -0.7499999999999998890 ) ) ;
#2565 = CARTESIAN_POINT ( 'NONE',  ( 20.03461008776076113, 13.29903750770701976, -15.29656465847268976 ) ) ;
#2566 = ADVANCED_FACE ( 'NONE', ( #491 ), #1322, .F. ) ;
#2567 = CYLINDRICAL_SURFACE ( 'NONE', #2836, 2.249999999999999112 ) ;
#2568 = CIRCLE ( 'NONE', #1318, 4.000000000000009770 ) ;
#2569 = FACE_OUTER_BOUND ( 'NONE', #1197, .T. ) ;
#2570 = EDGE_LOOP ( 'NONE', ( #1394, #419, #1009, #1523 ) ) ;
#2571 = DIRECTION ( 'NONE',  ( 0.000000000000000000, 0.000000000000000000, 1.000000000000000000 ) ) ;
#2572 = CARTESIAN_POINT ( 'NONE',  ( 31.59464567416487313, 10.15070035352102629, 0.7499999999999998890 ) ) ;
#2573 = ORIENTED_EDGE ( 'NONE', *, *, #1246, .F. ) ;
#2574 = DIRECTION ( 'NONE',  ( -0.8660253888610228712, 0.5000000258481133164, 0.000000000000000000 ) ) ;
#2575 = CARTESIAN_POINT ( 'NONE',  ( 39.50000000000960654, -7.756742795736419839E-12, 0.7499999999999998890 ) ) ;
#2576 = ADVANCED_FACE ( 'NONE', ( #1767 ), #906, .F. ) ;
#2577 = VERTEX_POINT ( 'NONE', #1986 ) ;
#2578 = CARTESIAN_POINT ( 'NONE',  ( 23.66818628806208480, 22.26268257912769499, 0.7499999999999998890 ) ) ;
#2579 = DIRECTION ( 'NONE',  ( -0.5000000000000028866, -0.8660254037844369313, 0.000000000000000000 ) ) ;
#2580 = EDGE_CURVE ( 'NONE', #2625, #688, #2668, .T. ) ;
#2581 = APPLICATION_PROTOCOL_DEFINITION ( 'international standard', 'config_control_design', 1994, #2283 ) ;
#2582 = LINE ( 'NONE', #591, #1814 ) ;
#2583 = ORIENTED_EDGE ( 'NONE', *, *, #972, .T. ) ;
#2584 = ORIENTED_EDGE ( 'NONE', *, *, #2002, .F. ) ;
#2585 = CARTESIAN_POINT ( 'NONE',  ( 39.49999999999992895, -2.528858120092247205E-15, -0.7499999999999998890 ) ) ;
#2586 = ORIENTED_EDGE ( 'NONE', *, *, #1762, .T. ) ;
#2587 = EDGE_CURVE ( 'NONE', #662, #1997, #2680, .T. ) ;
#2588 = EDGE_CURVE ( 'NONE', #1952, #99, #2467, .T. ) ;
#2589 = LINE ( 'NONE', #1937, #2330 ) ;
#2590 = DIRECTION ( 'NONE',  ( 0.4999999741518824092, -0.8660254187078557653, 0.000000000000000000 ) ) ;
#2591 = AXIS2_PLACEMENT_3D ( 'NONE', #1287, #1707, #815 ) ;
#2592 = AXIS2_PLACEMENT_3D ( 'NONE', #83, #1822, #723 ) ;
#2593 = ORIENTED_EDGE ( 'NONE', *, *, #1701, .F. ) ;
#2594 = DIRECTION ( 'NONE',  ( 0.000000000000000000, 0.000000000000000000, 1.000000000000000000 ) ) ;
#2595 = CARTESIAN_POINT ( 'NONE',  ( 7.936885397596828540, -27.54517652769369818, 0.7499999999999998890 ) ) ;
#2596 = DIRECTION ( 'NONE',  ( 0.5000000000000041078, 0.8660254037844362651, 0.000000000000000000 ) ) ;
#2597 = AXIS2_PLACEMENT_3D ( 'NONE', #854, #1976, #1744 ) ;
#2598 = EDGE_CURVE ( 'NONE', #2416, #987, #982, .T. ) ;
#2599 = DIRECTION ( 'NONE',  ( 0.9999999999999995559, -2.984684027707017910E-08, 0.000000000000000000 ) ) ;
#2600 = EDGE_LOOP ( 'NONE', ( #1410, #1146, #2659, #2037, #802, #970, #582, #2494, #2244, #1510, #2531, #1043, #2454, #1763, #308, #1420, #1220, #2573, #1974, #797, #2473, #1722, #1580, #2728, #2783, #47 ) ) ;
#2601 = ORIENTED_EDGE ( 'NONE', *, *, #1099, .F. ) ;
#2602 = ORIENTED_EDGE ( 'NONE', *, *, #2851, .F. ) ;
#2603 = VECTOR ( 'NONE', #227, 1000.000000000000000 ) ;
#2604 = DIRECTION ( 'NONE',  ( 0.9128932876643703898, -0.4081982916884110968, 0.000000000000000000 ) ) ;
#2605 = LINE ( 'NONE', #1658, #2271 ) ;
#2606 = ORIENTED_EDGE ( 'NONE', *, *, #1772, .F. ) ;
#2607 = DIRECTION ( 'NONE',  ( 0.5000000000000035527, 0.8660254037844367092, 0.000000000000000000 ) ) ;
#2608 = CARTESIAN_POINT ( 'NONE',  ( -19.75000000000007816, -34.20800344948519722, 0.7500000000000001110 ) ) ;
#2609 = AXIS2_PLACEMENT_3D ( 'NONE', #2512, #98, #2536 ) ;
#2610 = ORIENTED_EDGE ( 'NONE', *, *, #741, .T. ) ;
#2611 = ORIENTED_EDGE ( 'NONE', *, *, #735, .F. ) ;
#2612 = AXIS2_PLACEMENT_3D ( 'NONE', #96, #966, #109 ) ;
#2613 = EDGE_LOOP ( 'NONE', ( #2442, #382, #2817, #1413 ) ) ;
#2614 = VERTEX_POINT ( 'NONE', #895 ) ;
#2615 = CARTESIAN_POINT ( 'NONE',  ( -19.91432337761743554, 38.20462675267139474, 0.7499999999999998890 ) ) ;
#2616 = DIRECTION ( 'NONE',  ( 0.000000000000000000, -0.000000000000000000, -1.000000000000000000 ) ) ;
#2617 = CIRCLE ( 'NONE', #1368, 14.00000000000000178 ) ;
#2618 = VERTEX_POINT ( 'NONE', #1784 ) ;
#2619 = CARTESIAN_POINT ( 'NONE',  ( 3.499999238582338190, -26.00000010751383073, -0.7499999999999998890 ) ) ;
#2620 = CYLINDRICAL_SURFACE ( 'NONE', #2315, 1.449999999999892042 ) ;
#2621 = DIRECTION ( 'NONE',  ( -0.000000000000000000, 0.000000000000000000, 1.000000000000000000 ) ) ;
#2622 = EDGE_CURVE ( 'NONE', #149, #1700, #673, .T. ) ;
#2623 = FACE_OUTER_BOUND ( 'NONE', #929, .T. ) ;
#2624 = CARTESIAN_POINT ( 'NONE',  ( 39.49999999999992895, -2.528858120092247205E-15, 0.7500000000000001110 ) ) ;
#2625 = VERTEX_POINT ( 'NONE', #1231 ) ;
#2626 = ORIENTED_EDGE ( 'NONE', *, *, #1998, .F. ) ;
#2627 = VERTEX_POINT ( 'NONE', #2765 ) ;
#2628 = ADVANCED_FACE ( 'NONE', ( #789 ), #2323, .F. ) ;
#2629 = EDGE_CURVE ( 'NONE', #780, #1728, #1358, .T. ) ;
#2630 = EDGE_CURVE ( 'NONE', #2109, #1317, #1663, .T. ) ;
#2631 = DIRECTION ( 'NONE',  ( -0.5351549677614004796, 0.8447539052767346623, 0.000000000000000000 ) ) ;
#2632 = DIRECTION ( 'NONE',  ( 0.8660253888610229822, -0.5000000258481134274, 0.000000000000000000 ) ) ;
#2633 = VERTEX_POINT ( 'NONE', #1871 ) ;
#2634 = CIRCLE ( 'NONE', #1382, 2.500000000000000888 ) ;
#2635 = CYLINDRICAL_SURFACE ( 'NONE', #2152, 1.499999999999998446 ) ;
#2636 = DIRECTION ( 'NONE',  ( -0.000000000000000000, 0.000000000000000000, 1.000000000000000000 ) ) ;
#2637 = COORDINATED_UNIVERSAL_TIME_OFFSET ( 1, 0, .AHEAD. ) ;
#2638 = AXIS2_PLACEMENT_3D ( 'NONE', #94, #2760, #500 ) ;
#2639 = EDGE_CURVE ( 'NONE', #1502, #1857, #1883, .T. ) ;
#2640 = CARTESIAN_POINT ( 'NONE',  ( -21.53460937143669440, 10.70096253706325662, 0.7499999999999998890 ) ) ;
#2641 = CIRCLE ( 'NONE', #2686, 0.2500000000000026645 ) ;
#2642 = DIRECTION ( 'NONE',  ( -2.984684055462594188E-08, -0.9999999999999995559, 0.000000000000000000 ) ) ;
#2643 = ORIENTED_EDGE ( 'NONE', *, *, #2310, .T. ) ;
#2644 = CIRCLE ( 'NONE', #1622, 4.000000000000109246 ) ;
#2645 = VERTEX_POINT ( 'NONE', #123 ) ;
#2646 = EDGE_CURVE ( 'NONE', #345, #785, #114, .T. ) ;
#2647 = ORIENTED_EDGE ( 'NONE', *, *, #1847, .F. ) ;
#2648 = DIRECTION ( 'NONE',  ( -0.9991558257964667789, -0.04108084440442504037, 0.000000000000000000 ) ) ;
#2649 = FACE_OUTER_BOUND ( 'NONE', #1919, .T. ) ;
#2650 = AXIS2_PLACEMENT_3D ( 'NONE', #1834, #48, #2026 ) ;
#2651 = EDGE_LOOP ( 'NONE', ( #1907, #1053, #2714, #674 ) ) ;
#2652 = DIRECTION ( 'NONE',  ( -2.984684016604787664E-08, -0.9999999999999995559, 0.000000000000000000 ) ) ;
#2653 = CARTESIAN_POINT ( 'NONE',  ( -19.74999999999974065, 34.20800344948538907, 0.7500000000000001110 ) ) ;
#2654 = EDGE_CURVE ( 'NONE', #2147, #1726, #748, .T. ) ;
#2655 = PLANE ( 'NONE',  #1537 ) ;
#2656 = CARTESIAN_POINT ( 'NONE',  ( -19.91432337761743554, 38.20462675267139474, 0.7499999999999998890 ) ) ;
#2657 = ORIENTED_EDGE ( 'NONE', *, *, #20, .F. ) ;
#2658 = VERTEX_POINT ( 'NONE', #1447 ) ;
#2659 = ORIENTED_EDGE ( 'NONE', *, *, #2168, .F. ) ;
#2660 = CIRCLE ( 'NONE', #1409, 4.000000000000000888 ) ;
#2661 = CARTESIAN_POINT ( 'NONE',  ( -20.88924050203087646, 35.10501575627498738, -0.7499999999999998890 ) ) ;
#2662 = FACE_OUTER_BOUND ( 'NONE', #1820, .T. ) ;
#2663 = VERTEX_POINT ( 'NONE', #2338 ) ;
#2664 = DIRECTION ( 'NONE',  ( 0.000000000000000000, 0.000000000000000000, 1.000000000000000000 ) ) ;
#2665 = DIRECTION ( 'NONE',  ( 0.5000000000000028866, 0.8660254037844369313, 0.000000000000000000 ) ) ;
#2666 = DATE_AND_TIME ( #2476, #342 ) ;
#2667 = CARTESIAN_POINT ( 'NONE',  ( -21.40515450758794813, 19.86382619763763557, -0.7499999999999998890 ) ) ;
#2668 = LINE ( 'NONE', #883, #436 ) ;
#2669 = EDGE_CURVE ( 'NONE', #2758, #1880, #1267, .T. ) ;
#2670 = VERTEX_POINT ( 'NONE', #543 ) ;
#2671 = ORIENTED_EDGE ( 'NONE', *, *, #1176, .T. ) ;
#2672 = DIRECTION ( 'NONE',  ( 0.000000000000000000, -0.000000000000000000, -1.000000000000000000 ) ) ;
#2673 = CARTESIAN_POINT ( 'NONE',  ( -7.936885312183893149, -27.54517632100994362, -0.7499999999999998890 ) ) ;
#2674 = EDGE_CURVE ( 'NONE', #2758, #158, #1819, .T. ) ;
#2675 = ORIENTED_EDGE ( 'NONE', *, *, #2007, .F. ) ;
#2676 = CARTESIAN_POINT ( 'NONE',  ( 3.499999268429180077, -25.00000010751382717, -0.7499999999999998890 ) ) ;
#2677 = CARTESIAN_POINT ( 'NONE',  ( 9.633651313118779314, -29.48156031357270734, -0.7499999999999998890 ) ) ;
#2678 = APPROVAL_DATE_TIME ( #1587, #520 ) ;
#2679 = CARTESIAN_POINT ( 'NONE',  ( -29.00124108700547865, -18.61218677584938774, 0.7499999999999998890 ) ) ;
#2680 = LINE ( 'NONE', #1578, #935 ) ;
#2681 = ADVANCED_FACE ( 'NONE', ( #2098 ), #1677, .T. ) ;
#2682 = AXIS2_PLACEMENT_3D ( 'NONE', #1734, #2825, #2171 ) ;
#2683 = CIRCLE ( 'NONE', #1294, 1.499999999999998446 ) ;
#2684 = ORIENTED_EDGE ( 'NONE', *, *, #1403, .T. ) ;
#2685 = ORIENTED_EDGE ( 'NONE', *, *, #1837, .T. ) ;
#2686 = AXIS2_PLACEMENT_3D ( 'NONE', #1906, #999, #426 ) ;
#2687 = CARTESIAN_POINT ( 'NONE',  ( 22.40063542892426796, 11.20096122573533748, 0.7499999999999996669 ) ) ;
#2688 = DIRECTION ( 'NONE',  ( 0.000000000000000000, -0.000000000000000000, -1.000000000000000000 ) ) ;
#2689 = AXIS2_PLACEMENT_3D ( 'NONE', #278, #1151, #1617 ) ;
#2690 = ORIENTED_EDGE ( 'NONE', *, *, #1265, .F. ) ;
#2691 = CARTESIAN_POINT ( 'NONE',  ( 34.46620454777403353, -8.979783397805570999, -0.7499999999999998890 ) ) ;
#2692 = CARTESIAN_POINT ( 'NONE',  ( -15.40199450624533029, -12.28285091529626882, 0.7499999999999998890 ) ) ;
#2693 = AXIS2_PLACEMENT_3D ( 'NONE', #2068, #962, #2718 ) ;
#2694 = CARTESIAN_POINT ( 'NONE',  ( 22.40063542892426796, 11.20096122573533748, 0.7499999999999996669 ) ) ;
#2695 = CARTESIAN_POINT ( 'NONE',  ( -4.750000850958126186, -30.29903798933929338, 0.7499999999999998890 ) ) ;
#2696 = ORIENTED_EDGE ( 'NONE', *, *, #2516, .F. ) ;
#2697 = ORIENTED_EDGE ( 'NONE', *, *, #2774, .F. ) ;
#2698 = AXIS2_PLACEMENT_3D ( 'NONE', #228, #1102, #686 ) ;
#2699 = FACE_OUTER_BOUND ( 'NONE', #2823, .T. ) ;
#2700 = FACE_OUTER_BOUND ( 'NONE', #703, .T. ) ;
#2701 = ORIENTED_EDGE ( 'NONE', *, *, #653, .F. ) ;
#2702 = LINE ( 'NONE', #753, #1440 ) ;
#2703 = CARTESIAN_POINT ( 'NONE',  ( -22.03460939728480383, 9.834937148202234525, -11.93034015445707574 ) ) ;
#2704 = EDGE_CURVE ( 'NONE', #646, #2753, #1540, .T. ) ;
#2705 = DIRECTION ( 'NONE',  ( 0.9599168625253325926, -0.2802848854995960148, 0.000000000000000000 ) ) ;
#2706 = CARTESIAN_POINT ( 'NONE',  ( 22.77532495184237149, 16.03609038166902678, 0.7499999999999998890 ) ) ;
#2707 = LINE ( 'NONE', #470, #104 ) ;
#2708 = EDGE_CURVE ( 'NONE', #901, #1324, #757, .T. ) ;
#2709 = ORIENTED_EDGE ( 'NONE', *, *, #2346, .T. ) ;
#2710 = VERTEX_POINT ( 'NONE', #135 ) ;
#2711 = VECTOR ( 'NONE', #485, 1000.000000000000000 ) ;
#2712 = CARTESIAN_POINT ( 'NONE',  ( 23.66818628806208480, 22.26268257912769499, -0.7499999999999998890 ) ) ;
#2713 = DIRECTION ( 'NONE',  ( 0.000000000000000000, -0.000000000000000000, -1.000000000000000000 ) ) ;
#2714 = ORIENTED_EDGE ( 'NONE', *, *, #1030, .T. ) ;
#2715 = EDGE_CURVE ( 'NONE', #785, #1797, #2282, .T. ) ;
#2716 = EDGE_CURVE ( 'NONE', #1880, #232, #2058, .T. ) ;
#2717 = ORIENTED_EDGE ( 'NONE', *, *, #1565, .F. ) ;
#2718 = DIRECTION ( 'NONE',  ( -0.5000000000000028866, -0.8660254037844369313, 0.000000000000000000 ) ) ;
#2719 = DIRECTION ( 'NONE',  ( 0.000000000000000000, 0.000000000000000000, 1.000000000000000000 ) ) ;
#2720 = CIRCLE ( 'NONE', #2220, 1.449999999999996181 ) ;
#2721 = ADVANCED_FACE ( 'NONE', ( #1649 ), #324, .T. ) ;
#2722 = DIRECTION ( 'NONE',  ( 0.000000000000000000, -0.000000000000000000, -1.000000000000000000 ) ) ;
#2723 = DIRECTION ( 'NONE',  ( -0.5000000000000028866, -0.8660254037844370423, 0.000000000000000000 ) ) ;
#2724 = DIRECTION ( 'NONE',  ( 0.000000000000000000, -0.000000000000000000, -1.000000000000000000 ) ) ;
#2725 = EDGE_CURVE ( 'NONE', #264, #961, #1448, .T. ) ;
#2726 = ORIENTED_EDGE ( 'NONE', *, *, #2762, .F. ) ;
#2727 = CIRCLE ( 'NONE', #2542, 44.00000000000000000 ) ;
#2728 = ORIENTED_EDGE ( 'NONE', *, *, #1770, .F. ) ;
#2729 = CIRCLE ( 'NONE', #2229, 1.000000000000001110 ) ;
#2730 = EDGE_CURVE ( 'NONE', #910, #2147, #2739, .T. ) ;
#2731 = CARTESIAN_POINT ( 'NONE',  ( -7.633689415050835869, -25.99999977520844396, 0.7499999999999998890 ) ) ;
#2732 = FACE_OUTER_BOUND ( 'NONE', #1579, .T. ) ;
#2733 = AXIS2_PLACEMENT_3D ( 'NONE', #779, #1876, #2757 ) ;
#2734 = ORIENTED_EDGE ( 'NONE', *, *, #1348, .F. ) ;
#2735 = FACE_OUTER_BOUND ( 'NONE', #2215, .T. ) ;
#2736 = DIRECTION ( 'NONE',  ( -0.000000000000000000, 0.000000000000000000, 1.000000000000000000 ) ) ;
#2737 = DIRECTION ( 'NONE',  ( -0.5000000258481134274, -0.8660253888610229822, 0.000000000000000000 ) ) ;
#2738 = DIRECTION ( 'NONE',  ( -0.5000000000000029976, -0.8660254037844369313, 0.000000000000000000 ) ) ;
#2739 = LINE ( 'NONE', #532, #1632 ) ;
#2740 = EDGE_LOOP ( 'NONE', ( #560, #2174 ) ) ;
#2741 = VERTEX_POINT ( 'NONE', #2850 ) ;
#2742 = APPROVAL_PERSON_ORGANIZATION ( #1153, #520, #465 ) ;
#2743 = DIRECTION ( 'NONE',  ( 0.000000000000000000, 0.000000000000000000, 1.000000000000000000 ) ) ;
#2744 = CARTESIAN_POINT ( 'NONE',  ( -19.02499999999981739, 35.46374028497268682, 0.7500000000000001110 ) ) ;
#2745 = ORIENTED_EDGE ( 'NONE', *, *, #948, .T. ) ;
#2746 = ORIENTED_EDGE ( 'NONE', *, *, #1903, .T. ) ;
#2747 = FACE_OUTER_BOUND ( 'NONE', #2169, .T. ) ;
#2748 = LINE ( 'NONE', #297, #823 ) ;
#2749 = CIRCLE ( 'NONE', #1452, 1.000000000000047073 ) ;
#2750 = DIRECTION ( 'NONE',  ( -0.5000000000000032196, -0.8660254037844367092, 0.000000000000000000 ) ) ;
#2751 = CARTESIAN_POINT ( 'NONE',  ( -22.40063476029771294, 11.20096256291136783, -11.93034015445707574 ) ) ;
#2752 = CARTESIAN_POINT ( 'NONE',  ( 33.91978640809252710, 0.8852775094229685671, -0.7499999999999998890 ) ) ;
#2753 = VERTEX_POINT ( 'NONE', #1244 ) ;
#2754 = EDGE_CURVE ( 'NONE', #2663, #509, #422, .T. ) ;
#2755 = ORIENTED_EDGE ( 'NONE', *, *, #2725, .T. ) ;
#2756 = DIRECTION ( 'NONE',  ( -0.5000000000000029976, -0.8660254037844370423, 0.000000000000000000 ) ) ;
#2757 = DIRECTION ( 'NONE',  ( 0.4640008580350620249, 0.8858347496811841415, 0.000000000000000000 ) ) ;
#2758 = VERTEX_POINT ( 'NONE', #2397 ) ;
#2759 = CYLINDRICAL_SURFACE ( 'NONE', #2396, 1.000000000000001110 ) ;
#2760 = DIRECTION ( 'NONE',  ( 0.000000000000000000, -0.000000000000000000, -1.000000000000000000 ) ) ;
#2761 = EDGE_LOOP ( 'NONE', ( #43, #1214, #2179, #1560 ) ) ;
#2762 = EDGE_CURVE ( 'NONE', #1567, #1667, #1277, .T. ) ;
#2763 = FACE_OUTER_BOUND ( 'NONE', #2570, .T. ) ;
#2764 = DIRECTION ( 'NONE',  ( 0.000000000000000000, 0.000000000000000000, 1.000000000000000000 ) ) ;
#2765 = CARTESIAN_POINT ( 'NONE',  ( 21.90063542892426085, 10.33493582195090177, -0.7499999999999998890 ) ) ;
#2766 = VECTOR ( 'NONE', #1668, 1000.000000000000000 ) ;
#2767 = ORIENTED_EDGE ( 'NONE', *, *, #1299, .T. ) ;
#2768 = ORIENTED_EDGE ( 'NONE', *, *, #1862, .T. ) ;
#2769 = AXIS2_PLACEMENT_3D ( 'NONE', #1720, #409, #1064 ) ;
#2770 = CARTESIAN_POINT ( 'NONE',  ( 34.24265535014999529, -4.943814804946248920, 0.7499999999999998890 ) ) ;
#2771 = CARTESIAN_POINT ( 'NONE',  ( -17.35839507748865529, -36.96364864706367825, 0.7499999999999998890 ) ) ;
#2772 = ORIENTED_EDGE ( 'NONE', *, *, #506, .F. ) ;
#2773 = VECTOR ( 'NONE', #1825, 1000.000000000000000 ) ;
#2774 = EDGE_CURVE ( 'NONE', #2670, #732, #817, .T. ) ;
#2775 = AXIS2_PLACEMENT_3D ( 'NONE', #540, #1618, #765 ) ;
#2776 = CARTESIAN_POINT ( 'NONE',  ( 40.84645569621219607, 0.5381050623766470142, 0.7499999999999998890 ) ) ;
#2777 = CARTESIAN_POINT ( 'NONE',  ( -21.52496888157150323, -25.97625023026183655, 0.7499999999999998890 ) ) ;
#2778 = AXIS2_PLACEMENT_3D ( 'NONE', #2624, #629, #796 ) ;
#2779 = ORIENTED_EDGE ( 'NONE', *, *, #298, .F. ) ;
#2780 = CARTESIAN_POINT ( 'NONE',  ( -22.90199450624537292, -25.27323197206282757, -0.7499999999999998890 ) ) ;
#2781 = CARTESIAN_POINT ( 'NONE',  ( -19.91432337761743199, 38.20462675267128816, 0.7499999999999998890 ) ) ;
#2782 = CARTESIAN_POINT ( 'NONE',  ( 7.082093173944506326, -1.818348959181917079, 0.7499999999999998890 ) ) ;
#2783 = ORIENTED_EDGE ( 'NONE', *, *, #1913, .F. ) ;
#2784 = ORIENTED_EDGE ( 'NONE', *, *, #273, .T. ) ;
#2785 = CIRCLE ( 'NONE', #1069, 2.249999999999999112 ) ;
#2786 = CARTESIAN_POINT ( 'NONE',  ( 39.49999999999992895, -2.528858120092247205E-15, 0.7499999999999998890 ) ) ;
#2787 = EDGE_CURVE ( 'NONE', #1843, #1249, #832, .T. ) ;
#2788 = LINE ( 'NONE', #214, #2413 ) ;
#2789 = ORIENTED_EDGE ( 'NONE', *, *, #72, .F. ) ;
#2790 = DIRECTION ( 'NONE',  ( -0.000000000000000000, -0.000000000000000000, -1.000000000000000000 ) ) ;
#2791 = CARTESIAN_POINT ( 'NONE',  ( 20.40063553231673765, 14.66506290056675965, 0.7499999999999998890 ) ) ;
#2792 = VERTEX_POINT ( 'NONE', #1942 ) ;
#2793 = FACE_OUTER_BOUND ( 'NONE', #1530, .T. ) ;
#2794 = CARTESIAN_POINT ( 'NONE',  ( -3.250000850958115972, -27.70096177798597736, 0.4500000000000001776 ) ) ;
#2795 = CIRCLE ( 'NONE', #1921, 3.999999999999991118 ) ;
#2796 = CARTESIAN_POINT ( 'NONE',  ( 1.499999298275970228, -24.00000004782022245, -0.7499999999999998890 ) ) ;
#2797 = ORIENTED_EDGE ( 'NONE', *, *, #2516, .T. ) ;
#2798 = EDGE_CURVE ( 'NONE', #2487, #187, #1583, .T. ) ;
#2799 = EDGE_CURVE ( 'NONE', #1924, #2633, #2288, .T. ) ;
#2800 = VERTEX_POINT ( 'NONE', #2368 ) ;
#2801 = CARTESIAN_POINT ( 'NONE',  ( -3.500000731570791501, -24.99999989858599747, 0.7499999999999998890 ) ) ;
#2802 = VECTOR ( 'NONE', #2402, 1000.000000000000000 ) ;
#2803 = VERTEX_POINT ( 'NONE', #410 ) ;
#2804 = CARTESIAN_POINT ( 'NONE',  ( -5.115782978568359951, -5.224098121022865193, 0.7499999999999998890 ) ) ;
#2805 = DIRECTION ( 'NONE',  ( -0.5000000000000027756, -0.8660254037844370423, 0.000000000000000000 ) ) ;
#2806 = EDGE_CURVE ( 'NONE', #1555, #544, #479, .T. ) ;
#2807 = PRODUCT_DEFINITION_SHAPE ( 'NONE', 'NONE',  #2064 ) ;
#2808 = ORIENTED_EDGE ( 'NONE', *, *, #1983, .T. ) ;
#2809 = DIRECTION ( 'NONE',  ( 0.5000000000000026645, 0.8660254037844372643, 0.000000000000000000 ) ) ;
#2810 = FACE_OUTER_BOUND ( 'NONE', #2316, .T. ) ;
#2811 = DIRECTION ( 'NONE',  ( 0.000000000000000000, 0.000000000000000000, 1.000000000000000000 ) ) ;
#2812 = EDGE_CURVE ( 'NONE', #2446, #771, #153, .T. ) ;
#2813 = VERTEX_POINT ( 'NONE', #627 ) ;
#2814 = ORIENTED_EDGE ( 'NONE', *, *, #2267, .F. ) ;
#2815 = ORIENTED_EDGE ( 'NONE', *, *, #1378, .T. ) ;
#2816 = DIRECTION ( 'NONE',  ( 0.000000000000000000, -0.000000000000000000, -1.000000000000000000 ) ) ;
#2817 = ORIENTED_EDGE ( 'NONE', *, *, #2422, .T. ) ;
#2818 = ADVANCED_FACE ( 'NONE', ( #1080 ), #2567, .F. ) ;
#2819 = CARTESIAN_POINT ( 'NONE',  ( -17.72656601660452580, 28.93275796563912294, -0.7499999999999998890 ) ) ;
#2820 = CARTESIAN_POINT ( 'NONE',  ( -19.75000000000003553, 34.20800344948535354, 0.7499999999999998890 ) ) ;
#2821 = AXIS2_PLACEMENT_3D ( 'NONE', #937, #351, #503 ) ;
#2822 = VECTOR ( 'NONE', #611, 1000.000000000000000 ) ;
#2823 = EDGE_LOOP ( 'NONE', ( #1624, #407, #2210, #1979 ) ) ;
#2824 = CYLINDRICAL_SURFACE ( 'NONE', #2055, 1.000000000000001110 ) ;
#2825 = DIRECTION ( 'NONE',  ( 0.000000000000000000, -0.000000000000000000, -1.000000000000000000 ) ) ;
#2826 = VECTOR ( 'NONE', #2845, 1000.000000000000000 ) ;
#2827 = DIRECTION ( 'NONE',  ( -0.5000000000000026645, -0.8660254037844372643, 0.000000000000000000 ) ) ;
#2828 = ORIENTED_EDGE ( 'NONE', *, *, #1340, .T. ) ;
#2829 = EDGE_LOOP ( 'NONE', ( #1828, #185, #2626, #1755 ) ) ;
#2830 = ORIENTED_EDGE ( 'NONE', *, *, #2382, .F. ) ;
#2831 = LINE ( 'NONE', #2661, #1594 ) ;
#2832 = CARTESIAN_POINT ( 'NONE',  ( 21.53461001021640797, 10.70096125158345757, 0.7499999999999998890 ) ) ;
#2833 = ORIENTED_EDGE ( 'NONE', *, *, #1235, .T. ) ;
#2834 = LINE ( 'NONE', #1095, #801 ) ;
#2835 = CYLINDRICAL_SURFACE ( 'NONE', #462, 4.000000000000027534 ) ;
#2836 = AXIS2_PLACEMENT_3D ( 'NONE', #2353, #845, #183 ) ;
#2837 = PERSON_AND_ORGANIZATION_ROLE ( 'design_owner' ) ;
#2838 = CARTESIAN_POINT ( 'NONE',  ( -19.75000000000007816, -34.20800344948519722, 0.7500000000000003331 ) ) ;
#2839 = CYLINDRICAL_SURFACE ( 'NONE', #1433, 2.249999999999999112 ) ;
#2840 = ORIENTED_EDGE ( 'NONE', *, *, #2580, .T. ) ;
#2841 = AXIS2_PLACEMENT_3D ( 'NONE', #2534, #1429, #2321 ) ;
#2842 = ORIENTED_EDGE ( 'NONE', *, *, #2030, .T. ) ;
#2843 = ORIENTED_EDGE ( 'NONE', *, *, #2279, .T. ) ;
#2844 = DIRECTION ( 'NONE',  ( 0.000000000000000000, 0.000000000000000000, 1.000000000000000000 ) ) ;
#2845 = DIRECTION ( 'NONE',  ( 0.4999999741518824092, -0.8660254187078557653, 0.000000000000000000 ) ) ;
#2846 = VECTOR ( 'NONE', #1760, 1000.000000000000000 ) ;
#2847 = ORIENTED_EDGE ( 'NONE', *, *, #571, .F. ) ;
#2848 = CARTESIAN_POINT ( 'NONE',  ( 7.082093173944506326, -1.818348959181917079, -0.7499999999999998890 ) ) ;
#2849 = DIRECTION ( 'NONE',  ( -0.000000000000000000, 0.000000000000000000, 1.000000000000000000 ) ) ;
#2850 = CARTESIAN_POINT ( 'NONE',  ( -15.78440044350896621, -34.73147279686225630, 0.7499999999999998890 ) ) ;
#2851 = EDGE_CURVE ( 'NONE', #2627, #838, #394, .T. ) ;
#2852 = LINE ( 'NONE', #2226, #1118 ) ;
#2853 = DIRECTION ( 'NONE',  ( 0.000000000000000000, 0.000000000000000000, 1.000000000000000000 ) ) ;
#2854 = ORIENTED_EDGE ( 'NONE', *, *, #1612, .F. ) ;
ENDSEC;
END-ISO-10303-21;
