ISO-10303-21;
HEADER;
FILE_DESCRIPTION (( 'STEP AP203' ),
    '1' );
FILE_NAME ('PEN-M.STEP',
    '2025-01-21T11:50:22',
    ( '' ),
    ( '' ),
    'SwSTEP 2.0',
    'SolidWorks 2024',
    '' );
FILE_SCHEMA (( 'CONFIG_CONTROL_DESIGN' ));
ENDSEC;

DATA;
#1 = DIRECTION ( 'NONE',  ( 0.000000000000000000, 0.000000000000000000, 1.000000000000000000 ) ) ;
#2 = AXIS2_PLACEMENT_3D ( 'NONE', #822, #777, #1062 ) ;
#3 = DIRECTION ( 'NONE',  ( -1.000000000000000000, 0.000000000000000000, 0.000000000000000000 ) ) ;
#4 = VERTEX_POINT ( 'NONE', #2518 ) ;
#5 = CIRCLE ( 'NONE', #3514, 5.000000000000000000 ) ;
#6 = DIRECTION ( 'NONE',  ( 1.000000000000000000, 0.000000000000000000, 0.000000000000000000 ) ) ;
#7 = EDGE_LOOP ( 'NONE', ( #3478, #1523, #3275, #1319 ) ) ;
#8 = VECTOR ( 'NONE', #2053, 1000.000000000000000 ) ;
#9 = CARTESIAN_POINT ( 'NONE',  ( -16.74999999999975486, 26.41377481542551919, -0.7500000000000000000 ) ) ;
#10 = CARTESIAN_POINT ( 'NONE',  ( 4.000000000000000000, -34.00000000000000000, 0.4499999999999983458 ) ) ;
#11 = VERTEX_POINT ( 'NONE', #3520 ) ;
#12 = DIRECTION ( 'NONE',  ( 0.000000000000000000, 0.000000000000000000, 1.000000000000000000 ) ) ;
#13 = EDGE_LOOP ( 'NONE', ( #1693, #3236, #1943, #3604, #2640 ) ) ;
#14 = CARTESIAN_POINT ( 'NONE',  ( 17.78929731390971369, -27.41180038044883105, -0.7500000000000000000 ) ) ;
#15 = EDGE_CURVE ( 'NONE', #3685, #2683, #1018, .T. ) ;
#16 = PLANE ( 'NONE',  #464 ) ;
#17 = CARTESIAN_POINT ( 'NONE',  ( 4.471637637270998944, 33.80897843043960194, -0.7500000000000000000 ) ) ;
#18 = EDGE_LOOP ( 'NONE', ( #2283, #2633, #829, #454 ) ) ;
#19 = EDGE_CURVE ( 'NONE', #1718, #3494, #677, .T. ) ;
#20 = EDGE_CURVE ( 'NONE', #2299, #2405, #1951, .T. ) ;
#21 = CARTESIAN_POINT ( 'NONE',  ( -14.36562741473493787, 22.88291568798286946, 0.4500000000000000666 ) ) ;
#22 = CARTESIAN_POINT ( 'NONE',  ( 0.000000000000000000, 1.149999999999999911, 0.4500000000000000666 ) ) ;
#23 = ORIENTED_EDGE ( 'NONE', *, *, #3429, .T. ) ;
#24 = DIRECTION ( 'NONE',  ( -1.000000000000000000, 0.000000000000000000, 0.000000000000000000 ) ) ;
#25 = ORIENTED_EDGE ( 'NONE', *, *, #2551, .T. ) ;
#26 = CARTESIAN_POINT ( 'NONE',  ( 23.13612494456364388, -21.65391214938251707, 0.7500000000000000000 ) ) ;
#27 = DIRECTION ( 'NONE',  ( -0.000000000000000000, -0.000000000000000000, 1.000000000000000000 ) ) ;
#28 = ADVANCED_FACE ( 'NONE', ( #99 ), #1970, .F. ) ;
#29 = VERTEX_POINT ( 'NONE', #2931 ) ;
#30 = AXIS2_PLACEMENT_3D ( 'NONE', #2859, #2284, #3442 ) ;
#31 = EDGE_CURVE ( 'NONE', #1650, #4, #1126, .T. ) ;
#32 = EDGE_CURVE ( 'NONE', #3832, #1428, #1165, .T. ) ;
#33 = CIRCLE ( 'NONE', #2704, 1.150000000000003686 ) ;
#34 = LINE ( 'NONE', #976, #2662 ) ;
#35 = EDGE_CURVE ( 'NONE', #2067, #221, #1446, .T. ) ;
#36 = EDGE_CURVE ( 'NONE', #2959, #2882, #1712, .T. ) ;
#37 = ORIENTED_EDGE ( 'NONE', *, *, #2654, .T. ) ;
#38 = LINE ( 'NONE', #1703, #984 ) ;
#39 = CIRCLE ( 'NONE', #624, 7.000000000000000000 ) ;
#40 = CARTESIAN_POINT ( 'NONE',  ( 13.00000000000000355, -18.50000000000000355, -0.7500000000000000000 ) ) ;
#41 = CARTESIAN_POINT ( 'NONE',  ( 30.00008356238909357, 3.999540437307847363, 0.7500000000000000000 ) ) ;
#42 = VERTEX_POINT ( 'NONE', #2687 ) ;
#43 = EDGE_CURVE ( 'NONE', #2193, #2902, #3926, .T. ) ;
#44 = DIRECTION ( 'NONE',  ( -1.000000000000000000, 0.000000000000000000, 0.000000000000000000 ) ) ;
#45 = DIRECTION ( 'NONE',  ( -1.000000000000000000, 0.000000000000000000, 0.000000000000000000 ) ) ;
#46 = EDGE_LOOP ( 'NONE', ( #3228, #1159, #368, #988 ) ) ;
#47 = CARTESIAN_POINT ( 'NONE',  ( -21.00000000000000000, -28.28854811567259375, -0.7500000000000000000 ) ) ;
#48 = VERTEX_POINT ( 'NONE', #468 ) ;
#49 = CARTESIAN_POINT ( 'NONE',  ( -1.102992479455612962, 43.50000000000000000, -0.7500000000000000000 ) ) ;
#50 = CARTESIAN_POINT ( 'NONE',  ( 20.37957040696730360, 1.301042606982605321E-15, 0.7500000000000000000 ) ) ;
#51 = ORIENTED_EDGE ( 'NONE', *, *, #2750, .T. ) ;
#52 = CARTESIAN_POINT ( 'NONE',  ( 35.00000000000000000, -7.430116670695394276, -0.7500000000000000000 ) ) ;
#53 = ORIENTED_EDGE ( 'NONE', *, *, #2730, .F. ) ;
#54 = CARTESIAN_POINT ( 'NONE',  ( -14.36635103553101089, -22.88249790532145056, 0.7500000000000000000 ) ) ;
#55 = DIRECTION ( 'NONE',  ( -0.8660254037844363761, 0.5000000000000039968, 0.000000000000000000 ) ) ;
#56 = DIRECTION ( 'NONE',  ( 0.9416718647324814340, 0.3365324637702151733, 0.000000000000000000 ) ) ;
#57 = VERTEX_POINT ( 'NONE', #3923 ) ;
#58 = CIRCLE ( 'NONE', #3308, 1.500000000000001332 ) ;
#59 = DIRECTION ( 'NONE',  ( 0.000000000000000000, 0.000000000000000000, 1.000000000000000000 ) ) ;
#60 = DIRECTION ( 'NONE',  ( 0.000000000000000000, -0.000000000000000000, 1.000000000000000000 ) ) ;
#61 = ORIENTED_EDGE ( 'NONE', *, *, #1221, .F. ) ;
#62 = CARTESIAN_POINT ( 'NONE',  ( -8.652992479455669184, -43.50000000000000711, -0.7500000000000000000 ) ) ;
#63 = ORIENTED_EDGE ( 'NONE', *, *, #3763, .T. ) ;
#64 = AXIS2_PLACEMENT_3D ( 'NONE', #1691, #1989, #116 ) ;
#65 = CARTESIAN_POINT ( 'NONE',  ( -22.00000000000000000, -14.89500000000000846, -0.7500000000000000000 ) ) ;
#66 = AXIS2_PLACEMENT_3D ( 'NONE', #1744, #239, #1414 ) ;
#67 = EDGE_CURVE ( 'NONE', #1351, #3867, #816, .T. ) ;
#68 = FACE_OUTER_BOUND ( 'NONE', #3563, .T. ) ;
#69 = VERTEX_POINT ( 'NONE', #2007 ) ;
#70 = AXIS2_PLACEMENT_3D ( 'NONE', #3783, #2835, #45 ) ;
#71 = VECTOR ( 'NONE', #356, 1000.000000000000000 ) ;
#72 = PERSON_AND_ORGANIZATION_ROLE ( 'design_owner' ) ;
#73 = DIRECTION ( 'NONE',  ( 0.5000000000000041078, 0.8660254037844362651, 0.000000000000000000 ) ) ;
#74 = ORIENTED_EDGE ( 'NONE', *, *, #3811, .T. ) ;
#75 = PLANE ( 'NONE',  #2805 ) ;
#76 = DIRECTION ( 'NONE',  ( -0.9416718647324814340, 0.3365324637702149513, 0.000000000000000000 ) ) ;
#77 = ORIENTED_EDGE ( 'NONE', *, *, #2544, .T. ) ;
#78 = EDGE_CURVE ( 'NONE', #69, #3685, #3231, .T. ) ;
#79 = DIRECTION ( 'NONE',  ( 0.000000000000000000, 0.000000000000000000, -1.000000000000000000 ) ) ;
#80 = DIRECTION ( 'NONE',  ( -0.4999999999999918954, 0.8660254037844432595, 0.000000000000000000 ) ) ;
#81 = VERTEX_POINT ( 'NONE', #207 ) ;
#82 = EDGE_CURVE ( 'NONE', #3989, #378, #291, .T. ) ;
#83 = CARTESIAN_POINT ( 'NONE',  ( -13.00000000000000178, 17.89499999999999602, -0.7500000000000000000 ) ) ;
#84 = EDGE_LOOP ( 'NONE', ( #3837, #290, #1868, #1396 ) ) ;
#85 = LINE ( 'NONE', #26, #3149 ) ;
#86 = CYLINDRICAL_SURFACE ( 'NONE', #2375, 1.500000000000000444 ) ;
#87 = VERTEX_POINT ( 'NONE', #1403 ) ;
#88 = COORDINATED_UNIVERSAL_TIME_OFFSET ( 1, 0, .AHEAD. ) ;
#89 = ADVANCED_FACE ( 'NONE', ( #2951 ), #3599, .T. ) ;
#90 = CARTESIAN_POINT ( 'NONE',  ( -10.00000000000000178, -29.00000000000000000, -0.7500000000000000000 ) ) ;
#91 = EDGE_LOOP ( 'NONE', ( #1522, #549, #3911, #53 ) ) ;
#92 = VECTOR ( 'NONE', #1578, 1000.000000000000000 ) ;
#93 = EDGE_CURVE ( 'NONE', #2487, #254, #774, .T. ) ;
#94 = CIRCLE ( 'NONE', #1147, 6.999999999999999112 ) ;
#95 = ORGANIZATION ( 'UNSPECIFIED', 'UNSPECIFIED', '' ) ;
#96 = DIRECTION ( 'NONE',  ( 0.000000000000000000, -1.000000000000000000, 0.000000000000000000 ) ) ;
#97 = CIRCLE ( 'NONE', #2569, 7.000000000000000000 ) ;
#98 = CARTESIAN_POINT ( 'NONE',  ( 15.54266091987000209, -37.23683829769534981, -0.7500000000000000000 ) ) ;
#99 = FACE_OUTER_BOUND ( 'NONE', #3020, .T. ) ;
#100 = VECTOR ( 'NONE', #3965, 1000.000000000000000 ) ;
#101 = CARTESIAN_POINT ( 'NONE',  ( 4.000000000000000000, -34.00000000000000000, 0.7500000000000000000 ) ) ;
#102 = PLANE ( 'NONE',  #3094 ) ;
#103 = ORIENTED_EDGE ( 'NONE', *, *, #3642, .T. ) ;
#104 = DIRECTION ( 'NONE',  ( -1.000000000000000000, 0.000000000000000000, 0.000000000000000000 ) ) ;
#105 = ORIENTED_EDGE ( 'NONE', *, *, #2671, .F. ) ;
#106 = EDGE_CURVE ( 'NONE', #1363, #1459, #2643, .T. ) ;
#107 = CARTESIAN_POINT ( 'NONE',  ( -5.151852437229256232, 43.50000000000000000, -0.7500000000000000000 ) ) ;
#108 = LINE ( 'NONE', #1638, #2768 ) ;
#109 = EDGE_LOOP ( 'NONE', ( #1420, #428, #3741, #2152 ) ) ;
#110 = CARTESIAN_POINT ( 'NONE',  ( 4.000000000000000000, -34.00000000000000000, 0.4499999999999983458 ) ) ;
#111 = DIRECTION ( 'NONE',  ( -0.000000000000000000, 0.000000000000000000, -1.000000000000000000 ) ) ;
#112 = ORIENTED_EDGE ( 'NONE', *, *, #467, .T. ) ;
#113 = CARTESIAN_POINT ( 'NONE',  ( -19.07499999999969376, 33.03886915437651339, 0.4500000000000000666 ) ) ;
#114 = CARTESIAN_POINT ( 'NONE',  ( 23.13612494456364743, -21.65391214938251707, -0.7500000000000000000 ) ) ;
#115 = VERTEX_POINT ( 'NONE', #3904 ) ;
#116 = DIRECTION ( 'NONE',  ( 1.000000000000000000, 0.000000000000000000, 0.000000000000000000 ) ) ;
#117 = CARTESIAN_POINT ( 'NONE',  ( 4.999999999999999112, -1.500000000000000000, 0.7500000000000000000 ) ) ;
#118 = ORIENTED_EDGE ( 'NONE', *, *, #918, .T. ) ;
#119 = ADVANCED_FACE ( 'NONE', ( #2621 ), #3291, .F. ) ;
#120 = FACE_OUTER_BOUND ( 'NONE', #2164, .T. ) ;
#121 = VERTEX_POINT ( 'NONE', #162 ) ;
#122 = PLANE ( 'NONE',  #3155 ) ;
#123 = DIRECTION ( 'NONE',  ( -0.000000000000000000, 0.000000000000000000, 1.000000000000000000 ) ) ;
#124 = AXIS2_PLACEMENT_3D ( 'NONE', #2612, #1014, #128 ) ;
#125 = DIRECTION ( 'NONE',  ( 0.000000000000000000, 0.000000000000000000, 1.000000000000000000 ) ) ;
#126 = VERTEX_POINT ( 'NONE', #3880 ) ;
#127 = CIRCLE ( 'NONE', #1697, 1.499999999999999334 ) ;
#128 = DIRECTION ( 'NONE',  ( 1.000000000000000000, 0.000000000000000000, 0.000000000000000000 ) ) ;
#129 = AXIS2_PLACEMENT_3D ( 'NONE', #1366, #2321, #2601 ) ;
#130 = VERTEX_POINT ( 'NONE', #505 ) ;
#131 = AXIS2_PLACEMENT_3D ( 'NONE', #1368, #1040, #659 ) ;
#132 = ORIENTED_EDGE ( 'NONE', *, *, #616, .T. ) ;
#133 = VECTOR ( 'NONE', #1733, 1000.000000000000000 ) ;
#134 = DIRECTION ( 'NONE',  ( 0.000000000000000000, 0.000000000000000000, 1.000000000000000000 ) ) ;
#135 = DIRECTION ( 'NONE',  ( -0.000000000000000000, -0.000000000000000000, 1.000000000000000000 ) ) ;
#136 = CARTESIAN_POINT ( 'NONE',  ( -3.464482952248373770, -2.000091509234105391, 0.4500000000000000666 ) ) ;
#137 = EDGE_CURVE ( 'NONE', #237, #3977, #3535, .T. ) ;
#138 = CARTESIAN_POINT ( 'NONE',  ( 12.99999999999999822, 18.49999999999999645, -0.7500000000000000000 ) ) ;
#139 = LINE ( 'NONE', #3560, #2932 ) ;
#140 = ORIENTED_EDGE ( 'NONE', *, *, #1304, .F. ) ;
#141 = EDGE_CURVE ( 'NONE', #1967, #2405, #1101, .T. ) ;
#142 = CARTESIAN_POINT ( 'NONE',  ( 2.499999999999998668, -34.00000000000000000, -0.7499999999999995559 ) ) ;
#143 = ORIENTED_EDGE ( 'NONE', *, *, #3987, .T. ) ;
#144 = DIRECTION ( 'NONE',  ( -1.000000000000000000, 0.000000000000000000, 0.000000000000000000 ) ) ;
#145 = CARTESIAN_POINT ( 'NONE',  ( 10.00000000000000000, 3.500000000000000000, -0.7500000000000000000 ) ) ;
#146 = ORIENTED_EDGE ( 'NONE', *, *, #3043, .T. ) ;
#147 = FACE_OUTER_BOUND ( 'NONE', #46, .T. ) ;
#148 = ORIENTED_EDGE ( 'NONE', *, *, #3924, .T. ) ;
#149 = CARTESIAN_POINT ( 'NONE',  ( -6.500000000000001776, 14.49999999999999822, -0.7499999999999995559 ) ) ;
#150 = EDGE_CURVE ( 'NONE', #318, #3295, #1083, .T. ) ;
#151 = DIRECTION ( 'NONE',  ( -0.000000000000000000, 0.000000000000000000, -1.000000000000000000 ) ) ;
#152 = ORIENTED_EDGE ( 'NONE', *, *, #3925, .F. ) ;
#153 = VERTEX_POINT ( 'NONE', #2339 ) ;
#154 = EDGE_CURVE ( 'NONE', #1093, #1140, #2762, .T. ) ;
#155 = CC_DESIGN_PERSON_AND_ORGANIZATION_ASSIGNMENT ( #2550, #72, ( #3733 ) ) ;
#156 = ADVANCED_FACE ( 'NONE', ( #808 ), #1160, .T. ) ;
#157 = ADVANCED_FACE ( 'NONE', ( #3853 ), #540, .T. ) ;
#158 = VECTOR ( 'NONE', #3309, 1000.000000000000114 ) ;
#159 = DIRECTION ( 'NONE',  ( -0.4999999999999980016, 0.8660254037844398178, 0.000000000000000000 ) ) ;
#160 = DIRECTION ( 'NONE',  ( 0.5000000000000041078, 0.8660254037844362651, 0.000000000000000000 ) ) ;
#161 = APPROVAL_DATE_TIME ( #1445, #2126 ) ;
#162 = CARTESIAN_POINT ( 'NONE',  ( -16.92907078564804380, -31.62201072567204818, -0.7500000000000000000 ) ) ;
#163 = VECTOR ( 'NONE', #850, 1000.000000000000000 ) ;
#164 = CARTESIAN_POINT ( 'NONE',  ( 4.999999999999999112, -1.500000000000000000, -0.7500000000000000000 ) ) ;
#165 = AXIS2_PLACEMENT_3D ( 'NONE', #3101, #3975, #1861 ) ;
#166 = LINE ( 'NONE', #3272, #1309 ) ;
#167 = ORIENTED_EDGE ( 'NONE', *, *, #1404, .F. ) ;
#168 = DIRECTION ( 'NONE',  ( 0.000000000000000000, 0.000000000000000000, -1.000000000000000000 ) ) ;
#169 = ORIENTED_EDGE ( 'NONE', *, *, #2477, .F. ) ;
#170 = DIRECTION ( 'NONE',  ( 0.7313537016191693496, -0.6819983600624996978, 0.000000000000000000 ) ) ;
#171 = CARTESIAN_POINT ( 'NONE',  ( -3.464482952248373770, -2.000091509234105391, 0.7500000000000000000 ) ) ;
#172 = ORIENTED_EDGE ( 'NONE', *, *, #1307, .F. ) ;
#173 = PLANE ( 'NONE',  #66 ) ;
#174 = ORIENTED_EDGE ( 'NONE', *, *, #1603, .T. ) ;
#175 = CARTESIAN_POINT ( 'NONE',  ( 15.11436612715378658, -39.10986616698467344, -0.7500000000000000000 ) ) ;
#176 = DIRECTION ( 'NONE',  ( 0.000000000000000000, 0.000000000000000000, 1.000000000000000000 ) ) ;
#177 = ORIENTED_EDGE ( 'NONE', *, *, #456, .F. ) ;
#178 = EDGE_CURVE ( 'NONE', #1259, #1408, #3632, .T. ) ;
#179 = VERTEX_POINT ( 'NONE', #789 ) ;
#180 = DIRECTION ( 'NONE',  ( -0.000000000000000000, -0.000000000000000000, 1.000000000000000000 ) ) ;
#181 = CARTESIAN_POINT ( 'NONE',  ( -13.00000000000000178, 14.89499999999999424, 0.7500000000000000000 ) ) ;
#182 = DIRECTION ( 'NONE',  ( 0.000000000000000000, 0.000000000000000000, -1.000000000000000000 ) ) ;
#183 = LINE ( 'NONE', #3521, #1114 ) ;
#184 = CARTESIAN_POINT ( 'NONE',  ( -15.86635103553103399, -25.48057411667475591, 0.7500000000000000000 ) ) ;
#185 = ORIENTED_EDGE ( 'NONE', *, *, #2317, .F. ) ;
#186 = DIRECTION ( 'NONE',  ( 0.8660254037844373753, -0.5000000000000021094, 0.000000000000000000 ) ) ;
#187 = EDGE_LOOP ( 'NONE', ( #3300, #1021 ) ) ;
#188 = AXIS2_PLACEMENT_3D ( 'NONE', #3460, #675, #1992 ) ;
#189 = FACE_OUTER_BOUND ( 'NONE', #3196, .T. ) ;
#190 = CARTESIAN_POINT ( 'NONE',  ( -4.000000000000000000, -34.00000000000000000, 0.4499999999999983458 ) ) ;
#191 = ORIENTED_EDGE ( 'NONE', *, *, #1601, .F. ) ;
#192 = AXIS2_PLACEMENT_3D ( 'NONE', #2849, #1345, #1305 ) ;
#193 = DIRECTION ( 'NONE',  ( -0.000000000000000000, -0.000000000000000000, -1.000000000000000000 ) ) ;
#194 = ORIENTED_EDGE ( 'NONE', *, *, #3464, .T. ) ;
#195 = ADVANCED_FACE ( 'NONE', ( #219 ), #1138, .F. ) ;
#196 = AXIS2_PLACEMENT_3D ( 'NONE', #833, #3962, #2701 ) ;
#197 = LINE ( 'NONE', #1457, #163 ) ;
#198 = LINE ( 'NONE', #3286, #3895 ) ;
#199 = ORIENTED_EDGE ( 'NONE', *, *, #1002, .T. ) ;
#200 = EDGE_CURVE ( 'NONE', #1574, #3814, #479, .T. ) ;
#201 = ADVANCED_FACE ( 'NONE', ( #519 ), #3005, .T. ) ;
#202 = AXIS2_PLACEMENT_3D ( 'NONE', #3559, #1811, #3353 ) ;
#203 = ORIENTED_EDGE ( 'NONE', *, *, #2745, .F. ) ;
#204 = VECTOR ( 'NONE', #2382, 1000.000000000000000 ) ;
#205 = CARTESIAN_POINT ( 'NONE',  ( 24.23213685021160302, -11.30006237678975545, 0.7500000000000000000 ) ) ;
#206 = DIRECTION ( 'NONE',  ( -1.000000000000000000, 0.000000000000000000, 0.000000000000000000 ) ) ;
#207 = CARTESIAN_POINT ( 'NONE',  ( 38.15000000000000568, 1.149999999999999911, 0.4500000000000000666 ) ) ;
#208 = CARTESIAN_POINT ( 'NONE',  ( 0.000000000000000000, -0.000000000000000000, 0.4500000000000000666 ) ) ;
#209 = ORIENTED_EDGE ( 'NONE', *, *, #1067, .T. ) ;
#210 = DIRECTION ( 'NONE',  ( 0.000000000000000000, 0.000000000000000000, 1.000000000000000000 ) ) ;
#211 = VERTEX_POINT ( 'NONE', #1117 ) ;
#212 = CC_DESIGN_DATE_AND_TIME_ASSIGNMENT ( #1682, #3752, ( #338 ) ) ;
#213 = PLANE ( 'NONE',  #1595 ) ;
#214 = EDGE_CURVE ( 'NONE', #1745, #840, #3551, .T. ) ;
#215 = LINE ( 'NONE', #2064, #2635 ) ;
#216 = VERTEX_POINT ( 'NONE', #2045 ) ;
#217 = DIRECTION ( 'NONE',  ( -1.000000000000000000, -0.000000000000000000, 0.000000000000000000 ) ) ;
#218 = ORIENTED_EDGE ( 'NONE', *, *, #2022, .F. ) ;
#219 = FACE_OUTER_BOUND ( 'NONE', #1804, .T. ) ;
#220 = CARTESIAN_POINT ( 'NONE',  ( -19.00000000000000355, 14.89499999999999424, -0.7500000000000000000 ) ) ;
#221 = VERTEX_POINT ( 'NONE', #766 ) ;
#222 = EDGE_CURVE ( 'NONE', #2683, #3079, #197, .T. ) ;
#223 = ORIENTED_EDGE ( 'NONE', *, *, #2197, .T. ) ;
#224 = EDGE_CURVE ( 'NONE', #1289, #2193, #1706, .T. ) ;
#225 = LINE ( 'NONE', #2112, #204 ) ;
#226 = DIRECTION ( 'NONE',  ( 0.000000000000000000, 0.000000000000000000, 1.000000000000000000 ) ) ;
#227 = EDGE_CURVE ( 'NONE', #2658, #2299, #2945, .T. ) ;
#228 = CYLINDRICAL_SURFACE ( 'NONE', #1565, 1.500000000000000444 ) ;
#229 = ORIENTED_EDGE ( 'NONE', *, *, #2024, .T. ) ;
#230 = DIRECTION ( 'NONE',  ( -1.000000000000000000, 0.000000000000000000, 0.000000000000000000 ) ) ;
#231 = ORIENTED_EDGE ( 'NONE', *, *, #887, .F. ) ;
#232 = AXIS2_PLACEMENT_3D ( 'NONE', #1520, #3086, #3960 ) ;
#233 = AXIS2_PLACEMENT_3D ( 'NONE', #190, #1720, #783 ) ;
#234 = AXIS2_PLACEMENT_3D ( 'NONE', #1003, #79, #3137 ) ;
#235 = CARTESIAN_POINT ( 'NONE',  ( 3.499999999999999556, 14.49999999999999822, 0.7500000000000000000 ) ) ;
#236 = DIRECTION ( 'NONE',  ( 1.000000000000000000, 0.000000000000000000, 0.000000000000000000 ) ) ;
#237 = VERTEX_POINT ( 'NONE', #1439 ) ;
#238 = ADVANCED_FACE ( 'NONE', ( #2680 ), #242, .F. ) ;
#239 = DIRECTION ( 'NONE',  ( 0.000000000000000000, -0.000000000000000000, -1.000000000000000000 ) ) ;
#240 = ORIENTED_EDGE ( 'NONE', *, *, #1647, .T. ) ;
#241 = AXIS2_PLACEMENT_3D ( 'NONE', #1803, #1553, #3398 ) ;
#242 = CYLINDRICAL_SURFACE ( 'NONE', #947, 1.500000000000001332 ) ;
#243 = LINE ( 'NONE', #3897, #2796 ) ;
#244 = EDGE_LOOP ( 'NONE', ( #2566, #3103, #1097, #3182 ) ) ;
#245 = ORIENTED_EDGE ( 'NONE', *, *, #3881, .F. ) ;
#246 = FACE_OUTER_BOUND ( 'NONE', #2763, .T. ) ;
#247 = CARTESIAN_POINT ( 'NONE',  ( 38.15000000000000568, 0.000000000000000000, -0.7500000000000000000 ) ) ;
#248 = VERTEX_POINT ( 'NONE', #2700 ) ;
#249 = FACE_OUTER_BOUND ( 'NONE', #3366, .T. ) ;
#250 = ORIENTED_EDGE ( 'NONE', *, *, #1640, .T. ) ;
#251 = DIRECTION ( 'NONE',  ( 0.000000000000000000, 0.000000000000000000, 1.000000000000000000 ) ) ;
#252 = EDGE_CURVE ( 'NONE', #29, #2948, #832, .T. ) ;
#253 = DIRECTION ( 'NONE',  ( 0.000000000000000000, 0.000000000000000000, -1.000000000000000000 ) ) ;
#254 = VERTEX_POINT ( 'NONE', #3243 ) ;
#255 = CARTESIAN_POINT ( 'NONE',  ( -14.13364897028692901, 26.48095012046884733, 0.4500000000000000666 ) ) ;
#256 = VERTEX_POINT ( 'NONE', #149 ) ;
#257 = AXIS2_PLACEMENT_3D ( 'NONE', #2812, #3059, #3356 ) ;
#258 = CYLINDRICAL_SURFACE ( 'NONE', #232, 1.500000000000001332 ) ;
#259 = VECTOR ( 'NONE', #1874, 1000.000000000000000 ) ;
#260 = CARTESIAN_POINT ( 'NONE',  ( -5.000000000000000000, 3.500000000000000000, -0.7500000000000000000 ) ) ;
#261 = ORIENTED_EDGE ( 'NONE', *, *, #2433, .T. ) ;
#262 = VERTEX_POINT ( 'NONE', #2637 ) ;
#263 = VECTOR ( 'NONE', #1095, 1000.000000000000000 ) ;
#264 = DIRECTION ( 'NONE',  ( -0.9416718647324814340, 0.3365324637702149513, 0.000000000000000000 ) ) ;
#265 = EDGE_CURVE ( 'NONE', #3508, #3977, #600, .T. ) ;
#266 = CYLINDRICAL_SURFACE ( 'NONE', #1566, 6.999999999999999112 ) ;
#267 = VECTOR ( 'NONE', #2132, 1000.000000000000000 ) ;
#268 = AXIS2_PLACEMENT_3D ( 'NONE', #3412, #2532, #325 ) ;
#269 = DIRECTION ( 'NONE',  ( 0.000000000000000000, -0.000000000000000000, 1.000000000000000000 ) ) ;
#270 = DIRECTION ( 'NONE',  ( -1.000000000000000000, 0.000000000000000000, 0.000000000000000000 ) ) ;
#271 = VECTOR ( 'NONE', #1755, 1000.000000000000000 ) ;
#272 = ORIENTED_EDGE ( 'NONE', *, *, #1468, .T. ) ;
#273 = AXIS2_PLACEMENT_3D ( 'NONE', #3423, #638, #1270 ) ;
#274 = AXIS2_PLACEMENT_3D ( 'NONE', #366, #3151, #55 ) ;
#275 = DIRECTION ( 'NONE',  ( -1.000000000000000000, 0.000000000000000000, 0.000000000000000000 ) ) ;
#276 = ADVANCED_FACE ( 'NONE', ( #2468 ), #3403, .F. ) ;
#277 = DIRECTION ( 'NONE',  ( 5.365677315115395108E-17, -1.000000000000000000, 0.000000000000000000 ) ) ;
#278 = ORIENTED_EDGE ( 'NONE', *, *, #1067, .F. ) ;
#279 = LINE ( 'NONE', #2757, #2674 ) ;
#280 = ORIENTED_EDGE ( 'NONE', *, *, #1781, .F. ) ;
#281 = DIRECTION ( 'NONE',  ( 1.000000000000000000, 0.000000000000000000, 0.000000000000000000 ) ) ;
#282 = DIRECTION ( 'NONE',  ( -0.000000000000000000, 0.000000000000000000, -1.000000000000000000 ) ) ;
#283 = ORIENTED_EDGE ( 'NONE', *, *, #3990, .F. ) ;
#284 = ORIENTED_EDGE ( 'NONE', *, *, #4000, .F. ) ;
#285 = EDGE_CURVE ( 'NONE', #2651, #2908, #2497, .T. ) ;
#286 = CARTESIAN_POINT ( 'NONE',  ( -16.00000000000000000, 14.89499999999999424, 0.7500000000000000000 ) ) ;
#287 = CARTESIAN_POINT ( 'NONE',  ( 28.99999999999999645, 0.000000000000000000, 0.4500000000000000666 ) ) ;
#288 = DIRECTION ( 'NONE',  ( -1.000000000000000000, 0.000000000000000000, 0.000000000000000000 ) ) ;
#289 = CARTESIAN_POINT ( 'NONE',  ( 10.93700752054433067, -43.50000000000000000, -0.7500000000000000000 ) ) ;
#290 = ORIENTED_EDGE ( 'NONE', *, *, #1838, .F. ) ;
#291 = CIRCLE ( 'NONE', #1265, 1.500000000000001332 ) ;
#292 = CARTESIAN_POINT ( 'NONE',  ( -10.00000000000000000, -1.500000000000001332, 0.7500000000000000000 ) ) ;
#293 = VECTOR ( 'NONE', #869, 1000.000000000000000 ) ;
#294 = FACE_OUTER_BOUND ( 'NONE', #3089, .T. ) ;
#295 = ORIENTED_EDGE ( 'NONE', *, *, #439, .F. ) ;
#296 = LINE ( 'NONE', #3745, #2017 ) ;
#297 = VERTEX_POINT ( 'NONE', #2189 ) ;
#298 = AXIS2_PLACEMENT_3D ( 'NONE', #902, #1496, #1474 ) ;
#299 = DIRECTION ( 'NONE',  ( 0.3365324637702174493, 0.9416718647324805458, 0.000000000000000000 ) ) ;
#300 = CC_DESIGN_APPROVAL ( #2126, ( #622 ) ) ;
#301 = FACE_OUTER_BOUND ( 'NONE', #1685, .T. ) ;
#302 = AXIS2_PLACEMENT_3D ( 'NONE', #2563, #1972, #1325 ) ;
#303 = ORIENTED_EDGE ( 'NONE', *, *, #1461, .T. ) ;
#304 = ORIENTED_EDGE ( 'NONE', *, *, #759, .F. ) ;
#305 = DIRECTION ( 'NONE',  ( 0.000000000000000000, 1.000000000000000000, 0.000000000000000000 ) ) ;
#306 = EDGE_CURVE ( 'NONE', #1015, #3424, #3070, .T. ) ;
#307 = CARTESIAN_POINT ( 'NONE',  ( 3.464427243975202408, 2.000188001896913370, 0.7500120000000000120 ) ) ;
#308 = DIRECTION ( 'NONE',  ( 0.000000000000000000, 0.000000000000000000, 1.000000000000000000 ) ) ;
#309 = CARTESIAN_POINT ( 'NONE',  ( 42.00000000000000711, 3.999206213351129247, 0.7500120000000000120 ) ) ;
#310 = ORIENTED_EDGE ( 'NONE', *, *, #3164, .T. ) ;
#311 = DIRECTION ( 'NONE',  ( -1.000000000000000000, 0.000000000000000000, 0.000000000000000000 ) ) ;
#312 = CARTESIAN_POINT ( 'NONE',  ( -19.07499999999969376, 33.03886915437651339, -0.7500000000000000000 ) ) ;
#313 = VERTEX_POINT ( 'NONE', #2719 ) ;
#314 = LINE ( 'NONE', #3361, #2413 ) ;
#315 = ORIENTED_EDGE ( 'NONE', *, *, #2551, .F. ) ;
#316 = CYLINDRICAL_SURFACE ( 'NONE', #745, 1.150000000000001688 ) ;
#317 = CYLINDRICAL_SURFACE ( 'NONE', #3476, 7.000000000000000888 ) ;
#318 = VERTEX_POINT ( 'NONE', #1234 ) ;
#319 = ADVANCED_FACE ( 'NONE', ( #3124 ), #1807, .T. ) ;
#320 = CIRCLE ( 'NONE', #1031, 2.999999999999999112 ) ;
#321 = DIRECTION ( 'NONE',  ( 1.000000000000000000, 0.000000000000000000, 0.000000000000000000 ) ) ;
#322 = EDGE_CURVE ( 'NONE', #840, #3328, #1330, .T. ) ;
#323 = EDGE_CURVE ( 'NONE', #2151, #3508, #2628, .T. ) ;
#324 = ORIENTED_EDGE ( 'NONE', *, *, #4006, .F. ) ;
#325 = DIRECTION ( 'NONE',  ( 1.000000000000000000, 0.000000000000000000, 0.000000000000000000 ) ) ;
#326 = AXIS2_PLACEMENT_3D ( 'NONE', #581, #1542, #2779 ) ;
#327 = CARTESIAN_POINT ( 'NONE',  ( 17.00959739131064552, -17.06705956781693345, 0.7499999999999995559 ) ) ;
#328 = CARTESIAN_POINT ( 'NONE',  ( 10.00000000000000178, -24.00000000000000000, 0.7500000000000000000 ) ) ;
#329 = ORIENTED_EDGE ( 'NONE', *, *, #1964, .T. ) ;
#330 = DIRECTION ( 'NONE',  ( 0.4999999999999955591, -0.8660254037844411501, 0.000000000000000000 ) ) ;
#331 = VECTOR ( 'NONE', #269, 1000.000000000000000 ) ;
#332 = CARTESIAN_POINT ( 'NONE',  ( -6.777348132437802875, -36.50000000000000711, -0.7500000000000000000 ) ) ;
#333 = EDGE_LOOP ( 'NONE', ( #174, #575, #2012, #2448 ) ) ;
#334 = CIRCLE ( 'NONE', #589, 5.000000000000000000 ) ;
#335 = DIRECTION ( 'NONE',  ( 0.4999999999999955591, -0.8660254037844411501, 0.000000000000000000 ) ) ;
#336 = ORIENTED_EDGE ( 'NONE', *, *, #43, .T. ) ;
#337 = ADVANCED_FACE ( 'NONE', ( #2449 ), #258, .F. ) ;
#338 = PRODUCT_DEFINITION ( 'UNKNOWN', '', #3150, #3011 ) ;
#339 = VECTOR ( 'NONE', #3518, 1000.000000000000000 ) ;
#340 = EDGE_CURVE ( 'NONE', #852, #153, #2414, .T. ) ;
#341 = ADVANCED_FACE ( 'NONE', ( #3044 ), #3658, .F. ) ;
#342 = DIRECTION ( 'NONE',  ( 0.000000000000000000, -0.000000000000000000, 1.000000000000000000 ) ) ;
#343 = LINE ( 'NONE', #2511, #92 ) ;
#344 = ORIENTED_EDGE ( 'NONE', *, *, #2014, .T. ) ;
#345 = CYLINDRICAL_SURFACE ( 'NONE', #3509, 2.249999999999996003 ) ;
#346 = ORIENTED_EDGE ( 'NONE', *, *, #2147, .T. ) ;
#347 = CARTESIAN_POINT ( 'NONE',  ( 17.00959739131063841, 17.06705956781692635, -0.7500000000000000000 ) ) ;
#348 = EDGE_CURVE ( 'NONE', #2777, #2216, #1541, .T. ) ;
#349 = ADVANCED_FACE ( 'NONE', ( #908 ), #316, .F. ) ;
#350 = CARTESIAN_POINT ( 'NONE',  ( 17.78929731390971369, -27.41180038044883105, 0.7500000000000000000 ) ) ;
#351 = DIRECTION ( 'NONE',  ( 0.6893331034009013703, 0.7244445269002190990, 0.000000000000000000 ) ) ;
#352 = ORIENTED_EDGE ( 'NONE', *, *, #3759, .T. ) ;
#353 = CARTESIAN_POINT ( 'NONE',  ( -13.74999999999975131, 26.41377481542551919, -0.7500000000000000000 ) ) ;
#354 = CARTESIAN_POINT ( 'NONE',  ( -16.00000000000000000, 17.89499999999999602, 0.7500000000000000000 ) ) ;
#355 = EDGE_LOOP ( 'NONE', ( #1413, #3744 ) ) ;
#356 = DIRECTION ( 'NONE',  ( -1.000000000000000000, -0.000000000000000000, 0.000000000000000000 ) ) ;
#357 = EDGE_LOOP ( 'NONE', ( #2446, #1614, #1107, #148 ) ) ;
#358 = VECTOR ( 'NONE', #442, 1000.000000000000000 ) ;
#359 = LINE ( 'NONE', #3787, #3406 ) ;
#360 = FACE_BOUND ( 'NONE', #1878, .T. ) ;
#361 = ORIENTED_EDGE ( 'NONE', *, *, #1793, .F. ) ;
#362 = AXIS2_PLACEMENT_3D ( 'NONE', #2791, #2483, #556 ) ;
#363 = DIRECTION ( 'NONE',  ( 1.000000000000000000, 0.000000000000000000, 0.000000000000000000 ) ) ;
#364 = ORIENTED_EDGE ( 'NONE', *, *, #599, .F. ) ;
#365 = DIRECTION ( 'NONE',  ( 0.000000000000000000, 0.000000000000000000, -1.000000000000000000 ) ) ;
#366 = CARTESIAN_POINT ( 'NONE',  ( -13.50000000290915558, -23.38268590721839857, 0.4500000000000000666 ) ) ;
#367 = CARTESIAN_POINT ( 'NONE',  ( 13.00000000000000355, -18.50000000000000355, -0.7500000000000000000 ) ) ;
#368 = ORIENTED_EDGE ( 'NONE', *, *, #3276, .F. ) ;
#369 = CYLINDRICAL_SURFACE ( 'NONE', #2178, 7.000000000000000000 ) ;
#370 = CARTESIAN_POINT ( 'NONE',  ( 20.19374728496899607, 0.000000000000000000, -0.7500000000000000000 ) ) ;
#371 = EDGE_LOOP ( 'NONE', ( #2350, #1684, #1771, #3805 ) ) ;
#372 = DIRECTION ( 'NONE',  ( 0.4999999999999924505, -0.8660254037844429265, 0.000000000000000000 ) ) ;
#373 = VERTEX_POINT ( 'NONE', #562 ) ;
#374 = CARTESIAN_POINT ( 'NONE',  ( 35.85000000000000142, 0.000000000000000000, -0.7500000000000000000 ) ) ;
#375 = CARTESIAN_POINT ( 'NONE',  ( 40.11947591133419166, -12.20410519113289460, -0.7500000000000000000 ) ) ;
#376 = ORIENTED_EDGE ( 'NONE', *, *, #1054, .F. ) ;
#377 = DIRECTION ( 'NONE',  ( 0.000000000000000000, -0.000000000000000000, 1.000000000000000000 ) ) ;
#378 = VERTEX_POINT ( 'NONE', #1502 ) ;
#379 = CIRCLE ( 'NONE', #2519, 7.000000000000002665 ) ;
#380 = EDGE_CURVE ( 'NONE', #1459, #1167, #1852, .T. ) ;
#381 = CIRCLE ( 'NONE', #3240, 2.999999999999999112 ) ;
#382 = CARTESIAN_POINT ( 'NONE',  ( -8.652992479455612340, 43.50000000000000000, 0.4500000000000001221 ) ) ;
#383 = LINE ( 'NONE', #1670, #2525 ) ;
#384 = ORIENTED_EDGE ( 'NONE', *, *, #826, .F. ) ;
#385 = CIRCLE ( 'NONE', #1690, 1.500000000000001332 ) ;
#386 = DIRECTION ( 'NONE',  ( 0.000000000000000000, 0.000000000000000000, -1.000000000000000000 ) ) ;
#387 = DIRECTION ( 'NONE',  ( 0.000000000000000000, 0.000000000000000000, 1.000000000000000000 ) ) ;
#388 = ORIENTED_EDGE ( 'NONE', *, *, #1870, .F. ) ;
#389 = CARTESIAN_POINT ( 'NONE',  ( -16.00000000000000000, 17.89499999999999602, -0.7500000000000000000 ) ) ;
#390 = ORIENTED_EDGE ( 'NONE', *, *, #82, .T. ) ;
#391 = AXIS2_PLACEMENT_3D ( 'NONE', #1279, #1547, #321 ) ;
#392 = EDGE_CURVE ( 'NONE', #1182, #130, #1257, .T. ) ;
#393 = CARTESIAN_POINT ( 'NONE',  ( 27.00000000581808735, 0.9995404384714536850, 0.7500000000000000000 ) ) ;
#394 = PLANE ( 'NONE',  #1464 ) ;
#395 = ORIENTED_EDGE ( 'NONE', *, *, #1887, .F. ) ;
#396 = EDGE_CURVE ( 'NONE', #2001, #121, #611, .T. ) ;
#397 = VECTOR ( 'NONE', #1491, 1000.000000000000000 ) ;
#398 = VECTOR ( 'NONE', #2508, 1000.000000000000000 ) ;
#399 = DIRECTION ( 'NONE',  ( 0.000000000000000000, 0.000000000000000000, 1.000000000000000000 ) ) ;
#400 = DIRECTION ( 'NONE',  ( 0.4999999999999924505, -0.8660254037844429265, 0.000000000000000000 ) ) ;
#401 = ORIENTED_EDGE ( 'NONE', *, *, #2688, .T. ) ;
#402 = EDGE_CURVE ( 'NONE', #3956, #2539, #3363, .T. ) ;
#403 = CARTESIAN_POINT ( 'NONE',  ( 28.26558293375744313, -26.41717371443391826, 0.7500000000000000000 ) ) ;
#404 = DIRECTION ( 'NONE',  ( -0.6822099234553806735, 0.7311563583386275766, 0.000000000000000000 ) ) ;
#405 = DIRECTION ( 'NONE',  ( 0.000000000000000000, -0.000000000000000000, 1.000000000000000000 ) ) ;
#406 = DIRECTION ( 'NONE',  ( 0.000000000000000000, 0.000000000000000000, 1.000000000000000000 ) ) ;
#407 = CARTESIAN_POINT ( 'NONE',  ( -4.000000000000000000, -34.00000000000000000, 0.7500000000000000000 ) ) ;
#408 = ORIENTED_EDGE ( 'NONE', *, *, #2361, .T. ) ;
#409 = DIRECTION ( 'NONE',  ( 0.000000000000000000, -0.000000000000000000, 1.000000000000000000 ) ) ;
#410 = ORIENTED_EDGE ( 'NONE', *, *, #619, .F. ) ;
#411 = CARTESIAN_POINT ( 'NONE',  ( -20.22500000000015774, -33.03886915437625049, 0.4500000000000000666 ) ) ;
#412 = FACE_OUTER_BOUND ( 'NONE', #3951, .T. ) ;
#413 = ORIENTED_EDGE ( 'NONE', *, *, #935, .T. ) ;
#414 = APPROVAL_STATUS ( 'not_yet_approved' ) ;
#415 = CARTESIAN_POINT ( 'NONE',  ( -28.00000000000000000, -28.28854811567259375, -0.7500000000000000000 ) ) ;
#416 = ORIENTED_EDGE ( 'NONE', *, *, #2477, .T. ) ;
#417 = AXIS2_PLACEMENT_3D ( 'NONE', #2228, #1352, #3466 ) ;
#418 = AXIS2_PLACEMENT_3D ( 'NONE', #2150, #2129, #2450 ) ;
#419 = CIRCLE ( 'NONE', #618, 1.500000000000001332 ) ;
#420 = ADVANCED_FACE ( 'NONE', ( #955 ), #1292, .T. ) ;
#421 = AXIS2_PLACEMENT_3D ( 'NONE', #3557, #2054, #206 ) ;
#422 = CARTESIAN_POINT ( 'NONE',  ( -2.499999999999998668, -34.00000000000000000, 0.7500000000000000000 ) ) ;
#423 = AXIS2_PLACEMENT_3D ( 'NONE', #3378, #1840, #3 ) ;
#424 = PLANE ( 'NONE',  #1296 ) ;
#425 = EDGE_LOOP ( 'NONE', ( #836, #3205, #2125, #4018 ) ) ;
#426 = CARTESIAN_POINT ( 'NONE',  ( 0.9158712646421822701, 39.99037663837980716, 0.7500000000000000000 ) ) ;
#427 = CARTESIAN_POINT ( 'NONE',  ( 30.50000000000000000, 0.000000000000000000, -0.7500000000000000000 ) ) ;
#428 = ORIENTED_EDGE ( 'NONE', *, *, #530, .F. ) ;
#429 = CARTESIAN_POINT ( 'NONE',  ( 40.11809450837039748, 12.20441634288888899, 0.7500000000000000000 ) ) ;
#430 = VERTEX_POINT ( 'NONE', #411 ) ;
#431 = CARTESIAN_POINT ( 'NONE',  ( -4.000000000000000000, -34.00000000000000000, 0.7500000000000000000 ) ) ;
#432 = CARTESIAN_POINT ( 'NONE',  ( 30.34949407128472743, -12.41717371443391826, 0.7500000000000000000 ) ) ;
#433 = DIRECTION ( 'NONE',  ( -0.000000000000000000, -0.000000000000000000, 1.000000000000000000 ) ) ;
#434 = ORIENTED_EDGE ( 'NONE', *, *, #3033, .T. ) ;
#435 = FACE_BOUND ( 'NONE', #3088, .T. ) ;
#436 = EDGE_LOOP ( 'NONE', ( #3722, #1280, #2626, #2287 ) ) ;
#437 = EDGE_CURVE ( 'NONE', #430, #3424, #1075, .T. ) ;
#438 = ORIENTED_EDGE ( 'NONE', *, *, #918, .F. ) ;
#439 = EDGE_CURVE ( 'NONE', #3958, #1278, #85, .T. ) ;
#440 = DIRECTION ( 'NONE',  ( -0.000000000000000000, -0.000000000000000000, 1.000000000000000000 ) ) ;
#441 = CARTESIAN_POINT ( 'NONE',  ( -2.750000000000004885, 14.49999999999999822, 0.7500000000000000000 ) ) ;
#442 = DIRECTION ( 'NONE',  ( 0.000000000000000000, -0.000000000000000000, 1.000000000000000000 ) ) ;
#443 = AXIS2_PLACEMENT_3D ( 'NONE', #727, #3519, #1263 ) ;
#444 = CARTESIAN_POINT ( 'NONE',  ( 35.85000000000000142, -1.149999999999999911, -0.7500000000000000000 ) ) ;
#445 = DIRECTION ( 'NONE',  ( 0.4999999999999924505, -0.8660254037844429265, 0.000000000000000000 ) ) ;
#446 = ORIENTED_EDGE ( 'NONE', *, *, #767, .T. ) ;
#447 = LINE ( 'NONE', #2625, #2202 ) ;
#448 = ORIENTED_EDGE ( 'NONE', *, *, #3925, .T. ) ;
#449 = ADVANCED_FACE ( 'NONE', ( #3770 ), #2526, .F. ) ;
#450 = CARTESIAN_POINT ( 'NONE',  ( 25.24173424152225920, -14.12507797098720452, -0.7500000000000000000 ) ) ;
#451 = CARTESIAN_POINT ( 'NONE',  ( -15.86562741473493077, 25.48099189933618547, 0.7500000000000000000 ) ) ;
#452 = ADVANCED_FACE ( 'NONE', ( #1008 ), #2246, .F. ) ;
#453 = CARTESIAN_POINT ( 'NONE',  ( 21.40712125601416105, -12.30965976810040807, 0.7500000000000000000 ) ) ;
#454 = ORIENTED_EDGE ( 'NONE', *, *, #340, .F. ) ;
#455 = EDGE_CURVE ( 'NONE', #2001, #867, #359, .T. ) ;
#456 = EDGE_CURVE ( 'NONE', #846, #1326, #3343, .T. ) ;
#457 = EDGE_CURVE ( 'NONE', #254, #179, #678, .T. ) ;
#458 = CIRCLE ( 'NONE', #1246, 6.999999999999999112 ) ;
#459 = CARTESIAN_POINT ( 'NONE',  ( 25.24173424152225920, -14.12507797098720452, -0.7500000000000000000 ) ) ;
#460 = DIRECTION ( 'NONE',  ( 1.000000000000000000, 0.000000000000000000, 0.000000000000000000 ) ) ;
#461 = VECTOR ( 'NONE', #2910, 1000.000000000000000 ) ;
#462 = ORIENTED_EDGE ( 'NONE', *, *, #518, .F. ) ;
#463 = VECTOR ( 'NONE', #1957, 999.9999999999998863 ) ;
#464 = AXIS2_PLACEMENT_3D ( 'NONE', #40, #1262, #2253 ) ;
#465 = DIRECTION ( 'NONE',  ( 0.5000000000000041078, 0.8660254037844362651, 0.000000000000000000 ) ) ;
#466 = DIRECTION ( 'NONE',  ( 1.000000000000000000, 0.000000000000000000, -0.000000000000000000 ) ) ;
#467 = EDGE_CURVE ( 'NONE', #1702, #1650, #1615, .T. ) ;
#468 = CARTESIAN_POINT ( 'NONE',  ( -5.000000000000000888, -29.00000000000000000, -0.7500000000000000000 ) ) ;
#469 = DIRECTION ( 'NONE',  ( 0.000000000000000000, 0.000000000000000000, 1.000000000000000000 ) ) ;
#470 = DIRECTION ( 'NONE',  ( -0.000000000000000000, -0.000000000000000000, 1.000000000000000000 ) ) ;
#471 = VERTEX_POINT ( 'NONE', #2878 ) ;
#472 = CARTESIAN_POINT ( 'NONE',  ( -28.00000000000000000, -32.32999999999995566, 0.7500000000000000000 ) ) ;
#473 = VERTEX_POINT ( 'NONE', #393 ) ;
#474 = FACE_OUTER_BOUND ( 'NONE', #933, .T. ) ;
#475 = DIRECTION ( 'NONE',  ( 0.3365324637702175048, 0.9416718647324805458, 0.000000000000000000 ) ) ;
#476 = ORIENTED_EDGE ( 'NONE', *, *, #2323, .F. ) ;
#477 = CARTESIAN_POINT ( 'NONE',  ( -10.00000000000000000, 3.500000000000000000, -0.7500000000000000000 ) ) ;
#478 = VERTEX_POINT ( 'NONE', #1655 ) ;
#479 = LINE ( 'NONE', #1725, #3673 ) ;
#480 = CARTESIAN_POINT ( 'NONE',  ( -28.00000000000000000, -28.28854811567259375, 0.7500000000000000000 ) ) ;
#481 = ORIENTED_EDGE ( 'NONE', *, *, #2921, .T. ) ;
#482 = ORIENTED_EDGE ( 'NONE', *, *, #2583, .F. ) ;
#483 = AXIS2_PLACEMENT_3D ( 'NONE', #2993, #3947, #1988 ) ;
#484 = CYLINDRICAL_SURFACE ( 'NONE', #1829, 1.500000000000001332 ) ;
#485 = DIRECTION ( 'NONE',  ( 0.000000000000000000, 0.000000000000000000, 1.000000000000000000 ) ) ;
#486 = DIRECTION ( 'NONE',  ( 0.8660254037844363761, -0.5000000000000041078, 0.000000000000000000 ) ) ;
#487 = VECTOR ( 'NONE', #1090, 1000.000000000000000 ) ;
#488 = CYLINDRICAL_SURFACE ( 'NONE', #64, 2.999999999999999112 ) ;
#489 = DIRECTION ( 'NONE',  ( -0.8660254037844363761, 0.5000000000000039968, 0.000000000000000000 ) ) ;
#490 = ORIENTED_EDGE ( 'NONE', *, *, #2972, .T. ) ;
#491 = CARTESIAN_POINT ( 'NONE',  ( -6.777348132437800210, -43.50000000000000711, -0.7500000000000000000 ) ) ;
#492 = ORIENTED_EDGE ( 'NONE', *, *, #943, .F. ) ;
#493 = EDGE_CURVE ( 'NONE', #2902, #1704, #3528, .T. ) ;
#494 = DIRECTION ( 'NONE',  ( 0.4999999999999920619, -0.8660254037844432595, 0.000000000000000000 ) ) ;
#495 = LINE ( 'NONE', #171, #1528 ) ;
#496 = VERTEX_POINT ( 'NONE', #1045 ) ;
#497 = DIRECTION ( 'NONE',  ( 0.000000000000000000, -0.000000000000000000, 1.000000000000000000 ) ) ;
#498 = ORIENTED_EDGE ( 'NONE', *, *, #2063, .T. ) ;
#499 = CARTESIAN_POINT ( 'NONE',  ( 33.97721130016473268, 18.78588877406225066, -0.7500000000000000000 ) ) ;
#500 = FACE_OUTER_BOUND ( 'NONE', #696, .T. ) ;
#501 = ORIENTED_EDGE ( 'NONE', *, *, #3921, .F. ) ;
#502 = EDGE_LOOP ( 'NONE', ( #2252, #2458, #376, #3491 ) ) ;
#503 = CARTESIAN_POINT ( 'NONE',  ( 8.718789211057426769, -35.67646177208772684, 0.7500000000000000000 ) ) ;
#504 = DIRECTION ( 'NONE',  ( 0.000000000000000000, -0.000000000000000000, 1.000000000000000000 ) ) ;
#505 = CARTESIAN_POINT ( 'NONE',  ( -14.36562741473494675, 22.88291568798286235, 0.7500000000000000000 ) ) ;
#506 = EDGE_CURVE ( 'NONE', #478, #256, #1795, .T. ) ;
#507 = EDGE_CURVE ( 'NONE', #1702, #3029, #2571, .T. ) ;
#508 = CARTESIAN_POINT ( 'NONE',  ( 23.37957040696730360, 1.301042606982605321E-15, 0.7500000000000000000 ) ) ;
#509 = EDGE_LOOP ( 'NONE', ( #3526, #2185, #3411, #1471, #1311, #3766, #676, #1177 ) ) ;
#510 = DIRECTION ( 'NONE',  ( -1.000000000000000000, 2.312964634635743450E-15, 0.000000000000000000 ) ) ;
#511 = ORIENTED_EDGE ( 'NONE', *, *, #1467, .T. ) ;
#512 = FACE_OUTER_BOUND ( 'NONE', #3751, .T. ) ;
#513 = CARTESIAN_POINT ( 'NONE',  ( 20.55455481276986163, -1.009597391310651515, -0.7500000000000000000 ) ) ;
#514 = VERTEX_POINT ( 'NONE', #662 ) ;
#515 = FACE_BOUND ( 'NONE', #1494, .T. ) ;
#516 = ORIENTED_EDGE ( 'NONE', *, *, #4027, .F. ) ;
#517 = EDGE_CURVE ( 'NONE', #2342, #3623, #1907, .T. ) ;
#518 = EDGE_CURVE ( 'NONE', #2582, #3159, #2110, .T. ) ;
#519 = FACE_OUTER_BOUND ( 'NONE', #3810, .T. ) ;
#520 = LINE ( 'NONE', #1769, #2337 ) ;
#521 = EDGE_CURVE ( 'NONE', #262, #3715, #1079, .T. ) ;
#522 = ORIENTED_EDGE ( 'NONE', *, *, #82, .F. ) ;
#523 = VECTOR ( 'NONE', #2111, 1000.000000000000000 ) ;
#524 = ORIENTED_EDGE ( 'NONE', *, *, #3483, .T. ) ;
#525 = CIRCLE ( 'NONE', #2738, 4.999999999999999112 ) ;
#526 = VECTOR ( 'NONE', #3637, 1000.000000000000000 ) ;
#527 = CARTESIAN_POINT ( 'NONE',  ( -24.46372789615079313, -34.37166765108506894, -0.7500000000000000000 ) ) ;
#528 = DIRECTION ( 'NONE',  ( 0.000000000000000000, 0.000000000000000000, 1.000000000000000000 ) ) ;
#529 = VECTOR ( 'NONE', #2005, 1000.000000000000000 ) ;
#530 = EDGE_CURVE ( 'NONE', #3715, #2875, #1636, .T. ) ;
#531 = DIRECTION ( 'NONE',  ( -0.000000000000000000, -0.000000000000000000, -1.000000000000000000 ) ) ;
#532 = ORIENTED_EDGE ( 'NONE', *, *, #2482, .T. ) ;
#533 = DIRECTION ( 'NONE',  ( 0.000000000000000000, 1.000000000000000000, 0.000000000000000000 ) ) ;
#534 = VERTEX_POINT ( 'NONE', #107 ) ;
#535 = CARTESIAN_POINT ( 'NONE',  ( -15.86635103553103399, -25.48057411667475591, 0.4500000000000000666 ) ) ;
#536 = FACE_OUTER_BOUND ( 'NONE', #2395, .T. ) ;
#537 = EDGE_LOOP ( 'NONE', ( #1492, #780, #702, #3401 ) ) ;
#538 = FACE_BOUND ( 'NONE', #3395, .T. ) ;
#539 = ORIENTED_EDGE ( 'NONE', *, *, #392, .T. ) ;
#540 = PLANE ( 'NONE',  #3600 ) ;
#541 = DIRECTION ( 'NONE',  ( -0.000000000000000000, -0.000000000000000000, -1.000000000000000000 ) ) ;
#542 = ORIENTED_EDGE ( 'NONE', *, *, #1362, .F. ) ;
#543 = ORIENTED_EDGE ( 'NONE', *, *, #901, .F. ) ;
#544 = CARTESIAN_POINT ( 'NONE',  ( -5.000000000000000000, 13.00000000000000000, 0.4499999999999983458 ) ) ;
#545 = CALENDAR_DATE ( 2025, 21, 1 ) ;
#546 = EDGE_CURVE ( 'NONE', #3334, #3342, #33, .T. ) ;
#547 = VECTOR ( 'NONE', #3558, 1000.000000000000000 ) ;
#548 = CARTESIAN_POINT ( 'NONE',  ( -2.499999999999998668, -34.00000000000000000, 0.4499999999999983458 ) ) ;
#549 = ORIENTED_EDGE ( 'NONE', *, *, #2165, .T. ) ;
#550 = CARTESIAN_POINT ( 'NONE',  ( 21.40712125601416105, -12.30965976810040807, -0.7500000000000000000 ) ) ;
#551 = ORIENTED_EDGE ( 'NONE', *, *, #323, .T. ) ;
#552 = VECTOR ( 'NONE', #3729, 1000.000000000000000 ) ;
#553 = LOCAL_TIME ( 12, 50, 22.00000000000000000, #1028 ) ;
#554 = VECTOR ( 'NONE', #2083, 1000.000000000000000 ) ;
#555 = AXIS2_PLACEMENT_3D ( 'NONE', #431, #3238, #2016 ) ;
#556 = DIRECTION ( 'NONE',  ( -1.000000000000000000, 0.000000000000000000, 0.000000000000000000 ) ) ;
#557 = DIRECTION ( 'NONE',  ( 0.000000000000000000, 0.000000000000000000, 1.000000000000000000 ) ) ;
#558 = ORIENTED_EDGE ( 'NONE', *, *, #2745, .T. ) ;
#559 = DIRECTION ( 'NONE',  ( 0.000000000000000000, 0.000000000000000000, -1.000000000000000000 ) ) ;
#560 = ORIENTED_EDGE ( 'NONE', *, *, #322, .T. ) ;
#561 = AXIS2_PLACEMENT_3D ( 'NONE', #1862, #1197, #2142 ) ;
#562 = CARTESIAN_POINT ( 'NONE',  ( 12.99999999999999822, 14.24204397361948082, -0.7500000000000000000 ) ) ;
#563 = CARTESIAN_POINT ( 'NONE',  ( 21.40712125601416105, -12.30965976810040807, -0.7500000000000000000 ) ) ;
#564 = ORIENTED_EDGE ( 'NONE', *, *, #306, .T. ) ;
#565 = ORIENTED_EDGE ( 'NONE', *, *, #2418, .T. ) ;
#566 = LINE ( 'NONE', #2952, #1824 ) ;
#567 = PLANE ( 'NONE',  #3187 ) ;
#568 = EDGE_CURVE ( 'NONE', #1005, #2705, #1400, .T. ) ;
#569 = DIRECTION ( 'NONE',  ( 0.000000000000000000, -0.000000000000000000, 1.000000000000000000 ) ) ;
#570 = CARTESIAN_POINT ( 'NONE',  ( -28.00000000000000000, -32.32999999999995566, -0.7500000000000000000 ) ) ;
#571 = ORIENTED_EDGE ( 'NONE', *, *, #2135, .T. ) ;
#572 = APPLICATION_CONTEXT ( 'configuration controlled 3d designs of mechanical parts and assemblies' ) ;
#573 = CARTESIAN_POINT ( 'NONE',  ( 7.249999999999997335, 14.49999999999999822, 0.4499999999999983458 ) ) ;
#574 = CARTESIAN_POINT ( 'NONE',  ( -18.92092921435224895, -30.47201072567203894, -0.7500000000000000000 ) ) ;
#575 = ORIENTED_EDGE ( 'NONE', *, *, #1221, .T. ) ;
#576 = FACE_OUTER_BOUND ( 'NONE', #333, .T. ) ;
#577 = ORIENTED_EDGE ( 'NONE', *, *, #3907, .F. ) ;
#578 = ADVANCED_FACE ( 'NONE', ( #512 ), #3625, .T. ) ;
#579 = CARTESIAN_POINT ( 'NONE',  ( 38.15000000000000568, -1.149999999999999911, -0.7500000000000000000 ) ) ;
#580 = VECTOR ( 'NONE', #76, 1000.000000000000114 ) ;
#581 = CARTESIAN_POINT ( 'NONE',  ( -0.9959292143521020213, 0.5750000000000047296, -0.7500000000000000000 ) ) ;
#582 = EDGE_CURVE ( 'NONE', #57, #2107, #3589, .T. ) ;
#583 = ORIENTED_EDGE ( 'NONE', *, *, #740, .T. ) ;
#584 = ADVANCED_FACE ( 'NONE', ( #1371 ), #122, .T. ) ;
#585 = EDGE_LOOP ( 'NONE', ( #657, #1786, #973, #3645 ) ) ;
#586 = VECTOR ( 'NONE', #641, 1000.000000000000000 ) ;
#587 = DIRECTION ( 'NONE',  ( 0.000000000000000000, 0.000000000000000000, -1.000000000000000000 ) ) ;
#588 = CARTESIAN_POINT ( 'NONE',  ( 22.41671864732480657, -15.13467536229785360, -0.7500000000000000000 ) ) ;
#589 = AXIS2_PLACEMENT_3D ( 'NONE', #3003, #3299, #1787 ) ;
#590 = CARTESIAN_POINT ( 'NONE',  ( 7.249999999999996447, 14.49999999999999822, 0.7500000000000000000 ) ) ;
#591 = DIRECTION ( 'NONE',  ( -0.4986252340542583483, 0.8668176716959201666, 0.000000000000000000 ) ) ;
#592 = ORIENTED_EDGE ( 'NONE', *, *, #1934, .F. ) ;
#593 = VECTOR ( 'NONE', #1901, 1000.000000000000000 ) ;
#594 = LINE ( 'NONE', #926, #3802 ) ;
#595 = DIRECTION ( 'NONE',  ( 0.4999999999999920619, -0.8660254037844432595, 0.000000000000000000 ) ) ;
#596 = ORIENTED_EDGE ( 'NONE', *, *, #493, .T. ) ;
#597 = CARTESIAN_POINT ( 'NONE',  ( -17.92499999999971294, 31.04701072567229048, 0.4500000000000000666 ) ) ;
#598 = VERTEX_POINT ( 'NONE', #2978 ) ;
#599 = EDGE_CURVE ( 'NONE', #2735, #912, #782, .T. ) ;
#600 = LINE ( 'NONE', #1179, #2173 ) ;
#601 = CYLINDRICAL_SURFACE ( 'NONE', #1658, 2.999999999999999112 ) ;
#602 = ORIENTED_EDGE ( 'NONE', *, *, #2696, .T. ) ;
#603 = ORIENTED_EDGE ( 'NONE', *, *, #2060, .T. ) ;
#604 = CARTESIAN_POINT ( 'NONE',  ( 5.000000000000000000, 14.49999999999999822, -0.7499999999999995559 ) ) ;
#605 = CARTESIAN_POINT ( 'NONE',  ( 20.37957040696730360, 1.301042606982605321E-15, -0.7500000000000000000 ) ) ;
#606 = DIRECTION ( 'NONE',  ( -1.000000000000000000, 0.000000000000000000, 0.000000000000000000 ) ) ;
#607 = CARTESIAN_POINT ( 'NONE',  ( 29.70116090388003371, 13.10796115823305108, -0.7500000000000000000 ) ) ;
#608 = VERTEX_POINT ( 'NONE', #1132 ) ;
#609 = VECTOR ( 'NONE', #751, 1000.000000000000000 ) ;
#610 = DIRECTION ( 'NONE',  ( 0.000000000000000000, 0.000000000000000000, 1.000000000000000000 ) ) ;
#611 = CIRCLE ( 'NONE', #2300, 1.150000000000000577 ) ;
#612 = CARTESIAN_POINT ( 'NONE',  ( -3.464482952248373770, -2.000091509234105391, 0.7500120000000000120 ) ) ;
#613 = ORIENTED_EDGE ( 'NONE', *, *, #2685, .T. ) ;
#614 = CARTESIAN_POINT ( 'NONE',  ( -19.00000000000000000, -14.89500000000000846, -0.7500000000000000000 ) ) ;
#615 = ORIENTED_EDGE ( 'NONE', *, *, #634, .T. ) ;
#616 = EDGE_CURVE ( 'NONE', #2735, #1809, #3934, .T. ) ;
#617 = AXIS2_PLACEMENT_3D ( 'NONE', #1656, #3487, #2898 ) ;
#618 = AXIS2_PLACEMENT_3D ( 'NONE', #1068, #2606, #144 ) ;
#619 = EDGE_CURVE ( 'NONE', #3159, #2582, #1659, .T. ) ;
#620 = EDGE_CURVE ( 'NONE', #1169, #2821, #419, .T. ) ;
#621 = CARTESIAN_POINT ( 'NONE',  ( 20.19374728496899607, 0.000000000000000000, -0.7500000000000000000 ) ) ;
#622 = SECURITY_CLASSIFICATION ( '', '', #1012 ) ;
#623 = CARTESIAN_POINT ( 'NONE',  ( 17.37119568398466640, -29.24025129407875312, -0.7500000000000000000 ) ) ;
#624 = AXIS2_PLACEMENT_3D ( 'NONE', #332, #2101, #3955 ) ;
#625 = VERTEX_POINT ( 'NONE', #803 ) ;
#626 = AXIS2_PLACEMENT_3D ( 'NONE', #3803, #386, #2257 ) ;
#627 = DIRECTION ( 'NONE',  ( 0.000000000000000000, 0.000000000000000000, 1.000000000000000000 ) ) ;
#628 = ORIENTED_EDGE ( 'NONE', *, *, #1232, .F. ) ;
#629 = CARTESIAN_POINT ( 'NONE',  ( -24.46372789615079313, -34.37166765108506894, 0.7500000000000002220 ) ) ;
#630 = PLANE ( 'NONE',  #274 ) ;
#631 = EDGE_CURVE ( 'NONE', #1696, #3074, #2391, .T. ) ;
#632 = CARTESIAN_POINT ( 'NONE',  ( 27.00000000581808735, 0.000000000000000000, 0.7500000000000000000 ) ) ;
#633 = ORIENTED_EDGE ( 'NONE', *, *, #2810, .F. ) ;
#634 = EDGE_CURVE ( 'NONE', #3074, #430, #3028, .T. ) ;
#635 = DIRECTION ( 'NONE',  ( 0.000000000000000000, 1.000000000000000000, 0.000000000000000000 ) ) ;
#636 = DIRECTION ( 'NONE',  ( 0.000000000000000000, 0.000000000000000000, -1.000000000000000000 ) ) ;
#637 = ORIENTED_EDGE ( 'NONE', *, *, #3447, .F. ) ;
#638 = DIRECTION ( 'NONE',  ( 0.000000000000000000, -1.000000000000000000, 0.000000000000000000 ) ) ;
#639 = ORIENTED_EDGE ( 'NONE', *, *, #348, .F. ) ;
#640 = CARTESIAN_POINT ( 'NONE',  ( -19.07500000000015916, -33.03886915437625049, -0.7500000000000000000 ) ) ;
#641 = DIRECTION ( 'NONE',  ( -0.000000000000000000, -0.000000000000000000, -1.000000000000000000 ) ) ;
#642 = EDGE_CURVE ( 'NONE', #1762, #1167, #827, .T. ) ;
#643 = ADVANCED_FACE ( 'NONE', ( #3912 ), #2301, .F. ) ;
#644 = ORIENTED_EDGE ( 'NONE', *, *, #1320, .T. ) ;
#645 = VECTOR ( 'NONE', #989, 1000.000000000000000 ) ;
#646 = FACE_OUTER_BOUND ( 'NONE', #1801, .T. ) ;
#647 = VERTEX_POINT ( 'NONE', #3868 ) ;
#648 = DIRECTION ( 'NONE',  ( 0.7327797127419714007, -0.6804659378644856149, 0.000000000000000000 ) ) ;
#649 = VECTOR ( 'NONE', #1161, 1000.000000000000000 ) ;
#650 = DIRECTION ( 'NONE',  ( 0.000000000000000000, 0.000000000000000000, -1.000000000000000000 ) ) ;
#651 = LINE ( 'NONE', #3817, #2460 ) ;
#652 = ORIENTED_EDGE ( 'NONE', *, *, #3815, .T. ) ;
#653 = VECTOR ( 'NONE', #1164, 1000.000000000000227 ) ;
#654 = DIRECTION ( 'NONE',  ( -1.000000000000000000, -0.000000000000000000, 0.000000000000000000 ) ) ;
#655 = VECTOR ( 'NONE', #1032, 1000.000000000000000 ) ;
#656 = FACE_OUTER_BOUND ( 'NONE', #3399, .T. ) ;
#657 = ORIENTED_EDGE ( 'NONE', *, *, #2785, .T. ) ;
#658 = VECTOR ( 'NONE', #2242, 1000.000000000000000 ) ;
#659 = DIRECTION ( 'NONE',  ( -1.000000000000000000, 0.000000000000000000, 0.000000000000000000 ) ) ;
#660 = ORIENTED_EDGE ( 'NONE', *, *, #3166, .F. ) ;
#661 = VECTOR ( 'NONE', #1710, 1000.000000000000114 ) ;
#662 = CARTESIAN_POINT ( 'NONE',  ( 34.70000000000000284, 0.000000000000000000, 0.4500000000000000666 ) ) ;
#663 = DIRECTION ( 'NONE',  ( 0.000000000000000000, 0.000000000000000000, 1.000000000000000000 ) ) ;
#664 = ORIENTED_EDGE ( 'NONE', *, *, #735, .T. ) ;
#665 =( NAMED_UNIT ( * ) SI_UNIT ( $, .STERADIAN. ) SOLID_ANGLE_UNIT ( ) );
#666 = CARTESIAN_POINT ( 'NONE',  ( 6.249999999999995559, -34.00000000000000000, 0.7500000000000000000 ) ) ;
#667 = ORIENTED_EDGE ( 'NONE', *, *, #200, .T. ) ;
#668 = CARTESIAN_POINT ( 'NONE',  ( 3.499999999999998668, 14.49999999999999822, -0.7499999999999995559 ) ) ;
#669 = DIRECTION ( 'NONE',  ( 0.000000000000000000, 0.000000000000000000, 1.000000000000000000 ) ) ;
#670 = DIRECTION ( 'NONE',  ( 0.000000000000000000, 0.000000000000000000, -1.000000000000000000 ) ) ;
#671 = DIRECTION ( 'NONE',  ( -1.000000000000000000, 0.000000000000000000, 0.000000000000000000 ) ) ;
#672 = LINE ( 'NONE', #1347, #1013 ) ;
#673 = DIRECTION ( 'NONE',  ( 0.000000000000000000, 0.000000000000000000, 1.000000000000000000 ) ) ;
#674 = ORIENTED_EDGE ( 'NONE', *, *, #1844, .T. ) ;
#675 = DIRECTION ( 'NONE',  ( 0.000000000000000000, 0.000000000000000000, 1.000000000000000000 ) ) ;
#676 = ORIENTED_EDGE ( 'NONE', *, *, #2922, .F. ) ;
#677 = CIRCLE ( 'NONE', #741, 2.249999999999995115 ) ;
#678 = LINE ( 'NONE', #1925, #1460 ) ;
#679 = CARTESIAN_POINT ( 'NONE',  ( -18.92092921435224895, -30.47201072567203894, 0.4500000000000000666 ) ) ;
#680 = ORIENTED_EDGE ( 'NONE', *, *, #923, .T. ) ;
#681 = CC_DESIGN_PERSON_AND_ORGANIZATION_ASSIGNMENT ( #2574, #1965, ( #3150 ) ) ;
#682 = AXIS2_PLACEMENT_3D ( 'NONE', #2149, #3425, #281 ) ;
#683 = ADVANCED_FACE ( 'NONE', ( #2061, #1760, #3000, #1719, #3256, #1089, #474, #1411 ), #213, .F. ) ;
#684 = CC_DESIGN_APPROVAL ( #1482, ( #3150 ) ) ;
#685 = CIRCLE ( 'NONE', #3026, 1.500000000000001332 ) ;
#686 = PERSON_AND_ORGANIZATION ( #725, #95 ) ;
#687 = AXIS2_PLACEMENT_3D ( 'NONE', #1432, #2425, #3686 ) ;
#688 = LINE ( 'NONE', #3168, #1301 ) ;
#689 = ORIENTED_EDGE ( 'NONE', *, *, #810, .T. ) ;
#690 = CARTESIAN_POINT ( 'NONE',  ( -1.750000000000005107, -34.00000000000000000, 0.7500000000000000000 ) ) ;
#691 = CARTESIAN_POINT ( 'NONE',  ( 21.40712125601415394, 12.30965976810040452, 0.7500000000000000000 ) ) ;
#692 = EDGE_CURVE ( 'NONE', #1586, #2677, #3349, .T. ) ;
#693 = VERTEX_POINT ( 'NONE', #1741 ) ;
#694 = CARTESIAN_POINT ( 'NONE',  ( 15.11436612715378658, -39.10986616698467344, -0.7500000000000000000 ) ) ;
#695 = CARTESIAN_POINT ( 'NONE',  ( -7.249999999999997335, 14.49999999999999822, 0.4499999999999983458 ) ) ;
#696 = EDGE_LOOP ( 'NONE', ( #1516, #2393, #3847, #2756 ) ) ;
#697 = LINE ( 'NONE', #3826, #2348 ) ;
#698 = ORIENTED_EDGE ( 'NONE', *, *, #882, .F. ) ;
#699 = DIRECTION ( 'NONE',  ( -1.000000000000000000, 0.000000000000000000, 0.000000000000000000 ) ) ;
#700 = LINE ( 'NONE', #1353, #2175 ) ;
#701 = ADVANCED_FACE ( 'NONE', ( #189 ), #2693, .F. ) ;
#702 = ORIENTED_EDGE ( 'NONE', *, *, #945, .T. ) ;
#703 = CARTESIAN_POINT ( 'NONE',  ( 30.00008356238910423, 3.999540437307847363, 0.4500000000000000666 ) ) ;
#704 = ORIENTED_EDGE ( 'NONE', *, *, #2356, .T. ) ;
#705 = AXIS2_PLACEMENT_3D ( 'NONE', #3684, #2098, #1225 ) ;
#706 = VECTOR ( 'NONE', #2557, 1000.000000000000000 ) ;
#707 = LINE ( 'NONE', #2811, #2222 ) ;
#708 = DIRECTION ( 'NONE',  ( 1.000000000000000000, 0.000000000000000000, 0.000000000000000000 ) ) ;
#709 = DIRECTION ( 'NONE',  ( -5.337610695313252124E-17, 1.000000000000000000, 0.000000000000000000 ) ) ;
#710 = CIRCLE ( 'NONE', #2991, 1.499999999999999334 ) ;
#711 = CARTESIAN_POINT ( 'NONE',  ( -17.92499999999971294, 31.04701072567229048, -0.7500000000000000000 ) ) ;
#712 = FACE_OUTER_BOUND ( 'NONE', #91, .T. ) ;
#713 = ORIENTED_EDGE ( 'NONE', *, *, #3626, .T. ) ;
#714 = LINE ( 'NONE', #2837, #463 ) ;
#715 = VERTEX_POINT ( 'NONE', #3317 ) ;
#716 = AXIS2_PLACEMENT_3D ( 'NONE', #286, #3111, #2453 ) ;
#717 = DIRECTION ( 'NONE',  ( 0.000000000000000000, 0.000000000000000000, 1.000000000000000000 ) ) ;
#718 = CARTESIAN_POINT ( 'NONE',  ( 4.471637637270998944, 33.80897843043960194, -0.7500000000000000000 ) ) ;
#719 = VERTEX_POINT ( 'NONE', #1227 ) ;
#720 = VECTOR ( 'NONE', #3077, 1000.000000000000000 ) ;
#721 = EDGE_CURVE ( 'NONE', #2821, #1169, #3863, .T. ) ;
#722 = DATE_TIME_ROLE ( 'classification_date' ) ;
#723 = DIRECTION ( 'NONE',  ( 0.000000000000000000, -0.000000000000000000, 1.000000000000000000 ) ) ;
#724 = ORIENTED_EDGE ( 'NONE', *, *, #2088, .T. ) ;
#725 = PERSON ( 'UNSPECIFIED', 'UNSPECIFIED', 'UNSPECIFIED', ('UNSPECIFIED'), ('UNSPECIFIED'), ('UNSPECIFIED') ) ;
#726 = DIRECTION ( 'NONE',  ( 0.000000000000000000, -0.000000000000000000, 1.000000000000000000 ) ) ;
#727 = CARTESIAN_POINT ( 'NONE',  ( -10.00000000000000178, -29.00000000000000000, -0.7500000000000000000 ) ) ;
#728 = DIRECTION ( 'NONE',  ( 0.000000000000000000, 0.000000000000000000, 1.000000000000000000 ) ) ;
#729 = CARTESIAN_POINT ( 'NONE',  ( 20.55455481276986163, 1.009597391310653514, 0.7500000000000000000 ) ) ;
#730 = DIRECTION ( 'NONE',  ( 0.8660254037844433705, 0.4999999999999919509, 0.000000000000000000 ) ) ;
#731 = ORIENTED_EDGE ( 'NONE', *, *, #1519, .F. ) ;
#732 = CARTESIAN_POINT ( 'NONE',  ( -18.07907078564758407, 33.61386915437650202, 0.4500000000000001221 ) ) ;
#733 = ORIENTED_EDGE ( 'NONE', *, *, #31, .F. ) ;
#734 = DIRECTION ( 'NONE',  ( 0.000000000000000000, 1.000000000000000000, 0.000000000000000000 ) ) ;
#735 = EDGE_CURVE ( 'NONE', #2403, #3956, #594, .T. ) ;
#736 = PLANE ( 'NONE',  #3677 ) ;
#737 = DIRECTION ( 'NONE',  ( -0.000000000000000000, -0.000000000000000000, 1.000000000000000000 ) ) ;
#738 = ORIENTED_EDGE ( 'NONE', *, *, #2714, .F. ) ;
#739 = EDGE_CURVE ( 'NONE', #1204, #715, #3991, .T. ) ;
#740 = EDGE_CURVE ( 'NONE', #1788, #842, #2116, .T. ) ;
#741 = AXIS2_PLACEMENT_3D ( 'NONE', #3455, #728, #671 ) ;
#742 = DIRECTION ( 'NONE',  ( -1.000000000000000000, 0.000000000000000000, 0.000000000000000000 ) ) ;
#743 = DIRECTION ( 'NONE',  ( -0.000000000000000000, 0.000000000000000000, -1.000000000000000000 ) ) ;
#744 = ORIENTED_EDGE ( 'NONE', *, *, #15, .F. ) ;
#745 = AXIS2_PLACEMENT_3D ( 'NONE', #640, #2105, #3712 ) ;
#746 = AXIS2_PLACEMENT_3D ( 'NONE', #1742, #1475, #1390 ) ;
#747 = VECTOR ( 'NONE', #1678, 999.9999999999998863 ) ;
#748 = CARTESIAN_POINT ( 'NONE',  ( 13.00000000000000355, -14.24204397361948793, -0.7500000000000000000 ) ) ;
#749 = VECTOR ( 'NONE', #1020, 1000.000000000000000 ) ;
#750 = DIRECTION ( 'NONE',  ( -1.000000000000000000, 0.000000000000000000, 0.000000000000000000 ) ) ;
#751 = DIRECTION ( 'NONE',  ( -0.4999999999999919509, 0.8660254037844432595, 0.000000000000000000 ) ) ;
#752 = ADVANCED_FACE ( 'NONE', ( #3038 ), #1783, .F. ) ;
#753 = EDGE_CURVE ( 'NONE', #2947, #3468, #2444, .T. ) ;
#754 = APPROVAL ( #1051, 'UNSPECIFIED' ) ;
#755 = FACE_OUTER_BOUND ( 'NONE', #4001, .T. ) ;
#756 = CYLINDRICAL_SURFACE ( 'NONE', #3068, 3.000000000000000888 ) ;
#757 = EDGE_LOOP ( 'NONE', ( #2177, #3263, #1579, #2475 ) ) ;
#758 = ADVANCED_FACE ( 'NONE', ( #2754 ), #1212, .T. ) ;
#759 = EDGE_CURVE ( 'NONE', #3781, #2299, #2890, .T. ) ;
#760 = DIRECTION ( 'NONE',  ( 0.000000000000000000, -1.000000000000000000, 0.000000000000000000 ) ) ;
#761 = ORIENTED_EDGE ( 'NONE', *, *, #1291, .T. ) ;
#762 = DIRECTION ( 'NONE',  ( -0.3365324637702176713, 0.9416718647324804348, 0.000000000000000000 ) ) ;
#763 = DIRECTION ( 'NONE',  ( 1.000000000000000000, 0.000000000000000000, 0.000000000000000000 ) ) ;
#764 = CARTESIAN_POINT ( 'NONE',  ( 27.00000000581808735, 0.000000000000000000, 0.4500000000000000666 ) ) ;
#765 = ORIENTED_EDGE ( 'NONE', *, *, #3640, .T. ) ;
#766 = CARTESIAN_POINT ( 'NONE',  ( 24.40712125601416105, -12.30965976810040807, -0.7500000000000000000 ) ) ;
#767 = EDGE_CURVE ( 'NONE', #3576, #1991, #954, .T. ) ;
#768 = LINE ( 'NONE', #2575, #1239 ) ;
#769 = ORIENTED_EDGE ( 'NONE', *, *, #2810, .T. ) ;
#770 = ORIENTED_EDGE ( 'NONE', *, *, #1189, .T. ) ;
#771 = CARTESIAN_POINT ( 'NONE',  ( -8.652992479455669184, -43.50000000000000711, 0.7500000000000000000 ) ) ;
#772 = VECTOR ( 'NONE', #186, 1000.000000000000114 ) ;
#773 = CARTESIAN_POINT ( 'NONE',  ( -5.000000000000000000, 14.49999999999999822, -0.7499999999999995559 ) ) ;
#774 = LINE ( 'NONE', #2664, #609 ) ;
#775 = VECTOR ( 'NONE', #485, 1000.000000000000000 ) ;
#776 = DIRECTION ( 'NONE',  ( -1.000000000000000000, 0.000000000000000000, 0.000000000000000000 ) ) ;
#777 = DIRECTION ( 'NONE',  ( -0.000000000000000000, -0.000000000000000000, 1.000000000000000000 ) ) ;
#778 = ORIENTED_EDGE ( 'NONE', *, *, #2211, .F. ) ;
#779 = LINE ( 'NONE', #2035, #1099 ) ;
#780 = ORIENTED_EDGE ( 'NONE', *, *, #1897, .F. ) ;
#781 = AXIS2_PLACEMENT_3D ( 'NONE', #2155, #1524, #1222 ) ;
#782 = LINE ( 'NONE', #2957, #2308 ) ;
#783 = DIRECTION ( 'NONE',  ( -1.000000000000000000, 0.000000000000000000, 0.000000000000000000 ) ) ;
#784 = ORIENTED_EDGE ( 'NONE', *, *, #2654, .F. ) ;
#785 = AXIS2_PLACEMENT_3D ( 'NONE', #2192, #587, #3075 ) ;
#786 = CARTESIAN_POINT ( 'NONE',  ( -1.102992479455612962, 43.50000000000000000, 0.7500000000000000000 ) ) ;
#787 = ORIENTED_EDGE ( 'NONE', *, *, #2418, .F. ) ;
#788 = AXIS2_PLACEMENT_3D ( 'NONE', #544, #1796, #1548 ) ;
#789 = CARTESIAN_POINT ( 'NONE',  ( -17.53487340819993534, 38.37204365487928470, 0.7500000000000002220 ) ) ;
#790 = DIRECTION ( 'NONE',  ( 0.000000000000000000, 0.000000000000000000, -1.000000000000000000 ) ) ;
#791 = VECTOR ( 'NONE', #859, 1000.000000000000000 ) ;
#792 = ORIENTED_EDGE ( 'NONE', *, *, #3495, .T. ) ;
#793 = AXIS2_PLACEMENT_3D ( 'NONE', #62, #1974, #2298 ) ;
#794 = AXIS2_PLACEMENT_3D ( 'NONE', #1949, #3798, #1016 ) ;
#795 = ADVANCED_FACE ( 'NONE', ( #1839 ), #2141, .T. ) ;
#796 = CARTESIAN_POINT ( 'NONE',  ( -15.25000000000012434, -26.41377481542531314, -0.7500000000000000000 ) ) ;
#797 = CYLINDRICAL_SURFACE ( 'NONE', #3474, 1.500000000000000444 ) ;
#798 = CARTESIAN_POINT ( 'NONE',  ( 30.00008356238910423, 3.999540437307847363, 0.4500000000000000666 ) ) ;
#799 = DIRECTION ( 'NONE',  ( -1.000000000000000000, 0.000000000000000000, 0.000000000000000000 ) ) ;
#800 = CARTESIAN_POINT ( 'NONE',  ( -18.46374540336604753, 23.98106426203117181, 0.4500000000000000666 ) ) ;
#801 = ORIENTED_EDGE ( 'NONE', *, *, #642, .T. ) ;
#802 = LINE ( 'NONE', #1130, #2917 ) ;
#803 = CARTESIAN_POINT ( 'NONE',  ( 6.500000000000000000, 14.49999999999999822, 0.4499999999999983458 ) ) ;
#804 = CARTESIAN_POINT ( 'NONE',  ( 40.11809450837039748, 12.20441634288888899, -0.7500000000000000000 ) ) ;
#805 = ORIENTED_EDGE ( 'NONE', *, *, #2671, .T. ) ;
#806 = LINE ( 'NONE', #3915, #2597 ) ;
#807 = ORIENTED_EDGE ( 'NONE', *, *, #2025, .F. ) ;
#808 = FACE_OUTER_BOUND ( 'NONE', #1129, .T. ) ;
#809 = DIRECTION ( 'NONE',  ( -1.000000000000000000, 0.000000000000000000, 0.000000000000000000 ) ) ;
#810 = EDGE_CURVE ( 'NONE', #2405, #2609, #3479, .T. ) ;
#811 = EDGE_CURVE ( 'NONE', #1375, #57, #3017, .T. ) ;
#812 = AXIS2_PLACEMENT_3D ( 'NONE', #1689, #486, #1463 ) ;
#813 = ORIENTED_EDGE ( 'NONE', *, *, #1248, .T. ) ;
#814 = CARTESIAN_POINT ( 'NONE',  ( -10.27734813243781709, -42.56217782649106596, -0.7500000000000000000 ) ) ;
#815 = DIRECTION ( 'NONE',  ( -1.000000000000000000, 0.000000000000000000, 0.000000000000000000 ) ) ;
#816 = LINE ( 'NONE', #798, #2039 ) ;
#817 = CIRCLE ( 'NONE', #418, 1.150000000000000577 ) ;
#818 = AXIS2_PLACEMENT_3D ( 'NONE', #1019, #635, #654 ) ;
#819 = CIRCLE ( 'NONE', #561, 1.499999999999999556 ) ;
#820 = EDGE_CURVE ( 'NONE', #3546, #2716, #3707, .T. ) ;
#821 = VECTOR ( 'NONE', #3497, 1000.000000000000227 ) ;
#822 = CARTESIAN_POINT ( 'NONE',  ( -5.151852437229256232, 36.50000000000000000, 0.7500000000000000000 ) ) ;
#823 = VERTEX_POINT ( 'NONE', #3080 ) ;
#824 = DIRECTION ( 'NONE',  ( 1.000000000000000000, 0.000000000000000000, 0.000000000000000000 ) ) ;
#825 = VERTEX_POINT ( 'NONE', #292 ) ;
#826 = EDGE_CURVE ( 'NONE', #3328, #1820, #2773, .T. ) ;
#827 = LINE ( 'NONE', #3848, #2438 ) ;
#828 = DIRECTION ( 'NONE',  ( -0.8660254037844374864, 0.5000000000000021094, 0.000000000000000000 ) ) ;
#829 = ORIENTED_EDGE ( 'NONE', *, *, #2696, .F. ) ;
#830 = FACE_BOUND ( 'NONE', #2653, .T. ) ;
#831 = ORIENTED_EDGE ( 'NONE', *, *, #739, .T. ) ;
#832 = LINE ( 'NONE', #1998, #2699 ) ;
#833 = CARTESIAN_POINT ( 'NONE',  ( 0.000000000000000000, 1.149999999999999911, -0.7500000000000000000 ) ) ;
#834 = ORIENTED_EDGE ( 'NONE', *, *, #1905, .F. ) ;
#835 = ADVANCED_FACE ( 'NONE', ( #2121 ), #3338, .F. ) ;
#836 = ORIENTED_EDGE ( 'NONE', *, *, #265, .F. ) ;
#837 = PLANE ( 'NONE',  #788 ) ;
#838 = DIRECTION ( 'NONE',  ( 0.000000000000000000, -0.000000000000000000, 1.000000000000000000 ) ) ;
#839 = CARTESIAN_POINT ( 'NONE',  ( -5.500000000000001776, -34.00000000000000000, 0.7500000000000000000 ) ) ;
#840 = VERTEX_POINT ( 'NONE', #4010 ) ;
#841 = PLANE ( 'NONE',  #3821 ) ;
#842 = VERTEX_POINT ( 'NONE', #573 ) ;
#843 = VECTOR ( 'NONE', #1429, 1000.000000000000000 ) ;
#844 = CARTESIAN_POINT ( 'NONE',  ( 33.39318069601125671, -19.41717371443391826, -0.7500000000000000000 ) ) ;
#845 = DIRECTION ( 'NONE',  ( 1.000000000000000000, 0.000000000000000000, 0.000000000000000000 ) ) ;
#846 = VERTEX_POINT ( 'NONE', #1818 ) ;
#847 = LINE ( 'NONE', #1477, #2867 ) ;
#848 = ORIENTED_EDGE ( 'NONE', *, *, #517, .F. ) ;
#849 = CIRCLE ( 'NONE', #3123, 2.999999999999998668 ) ;
#850 = DIRECTION ( 'NONE',  ( -0.000000000000000000, 0.000000000000000000, -1.000000000000000000 ) ) ;
#851 = CARTESIAN_POINT ( 'NONE',  ( 12.99999999999999822, 18.49999999999999645, 0.7500000000000000000 ) ) ;
#852 = VERTEX_POINT ( 'NONE', #3062 ) ;
#853 = ADVANCED_FACE ( 'NONE', ( #1588 ), #3157, .T. ) ;
#854 = ORIENTED_EDGE ( 'NONE', *, *, #2187, .F. ) ;
#855 = AXIS2_PLACEMENT_3D ( 'NONE', #940, #3683, #1853 ) ;
#856 = VECTOR ( 'NONE', #193, 1000.000000000000000 ) ;
#857 = CARTESIAN_POINT ( 'NONE',  ( 5.000000000000000000, 14.49999999999999822, 0.4499999999999983458 ) ) ;
#858 = AXIS2_PLACEMENT_3D ( 'NONE', #796, #1687, #465 ) ;
#859 = DIRECTION ( 'NONE',  ( 0.000000000000000000, 0.000000000000000000, 1.000000000000000000 ) ) ;
#860 = ORIENTED_EDGE ( 'NONE', *, *, #2730, .T. ) ;
#861 = DIRECTION ( 'NONE',  ( 0.000000000000000000, 0.000000000000000000, -1.000000000000000000 ) ) ;
#862 = ORIENTED_EDGE ( 'NONE', *, *, #2060, .F. ) ;
#863 = DIRECTION ( 'NONE',  ( 0.000000000000000000, 0.000000000000000000, 1.000000000000000000 ) ) ;
#864 = CARTESIAN_POINT ( 'NONE',  ( 32.87728979529173046, 19.34592599182580486, 0.7500000000000000000 ) ) ;
#865 = ORIENTED_EDGE ( 'NONE', *, *, #2618, .T. ) ;
#866 = LINE ( 'NONE', #3021, #2345 ) ;
#867 = VERTEX_POINT ( 'NONE', #3457 ) ;
#868 = EDGE_CURVE ( 'NONE', #2001, #1696, #672, .T. ) ;
#869 = DIRECTION ( 'NONE',  ( 0.000000000000000000, 0.000000000000000000, 1.000000000000000000 ) ) ;
#870 = CYLINDRICAL_SURFACE ( 'NONE', #2271, 1.500000000000001332 ) ;
#871 = VERTEX_POINT ( 'NONE', #21 ) ;
#872 = ADVANCED_FACE ( 'NONE', ( #1308 ), #1610, .F. ) ;
#873 = ORIENTED_EDGE ( 'NONE', *, *, #1404, .T. ) ;
#874 = CYLINDRICAL_SURFACE ( 'NONE', #1564, 2.249999999999995115 ) ;
#875 = DIRECTION ( 'NONE',  ( -1.000000000000000000, 0.000000000000000000, 0.000000000000000000 ) ) ;
#876 = ADVANCED_FACE ( 'NONE', ( #2520 ), #2541, .F. ) ;
#877 = CARTESIAN_POINT ( 'NONE',  ( 10.00000000000000178, -29.00000000000000000, 0.7500000000000000000 ) ) ;
#878 = DIRECTION ( 'NONE',  ( 1.000000000000000000, 0.000000000000000000, 0.000000000000000000 ) ) ;
#879 = ORIENTED_EDGE ( 'NONE', *, *, #252, .F. ) ;
#880 = VECTOR ( 'NONE', #3674, 1000.000000000000114 ) ;
#881 = EDGE_CURVE ( 'NONE', #928, #3919, #3605, .T. ) ;
#882 = EDGE_CURVE ( 'NONE', #2531, #1259, #94, .T. ) ;
#883 = CIRCLE ( 'NONE', #746, 2.999999999999998668 ) ;
#884 = VECTOR ( 'NONE', #3505, 1000.000000000000000 ) ;
#885 = ADVANCED_FACE ( 'NONE', ( #2873 ), #369, .T. ) ;
#886 = CARTESIAN_POINT ( 'NONE',  ( -0.9959292143521096818, -0.5749999999999907407, -0.7500000000000000000 ) ) ;
#887 = EDGE_CURVE ( 'NONE', #825, #3789, #3409, .T. ) ;
#888 = DIRECTION ( 'NONE',  ( -0.4999758791016773452, 0.8660393295437018857, 0.000000000000000000 ) ) ;
#889 = EDGE_LOOP ( 'NONE', ( #2682, #278, #3709, #3084 ) ) ;
#890 = DIRECTION ( 'NONE',  ( -0.000000000000000000, -0.000000000000000000, 1.000000000000000000 ) ) ;
#891 = VERTEX_POINT ( 'NONE', #3742 ) ;
#892 = DIRECTION ( 'NONE',  ( -1.000000000000000000, 0.000000000000000000, 0.000000000000000000 ) ) ;
#893 = CARTESIAN_POINT ( 'NONE',  ( 30.00000000581808735, -1.000376003793891799, 0.4500000000000000666 ) ) ;
#894 = ORIENTED_EDGE ( 'NONE', *, *, #2627, .T. ) ;
#895 = ORIENTED_EDGE ( 'NONE', *, *, #3819, .F. ) ;
#896 = FACE_OUTER_BOUND ( 'NONE', #3200, .T. ) ;
#897 = CARTESIAN_POINT ( 'NONE',  ( -5.151852437229256232, 36.50000000000000000, -0.7500000000000000000 ) ) ;
#898 = LINE ( 'NONE', #3393, #2015 ) ;
#899 = DIRECTION ( 'NONE',  ( 1.000000000000000000, 0.000000000000000000, 0.000000000000000000 ) ) ;
#900 = ORIENTED_EDGE ( 'NONE', *, *, #3352, .T. ) ;
#901 = EDGE_CURVE ( 'NONE', #842, #1788, #3416, .T. ) ;
#902 = CARTESIAN_POINT ( 'NONE',  ( 0.000000000000000000, -4.000376003793891577, 0.7500120000000000120 ) ) ;
#903 = DIRECTION ( 'NONE',  ( 1.000000000000000000, -1.982541115402065307E-15, 0.000000000000000000 ) ) ;
#904 = ORIENTED_EDGE ( 'NONE', *, *, #1307, .T. ) ;
#905 = CARTESIAN_POINT ( 'NONE',  ( 42.00000000000000000, -7.430116670695394276, -0.7500000000000000000 ) ) ;
#906 = ORIENTED_EDGE ( 'NONE', *, *, #3756, .F. ) ;
#907 = VECTOR ( 'NONE', #3545, 1000.000000000000000 ) ;
#908 = FACE_OUTER_BOUND ( 'NONE', #2419, .T. ) ;
#909 = VECTOR ( 'NONE', #2642, 1000.000000000000000 ) ;
#910 = LINE ( 'NONE', #3346, #3283 ) ;
#911 = VERTEX_POINT ( 'NONE', #1935 ) ;
#912 = VERTEX_POINT ( 'NONE', #946 ) ;
#913 = CIRCLE ( 'NONE', #124, 2.999999999999999112 ) ;
#914 = FACE_OUTER_BOUND ( 'NONE', #3909, .T. ) ;
#915 = FACE_OUTER_BOUND ( 'NONE', #1241, .T. ) ;
#916 = AXIS2_PLACEMENT_3D ( 'NONE', #1971, #2973, #2008 ) ;
#917 = VECTOR ( 'NONE', #2786, 1000.000000000000000 ) ;
#918 = EDGE_CURVE ( 'NONE', #1738, #2432, #965, .T. ) ;
#919 = CARTESIAN_POINT ( 'NONE',  ( -6.777348132437802875, -36.50000000000000711, -0.7500000000000000000 ) ) ;
#920 = DIRECTION ( 'NONE',  ( 0.000000000000000000, 0.000000000000000000, -1.000000000000000000 ) ) ;
#921 = AXIS2_PLACEMENT_3D ( 'NONE', #919, #2440, #1549 ) ;
#922 = ORIENTED_EDGE ( 'NONE', *, *, #2675, .F. ) ;
#923 = EDGE_CURVE ( 'NONE', #3073, #2780, #2181, .T. ) ;
#924 = AXIS2_PLACEMENT_3D ( 'NONE', #3767, #3160, #2876 ) ;
#925 = EDGE_CURVE ( 'NONE', #1237, #1574, #1285, .T. ) ;
#926 = CARTESIAN_POINT ( 'NONE',  ( 0.000000000000000000, -1.149999999999999911, -0.7500000000000000000 ) ) ;
#927 = DIRECTION ( 'NONE',  ( 0.8660393295437019967, 0.4999758791016774007, 0.000000000000000000 ) ) ;
#928 = VERTEX_POINT ( 'NONE', #3174 ) ;
#929 = CARTESIAN_POINT ( 'NONE',  ( -6.249999999999995559, -34.00000000000000000, 0.7500000000000000000 ) ) ;
#930 = VERTEX_POINT ( 'NONE', #985 ) ;
#931 = DIRECTION ( 'NONE',  ( -1.000000000000000000, 0.000000000000000000, 0.000000000000000000 ) ) ;
#932 = DIRECTION ( 'NONE',  ( -0.5000241205104463127, -0.8660114773533631460, 0.000000000000000000 ) ) ;
#933 = EDGE_LOOP ( 'NONE', ( #960, #1513, #951, #865, #805, #2442, #602, #1162, #2399, #3440, #3609, #63, #1456, #1346, #724, #3801, #1715, #3120, #2823, #284, #1747, #1122, #560, #3963, #3227, #2894, #689, #2294, #2369, #1828, #704, #1391, #3842, #942, #539, #395, #2558, #2183, #261, #1010, #498, #3672, #879, #1554, #765, #2753 ) ) ;
#934 = VERTEX_POINT ( 'NONE', #2814 ) ;
#935 = EDGE_CURVE ( 'NONE', #2882, #1900, #3095, .T. ) ;
#936 = DIRECTION ( 'NONE',  ( 1.000000000000000000, 0.000000000000000000, 0.000000000000000000 ) ) ;
#937 = EDGE_CURVE ( 'NONE', #1743, #3546, #2896, .T. ) ;
#938 = ORIENTED_EDGE ( 'NONE', *, *, #3033, .F. ) ;
#939 = LINE ( 'NONE', #3831, #1438 ) ;
#940 = CARTESIAN_POINT ( 'NONE',  ( -21.00000000000000355, 28.28854811567264349, 0.7500000000000000000 ) ) ;
#941 = DIRECTION ( 'NONE',  ( -0.6822099234553807845, 0.7311563583386275766, 0.000000000000000000 ) ) ;
#942 = ORIENTED_EDGE ( 'NONE', *, *, #3462, .T. ) ;
#943 = EDGE_CURVE ( 'NONE', #1140, #1093, #1149, .T. ) ;
#944 = VECTOR ( 'NONE', #3581, 1000.000000000000000 ) ;
#945 = EDGE_CURVE ( 'NONE', #871, #130, #2889, .T. ) ;
#946 = CARTESIAN_POINT ( 'NONE',  ( -10.27734813243782597, -42.56217782649106596, 0.7500000000000000000 ) ) ;
#947 = AXIS2_PLACEMENT_3D ( 'NONE', #3917, #3615, #2610 ) ;
#948 = CARTESIAN_POINT ( 'NONE',  ( 15.99999999999999645, 14.24204397361948082, 0.7500000000000000000 ) ) ;
#949 = EDGE_LOOP ( 'NONE', ( #3311, #2816, #2047, #3670, #2470, #1545, #364, #132 ) ) ;
#950 = DIRECTION ( 'NONE',  ( -0.8660254037844398178, -0.4999999999999979461, 0.000000000000000000 ) ) ;
#951 = ORIENTED_EDGE ( 'NONE', *, *, #1947, .T. ) ;
#952 = VECTOR ( 'NONE', #3890, 1000.000000000000000 ) ;
#953 = EDGE_CURVE ( 'NONE', #2403, #2010, #1713, .T. ) ;
#954 = CIRCLE ( 'NONE', #165, 5.000000000000000000 ) ;
#955 = FACE_OUTER_BOUND ( 'NONE', #7, .T. ) ;
#956 = DIRECTION ( 'NONE',  ( 1.000000000000000000, 1.454085059494389690E-16, 0.000000000000000000 ) ) ;
#957 = VECTOR ( 'NONE', #4011, 1000.000000000000000 ) ;
#958 = ORIENTED_EDGE ( 'NONE', *, *, #721, .F. ) ;
#959 = CYLINDRICAL_SURFACE ( 'NONE', #781, 1.149999999999998135 ) ;
#960 = ORIENTED_EDGE ( 'NONE', *, *, #1484, .F. ) ;
#961 = DIRECTION ( 'NONE',  ( 0.000000000000000000, -1.000000000000000000, 0.000000000000000000 ) ) ;
#962 = DIRECTION ( 'NONE',  ( 0.000000000000000000, 0.000000000000000000, 1.000000000000000000 ) ) ;
#963 = DIRECTION ( 'NONE',  ( 1.000000000000000000, 0.000000000000000000, 0.000000000000000000 ) ) ;
#964 = ORIENTED_EDGE ( 'NONE', *, *, #2618, .F. ) ;
#965 = LINE ( 'NONE', #2238, #2381 ) ;
#966 = LINE ( 'NONE', #3743, #1859 ) ;
#967 = ORIENTED_EDGE ( 'NONE', *, *, #937, .F. ) ;
#968 = CARTESIAN_POINT ( 'NONE',  ( 42.00000000000000000, -4.000376003793891577, 0.4500000000000000666 ) ) ;
#969 = ORIENTED_EDGE ( 'NONE', *, *, #811, .F. ) ;
#970 = DIRECTION ( 'NONE',  ( 0.000000000000000000, 0.000000000000000000, -1.000000000000000000 ) ) ;
#971 = DIRECTION ( 'NONE',  ( -0.000000000000000000, -0.000000000000000000, -1.000000000000000000 ) ) ;
#972 = VECTOR ( 'NONE', #920, 1000.000000000000000 ) ;
#973 = ORIENTED_EDGE ( 'NONE', *, *, #2002, .F. ) ;
#974 = VECTOR ( 'NONE', #941, 1000.000000000000114 ) ;
#975 = PERSON_AND_ORGANIZATION ( #725, #95 ) ;
#976 = CARTESIAN_POINT ( 'NONE',  ( 30.34949407128472743, -19.41717371443391826, -0.7500000000000000000 ) ) ;
#977 = EDGE_CURVE ( 'NONE', #1967, #2658, #183, .T. ) ;
#978 = EDGE_LOOP ( 'NONE', ( #280, #596, #1939, #1979 ) ) ;
#979 = FACE_OUTER_BOUND ( 'NONE', #2844, .T. ) ;
#980 = CIRCLE ( 'NONE', #2080, 1.149999999999998135 ) ;
#981 = LINE ( 'NONE', #1914, #3127 ) ;
#982 = CARTESIAN_POINT ( 'NONE',  ( 3.434178682610916855, 35.61251281686954684, -0.7500000000000000000 ) ) ;
#983 = CARTESIAN_POINT ( 'NONE',  ( 10.00000000000000000, 3.500000000000000000, 0.7500000000000000000 ) ) ;
#984 = VECTOR ( 'NONE', #3452, 1000.000000000000000 ) ;
#985 = CARTESIAN_POINT ( 'NONE',  ( 38.15000000000000568, 1.149999999999999911, -0.7500000000000000000 ) ) ;
#986 = CIRCLE ( 'NONE', #2999, 7.000000000000000000 ) ;
#987 = DIRECTION ( 'NONE',  ( 0.000000000000000000, 0.000000000000000000, 1.000000000000000000 ) ) ;
#988 = ORIENTED_EDGE ( 'NONE', *, *, #32, .T. ) ;
#989 = DIRECTION ( 'NONE',  ( 0.000000000000000000, 0.000000000000000000, 1.000000000000000000 ) ) ;
#990 = EDGE_LOOP ( 'NONE', ( #2480, #2710, #2579, #61 ) ) ;
#991 = AXIS2_PLACEMENT_3D ( 'NONE', #1893, #962, #3779 ) ;
#992 = DIRECTION ( 'NONE',  ( -1.000000000000000000, 0.000000000000000000, 0.000000000000000000 ) ) ;
#993 = CARTESIAN_POINT ( 'NONE',  ( -19.00000000000000000, -17.89500000000000668, 0.7500000000000000000 ) ) ;
#994 = ORIENTED_EDGE ( 'NONE', *, *, #2004, .F. ) ;
#995 = APPROVAL_DATE_TIME ( #3469, #754 ) ;
#996 = CARTESIAN_POINT ( 'NONE',  ( -15.24999999999975309, 26.41377481542551919, -0.7500000000000000000 ) ) ;
#997 = EDGE_CURVE ( 'NONE', #3482, #2256, #566, .T. ) ;
#998 = ORIENTED_EDGE ( 'NONE', *, *, #977, .T. ) ;
#999 = CARTESIAN_POINT ( 'NONE',  ( 15.11436612715378658, -39.10986616698467344, 0.7500000000000000000 ) ) ;
#1000 = DIRECTION ( 'NONE',  ( -0.000000000000000000, 0.000000000000000000, -1.000000000000000000 ) ) ;
#1001 = ORIENTED_EDGE ( 'NONE', *, *, #3691, .F. ) ;
#1002 = EDGE_CURVE ( 'NONE', #1181, #1586, #3270, .T. ) ;
#1003 = CARTESIAN_POINT ( 'NONE',  ( -5.000000000000000000, -1.500000000000001332, 0.7500000000000000000 ) ) ;
#1004 = LINE ( 'NONE', #3175, #1245 ) ;
#1005 = VERTEX_POINT ( 'NONE', #3862 ) ;
#1006 = CARTESIAN_POINT ( 'NONE',  ( 5.500000000000001776, -34.00000000000000000, 0.7500000000000000000 ) ) ;
#1007 = ORIENTED_EDGE ( 'NONE', *, *, #1341, .F. ) ;
#1008 = FACE_OUTER_BOUND ( 'NONE', #2365, .T. ) ;
#1009 = DIRECTION ( 'NONE',  ( 0.000000000000000000, 0.000000000000000000, -1.000000000000000000 ) ) ;
#1010 = ORIENTED_EDGE ( 'NONE', *, *, #2002, .T. ) ;
#1011 = CIRCLE ( 'NONE', #2962, 2.999999999999999112 ) ;
#1012 = SECURITY_CLASSIFICATION_LEVEL ( 'unclassified' ) ;
#1013 = VECTOR ( 'NONE', #59, 1000.000000000000000 ) ;
#1014 = DIRECTION ( 'NONE',  ( -0.000000000000000000, -0.000000000000000000, 1.000000000000000000 ) ) ;
#1015 = VERTEX_POINT ( 'NONE', #1061 ) ;
#1016 = DIRECTION ( 'NONE',  ( 0.5000000000000041078, 0.8660254037844362651, 0.000000000000000000 ) ) ;
#1017 = LINE ( 'NONE', #2537, #3570 ) ;
#1018 = LINE ( 'NONE', #983, #3472 ) ;
#1019 = CARTESIAN_POINT ( 'NONE',  ( -13.00000000000000178, 17.89499999999999602, -0.7500000000000000000 ) ) ;
#1020 = DIRECTION ( 'NONE',  ( 1.000000000000000000, 0.000000000000000000, 0.000000000000000000 ) ) ;
#1021 = ORIENTED_EDGE ( 'NONE', *, *, #3527, .T. ) ;
#1022 = ADVANCED_FACE ( 'NONE', ( #755 ), #488, .F. ) ;
#1023 = DIRECTION ( 'NONE',  ( -0.000000000000000000, -0.000000000000000000, 1.000000000000000000 ) ) ;
#1024 = ORIENTED_EDGE ( 'NONE', *, *, #2921, .F. ) ;
#1025 = CARTESIAN_POINT ( 'NONE',  ( 35.85000000000000142, 1.149999999999999911, -0.7500000000000000000 ) ) ;
#1026 = FACE_OUTER_BOUND ( 'NONE', #3945, .T. ) ;
#1027 = VERTEX_POINT ( 'NONE', #2599 ) ;
#1028 = COORDINATED_UNIVERSAL_TIME_OFFSET ( 1, 0, .AHEAD. ) ;
#1029 = CARTESIAN_POINT ( 'NONE',  ( 30.34949407128472743, -19.41717371443391826, 0.7500000000000000000 ) ) ;
#1030 = VERTEX_POINT ( 'NONE', #1672 ) ;
#1031 = AXIS2_PLACEMENT_3D ( 'NONE', #1450, #3235, #510 ) ;
#1032 = DIRECTION ( 'NONE',  ( -1.000000000000000000, 0.000000000000000000, 0.000000000000000000 ) ) ;
#1033 = PLANE ( 'NONE',  #443 ) ;
#1034 = EDGE_LOOP ( 'NONE', ( #167, #482, #1593, #1865 ) ) ;
#1035 = EDGE_CURVE ( 'NONE', #3079, #3832, #2467, .T. ) ;
#1036 = DIRECTION ( 'NONE',  ( -0.000000000000000000, 0.000000000000000000, -1.000000000000000000 ) ) ;
#1037 = CARTESIAN_POINT ( 'NONE',  ( 10.00000000000000000, 3.500000000000000000, -0.7500000000000000000 ) ) ;
#1038 = VERTEX_POINT ( 'NONE', #1365 ) ;
#1039 = ADVANCED_FACE ( 'NONE', ( #3843 ), #874, .F. ) ;
#1040 = DIRECTION ( 'NONE',  ( 0.000000000000000000, 0.000000000000000000, 1.000000000000000000 ) ) ;
#1041 = EDGE_CURVE ( 'NONE', #2233, #3332, #1487, .T. ) ;
#1042 = ORIENTED_EDGE ( 'NONE', *, *, #32, .F. ) ;
#1043 = CIRCLE ( 'NONE', #716, 2.999999999999999112 ) ;
#1044 = AXIS2_PLACEMENT_3D ( 'NONE', #247, #308, #3702 ) ;
#1045 = CARTESIAN_POINT ( 'NONE',  ( -24.50000000000001421, -34.35072594216364905, 0.7500000000000000000 ) ) ;
#1046 = CIRCLE ( 'NONE', #2153, 6.999999999999999112 ) ;
#1047 = DIRECTION ( 'NONE',  ( 1.000000000000000000, 0.000000000000000000, 0.000000000000000000 ) ) ;
#1048 = LINE ( 'NONE', #2476, #2804 ) ;
#1049 = ORIENTED_EDGE ( 'NONE', *, *, #1947, .F. ) ;
#1050 = VECTOR ( 'NONE', #2686, 1000.000000000000000 ) ;
#1051 = APPROVAL_STATUS ( 'not_yet_approved' ) ;
#1052 = DIRECTION ( 'NONE',  ( 0.000000000000000000, 0.000000000000000000, 1.000000000000000000 ) ) ;
#1053 = VERTEX_POINT ( 'NONE', #2644 ) ;
#1054 = EDGE_CURVE ( 'NONE', #3242, #2911, #3250, .T. ) ;
#1055 = ADVANCED_FACE ( 'NONE', ( #1507 ), #2934, .F. ) ;
#1056 = ADVANCED_FACE ( 'NONE', ( #2320 ), #1736, .F. ) ;
#1057 = ADVANCED_FACE ( 'NONE', ( #1103 ), #2909, .F. ) ;
#1058 = LINE ( 'NONE', #1421, #339 ) ;
#1059 = DIRECTION ( 'NONE',  ( 1.000000000000000000, -5.204170427930422861E-15, 0.000000000000000000 ) ) ;
#1060 = ORIENTED_EDGE ( 'NONE', *, *, #2255, .F. ) ;
#1061 = CARTESIAN_POINT ( 'NONE',  ( -16.92907078564804380, -31.62201072567204818, 0.4500000000000000666 ) ) ;
#1062 = DIRECTION ( 'NONE',  ( 1.000000000000000000, -9.912705577010326536E-16, 0.000000000000000000 ) ) ;
#1063 = EDGE_LOOP ( 'NONE', ( #1478, #384, #1911, #3827 ) ) ;
#1064 = DIRECTION ( 'NONE',  ( -0.9416718647324815450, 0.3365324637702148403, 0.000000000000000000 ) ) ;
#1065 = VERTEX_POINT ( 'NONE', #729 ) ;
#1066 = EDGE_CURVE ( 'NONE', #3382, #1181, #3899, .T. ) ;
#1067 = EDGE_CURVE ( 'NONE', #2908, #2651, #3061, .T. ) ;
#1068 = CARTESIAN_POINT ( 'NONE',  ( 30.50000000000000000, 0.000000000000000000, 0.4500000000000000666 ) ) ;
#1069 = CYLINDRICAL_SURFACE ( 'NONE', #3347, 1.149999999999998135 ) ;
#1070 = DIRECTION ( 'NONE',  ( 1.000000000000000000, 0.000000000000000000, -0.000000000000000000 ) ) ;
#1071 = ORIENTED_EDGE ( 'NONE', *, *, #3389, .T. ) ;
#1072 = DIRECTION ( 'NONE',  ( 0.2229109322296606022, 0.9748388155446537917, 0.000000000000000000 ) ) ;
#1073 = LINE ( 'NONE', #1666, #3967 ) ;
#1074 = VERTEX_POINT ( 'NONE', #3211 ) ;
#1075 = CIRCLE ( 'NONE', #3023, 1.150000000000003686 ) ;
#1076 = ORIENTED_EDGE ( 'NONE', *, *, #2688, .F. ) ;
#1077 = AXIS2_PLACEMENT_3D ( 'NONE', #1297, #2589, #3532 ) ;
#1078 = CIRCLE ( 'NONE', #3540, 1.149999999999998135 ) ;
#1079 = CIRCLE ( 'NONE', #1466, 1.149999999999998135 ) ;
#1080 = CARTESIAN_POINT ( 'NONE',  ( 32.87728979529173046, 19.34592599182580486, -0.7500000000000000000 ) ) ;
#1081 = VECTOR ( 'NONE', #277, 1000.000000000000000 ) ;
#1082 = CARTESIAN_POINT ( 'NONE',  ( 10.00000000000000178, -29.00000000000000000, -0.7500000000000000000 ) ) ;
#1083 = LINE ( 'NONE', #2316, #547 ) ;
#1084 = CARTESIAN_POINT ( 'NONE',  ( 4.000000000000000000, -34.00000000000000000, 0.7500000000000000000 ) ) ;
#1085 = CARTESIAN_POINT ( 'NONE',  ( -28.00000000000000355, 28.28854811567264349, 0.7500000000000000000 ) ) ;
#1086 = ORIENTED_EDGE ( 'NONE', *, *, #943, .T. ) ;
#1087 = CARTESIAN_POINT ( 'NONE',  ( -12.99999999999999645, -17.89500000000000668, -0.7500000000000000000 ) ) ;
#1088 = ORIENTED_EDGE ( 'NONE', *, *, #1600, .T. ) ;
#1089 = FACE_BOUND ( 'NONE', #1367, .T. ) ;
#1090 = DIRECTION ( 'NONE',  ( -0.000000000000000000, -0.000000000000000000, -1.000000000000000000 ) ) ;
#1091 = VERTEX_POINT ( 'NONE', #426 ) ;
#1092 = DIRECTION ( 'NONE',  ( -0.000000000000000000, 0.000000000000000000, -1.000000000000000000 ) ) ;
#1093 = VERTEX_POINT ( 'NONE', #2032 ) ;
#1094 = CARTESIAN_POINT ( 'NONE',  ( 4.000000000000000000, -34.00000000000000000, 0.7500000000000000000 ) ) ;
#1095 = DIRECTION ( 'NONE',  ( -0.4999999999999919509, 0.8660254037844432595, 0.000000000000000000 ) ) ;
#1096 = VERTEX_POINT ( 'NONE', #3145 ) ;
#1097 = ORIENTED_EDGE ( 'NONE', *, *, #2807, .F. ) ;
#1098 = DIRECTION ( 'NONE',  ( 0.6804659378644856149, 0.7327797127419714007, 0.000000000000000000 ) ) ;
#1099 = VECTOR ( 'NONE', #3274, 1000.000000000000000 ) ;
#1100 = CARTESIAN_POINT ( 'NONE',  ( -10.00000000000000178, -24.00000000000000000, 0.7500000000000000000 ) ) ;
#1101 = LINE ( 'NONE', #3859, #2108 ) ;
#1102 = CIRCLE ( 'NONE', #2989, 2.249999999999995115 ) ;
#1103 = FACE_OUTER_BOUND ( 'NONE', #889, .T. ) ;
#1104 = CARTESIAN_POINT ( 'NONE',  ( -10.00000000000000178, -24.00000000000000000, -0.7500000000000000000 ) ) ;
#1105 = ORIENTED_EDGE ( 'NONE', *, *, #2361, .F. ) ;
#1106 = LINE ( 'NONE', #3562, #843 ) ;
#1107 = ORIENTED_EDGE ( 'NONE', *, *, #820, .T. ) ;
#1108 = VECTOR ( 'NONE', #1846, 1000.000000000000000 ) ;
#1109 = CC_DESIGN_PERSON_AND_ORGANIZATION_ASSIGNMENT ( #2231, #2289, ( #338 ) ) ;
#1110 = DIRECTION ( 'NONE',  ( 0.000000000000000000, -0.000000000000000000, -1.000000000000000000 ) ) ;
#1111 = EDGE_CURVE ( 'NONE', #1762, #3930, #1043, .T. ) ;
#1112 = CARTESIAN_POINT ( 'NONE',  ( 4.000000000000000000, -34.00000000000000000, -0.7499999999999995559 ) ) ;
#1113 = ORIENTED_EDGE ( 'NONE', *, *, #3713, .F. ) ;
#1114 = VECTOR ( 'NONE', #1036, 1000.000000000000000 ) ;
#1115 = DIRECTION ( 'NONE',  ( 1.000000000000000000, 0.000000000000000000, 0.000000000000000000 ) ) ;
#1116 = AXIS2_PLACEMENT_3D ( 'NONE', #2960, #559, #1722 ) ;
#1117 = CARTESIAN_POINT ( 'NONE',  ( -12.63437259108305177, -23.88245612645412308, 0.4500000000000000666 ) ) ;
#1118 = LINE ( 'NONE', #1746, #649 ) ;
#1119 = CIRCLE ( 'NONE', #1630, 1.499999999999999778 ) ;
#1120 = ORIENTED_EDGE ( 'NONE', *, *, #1302, .F. ) ;
#1121 = CIRCLE ( 'NONE', #1832, 2.999999999999999112 ) ;
#1122 = ORIENTED_EDGE ( 'NONE', *, *, #3990, .T. ) ;
#1123 = ADVANCED_FACE ( 'NONE', ( #2435 ), #2764, .T. ) ;
#1124 = CARTESIAN_POINT ( 'NONE',  ( -16.74999999999975486, 26.41377481542551919, -0.7500000000000000000 ) ) ;
#1125 = DIRECTION ( 'NONE',  ( 0.000000000000000000, -0.000000000000000000, -1.000000000000000000 ) ) ;
#1126 = LINE ( 'NONE', #136, #158 ) ;
#1127 = ADVANCED_FACE ( 'NONE', ( #646 ), #4020, .F. ) ;
#1128 = DIRECTION ( 'NONE',  ( 0.000000000000000000, 0.000000000000000000, 1.000000000000000000 ) ) ;
#1129 = EDGE_LOOP ( 'NONE', ( #1071, #1562, #2199, #2123 ) ) ;
#1130 = CARTESIAN_POINT ( 'NONE',  ( 12.99999999999999822, 14.24204397361948082, 0.7500000000000000000 ) ) ;
#1131 = ORIENTED_EDGE ( 'NONE', *, *, #4027, .T. ) ;
#1132 = CARTESIAN_POINT ( 'NONE',  ( 22.41671864732480657, -15.13467536229785537, -0.7500000000000000000 ) ) ;
#1133 = LINE ( 'NONE', #3869, #554 ) ;
#1134 = ORIENTED_EDGE ( 'NONE', *, *, #2433, .F. ) ;
#1135 = EDGE_CURVE ( 'NONE', #3298, #3550, #1910, .T. ) ;
#1136 = FACE_BOUND ( 'NONE', #2899, .T. ) ;
#1137 = ORIENTED_EDGE ( 'NONE', *, *, #1934, .T. ) ;
#1138 = CYLINDRICAL_SURFACE ( 'NONE', #3796, 2.999999999999999112 ) ;
#1139 = CARTESIAN_POINT ( 'NONE',  ( 35.85000000000000142, 0.000000000000000000, 0.4500000000000000666 ) ) ;
#1140 = VERTEX_POINT ( 'NONE', #666 ) ;
#1141 = AXIS2_PLACEMENT_3D ( 'NONE', #1094, #3323, #2655 ) ;
#1142 = ORIENTED_EDGE ( 'NONE', *, *, #2567, .T. ) ;
#1143 = AXIS2_PLACEMENT_3D ( 'NONE', #2209, #1275, #992 ) ;
#1144 = CARTESIAN_POINT ( 'NONE',  ( 13.00000000000000355, -14.24204397361948615, -0.7500000000000000000 ) ) ;
#1145 = CARTESIAN_POINT ( 'NONE',  ( 21.40712125601415394, 12.30965976810040452, -0.7500000000000000000 ) ) ;
#1146 = CIRCLE ( 'NONE', #1534, 6.999999999999999112 ) ;
#1147 = AXIS2_PLACEMENT_3D ( 'NONE', #3764, #3782, #1876 ) ;
#1148 = CIRCLE ( 'NONE', #241, 2.999999999999999112 ) ;
#1149 = CIRCLE ( 'NONE', #1860, 2.249999999999995115 ) ;
#1150 = DIRECTION ( 'NONE',  ( 0.000000000000000000, 0.000000000000000000, 1.000000000000000000 ) ) ;
#1151 = ORIENTED_EDGE ( 'NONE', *, *, #739, .F. ) ;
#1152 = DIRECTION ( 'NONE',  ( -1.000000000000000000, 0.000000000000000000, 0.000000000000000000 ) ) ;
#1153 = ORIENTED_EDGE ( 'NONE', *, *, #3335, .T. ) ;
#1154 = DIRECTION ( 'NONE',  ( 0.000000000000000000, 0.000000000000000000, -1.000000000000000000 ) ) ;
#1155 = ADVANCED_FACE ( 'NONE', ( #3390 ), #1240, .F. ) ;
#1156 = DIRECTION ( 'NONE',  ( 0.4999758791016773452, -0.8660393295437018857, 0.000000000000000000 ) ) ;
#1157 = VERTEX_POINT ( 'NONE', #3698 ) ;
#1158 = DIRECTION ( 'NONE',  ( 0.000000000000000000, -0.000000000000000000, 1.000000000000000000 ) ) ;
#1159 = ORIENTED_EDGE ( 'NONE', *, *, #1601, .T. ) ;
#1160 = PLANE ( 'NONE',  #2367 ) ;
#1161 = DIRECTION ( 'NONE',  ( 0.000000000000000000, 0.000000000000000000, 1.000000000000000000 ) ) ;
#1162 = ORIENTED_EDGE ( 'NONE', *, *, #2504, .T. ) ;
#1163 = ORIENTED_EDGE ( 'NONE', *, *, #3047, .F. ) ;
#1164 = DIRECTION ( 'NONE',  ( 0.9416718647324814340, 0.3365324637702151733, 0.000000000000000000 ) ) ;
#1165 = LINE ( 'NONE', #2383, #2824 ) ;
#1166 = FACE_OUTER_BOUND ( 'NONE', #1200, .T. ) ;
#1167 = VERTEX_POINT ( 'NONE', #2746 ) ;
#1168 = DIRECTION ( 'NONE',  ( 0.000000000000000000, 0.000000000000000000, 1.000000000000000000 ) ) ;
#1169 = VERTEX_POINT ( 'NONE', #3130 ) ;
#1170 = ADVANCED_FACE ( 'NONE', ( #3681 ), #345, .F. ) ;
#1171 = CIRCLE ( 'NONE', #4019, 6.999999999999999112 ) ;
#1172 = CARTESIAN_POINT ( 'NONE',  ( 40.11809450837039748, 12.20441634288888721, -0.7500000000000000000 ) ) ;
#1173 = ADVANCED_FACE ( 'NONE', ( #914 ), #2215, .F. ) ;
#1174 = LINE ( 'NONE', #3708, #1081 ) ;
#1175 = ORIENTED_EDGE ( 'NONE', *, *, #106, .T. ) ;
#1176 = LINE ( 'NONE', #2678, #3380 ) ;
#1177 = ORIENTED_EDGE ( 'NONE', *, *, #2022, .T. ) ;
#1178 = AXIS2_PLACEMENT_3D ( 'NONE', #220, #3006, #2681 ) ;
#1179 = CARTESIAN_POINT ( 'NONE',  ( -2.750000000000003997, 14.49999999999999822, 0.7500000000000000000 ) ) ;
#1180 = CARTESIAN_POINT ( 'NONE',  ( -4.000000000000000000, -34.00000000000000000, 0.7500000000000000000 ) ) ;
#1181 = VERTEX_POINT ( 'NONE', #1561 ) ;
#1182 = VERTEX_POINT ( 'NONE', #3368 ) ;
#1183 = AXIS2_PLACEMENT_3D ( 'NONE', #857, #2095, #3009 ) ;
#1184 = ADVANCED_FACE ( 'NONE', ( #2474 ), #1869, .F. ) ;
#1185 = CIRCLE ( 'NONE', #855, 6.999999999999999112 ) ;
#1186 = CARTESIAN_POINT ( 'NONE',  ( -20.22499999999969589, 33.03886915437651339, -0.7500000000000000000 ) ) ;
#1187 = AXIS2_PLACEMENT_3D ( 'NONE', #1327, #1023, #1350 ) ;
#1188 = CARTESIAN_POINT ( 'NONE',  ( 13.00000000000000355, -18.50000000000000355, 0.7500000000000000000 ) ) ;
#1189 = EDGE_CURVE ( 'NONE', #2639, #2067, #2272, .T. ) ;
#1190 = ADVANCED_FACE ( 'NONE', ( #896 ), #959, .F. ) ;
#1191 = CIRCLE ( 'NONE', #2742, 6.999999999999999112 ) ;
#1192 = EDGE_CURVE ( 'NONE', #1530, #69, #3638, .T. ) ;
#1193 = EDGE_CURVE ( 'NONE', #297, #2947, #385, .T. ) ;
#1194 = FACE_OUTER_BOUND ( 'NONE', #1792, .T. ) ;
#1195 = LINE ( 'NONE', #1249, #1422 ) ;
#1196 = ORIENTED_EDGE ( 'NONE', *, *, #457, .T. ) ;
#1197 = DIRECTION ( 'NONE',  ( 0.000000000000000000, 0.000000000000000000, 1.000000000000000000 ) ) ;
#1198 = ORIENTED_EDGE ( 'NONE', *, *, #1425, .T. ) ;
#1199 = CARTESIAN_POINT ( 'NONE',  ( -4.000000000000000000, -34.00000000000000000, -0.7499999999999995559 ) ) ;
#1200 = EDGE_LOOP ( 'NONE', ( #1556, #2077, #3488, #3820 ) ) ;
#1201 = EDGE_CURVE ( 'NONE', #2487, #1676, #2493, .T. ) ;
#1202 = CARTESIAN_POINT ( 'NONE',  ( -5.000000000000000000, 14.49999999999999822, 0.4499999999999983458 ) ) ;
#1203 = FACE_OUTER_BOUND ( 'NONE', #3306, .T. ) ;
#1204 = VERTEX_POINT ( 'NONE', #1206 ) ;
#1205 = ORIENTED_EDGE ( 'NONE', *, *, #3500, .T. ) ;
#1206 = CARTESIAN_POINT ( 'NONE',  ( -18.46442724688435177, -23.98057411667475947, 0.4500000000000000666 ) ) ;
#1207 = CARTESIAN_POINT ( 'NONE',  ( 42.00000000000000000, -10.18749000000000038, -0.7500000000000000000 ) ) ;
#1208 = FACE_OUTER_BOUND ( 'NONE', #3146, .T. ) ;
#1209 = CARTESIAN_POINT ( 'NONE',  ( 35.46896998261891554, -17.19116223487141681, -0.7500000000000000000 ) ) ;
#1210 = ORIENTED_EDGE ( 'NONE', *, *, #1870, .T. ) ;
#1211 = VECTOR ( 'NONE', #2860, 1000.000000000000000 ) ;
#1212 = PLANE ( 'NONE',  #298 ) ;
#1213 = CARTESIAN_POINT ( 'NONE',  ( 42.00000000000000000, -4.000376003793891577, 0.7500120000000000120 ) ) ;
#1214 = ORIENTED_EDGE ( 'NONE', *, *, #3305, .T. ) ;
#1215 = CARTESIAN_POINT ( 'NONE',  ( 4.999999999999999112, -1.500000000000000000, -0.7500000000000000000 ) ) ;
#1216 = ORIENTED_EDGE ( 'NONE', *, *, #3987, .F. ) ;
#1217 = DIRECTION ( 'NONE',  ( 0.000000000000000000, 0.000000000000000000, 1.000000000000000000 ) ) ;
#1218 = DIRECTION ( 'NONE',  ( 0.000000000000000000, -0.000000000000000000, 1.000000000000000000 ) ) ;
#1219 = ORIENTED_EDGE ( 'NONE', *, *, #3873, .F. ) ;
#1220 = ORIENTED_EDGE ( 'NONE', *, *, #3657, .T. ) ;
#1221 = EDGE_CURVE ( 'NONE', #1038, #1226, #34, .T. ) ;
#1222 = DIRECTION ( 'NONE',  ( -1.000000000000000000, 0.000000000000000000, 0.000000000000000000 ) ) ;
#1223 = CARTESIAN_POINT ( 'NONE',  ( 0.9959292143521096818, 0.5749999999999907407, -0.7500000000000000000 ) ) ;
#1224 = CARTESIAN_POINT ( 'NONE',  ( 22.41671864732479946, 15.13467536229785004, 0.7500000000000000000 ) ) ;
#1225 = DIRECTION ( 'NONE',  ( 1.000000000000000000, 0.000000000000000000, 0.000000000000000000 ) ) ;
#1226 = VERTEX_POINT ( 'NONE', #1029 ) ;
#1227 = CARTESIAN_POINT ( 'NONE',  ( 32.00000000000000000, -1.836970198721029441E-16, -0.7500000000000000000 ) ) ;
#1228 = LINE ( 'NONE', #1497, #1469 ) ;
#1229 = ORIENTED_EDGE ( 'NONE', *, *, #252, .T. ) ;
#1230 = DIRECTION ( 'NONE',  ( -1.454085059494389690E-16, 1.000000000000000000, 0.000000000000000000 ) ) ;
#1231 = EDGE_LOOP ( 'NONE', ( #1313, #807 ) ) ;
#1232 = EDGE_CURVE ( 'NONE', #3587, #3314, #913, .T. ) ;
#1233 = EDGE_CURVE ( 'NONE', #1991, #3920, #3185, .T. ) ;
#1234 = CARTESIAN_POINT ( 'NONE',  ( 42.00000000000000000, -7.430116670695394276, 0.7500000000000000000 ) ) ;
#1235 = VECTOR ( 'NONE', #56, 1000.000000000000227 ) ;
#1236 = DIRECTION ( 'NONE',  ( -0.8660114773533631460, 0.5000241205104463127, 0.000000000000000000 ) ) ;
#1237 = VERTEX_POINT ( 'NONE', #2530 ) ;
#1238 = ORIENTED_EDGE ( 'NONE', *, *, #925, .T. ) ;
#1239 = VECTOR ( 'NONE', #1602, 1000.000000000000000 ) ;
#1240 = CYLINDRICAL_SURFACE ( 'NONE', #2148, 2.249999999999996003 ) ;
#1241 = EDGE_LOOP ( 'NONE', ( #551, #2585 ) ) ;
#1242 = DIRECTION ( 'NONE',  ( 9.693900396629265422E-17, -1.000000000000000000, 0.000000000000000000 ) ) ;
#1243 = ADVANCED_FACE ( 'NONE', ( #3204 ), #2269, .F. ) ;
#1244 = ADVANCED_FACE ( 'NONE', ( #1683, #435, #3533 ), #3226, .T. ) ;
#1245 = VECTOR ( 'NONE', #387, 1000.000000000000000 ) ;
#1246 = AXIS2_PLACEMENT_3D ( 'NONE', #3755, #365, #1374 ) ;
#1247 = LINE ( 'NONE', #590, #397 ) ;
#1248 = EDGE_CURVE ( 'NONE', #262, #514, #1378, .T. ) ;
#1249 = CARTESIAN_POINT ( 'NONE',  ( 2.499999999999998668, -34.00000000000000000, 0.7500000000000000000 ) ) ;
#1250 = VECTOR ( 'NONE', #2296, 1000.000000000000000 ) ;
#1251 = VERTEX_POINT ( 'NONE', #1966 ) ;
#1252 = CARTESIAN_POINT ( 'NONE',  ( -15.25000000000012434, -26.41377481542531314, -0.7500000000000000000 ) ) ;
#1253 = CARTESIAN_POINT ( 'NONE',  ( 35.85000000000000142, -1.149999999999999911, 0.4500000000000000666 ) ) ;
#1254 = ORIENTED_EDGE ( 'NONE', *, *, #2616, .T. ) ;
#1255 = DIRECTION ( 'NONE',  ( 1.000000000000000000, 0.000000000000000000, 0.000000000000000000 ) ) ;
#1256 = ORIENTED_EDGE ( 'NONE', *, *, #1193, .T. ) ;
#1257 = LINE ( 'NONE', #2430, #880 ) ;
#1258 = FACE_OUTER_BOUND ( 'NONE', #2712, .T. ) ;
#1259 = VERTEX_POINT ( 'NONE', #415 ) ;
#1260 = DIRECTION ( 'NONE',  ( -1.000000000000000000, 0.000000000000000000, 0.000000000000000000 ) ) ;
#1261 = DIRECTION ( 'NONE',  ( 0.6804659378644856149, 0.7327797127419714007, 0.000000000000000000 ) ) ;
#1262 = DIRECTION ( 'NONE',  ( 0.3365324637702151733, -0.9416718647324814340, 0.000000000000000000 ) ) ;
#1263 = DIRECTION ( 'NONE',  ( -5.337610695313251508E-17, -1.000000000000000000, 0.000000000000000000 ) ) ;
#1264 = ORIENTED_EDGE ( 'NONE', *, *, #767, .F. ) ;
#1265 = AXIS2_PLACEMENT_3D ( 'NONE', #1753, #2055, #2359 ) ;
#1266 = DIRECTION ( 'NONE',  ( 0.000000000000000000, 0.000000000000000000, 1.000000000000000000 ) ) ;
#1267 = AXIS2_PLACEMENT_3D ( 'NONE', #1577, #2819, #3179 ) ;
#1268 = LINE ( 'NONE', #370, #3030 ) ;
#1269 = ORIENTED_EDGE ( 'NONE', *, *, #2491, .F. ) ;
#1270 = DIRECTION ( 'NONE',  ( 1.000000000000000000, 0.000000000000000000, 0.000000000000000000 ) ) ;
#1271 = ORIENTED_EDGE ( 'NONE', *, *, #887, .T. ) ;
#1272 = VECTOR ( 'NONE', #475, 1000.000000000000000 ) ;
#1273 = AXIS2_PLACEMENT_3D ( 'NONE', #2037, #3278, #494 ) ;
#1274 = EDGE_CURVE ( 'NONE', #891, #2795, #1073, .T. ) ;
#1275 = DIRECTION ( 'NONE',  ( 0.000000000000000000, 0.000000000000000000, 1.000000000000000000 ) ) ;
#1276 = DIRECTION ( 'NONE',  ( 1.000000000000000000, 1.734723475976807686E-15, 0.000000000000000000 ) ) ;
#1277 = AXIS2_PLACEMENT_3D ( 'NONE', #2426, #253, #2774 ) ;
#1278 = VERTEX_POINT ( 'NONE', #2312 ) ;
#1279 = CARTESIAN_POINT ( 'NONE',  ( 21.40712125601415394, 12.30965976810040452, -0.7500000000000000000 ) ) ;
#1280 = ORIENTED_EDGE ( 'NONE', *, *, #1772, .T. ) ;
#1281 = CARTESIAN_POINT ( 'NONE',  ( -16.92907078564760326, 31.62201072567227911, 0.4500000000000000666 ) ) ;
#1282 = LINE ( 'NONE', #2516, #3776 ) ;
#1283 = LINE ( 'NONE', #3477, #580 ) ;
#1284 = ORIENTED_EDGE ( 'NONE', *, *, #507, .F. ) ;
#1285 = LINE ( 'NONE', #694, #821 ) ;
#1286 = CARTESIAN_POINT ( 'NONE',  ( 42.00000000000000000, -4.000376003793891577, 0.7500000000000000000 ) ) ;
#1287 = VERTEX_POINT ( 'NONE', #1642 ) ;
#1288 = CARTESIAN_POINT ( 'NONE',  ( -20.07092921435225819, -32.46386915437624765, -0.7500000000000000000 ) ) ;
#1289 = VERTEX_POINT ( 'NONE', #2000 ) ;
#1290 = EDGE_CURVE ( 'NONE', #3793, #1363, #3181, .T. ) ;
#1291 = EDGE_CURVE ( 'NONE', #1788, #3494, #768, .T. ) ;
#1292 = PLANE ( 'NONE',  #1654 ) ;
#1293 = LINE ( 'NONE', #993, #1211 ) ;
#1294 = VECTOR ( 'NONE', #1855, 1000.000000000000114 ) ;
#1295 = EDGE_LOOP ( 'NONE', ( #3731, #2954, #2485, #3534 ) ) ;
#1296 = AXIS2_PLACEMENT_3D ( 'NONE', #3171, #3134, #351 ) ;
#1297 = CARTESIAN_POINT ( 'NONE',  ( 0.000000000000000000, 0.000000000000000000, 0.000000000000000000 ) ) ;
#1298 = DIRECTION ( 'NONE',  ( 1.000000000000000000, 0.000000000000000000, 0.000000000000000000 ) ) ;
#1299 = ORIENTED_EDGE ( 'NONE', *, *, #2288, .F. ) ;
#1300 = CARTESIAN_POINT ( 'NONE',  ( -24.49999999999998934, 34.35072594216372721, 0.7500000000000000000 ) ) ;
#1301 = VECTOR ( 'NONE', #1622, 1000.000000000000000 ) ;
#1302 = EDGE_CURVE ( 'NONE', #211, #2233, #849, .T. ) ;
#1303 = DIRECTION ( 'NONE',  ( 1.000000000000000000, 0.000000000000000000, 0.000000000000000000 ) ) ;
#1304 = EDGE_CURVE ( 'NONE', #2947, #297, #2466, .T. ) ;
#1305 = DIRECTION ( 'NONE',  ( -1.000000000000000000, 0.000000000000000000, 0.000000000000000000 ) ) ;
#1306 = ORIENTED_EDGE ( 'NONE', *, *, #1461, .F. ) ;
#1307 = EDGE_CURVE ( 'NONE', #3295, #1738, #2213, .T. ) ;
#1308 = FACE_OUTER_BOUND ( 'NONE', #3438, .T. ) ;
#1309 = VECTOR ( 'NONE', #489, 999.9999999999998863 ) ;
#1310 = LINE ( 'NONE', #3158, #3647 ) ;
#1311 = ORIENTED_EDGE ( 'NONE', *, *, #3201, .F. ) ;
#1312 = LINE ( 'NONE', #2261, #593 ) ;
#1313 = ORIENTED_EDGE ( 'NONE', *, *, #1598, .F. ) ;
#1314 = DIRECTION ( 'NONE',  ( -0.000000000000000000, -0.000000000000000000, -1.000000000000000000 ) ) ;
#1315 = CYLINDRICAL_SURFACE ( 'NONE', #2437, 2.999999999999999112 ) ;
#1316 = ORIENTED_EDGE ( 'NONE', *, *, #1543, .T. ) ;
#1317 = ADVANCED_BREP_SHAPE_REPRESENTATION ( 'PEN-M', ( #2827, #1077 ), #2179 ) ;
#1318 = FACE_OUTER_BOUND ( 'NONE', #1323, .T. ) ;
#1319 = ORIENTED_EDGE ( 'NONE', *, *, #3819, .T. ) ;
#1320 = EDGE_CURVE ( 'NONE', #2777, #3073, #1623, .T. ) ;
#1321 = DIRECTION ( 'NONE',  ( 0.000000000000000000, -0.000000000000000000, 1.000000000000000000 ) ) ;
#1322 = FACE_OUTER_BOUND ( 'NONE', #978, .T. ) ;
#1323 = EDGE_LOOP ( 'NONE', ( #3060, #2070, #761, #2512 ) ) ;
#1324 = CARTESIAN_POINT ( 'NONE',  ( -5.000000000000000888, -24.00000000000000000, 0.7500000000000000000 ) ) ;
#1325 = DIRECTION ( 'NONE',  ( 1.000000000000000000, -1.982541115402065307E-15, 0.000000000000000000 ) ) ;
#1326 = VERTEX_POINT ( 'NONE', #1357 ) ;
#1327 = CARTESIAN_POINT ( 'NONE',  ( 23.37957040696730360, 1.301042606982605321E-15, 0.7500000000000000000 ) ) ;
#1328 = ORIENTED_EDGE ( 'NONE', *, *, #78, .T. ) ;
#1329 = AXIS2_PLACEMENT_3D ( 'NONE', #3010, #226, #2708 ) ;
#1330 = CIRCLE ( 'NONE', #682, 6.999999999999999112 ) ;
#1331 = DIRECTION ( 'NONE',  ( 0.000000000000000000, -0.000000000000000000, 1.000000000000000000 ) ) ;
#1332 = DIRECTION ( 'NONE',  ( -1.000000000000000000, -0.000000000000000000, 0.000000000000000000 ) ) ;
#1333 = ORIENTED_EDGE ( 'NONE', *, *, #2482, .F. ) ;
#1334 = AXIS2_PLACEMENT_3D ( 'NONE', #612, #927, #888 ) ;
#1335 = AXIS2_PLACEMENT_3D ( 'NONE', #450, #2327, #762 ) ;
#1336 = AXIS2_PLACEMENT_3D ( 'NONE', #1037, #2280, #3193 ) ;
#1337 = APPROVAL_DATE_TIME ( #1621, #1482 ) ;
#1338 = VECTOR ( 'NONE', #3480, 1000.000000000000000 ) ;
#1339 = DIRECTION ( 'NONE',  ( 0.000000000000000000, 0.000000000000000000, 1.000000000000000000 ) ) ;
#1340 = ORIENTED_EDGE ( 'NONE', *, *, #1480, .F. ) ;
#1341 = EDGE_CURVE ( 'NONE', #42, #3725, #2232, .T. ) ;
#1342 = EDGE_CURVE ( 'NONE', #1251, #534, #688, .T. ) ;
#1343 = ADVANCED_FACE ( 'NONE', ( #1318 ), #2865, .F. ) ;
#1344 = DIRECTION ( 'NONE',  ( 1.000000000000000000, 0.000000000000000000, 0.000000000000000000 ) ) ;
#1345 = DIRECTION ( 'NONE',  ( 0.000000000000000000, -0.000000000000000000, 1.000000000000000000 ) ) ;
#1346 = ORIENTED_EDGE ( 'NONE', *, *, #3097, .T. ) ;
#1347 = CARTESIAN_POINT ( 'NONE',  ( -18.92092921435224895, -30.47201072567203894, -0.7500000000000000000 ) ) ;
#1348 = DIRECTION ( 'NONE',  ( 1.000000000000000000, -3.593355771666243492E-15, 0.000000000000000000 ) ) ;
#1349 = ORIENTED_EDGE ( 'NONE', *, *, #634, .F. ) ;
#1350 = DIRECTION ( 'NONE',  ( 1.000000000000000000, -3.552713678800501718E-15, 0.000000000000000000 ) ) ;
#1351 = VERTEX_POINT ( 'NONE', #703 ) ;
#1352 = DIRECTION ( 'NONE',  ( 0.000000000000000000, 0.000000000000000000, -1.000000000000000000 ) ) ;
#1353 = CARTESIAN_POINT ( 'NONE',  ( -7.249999999999996447, 14.49999999999999822, 0.7500000000000000000 ) ) ;
#1354 = ORIENTED_EDGE ( 'NONE', *, *, #214, .T. ) ;
#1355 = EDGE_CURVE ( 'NONE', #1486, #3596, #1944, .T. ) ;
#1356 =( NAMED_UNIT ( * ) PLANE_ANGLE_UNIT ( ) SI_UNIT ( $, .RADIAN. ) );
#1357 = CARTESIAN_POINT ( 'NONE',  ( 13.00000000000000355, -14.24204397361948615, 0.7500000000000000000 ) ) ;
#1358 = ORIENTED_EDGE ( 'NONE', *, *, #3031, .T. ) ;
#1359 = DIRECTION ( 'NONE',  ( 1.000000000000000000, 0.000000000000000000, 0.000000000000000000 ) ) ;
#1360 = CARTESIAN_POINT ( 'NONE',  ( -15.24999999999975309, 26.41377481542551919, 0.4500000000000000666 ) ) ;
#1361 = ADVANCED_FACE ( 'NONE', ( #3575 ), #870, .F. ) ;
#1362 = EDGE_CURVE ( 'NONE', #2648, #3523, #1727, .T. ) ;
#1363 = VERTEX_POINT ( 'NONE', #3595 ) ;
#1364 = VECTOR ( 'NONE', #176, 1000.000000000000000 ) ;
#1365 = CARTESIAN_POINT ( 'NONE',  ( 30.34949407128472743, -19.41717371443391826, -0.7500000000000000000 ) ) ;
#1366 = CARTESIAN_POINT ( 'NONE',  ( 5.000000000000000000, 14.49999999999999822, 0.7500000000000000000 ) ) ;
#1367 = EDGE_LOOP ( 'NONE', ( #1681, #1271, #1657, #3194, #744, #3503, #1105, #4012 ) ) ;
#1368 = CARTESIAN_POINT ( 'NONE',  ( 30.00000000581808735, 0.9995404384714641211, 0.4500000000000000666 ) ) ;
#1369 = ORIENTED_EDGE ( 'NONE', *, *, #3305, .F. ) ;
#1370 = AXIS2_PLACEMENT_3D ( 'NONE', #407, #1899, #1936 ) ;
#1371 = FACE_OUTER_BOUND ( 'NONE', #2093, .T. ) ;
#1372 = CIRCLE ( 'NONE', #268, 2.999999999999999112 ) ;
#1373 = CARTESIAN_POINT ( 'NONE',  ( -24.46271486164730291, 34.37225252682841870, 0.7500000000000002220 ) ) ;
#1374 = DIRECTION ( 'NONE',  ( 1.000000000000000000, 0.000000000000000000, 0.000000000000000000 ) ) ;
#1375 = VERTEX_POINT ( 'NONE', #2415 ) ;
#1376 = AXIS2_PLACEMENT_3D ( 'NONE', #403, #1644, #1303 ) ;
#1377 = PERSON_AND_ORGANIZATION ( #725, #95 ) ;
#1378 = LINE ( 'NONE', #1929, #1759 ) ;
#1379 = ORIENTED_EDGE ( 'NONE', *, *, #1233, .F. ) ;
#1380 = ORIENTED_EDGE ( 'NONE', *, *, #953, .T. ) ;
#1381 = LINE ( 'NONE', #422, #8 ) ;
#1382 = CARTESIAN_POINT ( 'NONE',  ( 4.000000000000000000, -34.00000000000000000, 0.4499999999999983458 ) ) ;
#1383 = CARTESIAN_POINT ( 'NONE',  ( 23.37957040696730360, 1.301042606982605321E-15, -0.7500000000000000000 ) ) ;
#1384 = CARTESIAN_POINT ( 'NONE',  ( 25.24173424152225564, 14.12507797098720275, -0.7500000000000000000 ) ) ;
#1385 = FACE_BOUND ( 'NONE', #2171, .T. ) ;
#1386 = ORIENTED_EDGE ( 'NONE', *, *, #1640, .F. ) ;
#1387 = DIRECTION ( 'NONE',  ( 1.000000000000000000, 0.000000000000000000, 0.000000000000000000 ) ) ;
#1388 = ORIENTED_EDGE ( 'NONE', *, *, #3202, .F. ) ;
#1389 = DIRECTION ( 'NONE',  ( 0.6819983600624996978, 0.7313537016191693496, 0.000000000000000000 ) ) ;
#1390 = DIRECTION ( 'NONE',  ( 0.4999999999999920064, -0.8660254037844431485, 0.000000000000000000 ) ) ;
#1391 = ORIENTED_EDGE ( 'NONE', *, *, #3202, .T. ) ;
#1392 = PLANE ( 'NONE',  #3643 ) ;
#1393 = ORIENTED_EDGE ( 'NONE', *, *, #3085, .F. ) ;
#1394 = ADVANCED_FACE ( 'NONE', ( #2965 ), #1458, .F. ) ;
#1395 = FACE_OUTER_BOUND ( 'NONE', #3768, .T. ) ;
#1396 = ORIENTED_EDGE ( 'NONE', *, *, #3462, .F. ) ;
#1397 = ORIENTED_EDGE ( 'NONE', *, *, #2332, .F. ) ;
#1398 = APPROVAL_PERSON_ORGANIZATION ( #1377, #754, #2923 ) ;
#1399 = AXIS2_PLACEMENT_3D ( 'NONE', #2841, #123, #3506 ) ;
#1400 = CIRCLE ( 'NONE', #2052, 2.999999999999999112 ) ;
#1401 = CARTESIAN_POINT ( 'NONE',  ( -13.00000000000000178, 17.89499999999999602, -0.7500000000000000000 ) ) ;
#1402 = LINE ( 'NONE', #2663, #909 ) ;
#1403 = CARTESIAN_POINT ( 'NONE',  ( 17.00959739131063841, 17.06705956781692635, 0.7500000000000000000 ) ) ;
#1404 = EDGE_CURVE ( 'NONE', #1204, #29, #1118, .T. ) ;
#1405 = ADVANCED_FACE ( 'NONE', ( #500 ), #3659, .F. ) ;
#1406 = CARTESIAN_POINT ( 'NONE',  ( -11.53633815902296433, -27.98060469933880157, 0.4500000000000000666 ) ) ;
#1407 = DIRECTION ( 'NONE',  ( 0.000000000000000000, 0.000000000000000000, 1.000000000000000000 ) ) ;
#1408 = VERTEX_POINT ( 'NONE', #480 ) ;
#1409 = CARTESIAN_POINT ( 'NONE',  ( -13.75000000000012257, -26.41377481542531314, 0.4500000000000000666 ) ) ;
#1410 = ORIENTED_EDGE ( 'NONE', *, *, #1189, .F. ) ;
#1411 = FACE_BOUND ( 'NONE', #2331, .T. ) ;
#1412 = CARTESIAN_POINT ( 'NONE',  ( 22.41671864732480657, -15.13467536229785537, 0.7500000000000000000 ) ) ;
#1413 = ORIENTED_EDGE ( 'NONE', *, *, #2267, .F. ) ;
#1414 = DIRECTION ( 'NONE',  ( 1.000000000000000000, 0.000000000000000000, -0.000000000000000000 ) ) ;
#1415 = VERTEX_POINT ( 'NONE', #2397 ) ;
#1416 = ADVANCED_FACE ( 'NONE', ( #1395 ), #3634, .F. ) ;
#1417 = DIRECTION ( 'NONE',  ( -0.3365324637702176158, 0.9416718647324804348, 0.000000000000000000 ) ) ;
#1418 = LINE ( 'NONE', #851, #1823 ) ;
#1419 = ORIENTED_EDGE ( 'NONE', *, *, #1290, .T. ) ;
#1420 = ORIENTED_EDGE ( 'NONE', *, *, #2134, .F. ) ;
#1421 = CARTESIAN_POINT ( 'NONE',  ( -18.07907078564805659, -33.61386915437626044, -0.7500000000000000000 ) ) ;
#1422 = VECTOR ( 'NONE', #3646, 1000.000000000000000 ) ;
#1423 = FACE_BOUND ( 'NONE', #3379, .T. ) ;
#1424 = DIRECTION ( 'NONE',  ( 1.000000000000000000, 0.000000000000000000, 0.000000000000000000 ) ) ;
#1425 = EDGE_CURVE ( 'NONE', #1415, #1326, #1418, .T. ) ;
#1426 = AXIS2_PLACEMENT_3D ( 'NONE', #773, #3879, #750 ) ;
#1427 = CARTESIAN_POINT ( 'NONE',  ( -17.92499999999971294, 31.04701072567229048, -0.7500000000000000000 ) ) ;
#1428 = VERTEX_POINT ( 'NONE', #2354 ) ;
#1429 = DIRECTION ( 'NONE',  ( 0.000000000000000000, 0.000000000000000000, 1.000000000000000000 ) ) ;
#1430 = VERTEX_POINT ( 'NONE', #1707 ) ;
#1431 = AXIS2_PLACEMENT_3D ( 'NONE', #52, #3777, #1298 ) ;
#1432 = CARTESIAN_POINT ( 'NONE',  ( -19.07499999999969376, 33.03886915437651339, -0.7500000000000000000 ) ) ;
#1433 = CARTESIAN_POINT ( 'NONE',  ( 21.40712125601416105, -12.30965976810040807, -0.7500000000000000000 ) ) ;
#1434 = ORIENTED_EDGE ( 'NONE', *, *, #20, .F. ) ;
#1435 = AXIS2_PLACEMENT_3D ( 'NONE', #1849, #363, #3410 ) ;
#1436 = CARTESIAN_POINT ( 'NONE',  ( 19.06560940360344603, -26.03736625463497845, -0.7500000000000000000 ) ) ;
#1437 = ORIENTED_EDGE ( 'NONE', *, *, #306, .F. ) ;
#1438 = VECTOR ( 'NONE', #3530, 999.9999999999998863 ) ;
#1439 = CARTESIAN_POINT ( 'NONE',  ( -7.249999999999995559, 14.49999999999999822, 0.7500000000000000000 ) ) ;
#1440 = FACE_OUTER_BOUND ( 'NONE', #109, .T. ) ;
#1441 = AXIS2_PLACEMENT_3D ( 'NONE', #184, #2689, #3927 ) ;
#1442 = ORIENTED_EDGE ( 'NONE', *, *, #93, .F. ) ;
#1443 = ORIENTED_EDGE ( 'NONE', *, *, #340, .T. ) ;
#1444 = LINE ( 'NONE', #814, #529 ) ;
#1445 = DATE_AND_TIME ( #545, #2050 ) ;
#1446 = LINE ( 'NONE', #1776, #944 ) ;
#1447 = EDGE_CURVE ( 'NONE', #2982, #3405, #2046, .T. ) ;
#1448 = DIRECTION ( 'NONE',  ( 1.000000000000000000, 0.000000000000000000, 0.000000000000000000 ) ) ;
#1449 = EDGE_LOOP ( 'NONE', ( #2452, #1540, #1871, #146 ) ) ;
#1450 = CARTESIAN_POINT ( 'NONE',  ( -14.13364897028692901, 26.48095012046884733, 0.7500000000000000000 ) ) ;
#1451 = ORIENTED_EDGE ( 'NONE', *, *, #3456, .T. ) ;
#1452 = CARTESIAN_POINT ( 'NONE',  ( 0.000000000000000000, 0.000000000000000000, 0.7500000000000000000 ) ) ;
#1453 = CARTESIAN_POINT ( 'NONE',  ( 2.750000000000003109, 14.49999999999999822, 0.4499999999999983458 ) ) ;
#1454 = EDGE_LOOP ( 'NONE', ( #3064, #3141 ) ) ;
#1455 = CARTESIAN_POINT ( 'NONE',  ( -13.74999999999975131, 26.41377481542551919, -0.7500000000000000000 ) ) ;
#1456 = ORIENTED_EDGE ( 'NONE', *, *, #1726, .T. ) ;
#1457 = CARTESIAN_POINT ( 'NONE',  ( 10.00000000000000000, -1.499999999999999778, -0.7500000000000000000 ) ) ;
#1458 = CYLINDRICAL_SURFACE ( 'NONE', #1178, 2.999999999999999112 ) ;
#1459 = VERTEX_POINT ( 'NONE', #3324 ) ;
#1460 = VECTOR ( 'NONE', #717, 1000.000000000000000 ) ;
#1461 = EDGE_CURVE ( 'NONE', #2403, #262, #2731, .T. ) ;
#1462 = DIRECTION ( 'NONE',  ( 1.000000000000000000, 0.000000000000000000, 0.000000000000000000 ) ) ;
#1463 = DIRECTION ( 'NONE',  ( 0.5000000000000041078, 0.8660254037844363761, 0.000000000000000000 ) ) ;
#1464 = AXIS2_PLACEMENT_3D ( 'NONE', #718, #3788, #2285 ) ;
#1465 = UNCERTAINTY_MEASURE_WITH_UNIT (LENGTH_MEASURE( 1.000000000000000082E-05 ), #2214, 'distance_accuracy_value', 'NONE');
#1466 = AXIS2_PLACEMENT_3D ( 'NONE', #374, #1314, #699 ) ;
#1467 = EDGE_CURVE ( 'NONE', #514, #2875, #980, .T. ) ;
#1468 = EDGE_CURVE ( 'NONE', #1030, #2409, #58, .T. ) ;
#1469 = VECTOR ( 'NONE', #2734, 1000.000000000000000 ) ;
#1470 = CARTESIAN_POINT ( 'NONE',  ( -6.777348132437759354, 36.50000000000000000, 0.7500000000000000000 ) ) ;
#1471 = ORIENTED_EDGE ( 'NONE', *, *, #1111, .T. ) ;
#1472 = CARTESIAN_POINT ( 'NONE',  ( 0.0001114192338569289779, 4.000376002242254536, 0.4500000000000000666 ) ) ;
#1473 = ORIENTED_EDGE ( 'NONE', *, *, #3164, .F. ) ;
#1474 = DIRECTION ( 'NONE',  ( -1.000000000000000000, 0.000000000000000000, 0.000000000000000000 ) ) ;
#1475 = DIRECTION ( 'NONE',  ( 0.000000000000000000, -0.000000000000000000, 1.000000000000000000 ) ) ;
#1476 = ORIENTED_EDGE ( 'NONE', *, *, #2784, .T. ) ;
#1477 = CARTESIAN_POINT ( 'NONE',  ( 24.23213685021160302, -11.30006237678975545, 0.7500000000000000000 ) ) ;
#1478 = ORIENTED_EDGE ( 'NONE', *, *, #3495, .F. ) ;
#1479 = CARTESIAN_POINT ( 'NONE',  ( 29.70116090388003371, 13.10796115823305108, -0.7500000000000000000 ) ) ;
#1480 = EDGE_CURVE ( 'NONE', #1363, #3623, #243, .T. ) ;
#1481 = DIRECTION ( 'NONE',  ( 9.693900396629265422E-17, -1.000000000000000000, 0.000000000000000000 ) ) ;
#1482 = APPROVAL ( #1982, 'UNSPECIFIED' ) ;
#1483 = ORIENTED_EDGE ( 'NONE', *, *, #3337, .T. ) ;
#1484 = EDGE_CURVE ( 'NONE', #2735, #3332, #198, .T. ) ;
#1485 = ADVANCED_FACE ( 'NONE', ( #1440 ), #2720, .T. ) ;
#1486 = VERTEX_POINT ( 'NONE', #3303 ) ;
#1487 = LINE ( 'NONE', #1406, #523 ) ;
#1488 = CARTESIAN_POINT ( 'NONE',  ( 35.00000000000000000, -7.430116670695394276, -0.7500000000000000000 ) ) ;
#1489 = CIRCLE ( 'NONE', #3114, 7.000000000000002665 ) ;
#1490 = EDGE_CURVE ( 'NONE', #719, #1169, #520, .T. ) ;
#1491 = DIRECTION ( 'NONE',  ( 0.000000000000000000, 0.000000000000000000, 1.000000000000000000 ) ) ;
#1492 = ORIENTED_EDGE ( 'NONE', *, *, #2481, .F. ) ;
#1493 = DIRECTION ( 'NONE',  ( -0.000000000000000000, -0.000000000000000000, 1.000000000000000000 ) ) ;
#1494 = EDGE_LOOP ( 'NONE', ( #2429, #336, #2275, #571, #3362, #1883, #3214, #2071, #3979, #1498, #3887, #1518, #3936 ) ) ;
#1495 = VECTOR ( 'NONE', #1915, 1000.000000000000000 ) ;
#1496 = DIRECTION ( 'NONE',  ( 0.000000000000000000, 1.000000000000000000, 0.000000000000000000 ) ) ;
#1497 = CARTESIAN_POINT ( 'NONE',  ( 27.00000000581808735, 0.000000000000000000, 0.4500000000000000666 ) ) ;
#1498 = ORIENTED_EDGE ( 'NONE', *, *, #3264, .T. ) ;
#1499 = CARTESIAN_POINT ( 'NONE',  ( 30.00000000581808735, -1.000376003793891799, 0.7500000000000000000 ) ) ;
#1500 = ORIENTED_EDGE ( 'NONE', *, *, #141, .F. ) ;
#1501 = VECTOR ( 'NONE', #2881, 1000.000000000000000 ) ;
#1502 = CARTESIAN_POINT ( 'NONE',  ( -2.499999999999998668, -34.00000000000000000, -0.7499999999999995559 ) ) ;
#1503 = DIRECTION ( 'NONE',  ( -0.000000000000000000, 0.000000000000000000, -1.000000000000000000 ) ) ;
#1504 = ORIENTED_EDGE ( 'NONE', *, *, #2920, .T. ) ;
#1505 = ORIENTED_EDGE ( 'NONE', *, *, #820, .F. ) ;
#1506 = VECTOR ( 'NONE', #3054, 1000.000000000000000 ) ;
#1507 = FACE_OUTER_BOUND ( 'NONE', #3325, .T. ) ;
#1508 = AXIS2_PLACEMENT_3D ( 'NONE', #1215, #2486, #6 ) ;
#1509 = LINE ( 'NONE', #527, #1766 ) ;
#1510 = CIRCLE ( 'NONE', #991, 2.249999999999995115 ) ;
#1511 = DIRECTION ( 'NONE',  ( -1.000000000000000000, 0.000000000000000000, 0.000000000000000000 ) ) ;
#1512 = CARTESIAN_POINT ( 'NONE',  ( 38.15000000000000568, 1.149999999999999911, -0.7500000000000000000 ) ) ;
#1513 = ORIENTED_EDGE ( 'NONE', *, *, #599, .T. ) ;
#1514 = CARTESIAN_POINT ( 'NONE',  ( 30.50000000000000000, 0.000000000000000000, 0.4500000000000000666 ) ) ;
#1515 = DIRECTION ( 'NONE',  ( 0.000000000000000000, 0.000000000000000000, -1.000000000000000000 ) ) ;
#1516 = ORIENTED_EDGE ( 'NONE', *, *, #285, .F. ) ;
#1517 = CYLINDRICAL_SURFACE ( 'NONE', #3069, 1.150000000000001688 ) ;
#1518 = ORIENTED_EDGE ( 'NONE', *, *, #1619, .T. ) ;
#1519 = EDGE_CURVE ( 'NONE', #2705, #823, #3087, .T. ) ;
#1520 = CARTESIAN_POINT ( 'NONE',  ( 4.000000000000000000, -34.00000000000000000, 0.7500000000000000000 ) ) ;
#1521 = DIRECTION ( 'NONE',  ( -1.000000000000000000, 0.000000000000000000, 0.000000000000000000 ) ) ;
#1522 = ORIENTED_EDGE ( 'NONE', *, *, #546, .F. ) ;
#1523 = ORIENTED_EDGE ( 'NONE', *, *, #1342, .T. ) ;
#1524 = DIRECTION ( 'NONE',  ( 0.000000000000000000, 0.000000000000000000, 1.000000000000000000 ) ) ;
#1525 = FACE_OUTER_BOUND ( 'NONE', #3144, .T. ) ;
#1526 = CARTESIAN_POINT ( 'NONE',  ( -15.86562741473493077, 25.48099189933618547, 0.4500000000000000666 ) ) ;
#1527 = ADVANCED_FACE ( 'NONE', ( #301 ), #2431, .F. ) ;
#1528 = VECTOR ( 'NONE', #1156, 1000.000000000000114 ) ;
#1529 = LINE ( 'NONE', #4008, #974 ) ;
#1530 = VERTEX_POINT ( 'NONE', #1882 ) ;
#1531 = VECTOR ( 'NONE', #2396, 1000.000000000000000 ) ;
#1532 = EDGE_CURVE ( 'NONE', #496, #2531, #2469, .T. ) ;
#1533 = LOCAL_TIME ( 12, 50, 22.00000000000000000, #3791 ) ;
#1534 = AXIS2_PLACEMENT_3D ( 'NONE', #432, #2264, #2607 ) ;
#1535 = AXIS2_PLACEMENT_3D ( 'NONE', #101, #1266, #1917 ) ;
#1536 = DIRECTION ( 'NONE',  ( -1.000000000000000000, 0.000000000000000000, 0.000000000000000000 ) ) ;
#1537 = CARTESIAN_POINT ( 'NONE',  ( 28.99999999999999645, 0.000000000000000000, -0.7500000000000000000 ) ) ;
#1538 = ORIENTED_EDGE ( 'NONE', *, *, #154, .F. ) ;
#1539 = CARTESIAN_POINT ( 'NONE',  ( -1.750000000000005107, -34.00000000000000000, 0.7500000000000000000 ) ) ;
#1540 = ORIENTED_EDGE ( 'NONE', *, *, #439, .T. ) ;
#1541 = LINE ( 'NONE', #9, #293 ) ;
#1542 = DIRECTION ( 'NONE',  ( -0.8660254037844363761, 0.5000000000000039968, 0.000000000000000000 ) ) ;
#1543 = EDGE_CURVE ( 'NONE', #11, #1053, #2592, .T. ) ;
#1544 = ORIENTED_EDGE ( 'NONE', *, *, #67, .T. ) ;
#1545 = ORIENTED_EDGE ( 'NONE', *, *, #2675, .T. ) ;
#1546 = ADVANCED_FACE ( 'NONE', ( #1258 ), #3714, .T. ) ;
#1547 = DIRECTION ( 'NONE',  ( 0.000000000000000000, 0.000000000000000000, -1.000000000000000000 ) ) ;
#1548 = DIRECTION ( 'NONE',  ( 1.000000000000000000, 0.000000000000000000, -0.000000000000000000 ) ) ;
#1549 = DIRECTION ( 'NONE',  ( -1.000000000000000000, 0.000000000000000000, 0.000000000000000000 ) ) ;
#1550 = DIRECTION ( 'NONE',  ( 0.8660254037844373753, -0.5000000000000021094, 0.000000000000000000 ) ) ;
#1551 = ORIENTED_EDGE ( 'NONE', *, *, #753, .T. ) ;
#1552 = DIRECTION ( 'NONE',  ( 0.000000000000000000, 0.000000000000000000, -1.000000000000000000 ) ) ;
#1553 = DIRECTION ( 'NONE',  ( 0.000000000000000000, 0.000000000000000000, -1.000000000000000000 ) ) ;
#1554 = ORIENTED_EDGE ( 'NONE', *, *, #2318, .T. ) ;
#1555 = DIRECTION ( 'NONE',  ( 0.5000000000000041078, 0.8660254037844362651, 0.000000000000000000 ) ) ;
#1556 = ORIENTED_EDGE ( 'NONE', *, *, #493, .F. ) ;
#1557 = CARTESIAN_POINT ( 'NONE',  ( -19.07499999999969376, 33.03886915437651339, -0.7500000000000000000 ) ) ;
#1558 = DIRECTION ( 'NONE',  ( 0.000000000000000000, 0.000000000000000000, 1.000000000000000000 ) ) ;
#1559 = ORIENTED_EDGE ( 'NONE', *, *, #3047, .T. ) ;
#1560 = AXIS2_PLACEMENT_3D ( 'NONE', #3511, #723, #3470 ) ;
#1561 = CARTESIAN_POINT ( 'NONE',  ( -20.22499999999969589, 33.03886915437651339, -0.7500000000000000000 ) ) ;
#1562 = ORIENTED_EDGE ( 'NONE', *, *, #67, .F. ) ;
#1563 = PLANE ( 'NONE',  #2533 ) ;
#1564 = AXIS2_PLACEMENT_3D ( 'NONE', #1084, #3232, #3662 ) ;
#1565 = AXIS2_PLACEMENT_3D ( 'NONE', #3373, #2709, #1511 ) ;
#1566 = AXIS2_PLACEMENT_3D ( 'NONE', #1488, #2725, #875 ) ;
#1567 = DIRECTION ( 'NONE',  ( 0.8660254037844397068, 0.4999999999999979461, 0.000000000000000000 ) ) ;
#1568 = DIRECTION ( 'NONE',  ( 1.000000000000000000, 0.000000000000000000, 0.000000000000000000 ) ) ;
#1569 = CIRCLE ( 'NONE', #1705, 6.999999999999999112 ) ;
#1570 = ORIENTED_EDGE ( 'NONE', *, *, #1985, .F. ) ;
#1571 = EDGE_CURVE ( 'NONE', #3523, #471, #710, .T. ) ;
#1572 = DIRECTION ( 'NONE',  ( -1.000000000000000000, 0.000000000000000000, 0.000000000000000000 ) ) ;
#1573 = CARTESIAN_POINT ( 'NONE',  ( -19.00000000000000355, 17.89499999999999602, -0.7500000000000000000 ) ) ;
#1574 = VERTEX_POINT ( 'NONE', #623 ) ;
#1575 = DIRECTION ( 'NONE',  ( -0.000000000000000000, 0.000000000000000000, -1.000000000000000000 ) ) ;
#1576 = ORIENTED_EDGE ( 'NONE', *, *, #2554, .F. ) ;
#1577 = CARTESIAN_POINT ( 'NONE',  ( 5.000000000000000000, 14.49999999999999822, 0.7500000000000000000 ) ) ;
#1578 = DIRECTION ( 'NONE',  ( 1.000000000000000000, 0.000000000000000000, 0.000000000000000000 ) ) ;
#1579 = ORIENTED_EDGE ( 'NONE', *, *, #2505, .T. ) ;
#1580 = DIRECTION ( 'NONE',  ( -1.000000000000000000, -9.693900396629265422E-17, 0.000000000000000000 ) ) ;
#1581 = ORIENTED_EDGE ( 'NONE', *, *, #1302, .T. ) ;
#1582 = DIRECTION ( 'NONE',  ( 0.4999999999999920064, -0.8660254037844432595, 0.000000000000000000 ) ) ;
#1583 = ADVANCED_FACE ( 'NONE', ( #1867 ), #2760, .F. ) ;
#1584 = FACE_OUTER_BOUND ( 'NONE', #1723, .T. ) ;
#1585 = LINE ( 'NONE', #2274, #3700 ) ;
#1586 = VERTEX_POINT ( 'NONE', #2489 ) ;
#1587 = ADVANCED_FACE ( 'NONE', ( #3046 ), #317, .T. ) ;
#1588 = FACE_OUTER_BOUND ( 'NONE', #18, .T. ) ;
#1589 = VECTOR ( 'NONE', #3486, 1000.000000000000000 ) ;
#1590 = FACE_OUTER_BOUND ( 'NONE', #1618, .T. ) ;
#1591 = ORIENTED_EDGE ( 'NONE', *, *, #3949, .T. ) ;
#1592 = CARTESIAN_POINT ( 'NONE',  ( 25.24173424152225564, 14.12507797098720275, -0.7500000000000000000 ) ) ;
#1593 = ORIENTED_EDGE ( 'NONE', *, *, #2491, .T. ) ;
#1594 = CIRCLE ( 'NONE', #2499, 6.999999999999999112 ) ;
#1595 = AXIS2_PLACEMENT_3D ( 'NONE', #1452, #1110, #2347 ) ;
#1596 = CARTESIAN_POINT ( 'NONE',  ( 20.37957040696730360, 1.301042606982605321E-15, -0.7500000000000000000 ) ) ;
#1597 = DIRECTION ( 'NONE',  ( -1.000000000000000000, 0.000000000000000000, 0.000000000000000000 ) ) ;
#1598 = EDGE_CURVE ( 'NONE', #1027, #1841, #2560, .T. ) ;
#1599 = ORIENTED_EDGE ( 'NONE', *, *, #3391, .F. ) ;
#1600 = EDGE_CURVE ( 'NONE', #1696, #1015, #817, .T. ) ;
#1601 = EDGE_CURVE ( 'NONE', #3789, #3576, #2801, .T. ) ;
#1602 = DIRECTION ( 'NONE',  ( 0.000000000000000000, 0.000000000000000000, 1.000000000000000000 ) ) ;
#1603 = EDGE_CURVE ( 'NONE', #2256, #1038, #343, .T. ) ;
#1604 = EDGE_CURVE ( 'NONE', #3938, #1351, #2888, .T. ) ;
#1605 = ORIENTED_EDGE ( 'NONE', *, *, #521, .T. ) ;
#1606 = CARTESIAN_POINT ( 'NONE',  ( 24.19506739279724528, -30.80062781968637964, -0.7500000000000000000 ) ) ;
#1607 = CARTESIAN_POINT ( 'NONE',  ( -6.777348132437759354, 36.50000000000000000, -0.7500000000000000000 ) ) ;
#1608 = PLANE ( 'NONE',  #3892 ) ;
#1609 = ORIENTED_EDGE ( 'NONE', *, *, #1884, .F. ) ;
#1610 = CYLINDRICAL_SURFACE ( 'NONE', #1535, 2.249999999999995115 ) ;
#1611 = CARTESIAN_POINT ( 'NONE',  ( 20.55455481276986163, -1.009597391310656622, -0.7500000000000000000 ) ) ;
#1612 = ORIENTED_EDGE ( 'NONE', *, *, #3578, .F. ) ;
#1613 = CYLINDRICAL_SURFACE ( 'NONE', #924, 1.500000000000001332 ) ;
#1614 = ORIENTED_EDGE ( 'NONE', *, *, #2024, .F. ) ;
#1615 = LINE ( 'NONE', #3749, #3539 ) ;
#1616 = CARTESIAN_POINT ( 'NONE',  ( 24.40712125601415394, 12.30965976810040452, -0.7500000000000000000 ) ) ;
#1617 = VECTOR ( 'NONE', #591, 1000.000000000000114 ) ;
#1618 = EDGE_LOOP ( 'NONE', ( #2417, #524, #2509, #2412 ) ) ;
#1619 = EDGE_CURVE ( 'NONE', #608, #221, #1011, .T. ) ;
#1620 = AXIS2_PLACEMENT_3D ( 'NONE', #3248, #1125, #466 ) ;
#1621 = DATE_AND_TIME ( #3167, #1922 ) ;
#1622 = DIRECTION ( 'NONE',  ( -0.000000000000000000, 0.000000000000000000, -1.000000000000000000 ) ) ;
#1623 = CIRCLE ( 'NONE', #4023, 1.499999999999999778 ) ;
#1624 = AXIS2_PLACEMENT_3D ( 'NONE', #2278, #3822, #776 ) ;
#1625 = CARTESIAN_POINT ( 'NONE',  ( 0.000000000000000000, -1.149999999999999911, -0.7500000000000000000 ) ) ;
#1626 = LINE ( 'NONE', #2578, #1495 ) ;
#1627 = ORIENTED_EDGE ( 'NONE', *, *, #1135, .T. ) ;
#1628 = AXIS2_PLACEMENT_3D ( 'NONE', #2717, #3957, #1115 ) ;
#1629 = DIRECTION ( 'NONE',  ( 0.000000000000000000, 0.000000000000000000, -1.000000000000000000 ) ) ;
#1630 = AXIS2_PLACEMENT_3D ( 'NONE', #1990, #3233, #445 ) ;
#1631 = PLANE ( 'NONE',  #2346 ) ;
#1632 = EDGE_LOOP ( 'NONE', ( #2862, #3002, #203, #3131 ) ) ;
#1633 = AXIS2_PLACEMENT_3D ( 'NONE', #614, #2736, #3671 ) ;
#1634 = PLANE ( 'NONE',  #793 ) ;
#1635 = ORIENTED_EDGE ( 'NONE', *, *, #2127, .F. ) ;
#1636 = LINE ( 'NONE', #1025, #884 ) ;
#1637 = EDGE_CURVE ( 'NONE', #3930, #3587, #910, .T. ) ;
#1638 = CARTESIAN_POINT ( 'NONE',  ( -1.102992479455612962, 43.50000000000000000, -0.7500000000000000000 ) ) ;
#1639 = ORIENTED_EDGE ( 'NONE', *, *, #20, .T. ) ;
#1640 = EDGE_CURVE ( 'NONE', #3596, #1738, #2741, .T. ) ;
#1641 = ADVANCED_FACE ( 'NONE', ( #1203 ), #601, .F. ) ;
#1642 = CARTESIAN_POINT ( 'NONE',  ( 24.23213685021159947, 11.30006237678975012, 0.7500000000000000000 ) ) ;
#1643 = ORIENTED_EDGE ( 'NONE', *, *, #521, .F. ) ;
#1644 = DIRECTION ( 'NONE',  ( 0.000000000000000000, 0.000000000000000000, -1.000000000000000000 ) ) ;
#1645 = CARTESIAN_POINT ( 'NONE',  ( 17.37119568398466640, -29.24025129407875312, 0.7500000000000000000 ) ) ;
#1646 = ORIENTED_EDGE ( 'NONE', *, *, #3818, .F. ) ;
#1647 = EDGE_CURVE ( 'NONE', #2256, #3958, #1731, .T. ) ;
#1648 = CARTESIAN_POINT ( 'NONE',  ( 7.935165149674686447, -36.50000000000000000, -0.7500000000000000000 ) ) ;
#1649 = CARTESIAN_POINT ( 'NONE',  ( -19.07500000000015916, -33.03886915437625049, -0.7500000000000000000 ) ) ;
#1650 = VERTEX_POINT ( 'NONE', #3467 ) ;
#1651 = ADVANCED_FACE ( 'NONE', ( #2247, #360, #1908 ), #3529, .T. ) ;
#1652 = CYLINDRICAL_SURFACE ( 'NONE', #3496, 6.999999999999999112 ) ;
#1653 = ORIENTED_EDGE ( 'NONE', *, *, #2904, .T. ) ;
#1654 = AXIS2_PLACEMENT_3D ( 'NONE', #49, #734, #2263 ) ;
#1655 = CARTESIAN_POINT ( 'NONE',  ( -3.499999999999998668, 14.49999999999999822, -0.7499999999999995559 ) ) ;
#1656 = CARTESIAN_POINT ( 'NONE',  ( 28.26558293375744313, -26.41717371443391826, -0.7500000000000000000 ) ) ;
#1657 = ORIENTED_EDGE ( 'NONE', *, *, #2492, .F. ) ;
#1658 = AXIS2_PLACEMENT_3D ( 'NONE', #893, #3364, #2879 ) ;
#1659 = CIRCLE ( 'NONE', #555, 2.249999999999995115 ) ;
#1660 = EDGE_CURVE ( 'NONE', #534, #934, #108, .T. ) ;
#1661 = AXIS2_PLACEMENT_3D ( 'NONE', #1360, #3267, #2338 ) ;
#1662 = AXIS2_PLACEMENT_3D ( 'NONE', #2445, #636, #1877 ) ;
#1663 = APPROVAL_ROLE ( '' ) ;
#1664 = EDGE_CURVE ( 'NONE', #2151, #237, #700, .T. ) ;
#1665 = AXIS2_PLACEMENT_3D ( 'NONE', #2561, #2834, #44 ) ;
#1666 = CARTESIAN_POINT ( 'NONE',  ( -10.27734813243774781, 42.56217782649108017, -0.7500000000000000000 ) ) ;
#1667 = ORIENTED_EDGE ( 'NONE', *, *, #150, .F. ) ;
#1668 = ADVANCED_FACE ( 'NONE', ( #3809 ), #86, .F. ) ;
#1669 = CARTESIAN_POINT ( 'NONE',  ( -15.99999999999999645, -17.89500000000000668, 0.7500000000000000000 ) ) ;
#1670 = CARTESIAN_POINT ( 'NONE',  ( -12.99999999999999645, -17.89500000000000668, -0.7500000000000000000 ) ) ;
#1671 = ORIENTED_EDGE ( 'NONE', *, *, #3762, .T. ) ;
#1672 = CARTESIAN_POINT ( 'NONE',  ( -5.500000000000001776, -34.00000000000000000, 0.4499999999999983458 ) ) ;
#1673 = CARTESIAN_POINT ( 'NONE',  ( -16.74999999999975486, 26.41377481542551919, 0.4500000000000000666 ) ) ;
#1674 = ORIENTED_EDGE ( 'NONE', *, *, #1111, .F. ) ;
#1675 = CARTESIAN_POINT ( 'NONE',  ( -10.00000000000000000, -1.500000000000001110, 0.7500000000000000000 ) ) ;
#1676 = VERTEX_POINT ( 'NONE', #1941 ) ;
#1677 = ADVANCED_FACE ( 'NONE', ( #3180 ), #1926, .F. ) ;
#1678 = DIRECTION ( 'NONE',  ( -0.5000000000000039968, -0.8660254037844363761, 0.000000000000000000 ) ) ;
#1679 = DIRECTION ( 'NONE',  ( 0.000000000000000000, -1.000000000000000000, 0.000000000000000000 ) ) ;
#1680 = FACE_OUTER_BOUND ( 'NONE', #2877, .T. ) ;
#1681 = ORIENTED_EDGE ( 'NONE', *, *, #2603, .F. ) ;
#1682 = DATE_AND_TIME ( #2864, #1533 ) ;
#1683 = FACE_BOUND ( 'NONE', #2937, .T. ) ;
#1684 = ORIENTED_EDGE ( 'NONE', *, *, #1320, .F. ) ;
#1685 = EDGE_LOOP ( 'NONE', ( #3161, #2758, #2291, #3027 ) ) ;
#1686 = VECTOR ( 'NONE', #2119, 1000.000000000000000 ) ;
#1687 = DIRECTION ( 'NONE',  ( 0.000000000000000000, -0.000000000000000000, 1.000000000000000000 ) ) ;
#1688 = CARTESIAN_POINT ( 'NONE',  ( 42.00000000000000000, -10.18749000000000038, 0.7500000000000000000 ) ) ;
#1689 = CARTESIAN_POINT ( 'NONE',  ( -3.464427243975174875, 2.000188001896962220, 0.7500120000000000120 ) ) ;
#1690 = AXIS2_PLACEMENT_3D ( 'NONE', #604, #12, #1260 ) ;
#1691 = CARTESIAN_POINT ( 'NONE',  ( -15.99999999999999645, -14.89500000000000490, -0.7500000000000000000 ) ) ;
#1692 = LINE ( 'NONE', #1104, #2596 ) ;
#1693 = ORIENTED_EDGE ( 'NONE', *, *, #455, .T. ) ;
#1694 = ADVANCED_FACE ( 'NONE', ( #3444 ), #394, .T. ) ;
#1695 = DIRECTION ( 'NONE',  ( 1.000000000000000000, 0.000000000000000000, 0.000000000000000000 ) ) ;
#1696 = VERTEX_POINT ( 'NONE', #679 ) ;
#1697 = AXIS2_PLACEMENT_3D ( 'NONE', #2020, #3893, #1555 ) ;
#1698 = CIRCLE ( 'NONE', #3446, 1.149999999999998135 ) ;
#1699 = DIRECTION ( 'NONE',  ( 0.000000000000000000, 0.000000000000000000, -1.000000000000000000 ) ) ;
#1700 = AXIS2_PLACEMENT_3D ( 'NONE', #1592, #3806, #1064 ) ;
#1701 = DIRECTION ( 'NONE',  ( 0.000000000000000000, 0.000000000000000000, 1.000000000000000000 ) ) ;
#1702 = VERTEX_POINT ( 'NONE', #1373 ) ;
#1703 = CARTESIAN_POINT ( 'NONE',  ( 3.464427243975202408, 2.000188001896913370, 0.7500000000000000000 ) ) ;
#1704 = VERTEX_POINT ( 'NONE', #50 ) ;
#1705 = AXIS2_PLACEMENT_3D ( 'NONE', #1968, #440, #1986 ) ;
#1706 = LINE ( 'NONE', #459, #2559 ) ;
#1707 = CARTESIAN_POINT ( 'NONE',  ( -12.63437259108304112, -23.88245612645412663, 0.7500000000000000000 ) ) ;
#1708 = ORIENTED_EDGE ( 'NONE', *, *, #616, .F. ) ;
#1709 = ORIENTED_EDGE ( 'NONE', *, *, #4006, .T. ) ;
#1710 = DIRECTION ( 'NONE',  ( -0.4986252340542583483, 0.8668176716959201666, 0.000000000000000000 ) ) ;
#1711 = LINE ( 'NONE', #1082, #2568 ) ;
#1712 = LINE ( 'NONE', #3249, #1724 ) ;
#1713 = LINE ( 'NONE', #444, #2863 ) ;
#1714 = DIRECTION ( 'NONE',  ( 0.8660254037844433705, 0.4999999999999919509, 0.000000000000000000 ) ) ;
#1715 = ORIENTED_EDGE ( 'NONE', *, *, #582, .F. ) ;
#1716 = ADVANCED_FACE ( 'NONE', ( #1026 ), #736, .F. ) ;
#1717 = CARTESIAN_POINT ( 'NONE',  ( 30.50000000000000000, 0.000000000000000000, -0.7500000000000000000 ) ) ;
#1718 = VERTEX_POINT ( 'NONE', #2915 ) ;
#1719 = FACE_BOUND ( 'NONE', #3736, .T. ) ;
#1720 = DIRECTION ( 'NONE',  ( 0.000000000000000000, 0.000000000000000000, 1.000000000000000000 ) ) ;
#1721 = EDGE_LOOP ( 'NONE', ( #3593, #140, #1551, #1476 ) ) ;
#1722 = DIRECTION ( 'NONE',  ( 1.000000000000000000, 0.000000000000000000, 0.000000000000000000 ) ) ;
#1723 = EDGE_LOOP ( 'NONE', ( #906, #77, #2793, #2305 ) ) ;
#1724 = VECTOR ( 'NONE', #2401, 1000.000000000000000 ) ;
#1725 = CARTESIAN_POINT ( 'NONE',  ( 17.37119568398466640, -29.24025129407875312, 0.7500000000000000000 ) ) ;
#1726 = EDGE_CURVE ( 'NONE', #1226, #1486, #1146, .T. ) ;
#1727 = LINE ( 'NONE', #2638, #1364 ) ;
#1728 = ORIENTED_EDGE ( 'NONE', *, *, #3656, .T. ) ;
#1729 = AXIS2_PLACEMENT_3D ( 'NONE', #1479, #2800, #1825 ) ;
#1730 = ORIENTED_EDGE ( 'NONE', *, *, #1041, .T. ) ;
#1731 = CIRCLE ( 'NONE', #617, 6.999999999999999112 ) ;
#1732 = AXIS2_PLACEMENT_3D ( 'NONE', #2840, #2897, #3162 ) ;
#1733 = DIRECTION ( 'NONE',  ( 1.000000000000000000, 3.542059164832684244E-16, 0.000000000000000000 ) ) ;
#1734 = DIRECTION ( 'NONE',  ( 0.000000000000000000, 1.000000000000000000, 0.000000000000000000 ) ) ;
#1735 = DIRECTION ( 'NONE',  ( 1.000000000000000000, 0.000000000000000000, 0.000000000000000000 ) ) ;
#1736 = CYLINDRICAL_SURFACE ( 'NONE', #202, 2.999999999999999112 ) ;
#1737 = CARTESIAN_POINT ( 'NONE',  ( -22.00000000000000000, -14.89500000000000490, 0.7500000000000000000 ) ) ;
#1738 = VERTEX_POINT ( 'NONE', #375 ) ;
#1739 = CARTESIAN_POINT ( 'NONE',  ( -5.000000000000000000, 3.500000000000000000, -0.7500000000000000000 ) ) ;
#1740 = EDGE_LOOP ( 'NONE', ( #1210, #2191, #3786, #1822 ) ) ;
#1741 = CARTESIAN_POINT ( 'NONE',  ( -6.777348132437759354, 43.50000000000000000, 0.7500000000000000000 ) ) ;
#1742 = CARTESIAN_POINT ( 'NONE',  ( -14.13364897028692901, 26.48095012046884733, 0.4500000000000000666 ) ) ;
#1743 = VERTEX_POINT ( 'NONE', #2527 ) ;
#1744 = CARTESIAN_POINT ( 'NONE',  ( -4.000000000000000000, -35.50000000000000711, 0.4499999999999983458 ) ) ;
#1745 = VERTEX_POINT ( 'NONE', #3143 ) ;
#1746 = CARTESIAN_POINT ( 'NONE',  ( -18.46442724688435177, -23.98057411667475947, 0.4500000000000000666 ) ) ;
#1747 = ORIENTED_EDGE ( 'NONE', *, *, #3389, .F. ) ;
#1748 = EDGE_CURVE ( 'NONE', #867, #3334, #3861, .T. ) ;
#1749 = ORIENTED_EDGE ( 'NONE', *, *, #945, .F. ) ;
#1750 = CARTESIAN_POINT ( 'NONE',  ( -13.74999999999975131, 26.41377481542551919, 0.4500000000000000666 ) ) ;
#1751 = CIRCLE ( 'NONE', #188, 1.499999999999999556 ) ;
#1752 = CARTESIAN_POINT ( 'NONE',  ( -15.25000000000012434, -26.41377481542531314, -0.7500000000000000000 ) ) ;
#1753 = CARTESIAN_POINT ( 'NONE',  ( -4.000000000000000000, -34.00000000000000000, -0.7499999999999995559 ) ) ;
#1754 = AXIS2_PLACEMENT_3D ( 'NONE', #691, #670, #708 ) ;
#1755 = DIRECTION ( 'NONE',  ( 1.000000000000000000, 3.542059164832684244E-16, 0.000000000000000000 ) ) ;
#1756 = EDGE_LOOP ( 'NONE', ( #664, #2326, #3348, #1643, #1306 ) ) ;
#1757 = CARTESIAN_POINT ( 'NONE',  ( -16.75000000000012434, -26.41377481542531314, -0.7500000000000000000 ) ) ;
#1758 = ORIENTED_EDGE ( 'NONE', *, *, #620, .F. ) ;
#1759 = VECTOR ( 'NONE', #2924, 1000.000000000000000 ) ;
#1760 = FACE_BOUND ( 'NONE', #1921, .T. ) ;
#1761 = CARTESIAN_POINT ( 'NONE',  ( -17.53588644270343622, -38.37145877913597758, 0.4500000000000001221 ) ) ;
#1762 = VERTEX_POINT ( 'NONE', #3199 ) ;
#1763 = AXIS2_PLACEMENT_3D ( 'NONE', #3753, #1580, #3428 ) ;
#1764 = FACE_BOUND ( 'NONE', #13, .T. ) ;
#1765 = VERTEX_POINT ( 'NONE', #1616 ) ;
#1766 = VECTOR ( 'NONE', #3699, 1000.000000000000000 ) ;
#1767 = ADVANCED_FACE ( 'NONE', ( #412 ), #2210, .F. ) ;
#1768 = DIRECTION ( 'NONE',  ( -0.5000000000000041078, -0.8660254037844363761, 0.000000000000000000 ) ) ;
#1769 = CARTESIAN_POINT ( 'NONE',  ( 32.00000000000000000, -1.836970198721030427E-16, -0.7500000000000000000 ) ) ;
#1770 = VECTOR ( 'NONE', #2196, 1000.000000000000000 ) ;
#1771 = ORIENTED_EDGE ( 'NONE', *, *, #348, .T. ) ;
#1772 = EDGE_CURVE ( 'NONE', #1074, #126, #1293, .T. ) ;
#1773 = ADVANCED_FACE ( 'NONE', ( #68 ), #1315, .F. ) ;
#1774 = ORIENTED_EDGE ( 'NONE', *, *, #3642, .F. ) ;
#1775 = DIRECTION ( 'NONE',  ( 0.8660254037844373753, -0.5000000000000021094, 0.000000000000000000 ) ) ;
#1776 = CARTESIAN_POINT ( 'NONE',  ( 24.40712125601416105, -12.30965976810040807, -0.7500000000000000000 ) ) ;
#1777 = LINE ( 'NONE', #3644, #791 ) ;
#1778 = ORIENTED_EDGE ( 'NONE', *, *, #2014, .F. ) ;
#1779 = CARTESIAN_POINT ( 'NONE',  ( -18.92092921435181907, 30.47201072567229829, -0.7500000000000000000 ) ) ;
#1780 = VERTEX_POINT ( 'NONE', #3568 ) ;
#1781 = EDGE_CURVE ( 'NONE', #2902, #3696, #3999, .T. ) ;
#1782 = EDGE_CURVE ( 'NONE', #2959, #153, #215, .T. ) ;
#1783 = CYLINDRICAL_SURFACE ( 'NONE', #2377, 2.999999999999999112 ) ;
#1784 = EDGE_CURVE ( 'NONE', #3885, #2193, #2303, .T. ) ;
#1785 = LINE ( 'NONE', #3590, #3734 ) ;
#1786 = ORIENTED_EDGE ( 'NONE', *, *, #178, .T. ) ;
#1787 = DIRECTION ( 'NONE',  ( 1.000000000000000000, 0.000000000000000000, 0.000000000000000000 ) ) ;
#1788 = VERTEX_POINT ( 'NONE', #1453 ) ;
#1789 = CARTESIAN_POINT ( 'NONE',  ( -28.00000000000000000, -28.28854811567259375, -0.7500000000000000000 ) ) ;
#1790 = CARTESIAN_POINT ( 'NONE',  ( -4.000000000000000000, -34.00000000000000000, 0.4499999999999983458 ) ) ;
#1791 = EDGE_LOOP ( 'NONE', ( #2543, #3655, #1060, #1042 ) ) ;
#1792 = EDGE_LOOP ( 'NONE', ( #532, #2168, #1609, #3014 ) ) ;
#1793 = EDGE_CURVE ( 'NONE', #373, #2850, #1785, .T. ) ;
#1794 = EDGE_CURVE ( 'NONE', #1809, #715, #3257, .T. ) ;
#1795 = CIRCLE ( 'NONE', #30, 1.500000000000001332 ) ;
#1796 = DIRECTION ( 'NONE',  ( 0.000000000000000000, -0.000000000000000000, -1.000000000000000000 ) ) ;
#1797 = AXIS2_PLACEMENT_3D ( 'NONE', #3694, #971, #2820 ) ;
#1798 = CIRCLE ( 'NONE', #1277, 6.999999999999999112 ) ;
#1799 = DIRECTION ( 'NONE',  ( -0.000000000000000000, 0.000000000000000000, -1.000000000000000000 ) ) ;
#1800 = CARTESIAN_POINT ( 'NONE',  ( 21.40712125601415394, 12.30965976810040452, -0.7500000000000000000 ) ) ;
#1801 = EDGE_LOOP ( 'NONE', ( #304, #1646, #3513, #1434 ) ) ;
#1802 = DIRECTION ( 'NONE',  ( -0.5000000000000039968, -0.8660254037844363761, 0.000000000000000000 ) ) ;
#1803 = CARTESIAN_POINT ( 'NONE',  ( -19.00000000000000000, -14.89500000000000846, 0.7500000000000000000 ) ) ;
#1804 = EDGE_LOOP ( 'NONE', ( #3357, #1749, #2507, #2595 ) ) ;
#1805 = LINE ( 'NONE', #2464, #2739 ) ;
#1806 = EDGE_LOOP ( 'NONE', ( #1024, #3321, #3877, #3234 ) ) ;
#1807 = CYLINDRICAL_SURFACE ( 'NONE', #1729, 6.999999999999999112 ) ;
#1808 = CARTESIAN_POINT ( 'NONE',  ( -13.00000000000000178, 17.89499999999999602, -0.7500000000000000000 ) ) ;
#1809 = VERTEX_POINT ( 'NONE', #1761 ) ;
#1810 = ORIENTED_EDGE ( 'NONE', *, *, #1274, .F. ) ;
#1811 = DIRECTION ( 'NONE',  ( 0.000000000000000000, 0.000000000000000000, -1.000000000000000000 ) ) ;
#1812 = DIRECTION ( 'NONE',  ( 5.365677315115395108E-17, -1.000000000000000000, 0.000000000000000000 ) ) ;
#1813 = AXIS2_PLACEMENT_3D ( 'NONE', #3704, #3078, #1568 ) ;
#1814 = CYLINDRICAL_SURFACE ( 'NONE', #1044, 1.149999999999998135 ) ;
#1815 = LINE ( 'NONE', #2138, #1294 ) ;
#1816 = ORIENTED_EDGE ( 'NONE', *, *, #721, .T. ) ;
#1817 = AXIS2_PLACEMENT_3D ( 'NONE', #1752, #504, #160 ) ;
#1818 = CARTESIAN_POINT ( 'NONE',  ( 17.00959739131064552, -17.06705956781693345, 0.7500000000000000000 ) ) ;
#1819 = DIRECTION ( 'NONE',  ( -1.000000000000000000, 0.000000000000000000, 0.000000000000000000 ) ) ;
#1820 = VERTEX_POINT ( 'NONE', #804 ) ;
#1821 = LINE ( 'NONE', #3710, #3901 ) ;
#1822 = ORIENTED_EDGE ( 'NONE', *, *, #3812, .T. ) ;
#1823 = VECTOR ( 'NONE', #2091, 1000.000000000000000 ) ;
#1824 = VECTOR ( 'NONE', #2295, 1000.000000000000000 ) ;
#1825 = DIRECTION ( 'NONE',  ( -1.000000000000000000, 0.000000000000000000, 0.000000000000000000 ) ) ;
#1826 = DIRECTION ( 'NONE',  ( -1.000000000000000000, 0.000000000000000000, 0.000000000000000000 ) ) ;
#1827 = ORIENTED_EDGE ( 'NONE', *, *, #437, .F. ) ;
#1828 = ORIENTED_EDGE ( 'NONE', *, *, #3049, .T. ) ;
#1829 = AXIS2_PLACEMENT_3D ( 'NONE', #2273, #134, #3902 ) ;
#1830 = EDGE_CURVE ( 'NONE', #2409, #1030, #1980, .T. ) ;
#1831 = DIRECTION ( 'NONE',  ( -1.000000000000000000, 0.000000000000000000, 0.000000000000000000 ) ) ;
#1832 = AXIS2_PLACEMENT_3D ( 'NONE', #1879, #890, #1255 ) ;
#1833 = EDGE_CURVE ( 'NONE', #1237, #852, #1594, .T. ) ;
#1834 = LINE ( 'NONE', #1223, #1506 ) ;
#1835 = DIRECTION ( 'NONE',  ( -0.3365324637702176158, 0.9416718647324804348, 0.000000000000000000 ) ) ;
#1836 = CARTESIAN_POINT ( 'NONE',  ( 34.81925541225042053, 17.88343062242071468, -0.7500000000000000000 ) ) ;
#1837 = EDGE_LOOP ( 'NONE', ( #1599, #680, #143, #639 ) ) ;
#1838 = EDGE_CURVE ( 'NONE', #2225, #2487, #883, .T. ) ;
#1839 = FACE_OUTER_BOUND ( 'NONE', #1063, .T. ) ;
#1840 = DIRECTION ( 'NONE',  ( 0.000000000000000000, -0.000000000000000000, 1.000000000000000000 ) ) ;
#1841 = VERTEX_POINT ( 'NONE', #2958 ) ;
#1842 = LINE ( 'NONE', #3439, #2219 ) ;
#1843 = ORIENTED_EDGE ( 'NONE', *, *, #2302, .T. ) ;
#1844 = EDGE_CURVE ( 'NONE', #1702, #1096, #495, .T. ) ;
#1845 = CARTESIAN_POINT ( 'NONE',  ( -4.000000000000000000, -34.00000000000000000, 0.4499999999999983458 ) ) ;
#1846 = DIRECTION ( 'NONE',  ( -0.000000000000000000, 0.000000000000000000, -1.000000000000000000 ) ) ;
#1847 = ORIENTED_EDGE ( 'NONE', *, *, #2134, .T. ) ;
#1848 = EDGE_LOOP ( 'NONE', ( #1875, #74, #2842, #2329 ) ) ;
#1849 = CARTESIAN_POINT ( 'NONE',  ( 42.00000000000000000, -10.18749000000000038, -0.7500000000000000000 ) ) ;
#1850 = FACE_OUTER_BOUND ( 'NONE', #2808, .T. ) ;
#1851 = EDGE_CURVE ( 'NONE', #3459, #216, #685, .T. ) ;
#1852 = CIRCLE ( 'NONE', #2239, 2.999999999999999112 ) ;
#1853 = DIRECTION ( 'NONE',  ( 1.000000000000000000, -2.478176394252581732E-15, 0.000000000000000000 ) ) ;
#1854 = VECTOR ( 'NONE', #3981, 1000.000000000000114 ) ;
#1855 = DIRECTION ( 'NONE',  ( 0.8660254037844363761, -0.5000000000000038858, 0.000000000000000000 ) ) ;
#1856 = VERTEX_POINT ( 'NONE', #1412 ) ;
#1857 = AXIS2_PLACEMENT_3D ( 'NONE', #1324, #1629, #3420 ) ;
#1858 = CIRCLE ( 'NONE', #1661, 1.499999999999999778 ) ;
#1859 = VECTOR ( 'NONE', #2204, 1000.000000000000000 ) ;
#1860 = AXIS2_PLACEMENT_3D ( 'NONE', #3192, #406, #1572 ) ;
#1861 = DIRECTION ( 'NONE',  ( 1.000000000000000000, 0.000000000000000000, 0.000000000000000000 ) ) ;
#1862 = CARTESIAN_POINT ( 'NONE',  ( -5.000000000000000000, 14.49999999999999822, 0.4499999999999983458 ) ) ;
#1863 = ORIENTED_EDGE ( 'NONE', *, *, #2785, .F. ) ;
#1864 = CARTESIAN_POINT ( 'NONE',  ( 22.41671864732479946, 15.13467536229785004, -0.7500000000000000000 ) ) ;
#1865 = ORIENTED_EDGE ( 'NONE', *, *, #2318, .F. ) ;
#1866 = DIRECTION ( 'NONE',  ( 0.5000000000000049960, 0.8660254037844357100, 0.000000000000000000 ) ) ;
#1867 = FACE_OUTER_BOUND ( 'NONE', #1632, .T. ) ;
#1868 = ORIENTED_EDGE ( 'NONE', *, *, #2481, .T. ) ;
#1869 = PLANE ( 'NONE',  #1763 ) ;
#1870 = EDGE_CURVE ( 'NONE', #1065, #1287, #3239, .T. ) ;
#1871 = ORIENTED_EDGE ( 'NONE', *, *, #2617, .F. ) ;
#1872 = DIRECTION ( 'NONE',  ( 1.000000000000000000, 1.982541115402065307E-15, 0.000000000000000000 ) ) ;
#1873 = DIRECTION ( 'NONE',  ( -1.000000000000000000, 0.000000000000000000, 0.000000000000000000 ) ) ;
#1874 = DIRECTION ( 'NONE',  ( -0.000000000000000000, 1.000000000000000000, -0.000000000000000000 ) ) ;
#1875 = ORIENTED_EDGE ( 'NONE', *, *, #2905, .T. ) ;
#1876 = DIRECTION ( 'NONE',  ( 1.000000000000000000, 0.000000000000000000, 0.000000000000000000 ) ) ;
#1877 = DIRECTION ( 'NONE',  ( 1.000000000000000000, 0.000000000000000000, 0.000000000000000000 ) ) ;
#1878 = EDGE_LOOP ( 'NONE', ( #2942, #3851, #1963, #2522, #2169 ) ) ;
#1879 = CARTESIAN_POINT ( 'NONE',  ( 16.00000000000000000, -14.24204397361948793, -0.7500000000000000000 ) ) ;
#1880 = ORIENTED_EDGE ( 'NONE', *, *, #868, .F. ) ;
#1881 = DIRECTION ( 'NONE',  ( 0.000000000000000000, 0.000000000000000000, 1.000000000000000000 ) ) ;
#1882 = CARTESIAN_POINT ( 'NONE',  ( 5.000000000000001776, -29.00000000000000000, -0.7500000000000000000 ) ) ;
#1883 = ORIENTED_EDGE ( 'NONE', *, *, #3713, .T. ) ;
#1884 = EDGE_CURVE ( 'NONE', #3956, #930, #1078, .T. ) ;
#1885 = AXIS2_PLACEMENT_3D ( 'NONE', #3792, #2251, #3490 ) ;
#1886 = DIRECTION ( 'NONE',  ( -1.000000000000000000, 0.000000000000000000, 0.000000000000000000 ) ) ;
#1887 = EDGE_CURVE ( 'NONE', #1096, #130, #2307, .T. ) ;
#1888 = VERTEX_POINT ( 'NONE', #3001 ) ;
#1889 = DIRECTION ( 'NONE',  ( 0.000000000000000000, 0.000000000000000000, -1.000000000000000000 ) ) ;
#1890 = CIRCLE ( 'NONE', #3443, 2.999999999999999112 ) ;
#1891 = CIRCLE ( 'NONE', #129, 2.249999999999995115 ) ;
#1892 = AXIS2_PLACEMENT_3D ( 'NONE', #307, #2172, #1582 ) ;
#1893 = CARTESIAN_POINT ( 'NONE',  ( -5.000000000000000000, 14.49999999999999822, 0.7500000000000000000 ) ) ;
#1894 = FACE_OUTER_BOUND ( 'NONE', #2490, .T. ) ;
#1895 = AXIS2_PLACEMENT_3D ( 'NONE', #3266, #3229, #1359 ) ;
#1896 = ORIENTED_EDGE ( 'NONE', *, *, #2733, .T. ) ;
#1897 = EDGE_CURVE ( 'NONE', #871, #2225, #1133, .T. ) ;
#1898 = DIRECTION ( 'NONE',  ( -1.000000000000000000, 0.000000000000000000, 0.000000000000000000 ) ) ;
#1899 = DIRECTION ( 'NONE',  ( 0.000000000000000000, 0.000000000000000000, 1.000000000000000000 ) ) ;
#1900 = VERTEX_POINT ( 'NONE', #3318 ) ;
#1901 = DIRECTION ( 'NONE',  ( 0.000000000000000000, 0.000000000000000000, 1.000000000000000000 ) ) ;
#1902 = ORIENTED_EDGE ( 'NONE', *, *, #36, .T. ) ;
#1903 = ADVANCED_FACE ( 'NONE', ( #536 ), #1069, .F. ) ;
#1904 = EDGE_CURVE ( 'NONE', #69, #3079, #2941, .T. ) ;
#1905 = EDGE_CURVE ( 'NONE', #1287, #313, #2630, .T. ) ;
#1906 = ADVANCED_FACE ( 'NONE', ( #294 ), #3652, .F. ) ;
#1907 = LINE ( 'NONE', #65, #3860 ) ;
#1908 = FACE_OUTER_BOUND ( 'NONE', #2669, .T. ) ;
#1909 = ORIENTED_EDGE ( 'NONE', *, *, #35, .F. ) ;
#1910 = LINE ( 'NONE', #3091, #3833 ) ;
#1911 = ORIENTED_EDGE ( 'NONE', *, *, #322, .F. ) ;
#1912 = CARTESIAN_POINT ( 'NONE',  ( 5.000000000000000000, 13.00000000000000000, 0.4499999999999983458 ) ) ;
#1913 = ADVANCED_FACE ( 'NONE', ( #3687 ), #2122, .T. ) ;
#1914 = CARTESIAN_POINT ( 'NONE',  ( -14.36635103553100379, -22.88249790532145767, 0.4500000000000000666 ) ) ;
#1915 = DIRECTION ( 'NONE',  ( 0.000000000000000000, 0.000000000000000000, 1.000000000000000000 ) ) ;
#1916 = ORIENTED_EDGE ( 'NONE', *, *, #517, .T. ) ;
#1917 = DIRECTION ( 'NONE',  ( -1.000000000000000000, 0.000000000000000000, 0.000000000000000000 ) ) ;
#1918 = CARTESIAN_POINT ( 'NONE',  ( -12.99999999999999645, -14.89500000000000490, 0.7500000000000000000 ) ) ;
#1919 = ORIENTED_EDGE ( 'NONE', *, *, #935, .F. ) ;
#1920 = CARTESIAN_POINT ( 'NONE',  ( -20.22500000000015774, -33.03886915437625049, -0.7500000000000000000 ) ) ;
#1921 = EDGE_LOOP ( 'NONE', ( #3617, #3983 ) ) ;
#1922 = LOCAL_TIME ( 12, 50, 22.00000000000000000, #88 ) ;
#1923 = VECTOR ( 'NONE', #828, 999.9999999999998863 ) ;
#1924 = AXIS2_PLACEMENT_3D ( 'NONE', #3296, #2629, #3547 ) ;
#1925 = CARTESIAN_POINT ( 'NONE',  ( -17.53487340819993534, 38.37204365487928470, -0.7500000000000000000 ) ) ;
#1926 = CYLINDRICAL_SURFACE ( 'NONE', #3408, 6.999999999999999112 ) ;
#1927 = ORIENTED_EDGE ( 'NONE', *, *, #1782, .F. ) ;
#1928 = APPROVAL_ROLE ( '' ) ;
#1929 = CARTESIAN_POINT ( 'NONE',  ( 34.70000000000000284, 0.000000000000000000, -0.7500000000000000000 ) ) ;
#1930 = ORIENTED_EDGE ( 'NONE', *, *, #36, .F. ) ;
#1931 = CARTESIAN_POINT ( 'NONE',  ( -10.00000000000000000, 3.500000000000000000, 0.7500000000000000000 ) ) ;
#1932 = LINE ( 'NONE', #367, #1235 ) ;
#1933 = ORIENTED_EDGE ( 'NONE', *, *, #1002, .F. ) ;
#1934 = EDGE_CURVE ( 'NONE', #3938, #42, #1228, .T. ) ;
#1935 = CARTESIAN_POINT ( 'NONE',  ( -24.49999999999998934, 34.35072594216372721, -0.7500000000000000000 ) ) ;
#1936 = DIRECTION ( 'NONE',  ( -1.000000000000000000, 0.000000000000000000, 0.000000000000000000 ) ) ;
#1937 = VERTEX_POINT ( 'NONE', #1537 ) ;
#1938 = FACE_OUTER_BOUND ( 'NONE', #2389, .T. ) ;
#1939 = ORIENTED_EDGE ( 'NONE', *, *, #2302, .F. ) ;
#1940 = DIRECTION ( 'NONE',  ( 0.5000000000000036637, 0.8660254037844363761, 0.000000000000000000 ) ) ;
#1941 = CARTESIAN_POINT ( 'NONE',  ( -11.53557275893360590, 27.98095012046883312, 0.7500000000000000000 ) ) ;
#1942 = CIRCLE ( 'NONE', #3633, 2.999999999999999112 ) ;
#1943 = ORIENTED_EDGE ( 'NONE', *, *, #546, .T. ) ;
#1944 = LINE ( 'NONE', #2069, #2926 ) ;
#1945 = EDGE_LOOP ( 'NONE', ( #1229, #3499, #1151, #873 ) ) ;
#1946 = AXIS2_PLACEMENT_3D ( 'NONE', #2986, #541, #2027 ) ;
#1947 = EDGE_CURVE ( 'NONE', #912, #1157, #97, .T. ) ;
#1948 = VECTOR ( 'NONE', #264, 1000.000000000000114 ) ;
#1949 = CARTESIAN_POINT ( 'NONE',  ( -15.86635103553103399, -25.48057411667475591, 0.4500000000000000666 ) ) ;
#1950 = CARTESIAN_POINT ( 'NONE',  ( 25.21318069601125700, -19.41717371443391826, 0.7500000000000000000 ) ) ;
#1951 = LINE ( 'NONE', #3191, #2555 ) ;
#1952 = AXIS2_PLACEMENT_3D ( 'NONE', #1912, #2918, #1070 ) ;
#1953 = DIRECTION ( 'NONE',  ( -0.000000000000000000, 0.000000000000000000, -1.000000000000000000 ) ) ;
#1954 = VECTOR ( 'NONE', #1835, 1000.000000000000227 ) ;
#1955 = DIRECTION ( 'NONE',  ( 0.000000000000000000, 0.000000000000000000, 1.000000000000000000 ) ) ;
#1956 = ORIENTED_EDGE ( 'NONE', *, *, #2324, .T. ) ;
#1957 = DIRECTION ( 'NONE',  ( -0.9999999996121278212, 2.785219033192401267E-05, 0.000000000000000000 ) ) ;
#1958 = EDGE_LOOP ( 'NONE', ( #315, #1810, #1984, #895 ) ) ;
#1959 = EDGE_CURVE ( 'NONE', #3814, #647, #1798, .T. ) ;
#1960 = ADVANCED_FACE ( 'NONE', ( #3992 ), #3119, .T. ) ;
#1961 = CARTESIAN_POINT ( 'NONE',  ( -19.07500000000015916, -33.03886915437625049, -0.7500000000000000000 ) ) ;
#1962 = CARTESIAN_POINT ( 'NONE',  ( -19.07500000000015916, -33.03886915437625049, -0.7500000000000000000 ) ) ;
#1963 = ORIENTED_EDGE ( 'NONE', *, *, #3567, .T. ) ;
#1964 = EDGE_CURVE ( 'NONE', #4021, #2120, #39, .T. ) ;
#1965 = PERSON_AND_ORGANIZATION_ROLE ( 'creator' ) ;
#1966 = CARTESIAN_POINT ( 'NONE',  ( -5.151852437229256232, 43.50000000000000000, 0.7500000000000000000 ) ) ;
#1967 = VERTEX_POINT ( 'NONE', #864 ) ;
#1968 = CARTESIAN_POINT ( 'NONE',  ( 7.935165149674686447, -36.50000000000000000, 0.7500000000000000000 ) ) ;
#1969 = CARTESIAN_POINT ( 'NONE',  ( 4.999999999999999112, 3.500000000000000000, -0.7500000000000000000 ) ) ;
#1970 = CYLINDRICAL_SURFACE ( 'NONE', #3018, 2.999999999999999112 ) ;
#1971 = CARTESIAN_POINT ( 'NONE',  ( -19.07499999999969376, 33.03886915437651339, -0.7500000000000000000 ) ) ;
#1972 = DIRECTION ( 'NONE',  ( -0.000000000000000000, -0.000000000000000000, 1.000000000000000000 ) ) ;
#1973 = ORIENTED_EDGE ( 'NONE', *, *, #1830, .T. ) ;
#1974 = DIRECTION ( 'NONE',  ( 3.542059164832684244E-16, -1.000000000000000000, 0.000000000000000000 ) ) ;
#1975 = ORIENTED_EDGE ( 'NONE', *, *, #3225, .T. ) ;
#1976 = CARTESIAN_POINT ( 'NONE',  ( -19.07500000000015916, -33.03886915437625049, 0.4500000000000000666 ) ) ;
#1977 = CARTESIAN_POINT ( 'NONE',  ( 10.00000000000000178, -29.00000000000000000, -0.7500000000000000000 ) ) ;
#1978 = CARTESIAN_POINT ( 'NONE',  ( -5.000000000000000888, -24.00000000000000000, -0.7500000000000000000 ) ) ;
#1979 = ORIENTED_EDGE ( 'NONE', *, *, #3812, .F. ) ;
#1980 = CIRCLE ( 'NONE', #233, 1.500000000000001332 ) ;
#1981 = AXIS2_PLACEMENT_3D ( 'NONE', #2542, #2224, #1348 ) ;
#1982 = APPROVAL_STATUS ( 'not_yet_approved' ) ;
#1983 = DIRECTION ( 'NONE',  ( 0.000000000000000000, 0.000000000000000000, -1.000000000000000000 ) ) ;
#1984 = ORIENTED_EDGE ( 'NONE', *, *, #2356, .F. ) ;
#1985 = EDGE_CURVE ( 'NONE', #1167, #3793, #3976, .T. ) ;
#1986 = DIRECTION ( 'NONE',  ( 1.000000000000000000, 1.982541115402065307E-15, 0.000000000000000000 ) ) ;
#1987 = CARTESIAN_POINT ( 'NONE',  ( -5.500000000000001776, -34.00000000000000000, -0.7499999999999995559 ) ) ;
#1988 = DIRECTION ( 'NONE',  ( -1.000000000000000000, 0.000000000000000000, 0.000000000000000000 ) ) ;
#1989 = DIRECTION ( 'NONE',  ( 0.000000000000000000, 0.000000000000000000, -1.000000000000000000 ) ) ;
#1990 = CARTESIAN_POINT ( 'NONE',  ( -15.24999999999975309, 26.41377481542551919, 0.4500000000000000666 ) ) ;
#1991 = VERTEX_POINT ( 'NONE', #2161 ) ;
#1992 = DIRECTION ( 'NONE',  ( -1.000000000000000000, 0.000000000000000000, 0.000000000000000000 ) ) ;
#1993 = ORIENTED_EDGE ( 'NONE', *, *, #3463, .F. ) ;
#1994 = DIRECTION ( 'NONE',  ( 0.4537326987731002959, 0.8911378333703934285, 0.000000000000000000 ) ) ;
#1995 = DIRECTION ( 'NONE',  ( 0.6893331034009013703, 0.7244445269002189880, 0.000000000000000000 ) ) ;
#1996 = DIRECTION ( 'NONE',  ( -1.000000000000000000, 0.000000000000000000, 0.000000000000000000 ) ) ;
#1997 = ORIENTED_EDGE ( 'NONE', *, *, #1274, .T. ) ;
#1998 = CARTESIAN_POINT ( 'NONE',  ( -3.464427243975174875, 2.000188001896962220, 0.7500000000000000000 ) ) ;
#1999 = CIRCLE ( 'NONE', #257, 2.249999999999996891 ) ;
#2000 = CARTESIAN_POINT ( 'NONE',  ( 24.23213685021160302, -11.30006237678975545, -0.7500000000000000000 ) ) ;
#2001 = VERTEX_POINT ( 'NONE', #574 ) ;
#2002 = EDGE_CURVE ( 'NONE', #2260, #1408, #1174, .T. ) ;
#2003 = CIRCLE ( 'NONE', #1426, 1.500000000000001332 ) ;
#2004 = EDGE_CURVE ( 'NONE', #1181, #2716, #2380, .T. ) ;
#2005 = DIRECTION ( 'NONE',  ( 0.000000000000000000, -0.000000000000000000, 1.000000000000000000 ) ) ;
#2006 = LINE ( 'NONE', #2992, #775 ) ;
#2007 = CARTESIAN_POINT ( 'NONE',  ( 10.00000000000000178, -24.00000000000000000, -0.7500000000000000000 ) ) ;
#2008 = DIRECTION ( 'NONE',  ( 0.4999999999999920619, -0.8660254037844432595, 0.000000000000000000 ) ) ;
#2009 = DIRECTION ( 'NONE',  ( 0.000000000000000000, -0.000000000000000000, 1.000000000000000000 ) ) ;
#2010 = VERTEX_POINT ( 'NONE', #1253 ) ;
#2011 = CARTESIAN_POINT ( 'NONE',  ( -21.00000000000000355, 28.28854811567264349, -0.7500000000000000000 ) ) ;
#2012 = ORIENTED_EDGE ( 'NONE', *, *, #3763, .F. ) ;
#2013 = AXIS2_PLACEMENT_3D ( 'NONE', #897, #3369, #3392 ) ;
#2014 = EDGE_CURVE ( 'NONE', #1053, #11, #2180, .T. ) ;
#2015 = VECTOR ( 'NONE', #2402, 1000.000000000000000 ) ;
#2016 = DIRECTION ( 'NONE',  ( -1.000000000000000000, 0.000000000000000000, 0.000000000000000000 ) ) ;
#2017 = VECTOR ( 'NONE', #24, 1000.000000000000000 ) ;
#2018 = DIRECTION ( 'NONE',  ( 1.406532548089303043E-16, -1.000000000000000000, 0.000000000000000000 ) ) ;
#2019 = EDGE_LOOP ( 'NONE', ( #801, #2034, #1369, #2334 ) ) ;
#2020 = CARTESIAN_POINT ( 'NONE',  ( -15.25000000000012434, -26.41377481542531314, 0.4500000000000000666 ) ) ;
#2021 = ORIENTED_EDGE ( 'NONE', *, *, #3588, .T. ) ;
#2022 = EDGE_CURVE ( 'NONE', #126, #2342, #1148, .T. ) ;
#2023 = CIRCLE ( 'NONE', #2538, 7.000000000000000000 ) ;
#2024 = EDGE_CURVE ( 'NONE', #3546, #1780, #3039, .T. ) ;
#2025 = EDGE_CURVE ( 'NONE', #1841, #1027, #819, .T. ) ;
#2026 = DIRECTION ( 'NONE',  ( -1.000000000000000000, 0.000000000000000000, 0.000000000000000000 ) ) ;
#2027 = DIRECTION ( 'NONE',  ( -1.000000000000000000, 0.000000000000000000, 0.000000000000000000 ) ) ;
#2028 = ORIENTED_EDGE ( 'NONE', *, *, #2905, .F. ) ;
#2029 = CARTESIAN_POINT ( 'NONE',  ( 4.471637637270998944, 33.80897843043960194, 0.7500000000000000000 ) ) ;
#2030 = PLANE ( 'NONE',  #1620 ) ;
#2031 = CARTESIAN_POINT ( 'NONE',  ( -22.00000000000000355, 14.89499999999999424, 0.7500000000000000000 ) ) ;
#2032 = CARTESIAN_POINT ( 'NONE',  ( 1.750000000000005107, -34.00000000000000000, 0.7500000000000000000 ) ) ;
#2033 = DIRECTION ( 'NONE',  ( 1.000000000000000000, 0.000000000000000000, 0.000000000000000000 ) ) ;
#2034 = ORIENTED_EDGE ( 'NONE', *, *, #1985, .T. ) ;
#2035 = CARTESIAN_POINT ( 'NONE',  ( -0.9959292143521096818, -0.5749999999999907407, 0.4500000000000000666 ) ) ;
#2036 = EDGE_LOOP ( 'NONE', ( #1269, #1397, #2956, #2679 ) ) ;
#2037 = CARTESIAN_POINT ( 'NONE',  ( -19.07499999999969376, 33.03886915437651339, 0.4500000000000000666 ) ) ;
#2038 = EDGE_CURVE ( 'NONE', #1415, #87, #3351, .T. ) ;
#2039 = VECTOR ( 'NONE', #3619, 1000.000000000000000 ) ;
#2040 = DIRECTION ( 'NONE',  ( -1.000000000000000000, 0.000000000000000000, 0.000000000000000000 ) ) ;
#2041 = ORIENTED_EDGE ( 'NONE', *, *, #154, .T. ) ;
#2042 = FACE_BOUND ( 'NONE', #3048, .T. ) ;
#2043 = ORIENTED_EDGE ( 'NONE', *, *, #1193, .F. ) ;
#2044 = AXIS2_PLACEMENT_3D ( 'NONE', #621, #3693, #299 ) ;
#2045 = CARTESIAN_POINT ( 'NONE',  ( 5.500000000000001776, -34.00000000000000000, -0.7499999999999995559 ) ) ;
#2046 = LINE ( 'NONE', #2946, #263 ) ;
#2047 = ORIENTED_EDGE ( 'NONE', *, *, #3465, .F. ) ;
#2048 = AXIS2_PLACEMENT_3D ( 'NONE', #2311, #3284, #3024 ) ;
#2049 = EDGE_LOOP ( 'NONE', ( #938, #778, #3611, #3660 ) ) ;
#2050 = LOCAL_TIME ( 12, 50, 22.00000000000000000, #3664 ) ;
#2051 = VECTOR ( 'NONE', #2182, 1000.000000000000000 ) ;
#2052 = AXIS2_PLACEMENT_3D ( 'NONE', #3828, #1699, #2940 ) ;
#2053 = DIRECTION ( 'NONE',  ( 0.000000000000000000, 0.000000000000000000, 1.000000000000000000 ) ) ;
#2054 = DIRECTION ( 'NONE',  ( 0.000000000000000000, 0.000000000000000000, 1.000000000000000000 ) ) ;
#2055 = DIRECTION ( 'NONE',  ( 0.000000000000000000, 0.000000000000000000, 1.000000000000000000 ) ) ;
#2056 = DIRECTION ( 'NONE',  ( -1.000000000000000000, -0.000000000000000000, 0.000000000000000000 ) ) ;
#2057 = ORIENTED_EDGE ( 'NONE', *, *, #2554, .T. ) ;
#2058 = LINE ( 'NONE', #1757, #2265 ) ;
#2059 = ORIENTED_EDGE ( 'NONE', *, *, #3500, .F. ) ;
#2060 = EDGE_CURVE ( 'NONE', #2107, #3298, #3102, .T. ) ;
#2061 = FACE_BOUND ( 'NONE', #355, .T. ) ;
#2062 = ADVANCED_FACE ( 'NONE', ( #2792 ), #3421, .T. ) ;
#2063 = EDGE_CURVE ( 'NONE', #1408, #496, #2833, .T. ) ;
#2064 = CARTESIAN_POINT ( 'NONE',  ( 10.93700752054433067, -43.50000000000000000, 0.7500000000000000000 ) ) ;
#2065 = ORIENTED_EDGE ( 'NONE', *, *, #2063, .F. ) ;
#2066 = FACE_BOUND ( 'NONE', #2576, .T. ) ;
#2067 = VERTEX_POINT ( 'NONE', #3458 ) ;
#2068 = CARTESIAN_POINT ( 'NONE',  ( 0.0001114192338569289779, 4.000376002242254536, 0.7500120000000000120 ) ) ;
#2069 = CARTESIAN_POINT ( 'NONE',  ( 35.46896998261891554, -17.19116223487141681, -0.7500000000000000000 ) ) ;
#2070 = ORIENTED_EDGE ( 'NONE', *, *, #740, .F. ) ;
#2071 = ORIENTED_EDGE ( 'NONE', *, *, #3627, .T. ) ;
#2072 = CARTESIAN_POINT ( 'NONE',  ( -28.00000000000000000, -32.32999999999995566, -0.7500000000000000000 ) ) ;
#2073 = VECTOR ( 'NONE', #533, 1000.000000000000000 ) ;
#2074 = CARTESIAN_POINT ( 'NONE',  ( 10.00000000000000178, -24.00000000000000000, 0.7500000000000000000 ) ) ;
#2075 = EDGE_CURVE ( 'NONE', #3304, #1005, #3522, .T. ) ;
#2076 = DIRECTION ( 'NONE',  ( -0.000000000000000000, 0.000000000000000000, -1.000000000000000000 ) ) ;
#2077 = ORIENTED_EDGE ( 'NONE', *, *, #43, .F. ) ;
#2078 = CARTESIAN_POINT ( 'NONE',  ( 4.000000000000000000, -34.00000000000000000, -0.7499999999999995559 ) ) ;
#2079 = ORIENTED_EDGE ( 'NONE', *, *, #1201, .T. ) ;
#2080 = AXIS2_PLACEMENT_3D ( 'NONE', #1139, #2373, #2657 ) ;
#2081 = ADVANCED_FACE ( 'NONE', ( #2506 ), #102, .T. ) ;
#2082 = DIRECTION ( 'NONE',  ( -0.000000000000000000, -0.000000000000000000, 1.000000000000000000 ) ) ;
#2083 = DIRECTION ( 'NONE',  ( 0.8660254037844432595, 0.4999999999999919509, 0.000000000000000000 ) ) ;
#2084 = ORIENTED_EDGE ( 'NONE', *, *, #2857, .T. ) ;
#2085 = AXIS2_PLACEMENT_3D ( 'NONE', #2783, #3984, #3735 ) ;
#2086 = FACE_OUTER_BOUND ( 'NONE', #2695, .T. ) ;
#2087 = ORIENTED_EDGE ( 'NONE', *, *, #2165, .F. ) ;
#2088 = EDGE_CURVE ( 'NONE', #2432, #318, #2706, .T. ) ;
#2089 = AXIS2_PLACEMENT_3D ( 'NONE', #2770, #2096, #1873 ) ;
#2090 = AXIS2_PLACEMENT_3D ( 'NONE', #764, #1996, #961 ) ;
#2091 = DIRECTION ( 'NONE',  ( 1.406532548089303043E-16, -1.000000000000000000, 0.000000000000000000 ) ) ;
#2092 = VECTOR ( 'NONE', #3133, 1000.000000000000000 ) ;
#2093 = EDGE_LOOP ( 'NONE', ( #2212, #3217, #250, #118 ) ) ;
#2094 = ORIENTED_EDGE ( 'NONE', *, *, #3747, .F. ) ;
#2095 = DIRECTION ( 'NONE',  ( 0.000000000000000000, 0.000000000000000000, 1.000000000000000000 ) ) ;
#2096 = DIRECTION ( 'NONE',  ( 0.000000000000000000, 0.000000000000000000, 1.000000000000000000 ) ) ;
#2097 = ORIENTED_EDGE ( 'NONE', *, *, #227, .T. ) ;
#2098 = DIRECTION ( 'NONE',  ( -0.000000000000000000, -0.000000000000000000, 1.000000000000000000 ) ) ;
#2099 = ORIENTED_EDGE ( 'NONE', *, *, #1041, .F. ) ;
#2100 = DIRECTION ( 'NONE',  ( -1.000000000000000000, 0.000000000000000000, 0.000000000000000000 ) ) ;
#2101 = DIRECTION ( 'NONE',  ( 0.000000000000000000, 0.000000000000000000, -1.000000000000000000 ) ) ;
#2102 = ORIENTED_EDGE ( 'NONE', *, *, #178, .F. ) ;
#2103 = CARTESIAN_POINT ( 'NONE',  ( 10.00000000000000000, -1.500000000000000000, -0.7500000000000000000 ) ) ;
#2104 = ORIENTED_EDGE ( 'NONE', *, *, #2317, .T. ) ;
#2105 = DIRECTION ( 'NONE',  ( 0.000000000000000000, 0.000000000000000000, 1.000000000000000000 ) ) ;
#2106 = DIRECTION ( 'NONE',  ( -1.000000000000000000, 0.000000000000000000, 0.000000000000000000 ) ) ;
#2107 = VERTEX_POINT ( 'NONE', #1286 ) ;
#2108 = VECTOR ( 'NONE', #2970, 1000.000000000000000 ) ;
#2109 = ORIENTED_EDGE ( 'NONE', *, *, #3276, .T. ) ;
#2110 = CIRCLE ( 'NONE', #1732, 2.249999999999995115 ) ;
#2111 = DIRECTION ( 'NONE',  ( 0.000000000000000000, 0.000000000000000000, 1.000000000000000000 ) ) ;
#2112 = CARTESIAN_POINT ( 'NONE',  ( -5.000000000000000888, -29.00000000000000000, 0.7500000000000000000 ) ) ;
#2113 = SHAPE_DEFINITION_REPRESENTATION ( #3797, #1317 ) ;
#2114 = VECTOR ( 'NONE', #1734, 1000.000000000000000 ) ;
#2115 = AXIS2_PLACEMENT_3D ( 'NONE', #3750, #1558, #1521 ) ;
#2116 = CIRCLE ( 'NONE', #362, 2.249999999999996891 ) ;
#2117 = ADVANCED_FACE ( 'NONE', ( #3824 ), #2581, .F. ) ;
#2118 = DIRECTION ( 'NONE',  ( 1.000000000000000000, 0.000000000000000000, 0.000000000000000000 ) ) ;
#2119 = DIRECTION ( 'NONE',  ( 1.000000000000000000, 0.000000000000000000, 0.000000000000000000 ) ) ;
#2120 = VERTEX_POINT ( 'NONE', #3213 ) ;
#2121 = FACE_OUTER_BOUND ( 'NONE', #3461, .T. ) ;
#2122 = PLANE ( 'NONE',  #1334 ) ;
#2123 = ORIENTED_EDGE ( 'NONE', *, *, #3588, .F. ) ;
#2124 = CARTESIAN_POINT ( 'NONE',  ( -17.92500000000014637, -31.04701072567204534, -0.7500000000000000000 ) ) ;
#2125 = ORIENTED_EDGE ( 'NONE', *, *, #1664, .T. ) ;
#2126 = APPROVAL ( #414, 'UNSPECIFIED' ) ;
#2127 = EDGE_CURVE ( 'NONE', #719, #1937, #3613, .T. ) ;
#2128 = DIRECTION ( 'NONE',  ( -1.000000000000000000, 0.000000000000000000, 0.000000000000000000 ) ) ;
#2129 = DIRECTION ( 'NONE',  ( -0.000000000000000000, 0.000000000000000000, -1.000000000000000000 ) ) ;
#2130 = VERTEX_POINT ( 'NONE', #3481 ) ;
#2131 = EDGE_LOOP ( 'NONE', ( #2043, #3680, #23, #3631 ) ) ;
#2132 = DIRECTION ( 'NONE',  ( 0.000000000000000000, 0.000000000000000000, 1.000000000000000000 ) ) ;
#2133 = CYLINDRICAL_SURFACE ( 'NONE', #2013, 7.000000000000000888 ) ;
#2134 = EDGE_CURVE ( 'NONE', #2875, #81, #3804, .T. ) ;
#2135 = EDGE_CURVE ( 'NONE', #3696, #313, #1268, .T. ) ;
#2136 = VECTOR ( 'NONE', #3929, 999.9999999999998863 ) ;
#2137 = CARTESIAN_POINT ( 'NONE',  ( 27.00000000581808735, 0.9995404384714433599, 0.4500000000000000666 ) ) ;
#2138 = CARTESIAN_POINT ( 'NONE',  ( -14.36635103553101267, -22.88249790532144701, 0.7500000000000000000 ) ) ;
#2139 = ORIENTED_EDGE ( 'NONE', *, *, #31, .T. ) ;
#2140 = VECTOR ( 'NONE', #1000, 1000.000000000000000 ) ;
#2141 = CYLINDRICAL_SURFACE ( 'NONE', #3679, 6.999999999999999112 ) ;
#2142 = DIRECTION ( 'NONE',  ( -1.000000000000000000, 0.000000000000000000, 0.000000000000000000 ) ) ;
#2143 = ORIENTED_EDGE ( 'NONE', *, *, #2603, .T. ) ;
#2144 = CARTESIAN_POINT ( 'NONE',  ( -12.99999999999999645, -14.89500000000000490, -0.7500000000000000000 ) ) ;
#2145 = EDGE_LOOP ( 'NONE', ( #1076, #2471, #2995, #1612 ) ) ;
#2146 = AXIS2_PLACEMENT_3D ( 'NONE', #4016, #1236, #932 ) ;
#2147 = EDGE_CURVE ( 'NONE', #2010, #2539, #966, .T. ) ;
#2148 = AXIS2_PLACEMENT_3D ( 'NONE', #4004, #2513, #1886 ) ;
#2149 = CARTESIAN_POINT ( 'NONE',  ( 35.00000000000000000, 7.428946878701225387, 0.7500000000000000000 ) ) ;
#2150 = CARTESIAN_POINT ( 'NONE',  ( -17.92500000000014637, -31.04701072567204534, 0.4500000000000000666 ) ) ;
#2151 = VERTEX_POINT ( 'NONE', #695 ) ;
#2152 = ORIENTED_EDGE ( 'NONE', *, *, #3692, .T. ) ;
#2153 = AXIS2_PLACEMENT_3D ( 'NONE', #1606, #433, #1872 ) ;
#2154 = AXIS2_PLACEMENT_3D ( 'NONE', #1427, #1128, #3584 ) ;
#2155 = CARTESIAN_POINT ( 'NONE',  ( 35.85000000000000142, 0.000000000000000000, -0.7500000000000000000 ) ) ;
#2156 = FACE_OUTER_BOUND ( 'NONE', #537, .T. ) ;
#2157 = DIRECTION ( 'NONE',  ( 0.000000000000000000, 0.000000000000000000, -1.000000000000000000 ) ) ;
#2158 = DIRECTION ( 'NONE',  ( -0.000000000000000000, -0.000000000000000000, 1.000000000000000000 ) ) ;
#2159 = EDGE_LOOP ( 'NONE', ( #2243, #1142, #738, #2387 ) ) ;
#2160 = DIRECTION ( 'NONE',  ( 1.000000000000000000, 0.000000000000000000, 0.000000000000000000 ) ) ;
#2161 = CARTESIAN_POINT ( 'NONE',  ( -10.00000000000000000, -1.500000000000001332, -0.7500000000000000000 ) ) ;
#2162 = ORIENTED_EDGE ( 'NONE', *, *, #3701, .F. ) ;
#2163 = FACE_OUTER_BOUND ( 'NONE', #3154, .T. ) ;
#2164 = EDGE_LOOP ( 'NONE', ( #2104, #1559, #964, #1451 ) ) ;
#2165 = EDGE_CURVE ( 'NONE', #3334, #430, #1310, .T. ) ;
#2166 = DIRECTION ( 'NONE',  ( 0.000000000000000000, 0.000000000000000000, 1.000000000000000000 ) ) ;
#2167 = DIRECTION ( 'NONE',  ( 0.000000000000000000, -0.000000000000000000, 1.000000000000000000 ) ) ;
#2168 = ORIENTED_EDGE ( 'NONE', *, *, #3692, .F. ) ;
#2169 = ORIENTED_EDGE ( 'NONE', *, *, #2733, .F. ) ;
#2170 = CARTESIAN_POINT ( 'NONE',  ( -5.000000000000000000, 14.49999999999999822, 0.7500000000000000000 ) ) ;
#2171 = EDGE_LOOP ( 'NONE', ( #2761, #416, #511, #1847, #1333 ) ) ;
#2172 = DIRECTION ( 'NONE',  ( -0.8660254037844432595, -0.4999999999999920064, 0.000000000000000000 ) ) ;
#2173 = VECTOR ( 'NONE', #3980, 1000.000000000000000 ) ;
#2174 = CYLINDRICAL_SURFACE ( 'NONE', #2534, 2.999999999999999112 ) ;
#2175 = VECTOR ( 'NONE', #663, 1000.000000000000000 ) ;
#2176 = LINE ( 'NONE', #632, #259 ) ;
#2177 = ORIENTED_EDGE ( 'NONE', *, *, #3639, .F. ) ;
#2178 = AXIS2_PLACEMENT_3D ( 'NONE', #1648, #2580, #1898 ) ;
#2179 =( GEOMETRIC_REPRESENTATION_CONTEXT ( 3 ) GLOBAL_UNCERTAINTY_ASSIGNED_CONTEXT ( ( #1465 ) ) GLOBAL_UNIT_ASSIGNED_CONTEXT ( ( #2214, #1356, #665 ) ) REPRESENTATION_CONTEXT ( 'NONE', 'WORKASPACE' ) );
#2180 = CIRCLE ( 'NONE', #2310, 1.500000000000001332 ) ;
#2181 = LINE ( 'NONE', #353, #1338 ) ;
#2182 = DIRECTION ( 'NONE',  ( 0.000000000000000000, 0.000000000000000000, -1.000000000000000000 ) ) ;
#2183 = ORIENTED_EDGE ( 'NONE', *, *, #507, .T. ) ;
#2184 = CYLINDRICAL_SURFACE ( 'NONE', #1508, 4.999999999999999112 ) ;
#2185 = ORIENTED_EDGE ( 'NONE', *, *, #380, .T. ) ;
#2186 = ADVANCED_FACE ( 'NONE', ( #656 ), #2521, .F. ) ;
#2187 = EDGE_CURVE ( 'NONE', #3314, #1762, #3138, .T. ) ;
#2188 = ADVANCED_FACE ( 'NONE', ( #712 ), #2874, .F. ) ;
#2189 = CARTESIAN_POINT ( 'NONE',  ( 6.500000000000001776, 14.49999999999999822, -0.7499999999999995559 ) ) ;
#2190 = DIRECTION ( 'NONE',  ( 0.000000000000000000, 0.000000000000000000, 1.000000000000000000 ) ) ;
#2191 = ORIENTED_EDGE ( 'NONE', *, *, #1905, .T. ) ;
#2192 = CARTESIAN_POINT ( 'NONE',  ( 9.501902384482358244, 39.10288945524936111, -0.7500000000000000000 ) ) ;
#2193 = VERTEX_POINT ( 'NONE', #1611 ) ;
#2194 = DIRECTION ( 'NONE',  ( 1.000000000000000000, 0.000000000000000000, 0.000000000000000000 ) ) ;
#2195 = ADVANCED_FACE ( 'NONE', ( #1590 ), #2852, .F. ) ;
#2196 = DIRECTION ( 'NONE',  ( 0.000000000000000000, 0.000000000000000000, 1.000000000000000000 ) ) ;
#2197 = EDGE_CURVE ( 'NONE', #3577, #1093, #1004, .T. ) ;
#2198 = DIRECTION ( 'NONE',  ( 1.000000000000000000, 0.000000000000000000, 0.000000000000000000 ) ) ;
#2199 = ORIENTED_EDGE ( 'NONE', *, *, #3450, .F. ) ;
#2200 = ADVANCED_FACE ( 'NONE', ( #2891 ), #1631, .F. ) ;
#2201 = ADVANCED_FACE ( 'NONE', ( #1385, #3620, #2341 ), #2994, .T. ) ;
#2202 = VECTOR ( 'NONE', #3866, 1000.000000000000000 ) ;
#2203 = DIRECTION ( 'NONE',  ( 0.000000000000000000, -0.000000000000000000, 1.000000000000000000 ) ) ;
#2204 = DIRECTION ( 'NONE',  ( 1.000000000000000000, 0.000000000000000000, 0.000000000000000000 ) ) ;
#2205 = VERTEX_POINT ( 'NONE', #2386 ) ;
#2206 = DIRECTION ( 'NONE',  ( -0.000000000000000000, -0.000000000000000000, -1.000000000000000000 ) ) ;
#2207 = ORIENTED_EDGE ( 'NONE', *, *, #1833, .T. ) ;
#2208 = CIRCLE ( 'NONE', #2723, 1.500000000000001332 ) ;
#2209 = CARTESIAN_POINT ( 'NONE',  ( -15.24999999999975309, 26.41377481542551919, -0.7500000000000000000 ) ) ;
#2210 = CYLINDRICAL_SURFACE ( 'NONE', #3210, 1.500000000000001332 ) ;
#2211 = EDGE_CURVE ( 'NONE', #3919, #3920, #1692, .T. ) ;
#2212 = ORIENTED_EDGE ( 'NONE', *, *, #3097, .F. ) ;
#2213 = CIRCLE ( 'NONE', #1431, 6.999999999999999112 ) ;
#2214 =( LENGTH_UNIT ( ) NAMED_UNIT ( * ) SI_UNIT ( .MILLI., .METRE. ) );
#2215 = CYLINDRICAL_SURFACE ( 'NONE', #391, 2.999999999999999112 ) ;
#2216 = VERTEX_POINT ( 'NONE', #1673 ) ;
#2217 = LINE ( 'NONE', #2286, #2670 ) ;
#2218 = VECTOR ( 'NONE', #1812, 1000.000000000000000 ) ;
#2219 = VECTOR ( 'NONE', #1230, 1000.000000000000000 ) ;
#2220 = CARTESIAN_POINT ( 'NONE',  ( 38.15000000000000568, -1.149999999999999911, 0.4500000000000001221 ) ) ;
#2221 = CARTESIAN_POINT ( 'NONE',  ( -19.00000000000000355, 17.89499999999999602, -0.7500000000000000000 ) ) ;
#2222 = VECTOR ( 'NONE', #1321, 1000.000000000000000 ) ;
#2223 = ORIENTED_EDGE ( 'NONE', *, *, #3215, .F. ) ;
#2224 = DIRECTION ( 'NONE',  ( -0.000000000000000000, -0.000000000000000000, 1.000000000000000000 ) ) ;
#2225 = VERTEX_POINT ( 'NONE', #2623 ) ;
#2226 = CARTESIAN_POINT ( 'NONE',  ( -18.07907078564805659, -33.61386915437626044, 0.4500000000000000666 ) ) ;
#2227 = ORIENTED_EDGE ( 'NONE', *, *, #2916, .F. ) ;
#2228 = CARTESIAN_POINT ( 'NONE',  ( 16.00000000000000000, -14.24204397361948793, 0.7500000000000000000 ) ) ;
#2229 = DIRECTION ( 'NONE',  ( 0.000000000000000000, 0.000000000000000000, 1.000000000000000000 ) ) ;
#2230 = ORIENTED_EDGE ( 'NONE', *, *, #1484, .T. ) ;
#2231 = PERSON_AND_ORGANIZATION ( #725, #95 ) ;
#2232 = LINE ( 'NONE', #3835, #3830 ) ;
#2233 = VERTEX_POINT ( 'NONE', #3864 ) ;
#2234 = APPLICATION_CONTEXT ( 'configuration controlled 3d designs of mechanical parts and assemblies' ) ;
#2235 = FACE_OUTER_BOUND ( 'NONE', #585, .T. ) ;
#2236 = LINE ( 'NONE', #2886, #706 ) ;
#2237 = ORIENTED_EDGE ( 'NONE', *, *, #3657, .F. ) ;
#2238 = CARTESIAN_POINT ( 'NONE',  ( 40.11947591133419166, -12.20410519113289460, -0.7500000000000000000 ) ) ;
#2239 = AXIS2_PLACEMENT_3D ( 'NONE', #2740, #3385, #4015 ) ;
#2240 = DIRECTION ( 'NONE',  ( 0.3365324637702175048, 0.9416718647324805458, 0.000000000000000000 ) ) ;
#2241 = EDGE_LOOP ( 'NONE', ( #958, #1758 ) ) ;
#2242 = DIRECTION ( 'NONE',  ( 0.000000000000000000, 0.000000000000000000, 1.000000000000000000 ) ) ;
#2243 = ORIENTED_EDGE ( 'NONE', *, *, #3691, .T. ) ;
#2244 = VECTOR ( 'NONE', #3279, 1000.000000000000000 ) ;
#2245 = VECTOR ( 'NONE', #1, 1000.000000000000000 ) ;
#2246 = CYLINDRICAL_SURFACE ( 'NONE', #1267, 2.249999999999996003 ) ;
#2247 = FACE_BOUND ( 'NONE', #3037, .T. ) ;
#2248 = ORIENTED_EDGE ( 'NONE', *, *, #692, .T. ) ;
#2249 = EDGE_CURVE ( 'NONE', #4, #1096, #3601, .T. ) ;
#2250 = PERSON_AND_ORGANIZATION ( #725, #95 ) ;
#2251 = DIRECTION ( 'NONE',  ( 0.000000000000000000, 0.000000000000000000, 1.000000000000000000 ) ) ;
#2252 = ORIENTED_EDGE ( 'NONE', *, *, #3873, .T. ) ;
#2253 = DIRECTION ( 'NONE',  ( 0.9416718647324814340, 0.3365324637702151733, 0.000000000000000000 ) ) ;
#2254 = CARTESIAN_POINT ( 'NONE',  ( 3.434178682610917299, 35.61251281686954684, -0.7500000000000000000 ) ) ;
#2255 = EDGE_CURVE ( 'NONE', #1428, #2683, #525, .T. ) ;
#2256 = VERTEX_POINT ( 'NONE', #3844 ) ;
#2257 = DIRECTION ( 'NONE',  ( 1.000000000000000000, 0.000000000000000000, 0.000000000000000000 ) ) ;
#2258 = EDGE_CURVE ( 'NONE', #3989, #1030, #3252, .T. ) ;
#2259 = CARTESIAN_POINT ( 'NONE',  ( 0.9959292143521096818, 0.5749999999999907407, -0.7500000000000000000 ) ) ;
#2260 = VERTEX_POINT ( 'NONE', #1085 ) ;
#2261 = CARTESIAN_POINT ( 'NONE',  ( -12.63437259108305177, -23.88245612645412308, 0.4500000000000000666 ) ) ;
#2262 = ORIENTED_EDGE ( 'NONE', *, *, #3456, .F. ) ;
#2263 = DIRECTION ( 'NONE',  ( -1.000000000000000000, -0.000000000000000000, 0.000000000000000000 ) ) ;
#2264 = DIRECTION ( 'NONE',  ( -0.000000000000000000, -0.000000000000000000, 1.000000000000000000 ) ) ;
#2265 = VECTOR ( 'NONE', #210, 1000.000000000000000 ) ;
#2266 = ORIENTED_EDGE ( 'NONE', *, *, #227, .F. ) ;
#2267 = EDGE_CURVE ( 'NONE', #3494, #1718, #1891, .T. ) ;
#2268 = CALENDAR_DATE ( 2025, 21, 1 ) ;
#2269 = CYLINDRICAL_SURFACE ( 'NONE', #2861, 6.999999999999999112 ) ;
#2270 = ORIENTED_EDGE ( 'NONE', *, *, #3924, .F. ) ;
#2271 = AXIS2_PLACEMENT_3D ( 'NONE', #3941, #3261, #809 ) ;
#2272 = CIRCLE ( 'NONE', #2085, 2.999999999999999112 ) ;
#2273 = CARTESIAN_POINT ( 'NONE',  ( -4.000000000000000000, -34.00000000000000000, 0.7500000000000000000 ) ) ;
#2274 = CARTESIAN_POINT ( 'NONE',  ( 5.000000000000001776, -29.00000000000000000, -0.7500000000000000000 ) ) ;
#2275 = ORIENTED_EDGE ( 'NONE', *, *, #1781, .T. ) ;
#2276 = CIRCLE ( 'NONE', #2473, 2.999999999999999112 ) ;
#2277 = VECTOR ( 'NONE', #2336, 1000.000000000000000 ) ;
#2278 = CARTESIAN_POINT ( 'NONE',  ( -4.000000000000000000, -34.00000000000000000, 0.7500000000000000000 ) ) ;
#2279 = CIRCLE ( 'NONE', #1895, 7.000000000000000000 ) ;
#2280 = DIRECTION ( 'NONE',  ( 1.000000000000000000, 5.337610695313251508E-17, 0.000000000000000000 ) ) ;
#2281 = ORIENTED_EDGE ( 'NONE', *, *, #3944, .T. ) ;
#2282 = PLANE ( 'NONE',  #1700 ) ;
#2283 = ORIENTED_EDGE ( 'NONE', *, *, #1833, .F. ) ;
#2284 = DIRECTION ( 'NONE',  ( 0.000000000000000000, 0.000000000000000000, 1.000000000000000000 ) ) ;
#2285 = DIRECTION ( 'NONE',  ( -0.4986252340542583483, 0.8668176716959201666, 0.000000000000000000 ) ) ;
#2286 = CARTESIAN_POINT ( 'NONE',  ( -6.249999999999995559, -34.00000000000000000, 0.7500000000000000000 ) ) ;
#2287 = ORIENTED_EDGE ( 'NONE', *, *, #1519, .T. ) ;
#2288 = EDGE_CURVE ( 'NONE', #1091, #1251, #3516, .T. ) ;
#2289 = PERSON_AND_ORGANIZATION_ROLE ( 'creator' ) ;
#2290 = DIRECTION ( 'NONE',  ( 1.000000000000000000, 0.000000000000000000, 0.000000000000000000 ) ) ;
#2291 = ORIENTED_EDGE ( 'NONE', *, *, #455, .F. ) ;
#2292 = CARTESIAN_POINT ( 'NONE',  ( -8.652992479455612340, 43.50000000000000000, -0.7500000000000000000 ) ) ;
#2293 = CARTESIAN_POINT ( 'NONE',  ( 38.15000000000000568, -1.149999999999999911, -0.7500000000000000000 ) ) ;
#2294 = ORIENTED_EDGE ( 'NONE', *, *, #2714, .T. ) ;
#2295 = DIRECTION ( 'NONE',  ( -0.000000000000000000, -0.000000000000000000, -1.000000000000000000 ) ) ;
#2296 = DIRECTION ( 'NONE',  ( 0.000000000000000000, 0.000000000000000000, 1.000000000000000000 ) ) ;
#2297 = ORIENTED_EDGE ( 'NONE', *, *, #2807, .T. ) ;
#2298 = DIRECTION ( 'NONE',  ( 1.000000000000000000, 3.542059164832684244E-16, 0.000000000000000000 ) ) ;
#2299 = VERTEX_POINT ( 'NONE', #3292 ) ;
#2300 = AXIS2_PLACEMENT_3D ( 'NONE', #3106, #2488, #1866 ) ;
#2301 = PLANE ( 'NONE',  #1335 ) ;
#2302 = EDGE_CURVE ( 'NONE', #1065, #1704, #2276, .T. ) ;
#2303 = LINE ( 'NONE', #513, #952 ) ;
#2304 = CARTESIAN_POINT ( 'NONE',  ( 6.249999999999995559, -34.00000000000000000, 0.4499999999999983458 ) ) ;
#2305 = ORIENTED_EDGE ( 'NONE', *, *, #2782, .T. ) ;
#2306 = CIRCLE ( 'NONE', #3093, 2.999999999999999112 ) ;
#2307 = CIRCLE ( 'NONE', #3152, 2.999999999999999112 ) ;
#2308 = VECTOR ( 'NONE', #3219, 1000.000000000000114 ) ;
#2309 = ADVANCED_FACE ( 'NONE', ( #2645 ), #756, .F. ) ;
#2310 = AXIS2_PLACEMENT_3D ( 'NONE', #2408, #557, #1819 ) ;
#2311 = CARTESIAN_POINT ( 'NONE',  ( -21.00000000000000355, 28.28854811567264349, -0.7500000000000000000 ) ) ;
#2312 = CARTESIAN_POINT ( 'NONE',  ( 23.13612494456364743, -21.65391214938251707, 0.7500000000000000000 ) ) ;
#2313 = ORIENTED_EDGE ( 'NONE', *, *, #977, .F. ) ;
#2314 = LINE ( 'NONE', #3289, #3839 ) ;
#2315 = DIRECTION ( 'NONE',  ( 1.000000000000000000, 0.000000000000000000, 0.000000000000000000 ) ) ;
#2316 = CARTESIAN_POINT ( 'NONE',  ( 42.00000000000000000, -7.430116670695394276, -0.7500000000000000000 ) ) ;
#2317 = EDGE_CURVE ( 'NONE', #4021, #1900, #2953, .T. ) ;
#2318 = EDGE_CURVE ( 'NONE', #29, #3022, #3512, .T. ) ;
#2319 = ADVANCED_FACE ( 'NONE', ( #3543 ), #2666, .F. ) ;
#2320 = FACE_OUTER_BOUND ( 'NONE', #2451, .T. ) ;
#2321 = DIRECTION ( 'NONE',  ( 0.000000000000000000, 0.000000000000000000, 1.000000000000000000 ) ) ;
#2322 = ORIENTED_EDGE ( 'NONE', *, *, #1490, .F. ) ;
#2323 = EDGE_CURVE ( 'NONE', #2216, #2780, #1119, .T. ) ;
#2324 = EDGE_CURVE ( 'NONE', #911, #3029, #139, .T. ) ;
#2325 = CARTESIAN_POINT ( 'NONE',  ( 42.00000000000000711, 3.999206213351129247, 0.4500000000000000666 ) ) ;
#2326 = ORIENTED_EDGE ( 'NONE', *, *, #1884, .T. ) ;
#2327 = DIRECTION ( 'NONE',  ( 0.9416718647324805458, 0.3365324637702177268, 0.000000000000000000 ) ) ;
#2328 = DIRECTION ( 'NONE',  ( 0.000000000000000000, 0.000000000000000000, -1.000000000000000000 ) ) ;
#2329 = ORIENTED_EDGE ( 'NONE', *, *, #826, .T. ) ;
#2330 = DIRECTION ( 'NONE',  ( 0.000000000000000000, 1.000000000000000000, 0.000000000000000000 ) ) ;
#2331 = EDGE_LOOP ( 'NONE', ( #1538, #492 ) ) ;
#2332 = EDGE_CURVE ( 'NONE', #211, #2130, #166, .T. ) ;
#2333 = CARTESIAN_POINT ( 'NONE',  ( -5.000000000000000000, -1.500000000000001332, -0.7500000000000000000 ) ) ;
#2334 = ORIENTED_EDGE ( 'NONE', *, *, #2187, .T. ) ;
#2335 = ORIENTED_EDGE ( 'NONE', *, *, #3413, .F. ) ;
#2336 = DIRECTION ( 'NONE',  ( -0.000000000000000000, -0.000000000000000000, -1.000000000000000000 ) ) ;
#2337 = VECTOR ( 'NONE', #2190, 1000.000000000000000 ) ;
#2338 = DIRECTION ( 'NONE',  ( 0.4999999999999924505, -0.8660254037844429265, 0.000000000000000000 ) ) ;
#2339 = CARTESIAN_POINT ( 'NONE',  ( 13.78990089935895647, -40.50179349589403444, 0.7500000000000000000 ) ) ;
#2340 = CARTESIAN_POINT ( 'NONE',  ( -4.000000000000000000, -34.00000000000000000, 0.4499999999999983458 ) ) ;
#2341 = FACE_OUTER_BOUND ( 'NONE', #3265, .T. ) ;
#2342 = VERTEX_POINT ( 'NONE', #1737 ) ;
#2343 = DIRECTION ( 'NONE',  ( 0.000000000000000000, 0.000000000000000000, 1.000000000000000000 ) ) ;
#2344 = ORIENTED_EDGE ( 'NONE', *, *, #3057, .F. ) ;
#2345 = VECTOR ( 'NONE', #1158, 1000.000000000000000 ) ;
#2346 = AXIS2_PLACEMENT_3D ( 'NONE', #2259, #1714, #3310 ) ;
#2347 = DIRECTION ( 'NONE',  ( 1.000000000000000000, 0.000000000000000000, -0.000000000000000000 ) ) ;
#2348 = VECTOR ( 'NONE', #3140, 1000.000000000000000 ) ;
#2349 = CARTESIAN_POINT ( 'NONE',  ( 23.37957040696730360, 1.301042606982605321E-15, -0.7500000000000000000 ) ) ;
#2350 = ORIENTED_EDGE ( 'NONE', *, *, #923, .F. ) ;
#2351 = FACE_OUTER_BOUND ( 'NONE', #3451, .T. ) ;
#2352 = ORIENTED_EDGE ( 'NONE', *, *, #2782, .F. ) ;
#2353 = DIRECTION ( 'NONE',  ( 0.000000000000000000, 0.000000000000000000, 1.000000000000000000 ) ) ;
#2354 = CARTESIAN_POINT ( 'NONE',  ( 4.999999999999999112, 3.500000000000000000, 0.7500000000000000000 ) ) ;
#2355 = VERTEX_POINT ( 'NONE', #2362 ) ;
#2356 = EDGE_CURVE ( 'NONE', #693, #891, #986, .T. ) ;
#2357 = LINE ( 'NONE', #771, #133 ) ;
#2358 = FACE_OUTER_BOUND ( 'NONE', #2967, .T. ) ;
#2359 = DIRECTION ( 'NONE',  ( -1.000000000000000000, 0.000000000000000000, 0.000000000000000000 ) ) ;
#2360 = EDGE_CURVE ( 'NONE', #842, #1718, #1247, .T. ) ;
#2361 = EDGE_CURVE ( 'NONE', #928, #598, #3720, .T. ) ;
#2362 = CARTESIAN_POINT ( 'NONE',  ( 42.00000000000000711, 3.999206213351129247, 0.7500000000000000000 ) ) ;
#2363 = ORIENTED_EDGE ( 'NONE', *, *, #1637, .F. ) ;
#2364 = DIRECTION ( 'NONE',  ( 0.000000000000000000, 0.000000000000000000, 1.000000000000000000 ) ) ;
#2365 = EDGE_LOOP ( 'NONE', ( #543, #2925, #4009, #3112 ) ) ;
#2366 = CARTESIAN_POINT ( 'NONE',  ( -17.53588644270343977, -38.37145877913597758, -0.7500000000000000000 ) ) ;
#2367 = AXIS2_PLACEMENT_3D ( 'NONE', #2068, #3896, #3301 ) ;
#2368 = CARTESIAN_POINT ( 'NONE',  ( 35.85000000000000142, 0.000000000000000000, -0.7500000000000000000 ) ) ;
#2369 = ORIENTED_EDGE ( 'NONE', *, *, #2288, .T. ) ;
#2370 = FACE_BOUND ( 'NONE', #187, .T. ) ;
#2371 = ORIENTED_EDGE ( 'NONE', *, *, #2459, .T. ) ;
#2372 = CARTESIAN_POINT ( 'NONE',  ( 42.00000000000000000, 7.428946878701225387, -0.7500000000000000000 ) ) ;
#2373 = DIRECTION ( 'NONE',  ( -0.000000000000000000, -0.000000000000000000, -1.000000000000000000 ) ) ;
#2374 = ADVANCED_FACE ( 'NONE', ( #1208 ), #4007, .T. ) ;
#2375 = AXIS2_PLACEMENT_3D ( 'NONE', #3220, #2587, #3829 ) ;
#2376 = ORIENTED_EDGE ( 'NONE', *, *, #2544, .F. ) ;
#2377 = AXIS2_PLACEMENT_3D ( 'NONE', #535, #3377, #275 ) ;
#2378 = EDGE_CURVE ( 'NONE', #871, #4, #2803, .T. ) ;
#2379 = ORIENTED_EDGE ( 'NONE', *, *, #3198, .T. ) ;
#2380 = CIRCLE ( 'NONE', #2895, 1.150000000000002576 ) ;
#2381 = VECTOR ( 'NONE', #2203, 1000.000000000000000 ) ;
#2382 = DIRECTION ( 'NONE',  ( 0.000000000000000000, 0.000000000000000000, 1.000000000000000000 ) ) ;
#2383 = CARTESIAN_POINT ( 'NONE',  ( 4.999999999999999112, 3.500000000000000000, 0.7500000000000000000 ) ) ;
#2384 = ADVANCED_FACE ( 'NONE', ( #1194 ), #1814, .F. ) ;
#2385 = ADVANCED_FACE ( 'NONE', ( #1166 ), #2174, .T. ) ;
#2386 = CARTESIAN_POINT ( 'NONE',  ( 17.00959739131064552, -17.06705956781693345, -0.7500000000000000000 ) ) ;
#2387 = ORIENTED_EDGE ( 'NONE', *, *, #3818, .T. ) ;
#2388 = CARTESIAN_POINT ( 'NONE',  ( 42.00000000000000000, -10.18749000000000038, 0.7500000000000000000 ) ) ;
#2389 = EDGE_LOOP ( 'NONE', ( #1635, #2781, #2465, #2059 ) ) ;
#2390 = EDGE_CURVE ( 'NONE', #3242, #3916, #3058, .T. ) ;
#2391 = LINE ( 'NONE', #3606, #747 ) ;
#2392 = DIRECTION ( 'NONE',  ( 0.000000000000000000, 0.000000000000000000, 1.000000000000000000 ) ) ;
#2393 = ORIENTED_EDGE ( 'NONE', *, *, #3288, .T. ) ;
#2394 = FACE_BOUND ( 'NONE', #1756, .T. ) ;
#2395 = EDGE_LOOP ( 'NONE', ( #3695, #1605, #3253, #3872 ) ) ;
#2396 = DIRECTION ( 'NONE',  ( -0.8911378333703934285, 0.4537326987731002403, 0.000000000000000000 ) ) ;
#2397 = CARTESIAN_POINT ( 'NONE',  ( 12.99999999999999822, 14.24204397361948082, 0.7500000000000000000 ) ) ;
#2398 = ADVANCED_FACE ( 'NONE', ( #3013 ), #228, .F. ) ;
#2399 = ORIENTED_EDGE ( 'NONE', *, *, #1959, .T. ) ;
#2400 = LINE ( 'NONE', #1207, #917 ) ;
#2401 = DIRECTION ( 'NONE',  ( -0.000000000000000000, 0.000000000000000000, -1.000000000000000000 ) ) ;
#2402 = DIRECTION ( 'NONE',  ( 0.000000000000000000, 0.000000000000000000, 1.000000000000000000 ) ) ;
#2403 = VERTEX_POINT ( 'NONE', #2727 ) ;
#2404 = CARTESIAN_POINT ( 'NONE',  ( 27.00000000581808735, -1.000376003793880919, 0.7500000000000000000 ) ) ;
#2405 = VERTEX_POINT ( 'NONE', #3969 ) ;
#2406 = AXIS2_PLACEMENT_3D ( 'NONE', #2806, #3717, #936 ) ;
#2407 = CARTESIAN_POINT ( 'NONE',  ( 9.501902384482358244, 39.10288945524936111, -0.7500000000000000000 ) ) ;
#2408 = CARTESIAN_POINT ( 'NONE',  ( 4.000000000000000000, -34.00000000000000000, 0.4499999999999983458 ) ) ;
#2409 = VERTEX_POINT ( 'NONE', #548 ) ;
#2410 = CIRCLE ( 'NONE', #3973, 1.150000000000001465 ) ;
#2411 = FACE_BOUND ( 'NONE', #3117, .T. ) ;
#2412 = ORIENTED_EDGE ( 'NONE', *, *, #3944, .F. ) ;
#2413 = VECTOR ( 'NONE', #2817, 1000.000000000000000 ) ;
#2414 = LINE ( 'NONE', #3344, #3996 ) ;
#2415 = CARTESIAN_POINT ( 'NONE',  ( 30.00000000581810866, -4.000376003793891577, 0.4500000000000000666 ) ) ;
#2416 = CIRCLE ( 'NONE', #858, 1.499999999999999334 ) ;
#2417 = ORIENTED_EDGE ( 'NONE', *, *, #506, .F. ) ;
#2418 = EDGE_CURVE ( 'NONE', #2639, #3885, #3950, .T. ) ;
#2419 = EDGE_LOOP ( 'NONE', ( #2087, #3727, #3208, #615 ) ) ;
#2420 = DIRECTION ( 'NONE',  ( -0.000000000000000000, -0.000000000000000000, 1.000000000000000000 ) ) ;
#2421 = FACE_BOUND ( 'NONE', #1231, .T. ) ;
#2422 = FACE_OUTER_BOUND ( 'NONE', #2049, .T. ) ;
#2423 = DIRECTION ( 'NONE',  ( 0.000000000000000000, 0.000000000000000000, 1.000000000000000000 ) ) ;
#2424 = ORIENTED_EDGE ( 'NONE', *, *, #3907, .T. ) ;
#2425 = DIRECTION ( 'NONE',  ( 0.000000000000000000, 0.000000000000000000, 1.000000000000000000 ) ) ;
#2426 = CARTESIAN_POINT ( 'NONE',  ( 24.19506739279724528, -30.80062781968637964, 0.7500000000000000000 ) ) ;
#2427 = EDGE_LOOP ( 'NONE', ( #1591, #3993, #1581, #1730 ) ) ;
#2428 = CYLINDRICAL_SURFACE ( 'NONE', #2535, 2.999999999999999112 ) ;
#2429 = ORIENTED_EDGE ( 'NONE', *, *, #224, .T. ) ;
#2430 = CARTESIAN_POINT ( 'NONE',  ( -12.63364897028696454, 23.88287390911551356, 0.7500000000000000000 ) ) ;
#2431 = PLANE ( 'NONE',  #326 ) ;
#2432 = VERTEX_POINT ( 'NONE', #2788 ) ;
#2433 = EDGE_CURVE ( 'NONE', #3029, #2260, #1185, .T. ) ;
#2434 = EDGE_LOOP ( 'NONE', ( #410, #462 ) ) ;
#2435 = FACE_OUTER_BOUND ( 'NONE', #3008, .T. ) ;
#2436 = DIRECTION ( 'NONE',  ( 0.8660254037844432595, 0.4999999999999919509, 0.000000000000000000 ) ) ;
#2437 = AXIS2_PLACEMENT_3D ( 'NONE', #1433, #3548, #763 ) ;
#2438 = VECTOR ( 'NONE', #3889, 1000.000000000000000 ) ;
#2439 = ADVANCED_FACE ( 'NONE', ( #2422 ), #3096, .F. ) ;
#2440 = DIRECTION ( 'NONE',  ( 0.000000000000000000, -0.000000000000000000, 1.000000000000000000 ) ) ;
#2441 = CARTESIAN_POINT ( 'NONE',  ( -13.00000000000000178, 14.89499999999999424, -0.7500000000000000000 ) ) ;
#2442 = ORIENTED_EDGE ( 'NONE', *, *, #1782, .T. ) ;
#2443 = EDGE_CURVE ( 'NONE', #297, #625, #898, .T. ) ;
#2444 = LINE ( 'NONE', #235, #2963 ) ;
#2445 = CARTESIAN_POINT ( 'NONE',  ( 5.000000000000001776, -24.00000000000000000, -0.7500000000000000000 ) ) ;
#2446 = ORIENTED_EDGE ( 'NONE', *, *, #3567, .F. ) ;
#2447 = PLANE ( 'NONE',  #273 ) ;
#2448 = ORIENTED_EDGE ( 'NONE', *, *, #997, .T. ) ;
#2449 = FACE_OUTER_BOUND ( 'NONE', #2919, .T. ) ;
#2450 = DIRECTION ( 'NONE',  ( 0.5000000000000049960, 0.8660254037844357100, 0.000000000000000000 ) ) ;
#2451 = EDGE_LOOP ( 'NONE', ( #3051, #848, #218, #2573 ) ) ;
#2452 = ORIENTED_EDGE ( 'NONE', *, *, #3271, .T. ) ;
#2453 = DIRECTION ( 'NONE',  ( 1.000000000000000000, 0.000000000000000000, 0.000000000000000000 ) ) ;
#2454 = LINE ( 'NONE', #1188, #653 ) ;
#2455 = CIRCLE ( 'NONE', #3052, 1.500000000000001332 ) ;
#2456 = DIRECTION ( 'NONE',  ( -0.000000000000000000, -0.000000000000000000, 1.000000000000000000 ) ) ;
#2457 = CARTESIAN_POINT ( 'NONE',  ( 20.55455481276986163, 1.009597391310653514, -0.7500000000000000000 ) ) ;
#2458 = ORIENTED_EDGE ( 'NONE', *, *, #3108, .T. ) ;
#2459 = EDGE_CURVE ( 'NONE', #3938, #473, #3665, .T. ) ;
#2460 = VECTOR ( 'NONE', #2500, 1000.000000000000000 ) ;
#2461 = CARTESIAN_POINT ( 'NONE',  ( 30.00000000581810866, -4.000376003793891577, 0.4500000000000000666 ) ) ;
#2462 = CARTESIAN_POINT ( 'NONE',  ( -6.777348132437802875, -36.50000000000000711, 0.7500000000000000000 ) ) ;
#2463 = ORIENTED_EDGE ( 'NONE', *, *, #3815, .F. ) ;
#2464 = CARTESIAN_POINT ( 'NONE',  ( -8.652992479455612340, 43.50000000000000000, 0.7500000000000000000 ) ) ;
#2465 = ORIENTED_EDGE ( 'NONE', *, *, #620, .T. ) ;
#2466 = CIRCLE ( 'NONE', #3769, 1.500000000000001332 ) ;
#2467 = CIRCLE ( 'NONE', #2665, 4.999999999999999112 ) ;
#2468 = FACE_OUTER_BOUND ( 'NONE', #3255, .T. ) ;
#2469 = LINE ( 'NONE', #3426, #1108 ) ;
#2470 = ORIENTED_EDGE ( 'NONE', *, *, #3641, .T. ) ;
#2471 = ORIENTED_EDGE ( 'NONE', *, *, #1362, .T. ) ;
#2472 = AXIS2_PLACEMENT_3D ( 'NONE', #1499, #2206, #2776 ) ;
#2473 = AXIS2_PLACEMENT_3D ( 'NONE', #508, #470, #2033 ) ;
#2474 = FACE_OUTER_BOUND ( 'NONE', #3718, .T. ) ;
#2475 = ORIENTED_EDGE ( 'NONE', *, *, #1664, .F. ) ;
#2476 = CARTESIAN_POINT ( 'NONE',  ( 42.00000000000000000, 10.18749000000000038, -0.7500000000000000000 ) ) ;
#2477 = EDGE_CURVE ( 'NONE', #2010, #514, #1698, .T. ) ;
#2478 = CARTESIAN_POINT ( 'NONE',  ( 35.85000000000000142, 0.000000000000000000, 0.4500000000000000666 ) ) ;
#2479 = DIRECTION ( 'NONE',  ( 1.000000000000000000, 0.000000000000000000, 0.000000000000000000 ) ) ;
#2480 = ORIENTED_EDGE ( 'NONE', *, *, #2920, .F. ) ;
#2481 = EDGE_CURVE ( 'NONE', #2225, #1182, #1777, .T. ) ;
#2482 = EDGE_CURVE ( 'NONE', #2539, #81, #3836, .T. ) ;
#2483 = DIRECTION ( 'NONE',  ( 0.000000000000000000, 0.000000000000000000, 1.000000000000000000 ) ) ;
#2484 = DIRECTION ( 'NONE',  ( -0.8660254037844363761, 0.5000000000000039968, 0.000000000000000000 ) ) ;
#2485 = ORIENTED_EDGE ( 'NONE', *, *, #2038, .F. ) ;
#2486 = DIRECTION ( 'NONE',  ( 0.000000000000000000, 0.000000000000000000, -1.000000000000000000 ) ) ;
#2487 = VERTEX_POINT ( 'NONE', #3739 ) ;
#2488 = DIRECTION ( 'NONE',  ( -0.000000000000000000, 0.000000000000000000, -1.000000000000000000 ) ) ;
#2489 = CARTESIAN_POINT ( 'NONE',  ( -20.22499999999969589, 33.03886915437651339, 0.4500000000000000666 ) ) ;
#2490 = EDGE_LOOP ( 'NONE', ( #2564, #1443, #1927, #1902 ) ) ;
#2491 = EDGE_CURVE ( 'NONE', #2130, #3022, #981, .T. ) ;
#2492 = EDGE_CURVE ( 'NONE', #1428, #3789, #3115, .T. ) ;
#2493 = LINE ( 'NONE', #2822, #267 ) ;
#2494 = ADVANCED_FACE ( 'NONE', ( #2870 ), #630, .F. ) ;
#2495 = ORIENTED_EDGE ( 'NONE', *, *, #1066, .F. ) ;
#2496 = CARTESIAN_POINT ( 'NONE',  ( -28.00000000000000355, 28.28854811567264349, -0.7500000000000000000 ) ) ;
#2497 = CIRCLE ( 'NONE', #3473, 2.249999999999995115 ) ;
#2498 = CARTESIAN_POINT ( 'NONE',  ( -18.07907078564758407, 33.61386915437650202, -0.7500000000000000000 ) ) ;
#2499 = AXIS2_PLACEMENT_3D ( 'NONE', #2676, #3935, #236 ) ;
#2500 = DIRECTION ( 'NONE',  ( 0.000000000000000000, -0.000000000000000000, 1.000000000000000000 ) ) ;
#2501 = EDGE_LOOP ( 'NONE', ( #3705, #2313, #637, #2631 ) ) ;
#2502 = VECTOR ( 'NONE', #1154, 1000.000000000000000 ) ;
#2503 = AXIS2_PLACEMENT_3D ( 'NONE', #427, #673, #3765 ) ;
#2504 = EDGE_CURVE ( 'NONE', #1888, #3814, #2829, .T. ) ;
#2505 = EDGE_CURVE ( 'NONE', #3977, #237, #1510, .T. ) ;
#2506 = FACE_OUTER_BOUND ( 'NONE', #357, .T. ) ;
#2507 = ORIENTED_EDGE ( 'NONE', *, *, #2378, .T. ) ;
#2508 = DIRECTION ( 'NONE',  ( 0.000000000000000000, 0.000000000000000000, 1.000000000000000000 ) ) ;
#2509 = ORIENTED_EDGE ( 'NONE', *, *, #2025, .T. ) ;
#2510 = DIRECTION ( 'NONE',  ( -0.5000000000000039968, -0.8660254037844363761, 0.000000000000000000 ) ) ;
#2511 = CARTESIAN_POINT ( 'NONE',  ( 25.21318069601125700, -19.41717371443391826, -0.7500000000000000000 ) ) ;
#2512 = ORIENTED_EDGE ( 'NONE', *, *, #2267, .T. ) ;
#2513 = DIRECTION ( 'NONE',  ( 0.000000000000000000, 0.000000000000000000, 1.000000000000000000 ) ) ;
#2514 = ORIENTED_EDGE ( 'NONE', *, *, #2004, .T. ) ;
#2515 = PLANE ( 'NONE',  #2090 ) ;
#2516 = CARTESIAN_POINT ( 'NONE',  ( -10.00000000000000178, -29.00000000000000000, 0.7500000000000000000 ) ) ;
#2517 = DIRECTION ( 'NONE',  ( -0.000000000000000000, 0.000000000000000000, -1.000000000000000000 ) ) ;
#2518 = CARTESIAN_POINT ( 'NONE',  ( -18.46374540336604753, 23.98106426203117181, 0.4500000000000000666 ) ) ;
#2519 = AXIS2_PLACEMENT_3D ( 'NONE', #3622, #3294, #2711 ) ;
#2520 = FACE_OUTER_BOUND ( 'NONE', #2019, .T. ) ;
#2521 = CYLINDRICAL_SURFACE ( 'NONE', #1370, 1.500000000000001332 ) ;
#2522 = ORIENTED_EDGE ( 'NONE', *, *, #692, .F. ) ;
#2523 = CARTESIAN_POINT ( 'NONE',  ( -16.92907078564804380, -31.62201072567204818, -0.7500000000000000000 ) ) ;
#2524 = ORIENTED_EDGE ( 'NONE', *, *, #2258, .T. ) ;
#2525 = VECTOR ( 'NONE', #963, 1000.000000000000000 ) ;
#2526 = CYLINDRICAL_SURFACE ( 'NONE', #1143, 1.500000000000001332 ) ;
#2527 = CARTESIAN_POINT ( 'NONE',  ( -16.92907078564760326, 31.62201072567227911, -0.7500000000000000000 ) ) ;
#2528 = EDGE_LOOP ( 'NONE', ( #209, #3690 ) ) ;
#2529 = APPLICATION_PROTOCOL_DEFINITION ( 'international standard', 'config_control_design', 1994, #2234 ) ;
#2530 = CARTESIAN_POINT ( 'NONE',  ( 15.54266091987000209, -37.23683829769534981, -0.7500000000000000000 ) ) ;
#2531 = VERTEX_POINT ( 'NONE', #3816 ) ;
#2532 = DIRECTION ( 'NONE',  ( 0.000000000000000000, 0.000000000000000000, -1.000000000000000000 ) ) ;
#2533 = AXIS2_PLACEMENT_3D ( 'NONE', #14, #648, #1261 ) ;
#2534 = AXIS2_PLACEMENT_3D ( 'NONE', #3331, #569, #606 ) ;
#2535 = AXIS2_PLACEMENT_3D ( 'NONE', #255, #3104, #3121 ) ;
#2536 = LINE ( 'NONE', #327, #2092 ) ;
#2537 = CARTESIAN_POINT ( 'NONE',  ( 34.81925541225042764, 17.88343062242071113, -0.7500000000000000000 ) ) ;
#2538 = AXIS2_PLACEMENT_3D ( 'NONE', #1607, #650, #3189 ) ;
#2539 = VERTEX_POINT ( 'NONE', #2220 ) ;
#2540 = ADVANCED_FACE ( 'NONE', ( #2235 ), #75, .T. ) ;
#2541 = PLANE ( 'NONE',  #818 ) ;
#2542 = CARTESIAN_POINT ( 'NONE',  ( 35.00000000000000000, -7.430116670695394276, 0.7500000000000000000 ) ) ;
#2543 = ORIENTED_EDGE ( 'NONE', *, *, #1035, .F. ) ;
#2544 = EDGE_CURVE ( 'NONE', #2205, #846, #2536, .T. ) ;
#2545 = CARTESIAN_POINT ( 'NONE',  ( -11.53633815902296078, -27.98060469933879091, 0.7500000000000000000 ) ) ;
#2546 = ORIENTED_EDGE ( 'NONE', *, *, #1480, .T. ) ;
#2547 = DIRECTION ( 'NONE',  ( 0.000000000000000000, 0.000000000000000000, 1.000000000000000000 ) ) ;
#2548 = CARTESIAN_POINT ( 'NONE',  ( 30.50000000000000000, 0.000000000000000000, -0.7500000000000000000 ) ) ;
#2549 = ORIENTED_EDGE ( 'NONE', *, *, #2324, .F. ) ;
#2550 = PERSON_AND_ORGANIZATION ( #725, #95 ) ;
#2551 = EDGE_CURVE ( 'NONE', #2795, #934, #2023, .T. ) ;
#2552 = DIRECTION ( 'NONE',  ( 1.000000000000000000, 0.000000000000000000, 0.000000000000000000 ) ) ;
#2553 = EDGE_LOOP ( 'NONE', ( #558, #3016, #1214, #1419, #2546, #1975, #1671, #3176 ) ) ;
#2554 = EDGE_CURVE ( 'NONE', #1650, #254, #2556, .T. ) ;
#2555 = VECTOR ( 'NONE', #405, 1000.000000000000000 ) ;
#2556 = LINE ( 'NONE', #382, #3974 ) ;
#2557 = DIRECTION ( 'NONE',  ( 0.000000000000000000, -0.000000000000000000, 1.000000000000000000 ) ) ;
#2558 = ORIENTED_EDGE ( 'NONE', *, *, #1844, .F. ) ;
#2559 = VECTOR ( 'NONE', #1417, 1000.000000000000227 ) ;
#2560 = CIRCLE ( 'NONE', #2115, 1.499999999999999556 ) ;
#2561 = CARTESIAN_POINT ( 'NONE',  ( 5.000000000000000000, 14.49999999999999822, 0.4499999999999983458 ) ) ;
#2562 = AXIS2_PLACEMENT_3D ( 'NONE', #2851, #3436, #3118 ) ;
#2563 = CARTESIAN_POINT ( 'NONE',  ( -21.00000000000000000, -28.28854811567259375, 0.7500000000000000000 ) ) ;
#2564 = ORIENTED_EDGE ( 'NONE', *, *, #3703, .T. ) ;
#2565 = FACE_OUTER_BOUND ( 'NONE', #502, .T. ) ;
#2566 = ORIENTED_EDGE ( 'NONE', *, *, #1447, .T. ) ;
#2567 = EDGE_CURVE ( 'NONE', #248, #1091, #707, .T. ) ;
#2568 = VECTOR ( 'NONE', #2315, 1000.000000000000000 ) ;
#2569 = AXIS2_PLACEMENT_3D ( 'NONE', #2462, #3669, #903 ) ;
#2570 = AXIS2_PLACEMENT_3D ( 'NONE', #1514, #251, #1536 ) ;
#2571 = LINE ( 'NONE', #3808, #1589 ) ;
#2572 = CARTESIAN_POINT ( 'NONE',  ( 28.26558293375744313, -26.41717371443391826, -0.7500000000000000000 ) ) ;
#2573 = ORIENTED_EDGE ( 'NONE', *, *, #1772, .F. ) ;
#2574 = PERSON_AND_ORGANIZATION ( #725, #95 ) ;
#2575 = CARTESIAN_POINT ( 'NONE',  ( 2.750000000000003997, 14.49999999999999822, 0.7500000000000000000 ) ) ;
#2576 = EDGE_LOOP ( 'NONE', ( #448, #401 ) ) ;
#2577 = LINE ( 'NONE', #2498, #1770 ) ;
#2578 = CARTESIAN_POINT ( 'NONE',  ( 6.249999999999995559, -34.00000000000000000, 0.7500000000000000000 ) ) ;
#2579 = ORIENTED_EDGE ( 'NONE', *, *, #1726, .F. ) ;
#2580 = DIRECTION ( 'NONE',  ( 0.000000000000000000, -0.000000000000000000, 1.000000000000000000 ) ) ;
#2581 = PLANE ( 'NONE',  #1336 ) ;
#2582 = VERTEX_POINT ( 'NONE', #690 ) ;
#2583 = EDGE_CURVE ( 'NONE', #2130, #1204, #3251, .T. ) ;
#2584 = LINE ( 'NONE', #1288, #3961 ) ;
#2585 = ORIENTED_EDGE ( 'NONE', *, *, #3639, .T. ) ;
#2586 = DIRECTION ( 'NONE',  ( 0.5000000000000036637, 0.8660254037844363761, 0.000000000000000000 ) ) ;
#2587 = DIRECTION ( 'NONE',  ( 0.000000000000000000, 0.000000000000000000, 1.000000000000000000 ) ) ;
#2588 = ORIENTED_EDGE ( 'NONE', *, *, #1543, .F. ) ;
#2589 = DIRECTION ( 'NONE',  ( -1.000000000000000000, -0.000000000000000000, 0.000000000000000000 ) ) ;
#2590 = DIRECTION ( 'NONE',  ( -0.000000000000000000, -0.000000000000000000, 1.000000000000000000 ) ) ;
#2591 = ORIENTED_EDGE ( 'NONE', *, *, #2916, .T. ) ;
#2592 = CIRCLE ( 'NONE', #3372, 1.500000000000001332 ) ;
#2593 = CARTESIAN_POINT ( 'NONE',  ( -17.53588644270343977, -38.37145877913597758, 0.7500000000000002220 ) ) ;
#2594 = FACE_OUTER_BOUND ( 'NONE', #2744, .T. ) ;
#2595 = ORIENTED_EDGE ( 'NONE', *, *, #2249, .T. ) ;
#2596 = VECTOR ( 'NONE', #2076, 1000.000000000000000 ) ;
#2597 = VECTOR ( 'NONE', #3937, 1000.000000000000114 ) ;
#2598 = ADVANCED_FACE ( 'NONE', ( #1584 ), #16, .F. ) ;
#2599 = CARTESIAN_POINT ( 'NONE',  ( -6.500000000000000000, 14.49999999999999822, 0.4499999999999983458 ) ) ;
#2600 = CIRCLE ( 'NONE', #1376, 6.999999999999999112 ) ;
#2601 = DIRECTION ( 'NONE',  ( -1.000000000000000000, 0.000000000000000000, 0.000000000000000000 ) ) ;
#2602 = ORIENTED_EDGE ( 'NONE', *, *, #1604, .T. ) ;
#2603 = EDGE_CURVE ( 'NONE', #825, #3919, #1282, .T. ) ;
#2604 = FACE_OUTER_BOUND ( 'NONE', #2913, .T. ) ;
#2605 = ORIENTED_EDGE ( 'NONE', *, *, #2249, .F. ) ;
#2606 = DIRECTION ( 'NONE',  ( 0.000000000000000000, 0.000000000000000000, 1.000000000000000000 ) ) ;
#2607 = DIRECTION ( 'NONE',  ( 1.000000000000000000, 1.734723475976807292E-15, 0.000000000000000000 ) ) ;
#2608 = FACE_OUTER_BOUND ( 'NONE', #1449, .T. ) ;
#2609 = VERTEX_POINT ( 'NONE', #3758 ) ;
#2610 = DIRECTION ( 'NONE',  ( -1.000000000000000000, 0.000000000000000000, 0.000000000000000000 ) ) ;
#2611 = EDGE_CURVE ( 'NONE', #1278, #3482, #2600, .T. ) ;
#2612 = CARTESIAN_POINT ( 'NONE',  ( -16.00000000000000000, 14.89499999999999424, -0.7500000000000000000 ) ) ;
#2613 = ORIENTED_EDGE ( 'NONE', *, *, #1604, .F. ) ;
#2614 = ORIENTED_EDGE ( 'NONE', *, *, #2390, .F. ) ;
#2615 = ADVANCED_FACE ( 'NONE', ( #2885 ), #3475, .F. ) ;
#2616 = EDGE_CURVE ( 'NONE', #3382, #3405, #2577, .T. ) ;
#2617 = EDGE_CURVE ( 'NONE', #647, #1278, #3433, .T. ) ;
#2618 = EDGE_CURVE ( 'NONE', #1157, #2944, #2357, .T. ) ;
#2619 = CARTESIAN_POINT ( 'NONE',  ( -20.07092921435179989, 32.46386915437651766, 0.4500000000000000666 ) ) ;
#2620 = DIRECTION ( 'NONE',  ( 0.000000000000000000, 0.000000000000000000, 1.000000000000000000 ) ) ;
#2621 = FACE_OUTER_BOUND ( 'NONE', #2145, .T. ) ;
#2622 = DIRECTION ( 'NONE',  ( 1.406532548089303043E-16, -1.000000000000000000, 0.000000000000000000 ) ) ;
#2623 = CARTESIAN_POINT ( 'NONE',  ( -12.63364897028697342, 23.88287390911550645, 0.4500000000000000666 ) ) ;
#2624 = ORIENTED_EDGE ( 'NONE', *, *, #1964, .F. ) ;
#2625 = CARTESIAN_POINT ( 'NONE',  ( -3.499999999999999556, 14.49999999999999822, 0.7500000000000000000 ) ) ;
#2626 = ORIENTED_EDGE ( 'NONE', *, *, #2922, .T. ) ;
#2627 = EDGE_CURVE ( 'NONE', #378, #2409, #1381, .T. ) ;
#2628 = CIRCLE ( 'NONE', #3794, 2.249999999999996891 ) ;
#2629 = DIRECTION ( 'NONE',  ( 0.000000000000000000, -0.000000000000000000, 1.000000000000000000 ) ) ;
#2630 = LINE ( 'NONE', #3608, #487 ) ;
#2631 = ORIENTED_EDGE ( 'NONE', *, *, #3811, .F. ) ;
#2632 = LINE ( 'NONE', #786, #3315 ) ;
#2633 = ORIENTED_EDGE ( 'NONE', *, *, #3757, .F. ) ;
#2634 = CC_DESIGN_APPROVAL ( #754, ( #338 ) ) ;
#2635 = VECTOR ( 'NONE', #1995, 1000.000000000000114 ) ;
#2636 = AXIS2_PLACEMENT_3D ( 'NONE', #2407, #2082, #3397 ) ;
#2637 = CARTESIAN_POINT ( 'NONE',  ( 34.70000000000000284, 0.000000000000000000, -0.7500000000000000000 ) ) ;
#2638 = CARTESIAN_POINT ( 'NONE',  ( -13.75000000000012257, -26.41377481542531314, -0.7500000000000000000 ) ) ;
#2639 = VERTEX_POINT ( 'NONE', #205 ) ;
#2640 = ORIENTED_EDGE ( 'NONE', *, *, #396, .F. ) ;
#2641 = LINE ( 'NONE', #3922, #1050 ) ;
#2642 = DIRECTION ( 'NONE',  ( 0.000000000000000000, 0.000000000000000000, 1.000000000000000000 ) ) ;
#2643 = LINE ( 'NONE', #2031, #3147 ) ;
#2644 = CARTESIAN_POINT ( 'NONE',  ( 2.499999999999998668, -34.00000000000000000, 0.4499999999999983458 ) ) ;
#2645 = FACE_OUTER_BOUND ( 'NONE', #2427, .T. ) ;
#2646 = EDGE_LOOP ( 'NONE', ( #674, #2605, #733, #3387 ) ) ;
#2647 = LINE ( 'NONE', #1472, #2136 ) ;
#2648 = VERTEX_POINT ( 'NONE', #3206 ) ;
#2649 = CARTESIAN_POINT ( 'NONE',  ( 0.000000000000000000, -4.000376003793891577, 0.7500000000000000000 ) ) ;
#2650 = CARTESIAN_POINT ( 'NONE',  ( 20.19374728496899607, 0.000000000000000000, 0.7500000000000000000 ) ) ;
#2651 = VERTEX_POINT ( 'NONE', #3597 ) ;
#2652 = FACE_OUTER_BOUND ( 'NONE', #1295, .T. ) ;
#2653 = EDGE_LOOP ( 'NONE', ( #644, #3635 ) ) ;
#2654 = EDGE_CURVE ( 'NONE', #534, #248, #2279, .T. ) ;
#2655 = DIRECTION ( 'NONE',  ( -1.000000000000000000, 0.000000000000000000, 0.000000000000000000 ) ) ;
#2656 = AXIS2_PLACEMENT_3D ( 'NONE', #550, #2158, #2479 ) ;
#2657 = DIRECTION ( 'NONE',  ( -1.000000000000000000, 0.000000000000000000, 0.000000000000000000 ) ) ;
#2658 = VERTEX_POINT ( 'NONE', #1080 ) ;
#2659 = ORIENTED_EDGE ( 'NONE', *, *, #3271, .F. ) ;
#2660 = VECTOR ( 'NONE', #2198, 1000.000000000000000 ) ;
#2661 = FACE_OUTER_BOUND ( 'NONE', #2818, .T. ) ;
#2662 = VECTOR ( 'NONE', #3449, 1000.000000000000000 ) ;
#2663 = CARTESIAN_POINT ( 'NONE',  ( -6.500000000000000888, 14.49999999999999822, 0.7500000000000000000 ) ) ;
#2664 = CARTESIAN_POINT ( 'NONE',  ( 3.464427243975202408, 2.000188001896913370, 0.4500000000000000666 ) ) ;
#2665 = AXIS2_PLACEMENT_3D ( 'NONE', #164, #2420, #3053 ) ;
#2666 = CYLINDRICAL_SURFACE ( 'NONE', #2154, 1.149999999999998135 ) ;
#2667 = ORIENTED_EDGE ( 'NONE', *, *, #3198, .F. ) ;
#2668 = CARTESIAN_POINT ( 'NONE',  ( 28.99999999999999645, 0.000000000000000000, -0.7500000000000000000 ) ) ;
#2669 = EDGE_LOOP ( 'NONE', ( #2139, #3040, #3784, #3260, #2772, #1576 ) ) ;
#2670 = VECTOR ( 'NONE', #125, 1000.000000000000000 ) ;
#2671 = EDGE_CURVE ( 'NONE', #2944, #2959, #1569, .T. ) ;
#2672 = VECTOR ( 'NONE', #3355, 1000.000000000000000 ) ;
#2673 = CARTESIAN_POINT ( 'NONE',  ( 33.97721130016473268, 18.78588877406225066, -0.7500000000000000000 ) ) ;
#2674 = VECTOR ( 'NONE', #950, 1000.000000000000000 ) ;
#2675 = EDGE_CURVE ( 'NONE', #2120, #912, #1444, .T. ) ;
#2676 = CARTESIAN_POINT ( 'NONE',  ( 8.718789211057426769, -35.67646177208772684, -0.7500000000000000000 ) ) ;
#2677 = VERTEX_POINT ( 'NONE', #2619 ) ;
#2678 = CARTESIAN_POINT ( 'NONE',  ( 17.00959739131064197, 17.06705956781692635, -0.7500000000000000000 ) ) ;
#2679 = ORIENTED_EDGE ( 'NONE', *, *, #3640, .F. ) ;
#2680 = FACE_OUTER_BOUND ( 'NONE', #2737, .T. ) ;
#2681 = DIRECTION ( 'NONE',  ( 1.000000000000000000, 0.000000000000000000, 0.000000000000000000 ) ) ;
#2682 = ORIENTED_EDGE ( 'NONE', *, *, #3288, .F. ) ;
#2683 = VERTEX_POINT ( 'NONE', #3247 ) ;
#2684 = EDGE_CURVE ( 'NONE', #2260, #2939, #2641, .T. ) ;
#2685 = EDGE_CURVE ( 'NONE', #1809, #2233, #2314, .T. ) ;
#2686 = DIRECTION ( 'NONE',  ( -0.000000000000000000, 0.000000000000000000, -1.000000000000000000 ) ) ;
#2687 = CARTESIAN_POINT ( 'NONE',  ( 27.00000000581808735, -1.000376003793870039, 0.4500000000000000666 ) ) ;
#2688 = EDGE_CURVE ( 'NONE', #2648, #3172, #2416, .T. ) ;
#2689 = DIRECTION ( 'NONE',  ( -0.000000000000000000, -0.000000000000000000, -1.000000000000000000 ) ) ;
#2690 = EDGE_LOOP ( 'NONE', ( #2143, #3876, #1379, #1153 ) ) ;
#2691 = LINE ( 'NONE', #2668, #3173 ) ;
#2692 = ORIENTED_EDGE ( 'NONE', *, *, #811, .T. ) ;
#2693 = CYLINDRICAL_SURFACE ( 'NONE', #687, 1.150000000000001688 ) ;
#2694 = CARTESIAN_POINT ( 'NONE',  ( -28.00000000000000000, -32.32999999999995566, 0.4500000000000001221 ) ) ;
#2695 = EDGE_LOOP ( 'NONE', ( #1386, #1504, #3678, #240, #2659, #481, #2866, #2207, #3082, #413, #185, #329, #3122, #3287, #1863, #194, #2223, #25, #4014, #37, #1001, #2721, #2266, #713, #2028, #792, #633, #904 ) ) ;
#2696 = EDGE_CURVE ( 'NONE', #153, #1888, #1191, .T. ) ;
#2697 = FACE_BOUND ( 'NONE', #3427, .T. ) ;
#2698 = ORIENTED_EDGE ( 'NONE', *, *, #1532, .F. ) ;
#2699 = VECTOR ( 'NONE', #1768, 1000.000000000000000 ) ;
#2700 = CARTESIAN_POINT ( 'NONE',  ( 0.9158712646421822701, 39.99037663837980716, -0.7500000000000000000 ) ) ;
#2701 = DIRECTION ( 'NONE',  ( 1.000000000000000000, 0.000000000000000000, 0.000000000000000000 ) ) ;
#2702 = AXIS2_PLACEMENT_3D ( 'NONE', #1962, #3849, #3771 ) ;
#2703 = ORIENTED_EDGE ( 'NONE', *, *, #2088, .F. ) ;
#2704 = AXIS2_PLACEMENT_3D ( 'NONE', #1961, #3197, #2586 ) ;
#2705 = VERTEX_POINT ( 'NONE', #1669 ) ;
#2706 = CIRCLE ( 'NONE', #1981, 6.999999999999999112 ) ;
#2707 = CARTESIAN_POINT ( 'NONE',  ( -13.50000000290882696, 23.38268590721858331, 0.4500000000000000666 ) ) ;
#2708 = DIRECTION ( 'NONE',  ( -1.000000000000000000, 0.000000000000000000, 0.000000000000000000 ) ) ;
#2709 = DIRECTION ( 'NONE',  ( 0.000000000000000000, 0.000000000000000000, 1.000000000000000000 ) ) ;
#2710 = ORIENTED_EDGE ( 'NONE', *, *, #1355, .F. ) ;
#2711 = DIRECTION ( 'NONE',  ( 1.000000000000000000, -1.734723475976806503E-15, 0.000000000000000000 ) ) ;
#2712 = EDGE_LOOP ( 'NONE', ( #2230, #2099, #2855, #1708 ) ) ;
#2713 = CARTESIAN_POINT ( 'NONE',  ( 35.00000000000000000, 7.428946878701225387, -0.7500000000000000000 ) ) ;
#2714 = EDGE_CURVE ( 'NONE', #2609, #1091, #2906, .T. ) ;
#2715 = CARTESIAN_POINT ( 'NONE',  ( 38.15000000000000568, 0.000000000000000000, -0.7500000000000000000 ) ) ;
#2716 = VERTEX_POINT ( 'NONE', #2949 ) ;
#2717 = CARTESIAN_POINT ( 'NONE',  ( 15.99999999999999645, 14.24204397361948082, -0.7500000000000000000 ) ) ;
#2718 = ORIENTED_EDGE ( 'NONE', *, *, #3156, .T. ) ;
#2719 = CARTESIAN_POINT ( 'NONE',  ( 24.23213685021159947, 11.30006237678975012, -0.7500000000000000000 ) ) ;
#2720 = PLANE ( 'NONE',  #196 ) ;
#2721 = ORIENTED_EDGE ( 'NONE', *, *, #759, .T. ) ;
#2722 = ORIENTED_EDGE ( 'NONE', *, *, #3607, .F. ) ;
#2723 = AXIS2_PLACEMENT_3D ( 'NONE', #2078, #2343, #230 ) ;
#2724 = CARTESIAN_POINT ( 'NONE',  ( -14.36562741473493787, 22.88291568798286946, 0.4500000000000000666 ) ) ;
#2725 = DIRECTION ( 'NONE',  ( 0.000000000000000000, -0.000000000000000000, 1.000000000000000000 ) ) ;
#2726 = CIRCLE ( 'NONE', #3370, 2.999999999999999112 ) ;
#2727 = CARTESIAN_POINT ( 'NONE',  ( 35.85000000000000142, -1.149999999999999911, -0.7500000000000000000 ) ) ;
#2728 = CARTESIAN_POINT ( 'NONE',  ( 35.85000000000000142, 1.149999999999999911, -0.7500000000000000000 ) ) ;
#2729 = ORIENTED_EDGE ( 'NONE', *, *, #35, .T. ) ;
#2730 = EDGE_CURVE ( 'NONE', #3342, #3424, #1058, .T. ) ;
#2731 = CIRCLE ( 'NONE', #1946, 1.149999999999998135 ) ;
#2732 = CARTESIAN_POINT ( 'NONE',  ( -3.464427243975174875, 2.000188001896962220, 0.4500000000000000666 ) ) ;
#2733 = EDGE_CURVE ( 'NONE', #3405, #1586, #2935, .T. ) ;
#2734 = DIRECTION ( 'NONE',  ( 0.000000000000000000, -1.000000000000000000, 0.000000000000000000 ) ) ;
#2735 = VERTEX_POINT ( 'NONE', #2593 ) ;
#2736 = DIRECTION ( 'NONE',  ( -0.000000000000000000, -0.000000000000000000, 1.000000000000000000 ) ) ;
#2737 = EDGE_LOOP ( 'NONE', ( #2775, #1483, #1316, #1774 ) ) ;
#2738 = AXIS2_PLACEMENT_3D ( 'NONE', #117, #2974, #1448 ) ;
#2739 = VECTOR ( 'NONE', #3083, 1000.000000000000000 ) ;
#2740 = CARTESIAN_POINT ( 'NONE',  ( -19.00000000000000355, 14.89499999999999424, 0.7500000000000000000 ) ) ;
#2741 = LINE ( 'NONE', #3386, #1854 ) ;
#2742 = AXIS2_PLACEMENT_3D ( 'NONE', #503, #180, #3556 ) ;
#2743 = EDGE_LOOP ( 'NONE', ( #3035, #603, #2237, #2692 ) ) ;
#2744 = EDGE_LOOP ( 'NONE', ( #1131, #2424 ) ) ;
#2745 = EDGE_CURVE ( 'NONE', #3304, #3587, #3840, .T. ) ;
#2746 = CARTESIAN_POINT ( 'NONE',  ( -19.00000000000000355, 17.89499999999999602, 0.7500000000000000000 ) ) ;
#2747 = DIRECTION ( 'NONE',  ( 0.4999999999999919509, -0.8660254037844432595, -0.000000000000000000 ) ) ;
#2748 = CC_DESIGN_PERSON_AND_ORGANIZATION_ASSIGNMENT ( #975, #3223, ( #3150 ) ) ;
#2749 = ADVANCED_FACE ( 'NONE', ( #3536 ), #3878, .T. ) ;
#2750 = EDGE_CURVE ( 'NONE', #1326, #2850, #3857, .T. ) ;
#2751 = CARTESIAN_POINT ( 'NONE',  ( 25.24173424152225920, -14.12507797098720452, 0.7500000000000000000 ) ) ;
#2752 = DIRECTION ( 'NONE',  ( 0.000000000000000000, 0.000000000000000000, 1.000000000000000000 ) ) ;
#2753 = ORIENTED_EDGE ( 'NONE', *, *, #3949, .F. ) ;
#2754 = FACE_OUTER_BOUND ( 'NONE', #2743, .T. ) ;
#2755 = DIRECTION ( 'NONE',  ( 1.000000000000000000, 0.000000000000000000, 0.000000000000000000 ) ) ;
#2756 = ORIENTED_EDGE ( 'NONE', *, *, #2983, .F. ) ;
#2757 = CARTESIAN_POINT ( 'NONE',  ( -8.652992479455612340, 43.50000000000000000, -0.7500000000000000000 ) ) ;
#2758 = ORIENTED_EDGE ( 'NONE', *, *, #3402, .F. ) ;
#2759 = DIRECTION ( 'NONE',  ( -0.5000000000000039968, -0.8660254037844363761, 0.000000000000000000 ) ) ;
#2760 = PLANE ( 'NONE',  #3507 ) ;
#2761 = ORIENTED_EDGE ( 'NONE', *, *, #2147, .F. ) ;
#2762 = CIRCLE ( 'NONE', #1141, 2.249999999999995115 ) ;
#2763 = EDGE_LOOP ( 'NONE', ( #172, #1667, #2703, #438 ) ) ;
#2764 = PLANE ( 'NONE',  #1435 ) ;
#2765 = ADVANCED_FACE ( 'NONE', ( #2661 ), #484, .F. ) ;
#2766 = DIRECTION ( 'NONE',  ( 0.000000000000000000, 0.000000000000000000, -1.000000000000000000 ) ) ;
#2767 = APPROVAL_PERSON_ORGANIZATION ( #686, #1482, #1928 ) ;
#2768 = VECTOR ( 'NONE', #1332, 1000.000000000000000 ) ;
#2769 = VECTOR ( 'NONE', #3954, 1000.000000000000000 ) ;
#2770 = CARTESIAN_POINT ( 'NONE',  ( 38.15000000000000568, 0.000000000000000000, 0.4500000000000000666 ) ) ;
#2771 = DIRECTION ( 'NONE',  ( 0.6893331034009013703, 0.7244445269002189880, 0.000000000000000000 ) ) ;
#2772 = ORIENTED_EDGE ( 'NONE', *, *, #93, .T. ) ;
#2773 = LINE ( 'NONE', #1172, #3090 ) ;
#2774 = DIRECTION ( 'NONE',  ( 1.000000000000000000, 0.000000000000000000, 0.000000000000000000 ) ) ;
#2775 = ORIENTED_EDGE ( 'NONE', *, *, #3527, .F. ) ;
#2776 = DIRECTION ( 'NONE',  ( -1.000000000000000000, -1.062518129035794661E-14, 0.000000000000000000 ) ) ;
#2777 = VERTEX_POINT ( 'NONE', #1124 ) ;
#2778 = DIRECTION ( 'NONE',  ( 0.000000000000000000, -0.000000000000000000, 1.000000000000000000 ) ) ;
#2779 = DIRECTION ( 'NONE',  ( -0.5000000000000039968, -0.8660254037844363761, 0.000000000000000000 ) ) ;
#2780 = VERTEX_POINT ( 'NONE', #1750 ) ;
#2781 = ORIENTED_EDGE ( 'NONE', *, *, #1490, .T. ) ;
#2782 = EDGE_CURVE ( 'NONE', #1856, #608, #3966, .T. ) ;
#2783 = CARTESIAN_POINT ( 'NONE',  ( 21.40712125601416105, -12.30965976810040807, 0.7500000000000000000 ) ) ;
#2784 = EDGE_CURVE ( 'NONE', #3468, #625, #3246, .T. ) ;
#2785 = EDGE_CURVE ( 'NONE', #2939, #1259, #3092, .T. ) ;
#2786 = DIRECTION ( 'NONE',  ( 0.000000000000000000, 1.000000000000000000, 0.000000000000000000 ) ) ;
#2787 = AXIS2_PLACEMENT_3D ( 'NONE', #3195, #409, #372 ) ;
#2788 = CARTESIAN_POINT ( 'NONE',  ( 40.11947591133419166, -12.20410519113289460, 0.7500000000000000000 ) ) ;
#2789 = CARTESIAN_POINT ( 'NONE',  ( -22.00000000000000000, -14.89500000000000490, -0.7500000000000000000 ) ) ;
#2790 = ORIENTED_EDGE ( 'NONE', *, *, #3795, .T. ) ;
#2791 = CARTESIAN_POINT ( 'NONE',  ( 5.000000000000000000, 14.49999999999999822, 0.4499999999999983458 ) ) ;
#2792 = FACE_OUTER_BOUND ( 'NONE', #990, .T. ) ;
#2793 = ORIENTED_EDGE ( 'NONE', *, *, #2798, .T. ) ;
#2794 = FACE_OUTER_BOUND ( 'NONE', #84, .T. ) ;
#2795 = VERTEX_POINT ( 'NONE', #3307 ) ;
#2796 = VECTOR ( 'NONE', #1481, 1000.000000000000000 ) ;
#2797 = EDGE_CURVE ( 'NONE', #715, #2948, #1509, .T. ) ;
#2798 = EDGE_CURVE ( 'NONE', #846, #1856, #2454, .T. ) ;
#2799 = AXIS2_PLACEMENT_3D ( 'NONE', #2340, #3583, #799 ) ;
#2800 = DIRECTION ( 'NONE',  ( 0.000000000000000000, -0.000000000000000000, 1.000000000000000000 ) ) ;
#2801 = LINE ( 'NONE', #260, #3932 ) ;
#2802 = ORIENTED_EDGE ( 'NONE', *, *, #1598, .T. ) ;
#2803 = CIRCLE ( 'NONE', #3188, 2.999999999999998668 ) ;
#2804 = VECTOR ( 'NONE', #3113, 1000.000000000000114 ) ;
#2805 = AXIS2_PLACEMENT_3D ( 'NONE', #3453, #3492, #3170 ) ;
#2806 = CARTESIAN_POINT ( 'NONE',  ( 5.000000000000001776, -24.00000000000000000, -0.7500000000000000000 ) ) ;
#2807 = EDGE_CURVE ( 'NONE', #1743, #3382, #1834, .T. ) ;
#2808 = EDGE_LOOP ( 'NONE', ( #1653, #3943, #1442, #2079 ) ) ;
#2809 = DIRECTION ( 'NONE',  ( 1.000000000000000000, 0.000000000000000000, 0.000000000000000000 ) ) ;
#2810 = EDGE_CURVE ( 'NONE', #3295, #1745, #2400, .T. ) ;
#2811 = CARTESIAN_POINT ( 'NONE',  ( 0.9158712646421827142, 39.99037663837980716, -0.7500000000000000000 ) ) ;
#2812 = CARTESIAN_POINT ( 'NONE',  ( -5.000000000000000000, 14.49999999999999822, 0.4499999999999983458 ) ) ;
#2813 = ORIENTED_EDGE ( 'NONE', *, *, #3215, .T. ) ;
#2814 = CARTESIAN_POINT ( 'NONE',  ( -6.777348132437759354, 43.50000000000000000, -0.7500000000000000000 ) ) ;
#2815 = DIRECTION ( 'NONE',  ( 0.000000000000000000, -0.000000000000000000, 1.000000000000000000 ) ) ;
#2816 = ORIENTED_EDGE ( 'NONE', *, *, #2797, .T. ) ;
#2817 = DIRECTION ( 'NONE',  ( 0.6804659378644856149, 0.7327797127419714007, 0.000000000000000000 ) ) ;
#2818 = EDGE_LOOP ( 'NONE', ( #3825, #522, #2524, #272 ) ) ;
#2819 = DIRECTION ( 'NONE',  ( 0.000000000000000000, 0.000000000000000000, 1.000000000000000000 ) ) ;
#2820 = DIRECTION ( 'NONE',  ( -1.000000000000000000, 0.000000000000000000, 0.000000000000000000 ) ) ;
#2821 = VERTEX_POINT ( 'NONE', #287 ) ;
#2822 = CARTESIAN_POINT ( 'NONE',  ( -11.53557275893361123, 27.98095012046884023, 0.4500000000000000666 ) ) ;
#2823 = ORIENTED_EDGE ( 'NONE', *, *, #3747, .T. ) ;
#2824 = VECTOR ( 'NONE', #838, 1000.000000000000000 ) ;
#2825 = CARTESIAN_POINT ( 'NONE',  ( -6.249999999999995559, -34.00000000000000000, 0.4499999999999983458 ) ) ;
#2826 = AXIS2_PLACEMENT_3D ( 'NONE', #1557, #1881, #931 ) ;
#2827 = MANIFOLD_SOLID_BREP ( 'CBORE for M5 Hex Head Bolt1', #3269 ) ;
#2828 = APPROVAL_PERSON_ORGANIZATION ( #3203, #2126, #1663 ) ;
#2829 = LINE ( 'NONE', #999, #3650 ) ;
#2830 = CARTESIAN_POINT ( 'NONE',  ( 19.06560940360344603, -26.03736625463497845, -0.7500000000000000000 ) ) ;
#2831 = ORIENTED_EDGE ( 'NONE', *, *, #1290, .F. ) ;
#2832 = VECTOR ( 'NONE', #2914, 1000.000000000000000 ) ;
#2833 = CIRCLE ( 'NONE', #302, 6.999999999999999112 ) ;
#2834 = DIRECTION ( 'NONE',  ( 0.000000000000000000, 0.000000000000000000, 1.000000000000000000 ) ) ;
#2835 = DIRECTION ( 'NONE',  ( 0.000000000000000000, 0.000000000000000000, 1.000000000000000000 ) ) ;
#2836 = ORIENTED_EDGE ( 'NONE', *, *, #1192, .T. ) ;
#2837 = CARTESIAN_POINT ( 'NONE',  ( 0.0001114192338569289779, 4.000376002242254536, 0.7500000000000000000 ) ) ;
#2838 = ORIENTED_EDGE ( 'NONE', *, *, #631, .F. ) ;
#2839 = ADVANCED_FACE ( 'NONE', ( #2421, #915 ), #837, .F. ) ;
#2840 = CARTESIAN_POINT ( 'NONE',  ( -4.000000000000000000, -34.00000000000000000, 0.7500000000000000000 ) ) ;
#2841 = CARTESIAN_POINT ( 'NONE',  ( 0.000000000000000000, 0.000000000000000000, 0.4500000000000000666 ) ) ;
#2842 = ORIENTED_EDGE ( 'NONE', *, *, #3728, .F. ) ;
#2843 = DIRECTION ( 'NONE',  ( -1.000000000000000000, 0.000000000000000000, 0.000000000000000000 ) ) ;
#2844 = EDGE_LOOP ( 'NONE', ( #1007, #592, #2371, #2094 ) ) ;
#2845 = LINE ( 'NONE', #4022, #2998 ) ;
#2846 = ADVANCED_FACE ( 'NONE', ( #3032 ), #3663, .T. ) ;
#2847 = ADVANCED_FACE ( 'NONE', ( #246 ), #266, .T. ) ;
#2848 = DIRECTION ( 'NONE',  ( -5.337610695313252124E-17, -1.000000000000000000, 0.000000000000000000 ) ) ;
#2849 = CARTESIAN_POINT ( 'NONE',  ( 23.37957040696730360, 1.301042606982605321E-15, -0.7500000000000000000 ) ) ;
#2850 = VERTEX_POINT ( 'NONE', #1144 ) ;
#2851 = CARTESIAN_POINT ( 'NONE',  ( 8.718789211057426769, -35.67646177208772684, -0.7500000000000000000 ) ) ;
#2852 = CYLINDRICAL_SURFACE ( 'NONE', #70, 1.500000000000000444 ) ;
#2853 = ORIENTED_EDGE ( 'NONE', *, *, #1619, .F. ) ;
#2854 = FACE_OUTER_BOUND ( 'NONE', #3319, .T. ) ;
#2855 = ORIENTED_EDGE ( 'NONE', *, *, #2685, .F. ) ;
#2856 = CIRCLE ( 'NONE', #1754, 2.999999999999999112 ) ;
#2857 = EDGE_CURVE ( 'NONE', #48, #928, #225, .T. ) ;
#2858 = ADVANCED_FACE ( 'NONE', ( #1525 ), #3076, .F. ) ;
#2859 = CARTESIAN_POINT ( 'NONE',  ( -5.000000000000000000, 14.49999999999999822, -0.7499999999999995559 ) ) ;
#2860 = DIRECTION ( 'NONE',  ( 0.000000000000000000, 0.000000000000000000, 1.000000000000000000 ) ) ;
#2861 = AXIS2_PLACEMENT_3D ( 'NONE', #3854, #1983, #2290 ) ;
#2862 = ORIENTED_EDGE ( 'NONE', *, *, #3201, .T. ) ;
#2863 = VECTOR ( 'NONE', #3541, 1000.000000000000000 ) ;
#2864 = CALENDAR_DATE ( 2025, 21, 1 ) ;
#2865 = CYLINDRICAL_SURFACE ( 'NONE', #1885, 2.249999999999996003 ) ;
#2866 = ORIENTED_EDGE ( 'NONE', *, *, #925, .F. ) ;
#2867 = VECTOR ( 'NONE', #497, 1000.000000000000000 ) ;
#2868 = ADVANCED_FACE ( 'NONE', ( #2156 ), #567, .F. ) ;
#2869 = CIRCLE ( 'NONE', #2787, 1.499999999999999778 ) ;
#2870 = FACE_OUTER_BOUND ( 'NONE', #2036, .T. ) ;
#2871 = FACE_OUTER_BOUND ( 'NONE', #2690, .T. ) ;
#2872 = ORIENTED_EDGE ( 'NONE', *, *, #2684, .F. ) ;
#2873 = FACE_OUTER_BOUND ( 'NONE', #3855, .T. ) ;
#2874 = CYLINDRICAL_SURFACE ( 'NONE', #3971, 1.150000000000001688 ) ;
#2875 = VERTEX_POINT ( 'NONE', #3618 ) ;
#2876 = DIRECTION ( 'NONE',  ( -1.000000000000000000, 0.000000000000000000, 0.000000000000000000 ) ) ;
#2877 = EDGE_LOOP ( 'NONE', ( #583, #3105 ) ) ;
#2878 = CARTESIAN_POINT ( 'NONE',  ( -16.75000000000012434, -26.41377481542531314, 0.4500000000000000666 ) ) ;
#2879 = DIRECTION ( 'NONE',  ( -1.000000000000000000, 0.000000000000000000, 0.000000000000000000 ) ) ;
#2880 = ORIENTED_EDGE ( 'NONE', *, *, #1647, .F. ) ;
#2881 = DIRECTION ( 'NONE',  ( -5.337610695313252124E-17, -1.000000000000000000, 0.000000000000000000 ) ) ;
#2882 = VERTEX_POINT ( 'NONE', #3682 ) ;
#2883 = ADVANCED_FACE ( 'NONE', ( #4005 ), #2133, .T. ) ;
#2884 = VECTOR ( 'NONE', #3874, 1000.000000000000000 ) ;
#2885 = FACE_OUTER_BOUND ( 'NONE', #3964, .T. ) ;
#2886 = CARTESIAN_POINT ( 'NONE',  ( -6.777348132437759354, 43.50000000000000000, -0.7500000000000000000 ) ) ;
#2887 = ORIENTED_EDGE ( 'NONE', *, *, #3483, .F. ) ;
#2888 = CIRCLE ( 'NONE', #1797, 2.999999999999999112 ) ;
#2889 = LINE ( 'NONE', #2724, #100 ) ;
#2890 = CIRCLE ( 'NONE', #2636, 6.999999999999999112 ) ;
#2891 = FACE_OUTER_BOUND ( 'NONE', #244, .T. ) ;
#2892 = ORIENTED_EDGE ( 'NONE', *, *, #1425, .F. ) ;
#2893 = DIRECTION ( 'NONE',  ( 0.000000000000000000, -0.000000000000000000, 1.000000000000000000 ) ) ;
#2894 = ORIENTED_EDGE ( 'NONE', *, *, #141, .T. ) ;
#2895 = AXIS2_PLACEMENT_3D ( 'NONE', #312, #3339, #595 ) ;
#2896 = CIRCLE ( 'NONE', #3614, 1.150000000000001465 ) ;
#2897 = DIRECTION ( 'NONE',  ( 0.000000000000000000, 0.000000000000000000, 1.000000000000000000 ) ) ;
#2898 = DIRECTION ( 'NONE',  ( 1.000000000000000000, 9.912705577010326536E-16, 0.000000000000000000 ) ) ;
#2899 = EDGE_LOOP ( 'NONE', ( #2966, #1256 ) ) ;
#2900 = CARTESIAN_POINT ( 'NONE',  ( -6.777348132437800210, -43.50000000000000711, -0.7500000000000000000 ) ) ;
#2901 = CARTESIAN_POINT ( 'NONE',  ( -14.13437259108304467, -26.48053233780744264, 0.4500000000000000666 ) ) ;
#2902 = VERTEX_POINT ( 'NONE', #605 ) ;
#2903 = ADVANCED_FACE ( 'NONE', ( #1850 ), #3946, .T. ) ;
#2904 = EDGE_CURVE ( 'NONE', #1676, #179, #38, .T. ) ;
#2905 = EDGE_CURVE ( 'NONE', #1820, #3711, #1048, .T. ) ;
#2906 = LINE ( 'NONE', #2029, #661 ) ;
#2907 = LINE ( 'NONE', #98, #3504 ) ;
#2908 = VERTEX_POINT ( 'NONE', #2825 ) ;
#2909 = CYLINDRICAL_SURFACE ( 'NONE', #1624, 2.249999999999995115 ) ;
#2910 = DIRECTION ( 'NONE',  ( 0.000000000000000000, 0.000000000000000000, 1.000000000000000000 ) ) ;
#2911 = VERTEX_POINT ( 'NONE', #347 ) ;
#2912 = LINE ( 'NONE', #2523, #645 ) ;
#2913 = EDGE_LOOP ( 'NONE', ( #2997, #3139, #2602, #1544 ) ) ;
#2914 = DIRECTION ( 'NONE',  ( 1.000000000000000000, 0.000000000000000000, 0.000000000000000000 ) ) ;
#2915 = CARTESIAN_POINT ( 'NONE',  ( 7.249999999999995559, 14.49999999999999822, 0.7500000000000000000 ) ) ;
#2916 = EDGE_CURVE ( 'NONE', #2961, #1287, #1372, .T. ) ;
#2917 = VECTOR ( 'NONE', #2364, 1000.000000000000000 ) ;
#2918 = DIRECTION ( 'NONE',  ( 0.000000000000000000, -0.000000000000000000, -1.000000000000000000 ) ) ;
#2919 = EDGE_LOOP ( 'NONE', ( #3754, #3661, #103, #344 ) ) ;
#2920 = EDGE_CURVE ( 'NONE', #3596, #1038, #458, .T. ) ;
#2921 = EDGE_CURVE ( 'NONE', #3856, #1574, #1046, .T. ) ;
#2922 = EDGE_CURVE ( 'NONE', #126, #2705, #3719, .T. ) ;
#2923 = APPROVAL_ROLE ( '' ) ;
#2924 = DIRECTION ( 'NONE',  ( 0.000000000000000000, 0.000000000000000000, 1.000000000000000000 ) ) ;
#2925 = ORIENTED_EDGE ( 'NONE', *, *, #2360, .T. ) ;
#2926 = VECTOR ( 'NONE', #151, 1000.000000000000000 ) ;
#2927 = AXIS2_PLACEMENT_3D ( 'NONE', #2292, #159, #2990 ) ;
#2928 = DIRECTION ( 'NONE',  ( -1.454085059494389690E-16, 1.000000000000000000, 0.000000000000000000 ) ) ;
#2929 = CARTESIAN_POINT ( 'NONE',  ( 30.00000000581808735, 0.9995404384714641211, 0.7500000000000000000 ) ) ;
#2930 = ADVANCED_FACE ( 'NONE', ( #2608 ), #1563, .T. ) ;
#2931 = CARTESIAN_POINT ( 'NONE',  ( -18.46442724688434467, -23.98057411667475591, 0.7500000000000000000 ) ) ;
#2932 = VECTOR ( 'NONE', #2009, 1000.000000000000000 ) ;
#2933 = CIRCLE ( 'NONE', #1187, 2.999999999999999112 ) ;
#2934 = PLANE ( 'NONE',  #3706 ) ;
#2935 = CIRCLE ( 'NONE', #3129, 1.150000000000002576 ) ;
#2936 = CARTESIAN_POINT ( 'NONE',  ( -14.13437259108304467, -26.48053233780744264, 0.4500000000000000666 ) ) ;
#2937 = EDGE_LOOP ( 'NONE', ( #2838, #1088, #564, #1827, #1349 ) ) ;
#2938 = FACE_OUTER_BOUND ( 'NONE', #436, .T. ) ;
#2939 = VERTEX_POINT ( 'NONE', #2496 ) ;
#2940 = DIRECTION ( 'NONE',  ( 1.000000000000000000, 0.000000000000000000, 0.000000000000000000 ) ) ;
#2941 = LINE ( 'NONE', #145, #2244 ) ;
#2942 = ORIENTED_EDGE ( 'NONE', *, *, #1447, .F. ) ;
#2943 = CARTESIAN_POINT ( 'NONE',  ( 0.000000000000000000, 0.000000000000000000, -0.7500000000000000000 ) ) ;
#2944 = VERTEX_POINT ( 'NONE', #3850 ) ;
#2945 = LINE ( 'NONE', #499, #1531 ) ;
#2946 = CARTESIAN_POINT ( 'NONE',  ( 0.9959292143521096818, 0.5749999999999907407, 0.4500000000000000666 ) ) ;
#2947 = VERTEX_POINT ( 'NONE', #668 ) ;
#2948 = VERTEX_POINT ( 'NONE', #629 ) ;
#2949 = CARTESIAN_POINT ( 'NONE',  ( -20.07092921435179989, 32.46386915437651766, -0.7500000000000000000 ) ) ;
#2950 = CARTESIAN_POINT ( 'NONE',  ( -10.00000000000000178, -24.00000000000000000, -0.7500000000000000000 ) ) ;
#2951 = FACE_OUTER_BOUND ( 'NONE', #1945, .T. ) ;
#2952 = CARTESIAN_POINT ( 'NONE',  ( 28.26558293375744313, -19.41717371443391826, -0.7500000000000000000 ) ) ;
#2953 = LINE ( 'NONE', #3908, #271 ) ;
#2954 = ORIENTED_EDGE ( 'NONE', *, *, #3108, .F. ) ;
#2955 = CARTESIAN_POINT ( 'NONE',  ( 28.26558293375744313, -19.41717371443391826, 0.7500000000000000000 ) ) ;
#2956 = ORIENTED_EDGE ( 'NONE', *, *, #3330, .T. ) ;
#2957 = CARTESIAN_POINT ( 'NONE',  ( -28.00000000000000000, -32.32999999999995566, 0.7500000000000000000 ) ) ;
#2958 = CARTESIAN_POINT ( 'NONE',  ( -3.500000000000000444, 14.49999999999999822, 0.4499999999999983458 ) ) ;
#2959 = VERTEX_POINT ( 'NONE', #3241 ) ;
#2960 = CARTESIAN_POINT ( 'NONE',  ( 16.00000000000000000, -14.24204397361948793, -0.7500000000000000000 ) ) ;
#2961 = VERTEX_POINT ( 'NONE', #3148 ) ;
#2962 = AXIS2_PLACEMENT_3D ( 'NONE', #563, #27, #1276 ) ;
#2963 = VECTOR ( 'NONE', #610, 1000.000000000000000 ) ;
#2964 = DIRECTION ( 'NONE',  ( 0.000000000000000000, 0.000000000000000000, 1.000000000000000000 ) ) ;
#2965 = FACE_OUTER_BOUND ( 'NONE', #3667, .T. ) ;
#2966 = ORIENTED_EDGE ( 'NONE', *, *, #1304, .T. ) ;
#2967 = EDGE_LOOP ( 'NONE', ( #2887, #501, #2281, #2802 ) ) ;
#2968 = DIRECTION ( 'NONE',  ( 0.5000241205104464237, 0.8660114773533631460, 0.000000000000000000 ) ) ;
#2969 = CARTESIAN_POINT ( 'NONE',  ( 20.55455481276986163, -1.009597391310656622, 0.7500000000000000000 ) ) ;
#2970 = DIRECTION ( 'NONE',  ( -0.8911378333703934285, 0.4537326987731002403, 0.000000000000000000 ) ) ;
#2971 = ADVANCED_FACE ( 'NONE', ( #979 ), #2515, .F. ) ;
#2972 = EDGE_CURVE ( 'NONE', #2067, #1856, #1890, .T. ) ;
#2973 = DIRECTION ( 'NONE',  ( 0.000000000000000000, -0.000000000000000000, 1.000000000000000000 ) ) ;
#2974 = DIRECTION ( 'NONE',  ( 0.000000000000000000, 0.000000000000000000, -1.000000000000000000 ) ) ;
#2975 = ORIENTED_EDGE ( 'NONE', *, *, #2504, .F. ) ;
#2976 = CARTESIAN_POINT ( 'NONE',  ( 2.750000000000004885, 14.49999999999999822, 0.7500000000000000000 ) ) ;
#2977 = ORIENTED_EDGE ( 'NONE', *, *, #2972, .F. ) ;
#2978 = CARTESIAN_POINT ( 'NONE',  ( 5.000000000000001776, -29.00000000000000000, 0.7500000000000000000 ) ) ;
#2979 = DIRECTION ( 'NONE',  ( -1.000000000000000000, 0.000000000000000000, 0.000000000000000000 ) ) ;
#2980 = ORIENTED_EDGE ( 'NONE', *, *, #1794, .F. ) ;
#2981 = CYLINDRICAL_SURFACE ( 'NONE', #1628, 2.999999999999999112 ) ;
#2982 = VERTEX_POINT ( 'NONE', #1281 ) ;
#2983 = EDGE_CURVE ( 'NONE', #2908, #3159, #2217, .T. ) ;
#2984 = DIRECTION ( 'NONE',  ( 0.9748388155446539027, -0.2229109322296606299, 0.000000000000000000 ) ) ;
#2985 = VECTOR ( 'NONE', #2771, 1000.000000000000114 ) ;
#2986 = CARTESIAN_POINT ( 'NONE',  ( 35.85000000000000142, 0.000000000000000000, -0.7500000000000000000 ) ) ;
#2987 = ADVANCED_FACE ( 'NONE', ( #3737, #1680 ), #3132, .F. ) ;
#2988 = ORIENTED_EDGE ( 'NONE', *, *, #1904, .F. ) ;
#2989 = AXIS2_PLACEMENT_3D ( 'NONE', #1382, #3537, #3841 ) ;
#2990 = DIRECTION ( 'NONE',  ( -0.8660254037844397068, -0.4999999999999979461, 0.000000000000000000 ) ) ;
#2991 = AXIS2_PLACEMENT_3D ( 'NONE', #3676, #2167, #3404 ) ;
#2992 = CARTESIAN_POINT ( 'NONE',  ( -20.07092921435179989, 32.46386915437651766, -0.7500000000000000000 ) ) ;
#2993 = CARTESIAN_POINT ( 'NONE',  ( -5.000000000000000000, 14.49999999999999822, 0.7500000000000000000 ) ) ;
#2994 = PLANE ( 'NONE',  #3383 ) ;
#2995 = ORIENTED_EDGE ( 'NONE', *, *, #1571, .T. ) ;
#2996 = DIRECTION ( 'NONE',  ( 0.000000000000000000, 0.000000000000000000, 1.000000000000000000 ) ) ;
#2997 = ORIENTED_EDGE ( 'NONE', *, *, #4000, .T. ) ;
#2998 = VECTOR ( 'NONE', #1242, 1000.000000000000000 ) ;
#2999 = AXIS2_PLACEMENT_3D ( 'NONE', #1470, #2456, #2118 ) ;
#3000 = FACE_BOUND ( 'NONE', #2434, .T. ) ;
#3001 = CARTESIAN_POINT ( 'NONE',  ( 15.54266091987000209, -37.23683829769534981, 0.7500000000000000000 ) ) ;
#3002 = ORIENTED_EDGE ( 'NONE', *, *, #1637, .T. ) ;
#3003 = CARTESIAN_POINT ( 'NONE',  ( 5.000000000000001776, -24.00000000000000000, 0.7500000000000000000 ) ) ;
#3004 = ORIENTED_EDGE ( 'NONE', *, *, #3464, .F. ) ;
#3005 = CYLINDRICAL_SURFACE ( 'NONE', #2048, 6.999999999999999112 ) ;
#3006 = DIRECTION ( 'NONE',  ( 0.000000000000000000, 0.000000000000000000, -1.000000000000000000 ) ) ;
#3007 = VERTEX_POINT ( 'NONE', #2304 ) ;
#3008 = EDGE_LOOP ( 'NONE', ( #3928, #862, #3870, #3653, #769, #1354, #283, #2021 ) ) ;
#3009 = DIRECTION ( 'NONE',  ( -1.000000000000000000, 0.000000000000000000, 0.000000000000000000 ) ) ;
#3010 = CARTESIAN_POINT ( 'NONE',  ( -15.25000000000012434, -26.41377481542531314, -0.7500000000000000000 ) ) ;
#3011 = DESIGN_CONTEXT ( 'detailed design', #572, 'design' ) ;
#3012 = EDGE_CURVE ( 'NONE', #1459, #2342, #2845, .T. ) ;
#3013 = FACE_OUTER_BOUND ( 'NONE', #1721, .T. ) ;
#3014 = ORIENTED_EDGE ( 'NONE', *, *, #402, .T. ) ;
#3015 = LINE ( 'NONE', #491, #907 ) ;
#3016 = ORIENTED_EDGE ( 'NONE', *, *, #1232, .T. ) ;
#3017 = LINE ( 'NONE', #2461, #2245 ) ;
#3018 = AXIS2_PLACEMENT_3D ( 'NONE', #1145, #182, #1424 ) ;
#3019 = DIRECTION ( 'NONE',  ( 0.000000000000000000, 0.000000000000000000, 1.000000000000000000 ) ) ;
#3020 = EDGE_LOOP ( 'NONE', ( #2227, #310, #245, #834 ) ) ;
#3021 = CARTESIAN_POINT ( 'NONE',  ( 7.935165149674688223, -43.50000000000000000, -0.7500000000000000000 ) ) ;
#3022 = VERTEX_POINT ( 'NONE', #54 ) ;
#3023 = AXIS2_PLACEMENT_3D ( 'NONE', #1976, #342, #1940 ) ;
#3024 = DIRECTION ( 'NONE',  ( -1.000000000000000000, 0.000000000000000000, 0.000000000000000000 ) ) ;
#3025 = DIRECTION ( 'NONE',  ( -1.000000000000000000, 0.000000000000000000, 0.000000000000000000 ) ) ;
#3026 = AXIS2_PLACEMENT_3D ( 'NONE', #1112, #2392, #3297 ) ;
#3027 = ORIENTED_EDGE ( 'NONE', *, *, #868, .T. ) ;
#3028 = CIRCLE ( 'NONE', #1924, 1.150000000000003686 ) ;
#3029 = VERTEX_POINT ( 'NONE', #1300 ) ;
#3030 = VECTOR ( 'NONE', #2240, 1000.000000000000000 ) ;
#3031 = EDGE_CURVE ( 'NONE', #121, #3342, #939, .T. ) ;
#3032 = FACE_OUTER_BOUND ( 'NONE', #949, .T. ) ;
#3033 = EDGE_CURVE ( 'NONE', #3920, #48, #5, .T. ) ;
#3034 = DIRECTION ( 'NONE',  ( 0.4999999999999920064, -0.8660254037844431485, 0.000000000000000000 ) ) ;
#3035 = ORIENTED_EDGE ( 'NONE', *, *, #582, .T. ) ;
#3036 = LINE ( 'NONE', #17, #1617 ) ;
#3037 = EDGE_LOOP ( 'NONE', ( #476, #1216 ) ) ;
#3038 = FACE_OUTER_BOUND ( 'NONE', #1034, .T. ) ;
#3039 = LINE ( 'NONE', #3081, #3940 ) ;
#3040 = ORIENTED_EDGE ( 'NONE', *, *, #2378, .F. ) ;
#3041 = DIRECTION ( 'NONE',  ( -1.000000000000000000, 0.000000000000000000, 0.000000000000000000 ) ) ;
#3042 = ORIENTED_EDGE ( 'NONE', *, *, #402, .F. ) ;
#3043 = EDGE_CURVE ( 'NONE', #647, #3856, #3549, .T. ) ;
#3044 = FACE_OUTER_BOUND ( 'NONE', #1740, .T. ) ;
#3045 = ADVANCED_FACE ( 'NONE', ( #2351 ), #3281, .F. ) ;
#3046 = FACE_OUTER_BOUND ( 'NONE', #1958, .T. ) ;
#3047 = EDGE_CURVE ( 'NONE', #1900, #2944, #866, .T. ) ;
#3048 = EDGE_LOOP ( 'NONE', ( #3375, #3778 ) ) ;
#3049 = EDGE_CURVE ( 'NONE', #1251, #693, #2632, .T. ) ;
#3050 = ADVANCED_FACE ( 'NONE', ( #2042, #3320 ), #173, .F. ) ;
#3051 = ORIENTED_EDGE ( 'NONE', *, *, #3225, .F. ) ;
#3052 = AXIS2_PLACEMENT_3D ( 'NONE', #1717, #2996, #1152 ) ;
#3053 = DIRECTION ( 'NONE',  ( 1.000000000000000000, 0.000000000000000000, 0.000000000000000000 ) ) ;
#3054 = DIRECTION ( 'NONE',  ( -0.4999999999999919509, 0.8660254037844432595, 0.000000000000000000 ) ) ;
#3055 = CIRCLE ( 'NONE', #1817, 1.499999999999999334 ) ;
#3056 = AXIS2_PLACEMENT_3D ( 'NONE', #3552, #2590, #2552 ) ;
#3057 = EDGE_CURVE ( 'NONE', #3685, #598, #334, .T. ) ;
#3058 = LINE ( 'NONE', #1224, #331 ) ;
#3059 = DIRECTION ( 'NONE',  ( 0.000000000000000000, 0.000000000000000000, 1.000000000000000000 ) ) ;
#3060 = ORIENTED_EDGE ( 'NONE', *, *, #2360, .F. ) ;
#3061 = CIRCLE ( 'NONE', #2799, 2.249999999999995115 ) ;
#3062 = CARTESIAN_POINT ( 'NONE',  ( 13.78990089935895647, -40.50179349589403444, -0.7500000000000000000 ) ) ;
#3063 = DIRECTION ( 'NONE',  ( 0.000000000000000000, 0.000000000000000000, 1.000000000000000000 ) ) ;
#3064 = ORIENTED_EDGE ( 'NONE', *, *, #2784, .F. ) ;
#3065 = AXIS2_PLACEMENT_3D ( 'NONE', #3354, #2766, #1462 ) ;
#3066 = DIRECTION ( 'NONE',  ( 0.000000000000000000, 0.000000000000000000, -1.000000000000000000 ) ) ;
#3067 = ORIENTED_EDGE ( 'NONE', *, *, #3450, .T. ) ;
#3068 = AXIS2_PLACEMENT_3D ( 'NONE', #2936, #1407, #3884 ) ;
#3069 = AXIS2_PLACEMENT_3D ( 'NONE', #2124, #3400, #3994 ) ;
#3070 = LINE ( 'NONE', #3997, #3277 ) ;
#3071 = DIRECTION ( 'NONE',  ( -1.000000000000000000, 0.000000000000000000, 0.000000000000000000 ) ) ;
#3072 = AXIS2_PLACEMENT_3D ( 'NONE', #1625, #96, #1344 ) ;
#3073 = VERTEX_POINT ( 'NONE', #1455 ) ;
#3074 = VERTEX_POINT ( 'NONE', #3592 ) ;
#3075 = DIRECTION ( 'NONE',  ( 1.000000000000000000, 0.000000000000000000, 0.000000000000000000 ) ) ;
#3076 = CYLINDRICAL_SURFACE ( 'NONE', #3065, 2.999999999999999112 ) ;
#3077 = DIRECTION ( 'NONE',  ( 0.000000000000000000, 0.000000000000000000, 1.000000000000000000 ) ) ;
#3078 = DIRECTION ( 'NONE',  ( -0.000000000000000000, -0.000000000000000000, 1.000000000000000000 ) ) ;
#3079 = VERTEX_POINT ( 'NONE', #2103 ) ;
#3080 = CARTESIAN_POINT ( 'NONE',  ( -15.99999999999999645, -17.89500000000000668, -0.7500000000000000000 ) ) ;
#3081 = CARTESIAN_POINT ( 'NONE',  ( -18.92092921435181907, 30.47201072567229829, -0.7500000000000000000 ) ) ;
#3082 = ORIENTED_EDGE ( 'NONE', *, *, #3703, .F. ) ;
#3083 = DIRECTION ( 'NONE',  ( -0.8660254037844398178, -0.4999999999999979461, 0.000000000000000000 ) ) ;
#3084 = ORIENTED_EDGE ( 'NONE', *, *, #619, .T. ) ;
#3085 = EDGE_CURVE ( 'NONE', #1289, #2639, #847, .T. ) ;
#3086 = DIRECTION ( 'NONE',  ( 0.000000000000000000, 0.000000000000000000, 1.000000000000000000 ) ) ;
#3087 = LINE ( 'NONE', #3730, #586 ) ;
#3088 = EDGE_LOOP ( 'NONE', ( #3293, #3898 ) ) ;
#3089 = EDGE_LOOP ( 'NONE', ( #3629, #3746, #2344, #3914 ) ) ;
#3090 = VECTOR ( 'NONE', #3651, 1000.000000000000000 ) ;
#3091 = CARTESIAN_POINT ( 'NONE',  ( 42.00000000000000000, 0.000000000000000000, 0.4500000000000000666 ) ) ;
#3092 = LINE ( 'NONE', #3329, #2218 ) ;
#3093 = AXIS2_PLACEMENT_3D ( 'NONE', #2929, #3290, #3858 ) ;
#3094 = AXIS2_PLACEMENT_3D ( 'NONE', #3437, #730, #80 ) ;
#3095 = CIRCLE ( 'NONE', #626, 6.999999999999999112 ) ;
#3096 = CYLINDRICAL_SURFACE ( 'NONE', #3313, 5.000000000000000000 ) ;
#3097 = EDGE_CURVE ( 'NONE', #1486, #2432, #806, .T. ) ;
#3098 = CARTESIAN_POINT ( 'NONE',  ( 21.40712125601416105, -12.30965976810040807, -0.7500000000000000000 ) ) ;
#3099 = EDGE_LOOP ( 'NONE', ( #565, #3585, #3422, #3430 ) ) ;
#3100 = ADVANCED_FACE ( 'NONE', ( #2652 ), #2981, .F. ) ;
#3101 = CARTESIAN_POINT ( 'NONE',  ( -5.000000000000000000, -1.500000000000001332, -0.7500000000000000000 ) ) ;
#3102 = LINE ( 'NONE', #1213, #2051 ) ;
#3103 = ORIENTED_EDGE ( 'NONE', *, *, #2616, .F. ) ;
#3104 = DIRECTION ( 'NONE',  ( 0.000000000000000000, 0.000000000000000000, 1.000000000000000000 ) ) ;
#3105 = ORIENTED_EDGE ( 'NONE', *, *, #901, .T. ) ;
#3106 = CARTESIAN_POINT ( 'NONE',  ( -17.92500000000014637, -31.04701072567204534, -0.7500000000000000000 ) ) ;
#3107 = DIRECTION ( 'NONE',  ( -1.454085059494389690E-16, 1.000000000000000000, 0.000000000000000000 ) ) ;
#3108 = EDGE_CURVE ( 'NONE', #87, #2911, #1176, .T. ) ;
#3109 = EDGE_LOOP ( 'NONE', ( #3554, #3561 ) ) ;
#3110 = ADVANCED_FACE ( 'NONE', ( #1136, #3871, #2370, #2411, #515, #3610, #2697, #1764, #830, #538, #2066, #2394, #3654, #2086 ), #3259, .T. ) ;
#3111 = DIRECTION ( 'NONE',  ( 0.000000000000000000, 0.000000000000000000, -1.000000000000000000 ) ) ;
#3112 = ORIENTED_EDGE ( 'NONE', *, *, #1291, .F. ) ;
#3113 = DIRECTION ( 'NONE',  ( -0.6822099234553807845, 0.7311563583386275766, 0.000000000000000000 ) ) ;
#3114 = AXIS2_PLACEMENT_3D ( 'NONE', #607, #3666, #878 ) ;
#3115 = LINE ( 'NONE', #1931, #655 ) ;
#3116 = CARTESIAN_POINT ( 'NONE',  ( 0.000000000000000000, -4.000376003793891577, 0.4500000000000000666 ) ) ;
#3117 = EDGE_LOOP ( 'NONE', ( #390, #2379 ) ) ;
#3118 = DIRECTION ( 'NONE',  ( -1.000000000000000000, 0.000000000000000000, 0.000000000000000000 ) ) ;
#3119 = PLANE ( 'NONE',  #3415 ) ;
#3120 = ORIENTED_EDGE ( 'NONE', *, *, #3166, .T. ) ;
#3121 = DIRECTION ( 'NONE',  ( -1.000000000000000000, 0.000000000000000000, 0.000000000000000000 ) ) ;
#3122 = ORIENTED_EDGE ( 'NONE', *, *, #3641, .F. ) ;
#3123 = AXIS2_PLACEMENT_3D ( 'NONE', #2901, #111, #73 ) ;
#3124 = FACE_OUTER_BOUND ( 'NONE', #2501, .T. ) ;
#3125 = CARTESIAN_POINT ( 'NONE',  ( -6.777348132437759354, 36.50000000000000000, -0.7500000000000000000 ) ) ;
#3126 = ORIENTED_EDGE ( 'NONE', *, *, #1904, .T. ) ;
#3127 = VECTOR ( 'NONE', #669, 1000.000000000000000 ) ;
#3128 = AXIS2_PLACEMENT_3D ( 'NONE', #2943, #3341, #3630 ) ;
#3129 = AXIS2_PLACEMENT_3D ( 'NONE', #113, #726, #3579 ) ;
#3130 = CARTESIAN_POINT ( 'NONE',  ( 32.00000000000000000, -1.836970198721029441E-16, 0.4500000000000000666 ) ) ;
#3131 = ORIENTED_EDGE ( 'NONE', *, *, #2075, .T. ) ;
#3132 = PLANE ( 'NONE',  #1952 ) ;
#3133 = DIRECTION ( 'NONE',  ( 0.000000000000000000, 0.000000000000000000, 1.000000000000000000 ) ) ;
#3134 = DIRECTION ( 'NONE',  ( 0.7244445269002190990, -0.6893331034009013703, 0.000000000000000000 ) ) ;
#3135 = ORIENTED_EDGE ( 'NONE', *, *, #222, .T. ) ;
#3136 = ADVANCED_FACE ( 'NONE', ( #147 ), #1392, .F. ) ;
#3137 = DIRECTION ( 'NONE',  ( 1.000000000000000000, 0.000000000000000000, 0.000000000000000000 ) ) ;
#3138 = LINE ( 'NONE', #354, #3905 ) ;
#3139 = ORIENTED_EDGE ( 'NONE', *, *, #2459, .F. ) ;
#3140 = DIRECTION ( 'NONE',  ( 1.000000000000000000, 0.000000000000000000, 0.000000000000000000 ) ) ;
#3141 = ORIENTED_EDGE ( 'NONE', *, *, #3429, .F. ) ;
#3142 = DIRECTION ( 'NONE',  ( -0.000000000000000000, -0.000000000000000000, -1.000000000000000000 ) ) ;
#3143 = CARTESIAN_POINT ( 'NONE',  ( 42.00000000000000000, 7.428946878701225387, -0.7500000000000000000 ) ) ;
#3144 = EDGE_LOOP ( 'NONE', ( #628, #2363, #1674, #854 ) ) ;
#3145 = CARTESIAN_POINT ( 'NONE',  ( -18.46374540336604397, 23.98106426203116470, 0.7500000000000000000 ) ) ;
#3146 = EDGE_LOOP ( 'NONE', ( #2624, #2262, #1049, #922 ) ) ;
#3147 = VECTOR ( 'NONE', #528, 1000.000000000000000 ) ;
#3148 = CARTESIAN_POINT ( 'NONE',  ( 24.40712125601415394, 12.30965976810040452, 0.7500000000000000000 ) ) ;
#3149 = VECTOR ( 'NONE', #2547, 1000.000000000000000 ) ;
#3150 = PRODUCT_DEFINITION_FORMATION_WITH_SPECIFIED_SOURCE ( 'ANY', '', #3733, .NOT_KNOWN. ) ;
#3151 = DIRECTION ( 'NONE',  ( 0.5000000000000039968, 0.8660254037844363761, 0.000000000000000000 ) ) ;
#3152 = AXIS2_PLACEMENT_3D ( 'NONE', #451, #3628, #3913 ) ;
#3153 = LINE ( 'NONE', #2254, #2140 ) ;
#3154 = EDGE_LOOP ( 'NONE', ( #3982, #1880, #3891, #3716 ) ) ;
#3155 = AXIS2_PLACEMENT_3D ( 'NONE', #844, #170, #1389 ) ;
#3156 = EDGE_CURVE ( 'NONE', #471, #3523, #127, .T. ) ;
#3157 = CYLINDRICAL_SURFACE ( 'NONE', #2562, 7.000000000000000000 ) ;
#3158 = CARTESIAN_POINT ( 'NONE',  ( -20.22500000000015774, -33.03886915437625049, -0.7500000000000000000 ) ) ;
#3159 = VERTEX_POINT ( 'NONE', #929 ) ;
#3160 = DIRECTION ( 'NONE',  ( 0.000000000000000000, 0.000000000000000000, 1.000000000000000000 ) ) ;
#3161 = ORIENTED_EDGE ( 'NONE', *, *, #631, .T. ) ;
#3162 = DIRECTION ( 'NONE',  ( -1.000000000000000000, 0.000000000000000000, 0.000000000000000000 ) ) ;
#3163 = DIRECTION ( 'NONE',  ( 1.000000000000000000, 0.000000000000000000, 0.000000000000000000 ) ) ;
#3164 = EDGE_CURVE ( 'NONE', #2961, #1765, #1821, .T. ) ;
#3165 = ORIENTED_EDGE ( 'NONE', *, *, #2583, .T. ) ;
#3166 = EDGE_CURVE ( 'NONE', #57, #3725, #3968, .T. ) ;
#3167 = CALENDAR_DATE ( 2025, 21, 1 ) ;
#3168 = CARTESIAN_POINT ( 'NONE',  ( -5.151852437229256232, 43.50000000000000000, -0.7500000000000000000 ) ) ;
#3169 = ORIENTED_EDGE ( 'NONE', *, *, #2750, .F. ) ;
#3170 = DIRECTION ( 'NONE',  ( 5.365677315115394492E-17, -1.000000000000000000, 0.000000000000000000 ) ) ;
#3171 = CARTESIAN_POINT ( 'NONE',  ( 10.93700752054433067, -43.50000000000000000, -0.7500000000000000000 ) ) ;
#3172 = VERTEX_POINT ( 'NONE', #3978 ) ;
#3173 = VECTOR ( 'NONE', #1168, 1000.000000000000000 ) ;
#3174 = CARTESIAN_POINT ( 'NONE',  ( -5.000000000000000888, -29.00000000000000000, 0.7500000000000000000 ) ) ;
#3175 = CARTESIAN_POINT ( 'NONE',  ( 1.750000000000005107, -34.00000000000000000, 0.7500000000000000000 ) ) ;
#3176 = ORIENTED_EDGE ( 'NONE', *, *, #3607, .T. ) ;
#3177 = CARTESIAN_POINT ( 'NONE',  ( -18.07907078564805659, -33.61386915437626044, -0.7500000000000000000 ) ) ;
#3178 = ORIENTED_EDGE ( 'NONE', *, *, #3759, .F. ) ;
#3179 = DIRECTION ( 'NONE',  ( -1.000000000000000000, 0.000000000000000000, 0.000000000000000000 ) ) ;
#3180 = FACE_OUTER_BOUND ( 'NONE', #3621, .T. ) ;
#3181 = CIRCLE ( 'NONE', #3056, 2.999999999999999112 ) ;
#3182 = ORIENTED_EDGE ( 'NONE', *, *, #3517, .T. ) ;
#3183 = EDGE_CURVE ( 'NONE', #2982, #1780, #2410, .T. ) ;
#3184 = CALENDAR_DATE ( 2025, 21, 1 ) ;
#3185 = LINE ( 'NONE', #90, #1501 ) ;
#3186 = ORIENTED_EDGE ( 'NONE', *, *, #2038, .T. ) ;
#3187 = AXIS2_PLACEMENT_3D ( 'NONE', #2707, #2747, #2436 ) ;
#3188 = AXIS2_PLACEMENT_3D ( 'NONE', #1526, #1799, #3034 ) ;
#3189 = DIRECTION ( 'NONE',  ( 1.000000000000000000, 0.000000000000000000, 0.000000000000000000 ) ) ;
#3190 = FACE_OUTER_BOUND ( 'NONE', #1848, .T. ) ;
#3191 = CARTESIAN_POINT ( 'NONE',  ( 6.325773493070657949, 32.86492462165660555, 0.7500000000000000000 ) ) ;
#3192 = CARTESIAN_POINT ( 'NONE',  ( 4.000000000000000000, -34.00000000000000000, 0.7500000000000000000 ) ) ;
#3193 = DIRECTION ( 'NONE',  ( -5.337610695313251508E-17, 1.000000000000000000, 0.000000000000000000 ) ) ;
#3194 = ORIENTED_EDGE ( 'NONE', *, *, #2255, .T. ) ;
#3195 = CARTESIAN_POINT ( 'NONE',  ( -15.24999999999975309, 26.41377481542551919, -0.7500000000000000000 ) ) ;
#3196 = EDGE_LOOP ( 'NONE', ( #994, #199, #2248, #2270 ) ) ;
#3197 = DIRECTION ( 'NONE',  ( 0.000000000000000000, -0.000000000000000000, 1.000000000000000000 ) ) ;
#3198 = EDGE_CURVE ( 'NONE', #378, #3989, #3384, .T. ) ;
#3199 = CARTESIAN_POINT ( 'NONE',  ( -16.00000000000000000, 17.89499999999999602, 0.7500000000000000000 ) ) ;
#3200 = EDGE_LOOP ( 'NONE', ( #303, #813, #169, #3471 ) ) ;
#3201 = EDGE_CURVE ( 'NONE', #1005, #3930, #1842, .T. ) ;
#3202 = EDGE_CURVE ( 'NONE', #891, #179, #1805, .T. ) ;
#3203 = PERSON_AND_ORGANIZATION ( #725, #95 ) ;
#3204 = FACE_OUTER_BOUND ( 'NONE', #1806, .T. ) ;
#3205 = ORIENTED_EDGE ( 'NONE', *, *, #323, .F. ) ;
#3206 = CARTESIAN_POINT ( 'NONE',  ( -13.75000000000012257, -26.41377481542531314, -0.7500000000000000000 ) ) ;
#3207 = DIRECTION ( 'NONE',  ( 0.000000000000000000, -0.000000000000000000, 1.000000000000000000 ) ) ;
#3208 = ORIENTED_EDGE ( 'NONE', *, *, #3402, .T. ) ;
#3209 = ADVANCED_FACE ( 'NONE', ( #2794 ), #2428, .F. ) ;
#3210 = AXIS2_PLACEMENT_3D ( 'NONE', #2548, #2229, #1597 ) ;
#3211 = CARTESIAN_POINT ( 'NONE',  ( -19.00000000000000000, -17.89500000000000668, -0.7500000000000000000 ) ) ;
#3212 = AXIS2_PLACEMENT_3D ( 'NONE', #1252, #863, #2100 ) ;
#3213 = CARTESIAN_POINT ( 'NONE',  ( -10.27734813243782597, -42.56217782649106596, -0.7500000000000000000 ) ) ;
#3214 = ORIENTED_EDGE ( 'NONE', *, *, #1054, .T. ) ;
#3215 = EDGE_CURVE ( 'NONE', #2795, #911, #279, .T. ) ;
#3216 = CYLINDRICAL_SURFACE ( 'NONE', #131, 2.999999999999999112 ) ;
#3217 = ORIENTED_EDGE ( 'NONE', *, *, #1355, .T. ) ;
#3218 = AXIS2_PLACEMENT_3D ( 'NONE', #948, #1515, #2755 ) ;
#3219 = DIRECTION ( 'NONE',  ( 0.8660254037844373753, -0.5000000000000021094, 0.000000000000000000 ) ) ;
#3220 = CARTESIAN_POINT ( 'NONE',  ( 5.000000000000000000, 14.49999999999999822, 0.7500000000000000000 ) ) ;
#3221 = DIRECTION ( 'NONE',  ( 1.000000000000000000, 0.000000000000000000, 0.000000000000000000 ) ) ;
#3222 = EDGE_LOOP ( 'NONE', ( #3419, #3591, #3445, #229 ) ) ;
#3223 = PERSON_AND_ORGANIZATION_ROLE ( 'design_supplier' ) ;
#3224 = ADVANCED_FACE ( 'NONE', ( #2163 ), #1517, .F. ) ;
#3225 = EDGE_CURVE ( 'NONE', #3623, #1074, #3774, .T. ) ;
#3226 = PLANE ( 'NONE',  #1560 ) ;
#3227 = ORIENTED_EDGE ( 'NONE', *, *, #3447, .T. ) ;
#3228 = ORIENTED_EDGE ( 'NONE', *, *, #2492, .T. ) ;
#3229 = DIRECTION ( 'NONE',  ( 0.000000000000000000, 0.000000000000000000, -1.000000000000000000 ) ) ;
#3230 = LINE ( 'NONE', #1688, #2114 ) ;
#3231 = LINE ( 'NONE', #2074, #358 ) ;
#3232 = DIRECTION ( 'NONE',  ( 0.000000000000000000, 0.000000000000000000, 1.000000000000000000 ) ) ;
#3233 = DIRECTION ( 'NONE',  ( 0.000000000000000000, -0.000000000000000000, 1.000000000000000000 ) ) ;
#3234 = ORIENTED_EDGE ( 'NONE', *, *, #200, .F. ) ;
#3235 = DIRECTION ( 'NONE',  ( -0.000000000000000000, -0.000000000000000000, -1.000000000000000000 ) ) ;
#3236 = ORIENTED_EDGE ( 'NONE', *, *, #1748, .T. ) ;
#3237 = AXIS2_PLACEMENT_3D ( 'NONE', #2011, #3254, #1387 ) ;
#3238 = DIRECTION ( 'NONE',  ( 0.000000000000000000, 0.000000000000000000, 1.000000000000000000 ) ) ;
#3239 = LINE ( 'NONE', #2650, #1272 ) ;
#3240 = AXIS2_PLACEMENT_3D ( 'NONE', #3493, #135, #1059 ) ;
#3241 = CARTESIAN_POINT ( 'NONE',  ( 13.00627683797621970, -41.32533172380630759, 0.7500000000000000000 ) ) ;
#3242 = VERTEX_POINT ( 'NONE', #1864 ) ;
#3243 = CARTESIAN_POINT ( 'NONE',  ( -17.53487340819993889, 38.37204365487928470, 0.4500000000000001221 ) ) ;
#3244 = CARTESIAN_POINT ( 'NONE',  ( 5.000000000000000000, 14.49999999999999822, -0.7499999999999995559 ) ) ;
#3245 = ORIENTED_EDGE ( 'NONE', *, *, #2798, .F. ) ;
#3246 = CIRCLE ( 'NONE', #1183, 1.499999999999999556 ) ;
#3247 = CARTESIAN_POINT ( 'NONE',  ( 10.00000000000000000, -1.500000000000000000, 0.7500000000000000000 ) ) ;
#3248 = CARTESIAN_POINT ( 'NONE',  ( 4.000000000000000000, -35.50000000000000711, 0.4499999999999983458 ) ) ;
#3249 = CARTESIAN_POINT ( 'NONE',  ( 13.00627683797621970, -41.32533172380630759, -0.7500000000000000000 ) ) ;
#3250 = LINE ( 'NONE', #1384, #1948 ) ;
#3251 = CIRCLE ( 'NONE', #794, 2.999999999999998668 ) ;
#3252 = LINE ( 'NONE', #839, #1250 ) ;
#3253 = ORIENTED_EDGE ( 'NONE', *, *, #530, .T. ) ;
#3254 = DIRECTION ( 'NONE',  ( 0.000000000000000000, 0.000000000000000000, -1.000000000000000000 ) ) ;
#3255 = EDGE_LOOP ( 'NONE', ( #1933, #2495, #1254, #1896 ) ) ;
#3256 = FACE_BOUND ( 'NONE', #509, .T. ) ;
#3257 = LINE ( 'NONE', #2694, #1923 ) ;
#3258 = ORIENTED_EDGE ( 'NONE', *, *, #3463, .T. ) ;
#3259 = PLANE ( 'NONE',  #3128 ) ;
#3260 = ORIENTED_EDGE ( 'NONE', *, *, #1838, .T. ) ;
#3261 = DIRECTION ( 'NONE',  ( 0.000000000000000000, 0.000000000000000000, 1.000000000000000000 ) ) ;
#3262 = ADVANCED_FACE ( 'NONE', ( #3381 ), #2184, .F. ) ;
#3263 = ORIENTED_EDGE ( 'NONE', *, *, #265, .T. ) ;
#3264 = EDGE_CURVE ( 'NONE', #2850, #2205, #1121, .T. ) ;
#3265 = EDGE_LOOP ( 'NONE', ( #1137, #1728, #1220, #1627, #3067, #2613 ) ) ;
#3266 = CARTESIAN_POINT ( 'NONE',  ( -5.151852437229256232, 36.50000000000000000, -0.7500000000000000000 ) ) ;
#3267 = DIRECTION ( 'NONE',  ( 0.000000000000000000, -0.000000000000000000, 1.000000000000000000 ) ) ;
#3268 = DIRECTION ( 'NONE',  ( 0.000000000000000000, 0.000000000000000000, -1.000000000000000000 ) ) ;
#3269 = CLOSED_SHELL ( 'NONE', ( #452, #1668, #1155, #2195, #872, #238, #1405, #2186, #3624, #3748, #28, #2188, #119, #1361, #701, #1190, #3336, #683, #2749, #2846, #1123, #420, #1694, #578, #3772, #584, #3285, #2930, #157, #3852, #3322, #2540, #3110, #2847, #885, #2374, #3396, #201, #1587, #795, #2062, #1677, #1243, #853, #2883, #1127, #319, #758, #156, #2971, #3327, #1641, #2201, #1767, #2615, #1903, #1485, #2384, #2494, #2309, #752, #89, #1546, #1244, #2868, #195, #3209, #2903, #1913, #1651, #2200, #2319, #2081, #276, #449, #835, #1527, #3224, #1960, #349, #3136, #2117, #1716, #3823, #876, #1583, #3502, #1184, #3371, #341, #643, #2598, #1055, #2439, #1416, #3262, #1906, #1056, #1394, #2858, #1022, #3045, #3100, #1173, #2385, #1773, #2765, #3050, #1057, #337, #3942, #1039, #3948, #2839, #1170, #2398, #2987, #1343 ) ) ;
#3270 = LINE ( 'NONE', #1186, #3376 ) ;
#3271 = EDGE_CURVE ( 'NONE', #3856, #3958, #314, .T. ) ;
#3272 = CARTESIAN_POINT ( 'NONE',  ( -13.50000000290915558, -23.38268590721839857, 0.4500000000000000666 ) ) ;
#3273 = ORIENTED_EDGE ( 'NONE', *, *, #1341, .T. ) ;
#3274 = DIRECTION ( 'NONE',  ( -0.4999999999999919509, 0.8660254037844432595, 0.000000000000000000 ) ) ;
#3275 = ORIENTED_EDGE ( 'NONE', *, *, #1660, .T. ) ;
#3276 = EDGE_CURVE ( 'NONE', #3832, #3576, #296, .T. ) ;
#3277 = VECTOR ( 'NONE', #2759, 999.9999999999998863 ) ;
#3278 = DIRECTION ( 'NONE',  ( 0.000000000000000000, -0.000000000000000000, 1.000000000000000000 ) ) ;
#3279 = DIRECTION ( 'NONE',  ( -5.337610695313252124E-17, 1.000000000000000000, 0.000000000000000000 ) ) ;
#3280 = ORIENTED_EDGE ( 'NONE', *, *, #15, .T. ) ;
#3281 = CYLINDRICAL_SURFACE ( 'NONE', #1116, 2.999999999999999112 ) ;
#3282 = ORIENTED_EDGE ( 'NONE', *, *, #106, .F. ) ;
#3283 = VECTOR ( 'NONE', #1503, 1000.000000000000000 ) ;
#3284 = DIRECTION ( 'NONE',  ( 0.000000000000000000, -0.000000000000000000, 1.000000000000000000 ) ) ;
#3285 = ADVANCED_FACE ( 'NONE', ( #576 ), #2447, .T. ) ;
#3286 = CARTESIAN_POINT ( 'NONE',  ( 3.464371533014490190, -2.000284493008134046, 0.7500000000000000000 ) ) ;
#3287 = ORIENTED_EDGE ( 'NONE', *, *, #882, .T. ) ;
#3288 = EDGE_CURVE ( 'NONE', #2651, #2582, #3689, .T. ) ;
#3289 = CARTESIAN_POINT ( 'NONE',  ( 3.464371533014490634, -2.000284493008134046, 0.4500000000000000666 ) ) ;
#3290 = DIRECTION ( 'NONE',  ( 0.000000000000000000, 0.000000000000000000, 1.000000000000000000 ) ) ;
#3291 = CYLINDRICAL_SURFACE ( 'NONE', #1329, 1.500000000000001332 ) ;
#3292 = CARTESIAN_POINT ( 'NONE',  ( 6.325773493070657061, 32.86492462165660555, -0.7500000000000000000 ) ) ;
#3293 = ORIENTED_EDGE ( 'NONE', *, *, #3156, .F. ) ;
#3294 = DIRECTION ( 'NONE',  ( -0.000000000000000000, -0.000000000000000000, 1.000000000000000000 ) ) ;
#3295 = VERTEX_POINT ( 'NONE', #905 ) ;
#3296 = CARTESIAN_POINT ( 'NONE',  ( -19.07500000000015916, -33.03886915437625049, 0.4500000000000000666 ) ) ;
#3297 = DIRECTION ( 'NONE',  ( -1.000000000000000000, 0.000000000000000000, 0.000000000000000000 ) ) ;
#3298 = VERTEX_POINT ( 'NONE', #968 ) ;
#3299 = DIRECTION ( 'NONE',  ( 0.000000000000000000, 0.000000000000000000, -1.000000000000000000 ) ) ;
#3300 = ORIENTED_EDGE ( 'NONE', *, *, #1851, .T. ) ;
#3301 = DIRECTION ( 'NONE',  ( 0.9999999996121277102, -2.785219033192400928E-05, 0.000000000000000000 ) ) ;
#3302 = VECTOR ( 'NONE', #1550, 1000.000000000000114 ) ;
#3303 = CARTESIAN_POINT ( 'NONE',  ( 35.46896998261891554, -17.19116223487141681, 0.7500000000000000000 ) ) ;
#3304 = VERTEX_POINT ( 'NONE', #2144 ) ;
#3305 = EDGE_CURVE ( 'NONE', #3314, #3793, #4013, .T. ) ;
#3306 = EDGE_LOOP ( 'NONE', ( #969, #3995, #3273, #660 ) ) ;
#3307 = CARTESIAN_POINT ( 'NONE',  ( -10.27734813243774781, 42.56217782649108017, -0.7500000000000000000 ) ) ;
#3308 = AXIS2_PLACEMENT_3D ( 'NONE', #1790, #3875, #3025 ) ;
#3309 = DIRECTION ( 'NONE',  ( 0.4999758791016774007, -0.8660393295437019967, 0.000000000000000000 ) ) ;
#3310 = DIRECTION ( 'NONE',  ( -0.4999999999999918954, 0.8660254037844432595, 0.000000000000000000 ) ) ;
#3311 = ORIENTED_EDGE ( 'NONE', *, *, #1794, .T. ) ;
#3312 = CARTESIAN_POINT ( 'NONE',  ( 3.500000000000000444, 14.49999999999999822, 0.4499999999999983458 ) ) ;
#3313 = AXIS2_PLACEMENT_3D ( 'NONE', #3986, #2157, #4024 ) ;
#3314 = VERTEX_POINT ( 'NONE', #389 ) ;
#3315 = VECTOR ( 'NONE', #217, 1000.000000000000000 ) ;
#3316 = VECTOR ( 'NONE', #1098, 1000.000000000000000 ) ;
#3317 = CARTESIAN_POINT ( 'NONE',  ( -24.46372789615078602, -34.37166765108506894, 0.4500000000000001221 ) ) ;
#3318 = CARTESIAN_POINT ( 'NONE',  ( 7.935165149674688223, -43.50000000000000000, -0.7500000000000000000 ) ) ;
#3319 = EDGE_LOOP ( 'NONE', ( #698, #2698, #2065, #2102 ) ) ;
#3320 = FACE_OUTER_BOUND ( 'NONE', #2528, .T. ) ;
#3321 = ORIENTED_EDGE ( 'NONE', *, *, #3043, .F. ) ;
#3322 = ADVANCED_FACE ( 'NONE', ( #120 ), #1634, .T. ) ;
#3323 = DIRECTION ( 'NONE',  ( 0.000000000000000000, 0.000000000000000000, 1.000000000000000000 ) ) ;
#3324 = CARTESIAN_POINT ( 'NONE',  ( -22.00000000000000355, 14.89499999999999424, 0.7500000000000000000 ) ) ;
#3325 = EDGE_LOOP ( 'NONE', ( #1198, #51, #361, #3407 ) ) ;
#3326 = EDGE_CURVE ( 'NONE', #3715, #930, #697, .T. ) ;
#3327 = ADVANCED_FACE ( 'NONE', ( #2604 ), #3216, .F. ) ;
#3328 = VERTEX_POINT ( 'NONE', #429 ) ;
#3329 = CARTESIAN_POINT ( 'NONE',  ( -28.00000000000000355, 32.33000000000004093, -0.7500000000000000000 ) ) ;
#3330 = EDGE_CURVE ( 'NONE', #211, #1430, #1312, .T. ) ;
#3331 = CARTESIAN_POINT ( 'NONE',  ( 23.37957040696730360, 1.301042606982605321E-15, -0.7500000000000000000 ) ) ;
#3332 = VERTEX_POINT ( 'NONE', #2545 ) ;
#3333 = LINE ( 'NONE', #1512, #3888 ) ;
#3334 = VERTEX_POINT ( 'NONE', #1920 ) ;
#3335 = EDGE_CURVE ( 'NONE', #1991, #825, #3484, .T. ) ;
#3336 = ADVANCED_FACE ( 'NONE', ( #1938 ), #1613, .F. ) ;
#3337 = EDGE_CURVE ( 'NONE', #216, #11, #3846, .T. ) ;
#3338 = CYLINDRICAL_SURFACE ( 'NONE', #3212, 1.500000000000001332 ) ;
#3339 = DIRECTION ( 'NONE',  ( 0.000000000000000000, -0.000000000000000000, 1.000000000000000000 ) ) ;
#3340 = ORIENTED_EDGE ( 'NONE', *, *, #2567, .F. ) ;
#3341 = DIRECTION ( 'NONE',  ( 0.000000000000000000, -0.000000000000000000, -1.000000000000000000 ) ) ;
#3342 = VERTEX_POINT ( 'NONE', #3177 ) ;
#3343 = CIRCLE ( 'NONE', #417, 2.999999999999999112 ) ;
#3344 = CARTESIAN_POINT ( 'NONE',  ( 13.78990089935895647, -40.50179349589403444, -0.7500000000000000000 ) ) ;
#3345 = CC_DESIGN_SECURITY_CLASSIFICATION ( #622, ( #3150 ) ) ;
#3346 = CARTESIAN_POINT ( 'NONE',  ( -13.00000000000000178, 14.89499999999999424, -0.7500000000000000000 ) ) ;
#3347 = AXIS2_PLACEMENT_3D ( 'NONE', #2368, #1701, #2040 ) ;
#3348 = ORIENTED_EDGE ( 'NONE', *, *, #3326, .F. ) ;
#3349 = CIRCLE ( 'NONE', #1273, 1.150000000000002576 ) ;
#3350 = EDGE_LOOP ( 'NONE', ( #1238, #667, #2975, #4003 ) ) ;
#3351 = CIRCLE ( 'NONE', #3218, 2.999999999999999112 ) ;
#3352 = EDGE_CURVE ( 'NONE', #1704, #3885, #2933, .T. ) ;
#3353 = DIRECTION ( 'NONE',  ( 1.000000000000000000, 0.000000000000000000, 0.000000000000000000 ) ) ;
#3354 = CARTESIAN_POINT ( 'NONE',  ( -16.00000000000000000, 14.89499999999999424, -0.7500000000000000000 ) ) ;
#3355 = DIRECTION ( 'NONE',  ( 1.000000000000000000, 0.000000000000000000, 0.000000000000000000 ) ) ;
#3356 = DIRECTION ( 'NONE',  ( -1.000000000000000000, 0.000000000000000000, 0.000000000000000000 ) ) ;
#3357 = ORIENTED_EDGE ( 'NONE', *, *, #1887, .T. ) ;
#3358 = DIRECTION ( 'NONE',  ( 1.000000000000000000, 0.000000000000000000, 0.000000000000000000 ) ) ;
#3359 = DIRECTION ( 'NONE',  ( -0.5000000000000039968, -0.8660254037844363761, 0.000000000000000000 ) ) ;
#3360 = ORIENTED_EDGE ( 'NONE', *, *, #735, .F. ) ;
#3361 = CARTESIAN_POINT ( 'NONE',  ( 17.78929731390971369, -27.41180038044883105, -0.7500000000000000000 ) ) ;
#3362 = ORIENTED_EDGE ( 'NONE', *, *, #3881, .T. ) ;
#3363 = LINE ( 'NONE', #579, #552 ) ;
#3364 = DIRECTION ( 'NONE',  ( 0.000000000000000000, 0.000000000000000000, 1.000000000000000000 ) ) ;
#3365 = EDGE_LOOP ( 'NONE', ( #1437, #2335, #1358, #860 ) ) ;
#3366 = EDGE_LOOP ( 'NONE', ( #2977, #2729, #2853, #2352 ) ) ;
#3367 = AXIS2_PLACEMENT_3D ( 'NONE', #3098, #861, #899 ) ;
#3368 = CARTESIAN_POINT ( 'NONE',  ( -12.63364897028696454, 23.88287390911551356, 0.7500000000000000000 ) ) ;
#3369 = DIRECTION ( 'NONE',  ( 0.000000000000000000, -0.000000000000000000, 1.000000000000000000 ) ) ;
#3370 = AXIS2_PLACEMENT_3D ( 'NONE', #1800, #1493, #3721 ) ;
#3371 = ADVANCED_FACE ( 'NONE', ( #2565 ), #2282, .F. ) ;
#3372 = AXIS2_PLACEMENT_3D ( 'NONE', #10, #3998, #1826 ) ;
#3373 = CARTESIAN_POINT ( 'NONE',  ( 5.000000000000000000, 14.49999999999999822, 0.7500000000000000000 ) ) ;
#3374 = LINE ( 'NONE', #570, #3302 ) ;
#3375 = ORIENTED_EDGE ( 'NONE', *, *, #1468, .F. ) ;
#3376 = VECTOR ( 'NONE', #469, 1000.000000000000000 ) ;
#3377 = DIRECTION ( 'NONE',  ( 0.000000000000000000, 0.000000000000000000, 1.000000000000000000 ) ) ;
#3378 = CARTESIAN_POINT ( 'NONE',  ( 30.34949407128472743, -12.41717371443391826, -0.7500000000000000000 ) ) ;
#3379 = EDGE_LOOP ( 'NONE', ( #1778, #2588 ) ) ;
#3380 = VECTOR ( 'NONE', #1092, 1000.000000000000000 ) ;
#3381 = FACE_OUTER_BOUND ( 'NONE', #1791, .T. ) ;
#3382 = VERTEX_POINT ( 'NONE', #3501 ) ;
#3383 = AXIS2_PLACEMENT_3D ( 'NONE', #208, #1150, #2056 ) ;
#3384 = CIRCLE ( 'NONE', #3582, 1.500000000000001332 ) ;
#3385 = DIRECTION ( 'NONE',  ( 0.000000000000000000, 0.000000000000000000, -1.000000000000000000 ) ) ;
#3386 = CARTESIAN_POINT ( 'NONE',  ( 33.39318069601125671, -19.41717371443391826, -0.7500000000000000000 ) ) ;
#3387 = ORIENTED_EDGE ( 'NONE', *, *, #467, .F. ) ;
#3388 = ORIENTED_EDGE ( 'NONE', *, *, #3335, .F. ) ;
#3389 = EDGE_CURVE ( 'NONE', #2355, #3867, #714, .T. ) ;
#3390 = FACE_OUTER_BOUND ( 'NONE', #757, .T. ) ;
#3391 = EDGE_CURVE ( 'NONE', #3073, #2777, #2869, .T. ) ;
#3392 = DIRECTION ( 'NONE',  ( -1.000000000000000000, 0.000000000000000000, 0.000000000000000000 ) ) ;
#3393 = CARTESIAN_POINT ( 'NONE',  ( 6.500000000000000888, 14.49999999999999822, 0.7500000000000000000 ) ) ;
#3394 = LINE ( 'NONE', #309, #972 ) ;
#3395 = EDGE_LOOP ( 'NONE', ( #2297, #3572, #2514, #1505, #967 ) ) ;
#3396 = ADVANCED_FACE ( 'NONE', ( #2854 ), #1652, .T. ) ;
#3397 = DIRECTION ( 'NONE',  ( 1.000000000000000000, -3.965082230804130614E-15, 0.000000000000000000 ) ) ;
#3398 = DIRECTION ( 'NONE',  ( 1.000000000000000000, 0.000000000000000000, 0.000000000000000000 ) ) ;
#3399 = EDGE_LOOP ( 'NONE', ( #2667, #894, #1973, #3544 ) ) ;
#3400 = DIRECTION ( 'NONE',  ( 0.000000000000000000, 0.000000000000000000, 1.000000000000000000 ) ) ;
#3401 = ORIENTED_EDGE ( 'NONE', *, *, #392, .F. ) ;
#3402 = EDGE_CURVE ( 'NONE', #867, #3074, #2584, .T. ) ;
#3403 = CYLINDRICAL_SURFACE ( 'NONE', #2826, 1.150000000000001688 ) ;
#3404 = DIRECTION ( 'NONE',  ( 0.5000000000000041078, 0.8660254037844362651, 0.000000000000000000 ) ) ;
#3405 = VERTEX_POINT ( 'NONE', #732 ) ;
#3406 = VECTOR ( 'NONE', #2510, 999.9999999999998863 ) ;
#3407 = ORIENTED_EDGE ( 'NONE', *, *, #3555, .T. ) ;
#3408 = AXIS2_PLACEMENT_3D ( 'NONE', #2572, #1009, #3163 ) ;
#3409 = CIRCLE ( 'NONE', #234, 5.000000000000000000 ) ;
#3410 = DIRECTION ( 'NONE',  ( 0.000000000000000000, 1.000000000000000000, 0.000000000000000000 ) ) ;
#3411 = ORIENTED_EDGE ( 'NONE', *, *, #642, .F. ) ;
#3412 = CARTESIAN_POINT ( 'NONE',  ( 21.40712125601415394, 12.30965976810040452, 0.7500000000000000000 ) ) ;
#3413 = EDGE_CURVE ( 'NONE', #121, #1015, #2912, .T. ) ;
#3414 = CIRCLE ( 'NONE', #421, 3.000000000000000888 ) ;
#3415 = AXIS2_PLACEMENT_3D ( 'NONE', #3724, #2484, #3359 ) ;
#3416 = CIRCLE ( 'NONE', #1665, 2.249999999999996891 ) ;
#3417 = DIRECTION ( 'NONE',  ( 0.2229109322296606022, 0.9748388155446537917, 0.000000000000000000 ) ) ;
#3418 = LINE ( 'NONE', #3116, #1686 ) ;
#3419 = ORIENTED_EDGE ( 'NONE', *, *, #3183, .F. ) ;
#3420 = DIRECTION ( 'NONE',  ( 1.000000000000000000, 0.000000000000000000, 0.000000000000000000 ) ) ;
#3421 = CYLINDRICAL_SURFACE ( 'NONE', #423, 6.999999999999999112 ) ;
#3422 = ORIENTED_EDGE ( 'NONE', *, *, #224, .F. ) ;
#3423 = CARTESIAN_POINT ( 'NONE',  ( 25.21318069601125700, -19.41717371443391826, -0.7500000000000000000 ) ) ;
#3424 = VERTEX_POINT ( 'NONE', #2226 ) ;
#3425 = DIRECTION ( 'NONE',  ( -0.000000000000000000, -0.000000000000000000, 1.000000000000000000 ) ) ;
#3426 = CARTESIAN_POINT ( 'NONE',  ( -24.50000000000001421, -34.35072594216364905, -0.7500000000000000000 ) ) ;
#3427 = EDGE_LOOP ( 'NONE', ( #3126, #3761, #2109, #446, #3688, #434, #1709, #2836 ) ) ;
#3428 = DIRECTION ( 'NONE',  ( 9.693900396629265422E-17, -1.000000000000000000, 0.000000000000000000 ) ) ;
#3429 = EDGE_CURVE ( 'NONE', #625, #3468, #1751, .T. ) ;
#3430 = ORIENTED_EDGE ( 'NONE', *, *, #3085, .T. ) ;
#3431 = CARTESIAN_POINT ( 'NONE',  ( -12.99999999999999645, -17.89500000000000668, 0.7500000000000000000 ) ) ;
#3432 = CIRCLE ( 'NONE', #1813, 2.999999999999999112 ) ;
#3433 = LINE ( 'NONE', #350, #3316 ) ;
#3434 = DIRECTION ( 'NONE',  ( 0.7311563583386275766, 0.6822099234553806735, 0.000000000000000000 ) ) ;
#3435 = ORIENTED_EDGE ( 'NONE', *, *, #997, .F. ) ;
#3436 = DIRECTION ( 'NONE',  ( 0.000000000000000000, -0.000000000000000000, 1.000000000000000000 ) ) ;
#3437 = CARTESIAN_POINT ( 'NONE',  ( -0.9959292143521096818, -0.5749999999999907407, -0.7500000000000000000 ) ) ;
#3438 = EDGE_LOOP ( 'NONE', ( #577, #352, #1086, #4026 ) ) ;
#3439 = CARTESIAN_POINT ( 'NONE',  ( -13.00000000000000178, 17.89499999999999602, 0.7500000000000000000 ) ) ;
#3440 = ORIENTED_EDGE ( 'NONE', *, *, #2617, .T. ) ;
#3441 = AXIS2_PLACEMENT_3D ( 'NONE', #2333, #790, #460 ) ;
#3442 = DIRECTION ( 'NONE',  ( -1.000000000000000000, 0.000000000000000000, 0.000000000000000000 ) ) ;
#3443 = AXIS2_PLACEMENT_3D ( 'NONE', #453, #1889, #2194 ) ;
#3444 = FACE_OUTER_BOUND ( 'NONE', #2159, .T. ) ;
#3445 = ORIENTED_EDGE ( 'NONE', *, *, #937, .T. ) ;
#3446 = AXIS2_PLACEMENT_3D ( 'NONE', #2478, #531, #288 ) ;
#3447 = EDGE_CURVE ( 'NONE', #115, #1967, #379, .T. ) ;
#3448 = VECTOR ( 'NONE', #2928, 1000.000000000000000 ) ;
#3449 = DIRECTION ( 'NONE',  ( 0.000000000000000000, -0.000000000000000000, 1.000000000000000000 ) ) ;
#3450 = EDGE_CURVE ( 'NONE', #3550, #1351, #2647, .T. ) ;
#3451 = EDGE_LOOP ( 'NONE', ( #3900, #3169, #177, #2376 ) ) ;
#3452 = DIRECTION ( 'NONE',  ( -0.4999999999999920064, 0.8660254037844432595, 0.000000000000000000 ) ) ;
#3453 = CARTESIAN_POINT ( 'NONE',  ( -28.00000000000000355, 32.33000000000004093, -0.7500000000000000000 ) ) ;
#3454 = DIRECTION ( 'NONE',  ( -0.000000000000000000, -0.000000000000000000, -1.000000000000000000 ) ) ;
#3455 = CARTESIAN_POINT ( 'NONE',  ( 5.000000000000000000, 14.49999999999999822, 0.7500000000000000000 ) ) ;
#3456 = EDGE_CURVE ( 'NONE', #1157, #4021, #3015, .T. ) ;
#3457 = CARTESIAN_POINT ( 'NONE',  ( -20.07092921435225819, -32.46386915437624765, -0.7500000000000000000 ) ) ;
#3458 = CARTESIAN_POINT ( 'NONE',  ( 24.40712125601416105, -12.30965976810040807, 0.7500000000000000000 ) ) ;
#3459 = VERTEX_POINT ( 'NONE', #142 ) ;
#3460 = CARTESIAN_POINT ( 'NONE',  ( 5.000000000000000000, 14.49999999999999822, 0.4499999999999983458 ) ) ;
#3461 = EDGE_LOOP ( 'NONE', ( #542, #152, #3807, #2718 ) ) ;
#3462 = EDGE_CURVE ( 'NONE', #1676, #1182, #320, .T. ) ;
#3463 = EDGE_CURVE ( 'NONE', #1937, #719, #2455, .T. ) ;
#3464 = EDGE_CURVE ( 'NONE', #2939, #911, #3564, .T. ) ;
#3465 = EDGE_CURVE ( 'NONE', #496, #2948, #3952, .T. ) ;
#3466 = DIRECTION ( 'NONE',  ( 1.000000000000000000, 0.000000000000000000, 0.000000000000000000 ) ) ;
#3467 = CARTESIAN_POINT ( 'NONE',  ( -24.46271486164729936, 34.37225252682841870, 0.4500000000000001221 ) ) ;
#3468 = VERTEX_POINT ( 'NONE', #3312 ) ;
#3469 = DATE_AND_TIME ( #2268, #3675 ) ;
#3470 = DIRECTION ( 'NONE',  ( 0.5000000000000039968, 0.8660254037844363761, 0.000000000000000000 ) ) ;
#3471 = ORIENTED_EDGE ( 'NONE', *, *, #953, .F. ) ;
#3472 = VECTOR ( 'NONE', #709, 1000.000000000000000 ) ;
#3473 = AXIS2_PLACEMENT_3D ( 'NONE', #1845, #2166, #2128 ) ;
#3474 = AXIS2_PLACEMENT_3D ( 'NONE', #3598, #2620, #815 ) ;
#3475 = PLANE ( 'NONE',  #3072 ) ;
#3476 = AXIS2_PLACEMENT_3D ( 'NONE', #3125, #1218, #3071 ) ;
#3477 = CARTESIAN_POINT ( 'NONE',  ( 25.24173424152225564, 14.12507797098720275, 0.7500000000000000000 ) ) ;
#3478 = ORIENTED_EDGE ( 'NONE', *, *, #3049, .F. ) ;
#3479 = CIRCLE ( 'NONE', #4002, 6.999999999999999112 ) ;
#3480 = DIRECTION ( 'NONE',  ( 0.000000000000000000, 0.000000000000000000, 1.000000000000000000 ) ) ;
#3481 = CARTESIAN_POINT ( 'NONE',  ( -14.36635103553100379, -22.88249790532145767, 0.4500000000000000666 ) ) ;
#3482 = VERTEX_POINT ( 'NONE', #2955 ) ;
#3483 = EDGE_CURVE ( 'NONE', #478, #1841, #447, .T. ) ;
#3484 = LINE ( 'NONE', #1675, #3906 ) ;
#3485 = ORIENTED_EDGE ( 'NONE', *, *, #2332, .T. ) ;
#3486 = DIRECTION ( 'NONE',  ( -0.8660254037844398178, -0.4999999999999979461, 0.000000000000000000 ) ) ;
#3487 = DIRECTION ( 'NONE',  ( -0.000000000000000000, -0.000000000000000000, 1.000000000000000000 ) ) ;
#3488 = ORIENTED_EDGE ( 'NONE', *, *, #1784, .F. ) ;
#3489 = PERSON_AND_ORGANIZATION_ROLE ( 'classification_officer' ) ;
#3490 = DIRECTION ( 'NONE',  ( -1.000000000000000000, 0.000000000000000000, 0.000000000000000000 ) ) ;
#3491 = ORIENTED_EDGE ( 'NONE', *, *, #2390, .T. ) ;
#3492 = DIRECTION ( 'NONE',  ( -1.000000000000000000, -5.365677315115394492E-17, 0.000000000000000000 ) ) ;
#3493 = CARTESIAN_POINT ( 'NONE',  ( 21.40712125601415394, 12.30965976810040452, -0.7500000000000000000 ) ) ;
#3494 = VERTEX_POINT ( 'NONE', #2976 ) ;
#3495 = EDGE_CURVE ( 'NONE', #1820, #1745, #1171, .T. ) ;
#3496 = AXIS2_PLACEMENT_3D ( 'NONE', #47, #2893, #104 ) ;
#3497 = DIRECTION ( 'NONE',  ( 0.2229109322296606022, 0.9748388155446537917, 0.000000000000000000 ) ) ;
#3498 = DIRECTION ( 'NONE',  ( -1.000000000000000000, 0.000000000000000000, 0.000000000000000000 ) ) ;
#3499 = ORIENTED_EDGE ( 'NONE', *, *, #2797, .F. ) ;
#3500 = EDGE_CURVE ( 'NONE', #1937, #2821, #2691, .T. ) ;
#3501 = CARTESIAN_POINT ( 'NONE',  ( -18.07907078564758407, 33.61386915437650202, -0.7500000000000000000 ) ) ;
#3502 = ADVANCED_FACE ( 'NONE', ( #2938 ), #841, .F. ) ;
#3503 = ORIENTED_EDGE ( 'NONE', *, *, #3057, .T. ) ;
#3504 = VECTOR ( 'NONE', #2517, 1000.000000000000000 ) ;
#3505 = DIRECTION ( 'NONE',  ( 0.000000000000000000, 0.000000000000000000, 1.000000000000000000 ) ) ;
#3506 = DIRECTION ( 'NONE',  ( 0.4999999999999919509, -0.8660254037844432595, 0.000000000000000000 ) ) ;
#3507 = AXIS2_PLACEMENT_3D ( 'NONE', #1808, #956, #3107 ) ;
#3508 = VERTEX_POINT ( 'NONE', #3886 ) ;
#3509 = AXIS2_PLACEMENT_3D ( 'NONE', #2170, #627, #1831 ) ;
#3510 = DATE_AND_TIME ( #3184, #553 ) ;
#3511 = CARTESIAN_POINT ( 'NONE',  ( 0.000000000000000000, 0.000000000000000000, 0.4500000000000000666 ) ) ;
#3512 = CIRCLE ( 'NONE', #1441, 2.999999999999999112 ) ;
#3513 = ORIENTED_EDGE ( 'NONE', *, *, #810, .F. ) ;
#3514 = AXIS2_PLACEMENT_3D ( 'NONE', #1978, #737, #3221 ) ;
#3515 = PRODUCT_RELATED_PRODUCT_CATEGORY ( 'detail', '', ( #3733 ) ) ;
#3516 = CIRCLE ( 'NONE', #2, 7.000000000000000000 ) ;
#3517 = EDGE_CURVE ( 'NONE', #1743, #2982, #1106, .T. ) ;
#3518 = DIRECTION ( 'NONE',  ( 0.000000000000000000, 0.000000000000000000, 1.000000000000000000 ) ) ;
#3519 = DIRECTION ( 'NONE',  ( -1.000000000000000000, 5.337610695313251508E-17, 0.000000000000000000 ) ) ;
#3520 = CARTESIAN_POINT ( 'NONE',  ( 5.500000000000001776, -34.00000000000000000, 0.4499999999999983458 ) ) ;
#3521 = CARTESIAN_POINT ( 'NONE',  ( 32.87728979529173046, 19.34592599182580486, -0.7500000000000000000 ) ) ;
#3522 = LINE ( 'NONE', #1918, #3738 ) ;
#3523 = VERTEX_POINT ( 'NONE', #1409 ) ;
#3524 = EDGE_CURVE ( 'NONE', #318, #2107, #3910, .T. ) ;
#3525 = DIRECTION ( 'NONE',  ( 0.000000000000000000, 0.000000000000000000, 1.000000000000000000 ) ) ;
#3526 = ORIENTED_EDGE ( 'NONE', *, *, #3012, .F. ) ;
#3527 = EDGE_CURVE ( 'NONE', #216, #3459, #2208, .T. ) ;
#3528 = LINE ( 'NONE', #1596, #3732 ) ;
#3529 = PLANE ( 'NONE',  #1399 ) ;
#3530 = DIRECTION ( 'NONE',  ( -0.5000000000000039968, -0.8660254037844363761, 0.000000000000000000 ) ) ;
#3531 = EDGE_LOOP ( 'NONE', ( #3258, #3553 ) ) ;
#3532 = DIRECTION ( 'NONE',  ( 0.000000000000000000, -0.9999999999999998890, -0.000000000000000000 ) ) ;
#3533 = FACE_OUTER_BOUND ( 'NONE', #3636, .T. ) ;
#3534 = ORIENTED_EDGE ( 'NONE', *, *, #3555, .F. ) ;
#3535 = CIRCLE ( 'NONE', #483, 2.249999999999995115 ) ;
#3536 = FACE_OUTER_BOUND ( 'NONE', #3972, .T. ) ;
#3537 = DIRECTION ( 'NONE',  ( 0.000000000000000000, 0.000000000000000000, 1.000000000000000000 ) ) ;
#3538 = ORIENTED_EDGE ( 'NONE', *, *, #456, .T. ) ;
#3539 = VECTOR ( 'NONE', #970, 1000.000000000000000 ) ;
#3540 = AXIS2_PLACEMENT_3D ( 'NONE', #2715, #3019, #2979 ) ;
#3541 = DIRECTION ( 'NONE',  ( 0.000000000000000000, 0.000000000000000000, 1.000000000000000000 ) ) ;
#3542 = AXIS2_PLACEMENT_3D ( 'NONE', #2673, #1994, #3566 ) ;
#3543 = FACE_OUTER_BOUND ( 'NONE', #3222, .T. ) ;
#3544 = ORIENTED_EDGE ( 'NONE', *, *, #2258, .F. ) ;
#3545 = DIRECTION ( 'NONE',  ( -0.000000000000000000, 0.000000000000000000, -1.000000000000000000 ) ) ;
#3546 = VERTEX_POINT ( 'NONE', #1779 ) ;
#3547 = DIRECTION ( 'NONE',  ( 0.5000000000000036637, 0.8660254037844363761, 0.000000000000000000 ) ) ;
#3548 = DIRECTION ( 'NONE',  ( 0.000000000000000000, 0.000000000000000000, -1.000000000000000000 ) ) ;
#3549 = LINE ( 'NONE', #1436, #856 ) ;
#3550 = VERTEX_POINT ( 'NONE', #2325 ) ;
#3551 = LINE ( 'NONE', #2372, #3931 ) ;
#3552 = CARTESIAN_POINT ( 'NONE',  ( -19.00000000000000355, 14.89499999999999424, -0.7500000000000000000 ) ) ;
#3553 = ORIENTED_EDGE ( 'NONE', *, *, #2127, .T. ) ;
#3554 = ORIENTED_EDGE ( 'NONE', *, *, #3921, .T. ) ;
#3555 = EDGE_CURVE ( 'NONE', #373, #1415, #802, .T. ) ;
#3556 = DIRECTION ( 'NONE',  ( 1.000000000000000000, -6.938893903907229167E-15, 0.000000000000000000 ) ) ;
#3557 = CARTESIAN_POINT ( 'NONE',  ( -14.13437259108304467, -26.48053233780744264, 0.7500000000000000000 ) ) ;
#3558 = DIRECTION ( 'NONE',  ( -0.000000000000000000, 0.000000000000000000, -1.000000000000000000 ) ) ;
#3559 = CARTESIAN_POINT ( 'NONE',  ( -19.00000000000000000, -14.89500000000000846, -0.7500000000000000000 ) ) ;
#3560 = CARTESIAN_POINT ( 'NONE',  ( -24.49999999999999289, 34.35072594216372011, -0.7500000000000000000 ) ) ;
#3561 = ORIENTED_EDGE ( 'NONE', *, *, #506, .T. ) ;
#3562 = CARTESIAN_POINT ( 'NONE',  ( -16.92907078564760326, 31.62201072567227911, -0.7500000000000000000 ) ) ;
#3563 = EDGE_LOOP ( 'NONE', ( #1909, #1410, #1393, #2162 ) ) ;
#3564 = CIRCLE ( 'NONE', #3237, 6.999999999999999112 ) ;
#3565 = CC_DESIGN_DATE_AND_TIME_ASSIGNMENT ( #3510, #722, ( #622 ) ) ;
#3566 = DIRECTION ( 'NONE',  ( -0.8911378333703934285, 0.4537326987731002959, 0.000000000000000000 ) ) ;
#3567 = EDGE_CURVE ( 'NONE', #1780, #2677, #779, .T. ) ;
#3568 = CARTESIAN_POINT ( 'NONE',  ( -18.92092921435181907, 30.47201072567229829, 0.4500000000000000666 ) ) ;
#3569 = ORIENTED_EDGE ( 'NONE', *, *, #2611, .F. ) ;
#3570 = VECTOR ( 'NONE', #3207, 1000.000000000000000 ) ;
#3571 = DIRECTION ( 'NONE',  ( -1.000000000000000000, 0.000000000000000000, 0.000000000000000000 ) ) ;
#3572 = ORIENTED_EDGE ( 'NONE', *, *, #1066, .T. ) ;
#3573 = AXIS2_PLACEMENT_3D ( 'NONE', #1180, #3918, #2106 ) ;
#3574 = CARTESIAN_POINT ( 'NONE',  ( -15.86562741473493077, 25.48099189933618547, 0.4500000000000000666 ) ) ;
#3575 = FACE_OUTER_BOUND ( 'NONE', #1837, .T. ) ;
#3576 = VERTEX_POINT ( 'NONE', #1739 ) ;
#3577 = VERTEX_POINT ( 'NONE', #3603 ) ;
#3578 = EDGE_CURVE ( 'NONE', #3172, #471, #2058, .T. ) ;
#3579 = DIRECTION ( 'NONE',  ( 0.4999999999999920619, -0.8660254037844432595, 0.000000000000000000 ) ) ;
#3580 = CARTESIAN_POINT ( 'NONE',  ( 27.00000000581808735, 0.9995404384714433599, 0.4500000000000000666 ) ) ;
#3581 = DIRECTION ( 'NONE',  ( 0.000000000000000000, 0.000000000000000000, -1.000000000000000000 ) ) ;
#3582 = AXIS2_PLACEMENT_3D ( 'NONE', #1199, #3726, #3041 ) ;
#3583 = DIRECTION ( 'NONE',  ( 0.000000000000000000, 0.000000000000000000, 1.000000000000000000 ) ) ;
#3584 = DIRECTION ( 'NONE',  ( -1.000000000000000000, 0.000000000000000000, 0.000000000000000000 ) ) ;
#3585 = ORIENTED_EDGE ( 'NONE', *, *, #1784, .T. ) ;
#3586 = CARTESIAN_POINT ( 'NONE',  ( 35.00000000000000000, 7.428946878701225387, -0.7500000000000000000 ) ) ;
#3587 = VERTEX_POINT ( 'NONE', #2441 ) ;
#3588 = EDGE_CURVE ( 'NONE', #2355, #3550, #3394, .T. ) ;
#3589 = LINE ( 'NONE', #2649, #2832 ) ;
#3590 = CARTESIAN_POINT ( 'NONE',  ( 12.99999999999999822, 18.49999999999999645, -0.7500000000000000000 ) ) ;
#3591 = ORIENTED_EDGE ( 'NONE', *, *, #3517, .F. ) ;
#3592 = CARTESIAN_POINT ( 'NONE',  ( -20.07092921435225819, -32.46386915437624765, 0.4500000000000001221 ) ) ;
#3593 = ORIENTED_EDGE ( 'NONE', *, *, #2443, .F. ) ;
#3594 = DIRECTION ( 'NONE',  ( 0.000000000000000000, -0.000000000000000000, 1.000000000000000000 ) ) ;
#3595 = CARTESIAN_POINT ( 'NONE',  ( -22.00000000000000355, 14.89499999999999424, -0.7500000000000000000 ) ) ;
#3596 = VERTEX_POINT ( 'NONE', #1209 ) ;
#3597 = CARTESIAN_POINT ( 'NONE',  ( -1.750000000000005107, -34.00000000000000000, 0.4499999999999983458 ) ) ;
#3598 = CARTESIAN_POINT ( 'NONE',  ( -5.000000000000000000, 14.49999999999999822, 0.7500000000000000000 ) ) ;
#3599 = PLANE ( 'NONE',  #812 ) ;
#3600 = AXIS2_PLACEMENT_3D ( 'NONE', #175, #2984, #1072 ) ;
#3601 = LINE ( 'NONE', #800, #461 ) ;
#3602 = EDGE_LOOP ( 'NONE', ( #3280, #3135, #2988, #1328 ) ) ;
#3603 = CARTESIAN_POINT ( 'NONE',  ( 1.750000000000005107, -34.00000000000000000, 0.4499999999999983458 ) ) ;
#3604 = ORIENTED_EDGE ( 'NONE', *, *, #3031, .F. ) ;
#3605 = CIRCLE ( 'NONE', #1857, 5.000000000000000000 ) ;
#3606 = CARTESIAN_POINT ( 'NONE',  ( -0.9959292143521020213, 0.5750000000000047296, 0.4500000000000000666 ) ) ;
#3607 = EDGE_CURVE ( 'NONE', #823, #3304, #3959, .T. ) ;
#3608 = CARTESIAN_POINT ( 'NONE',  ( 24.23213685021159947, 11.30006237678975189, -0.7500000000000000000 ) ) ;
#3609 = ORIENTED_EDGE ( 'NONE', *, *, #2611, .T. ) ;
#3610 = FACE_BOUND ( 'NONE', #2553, .T. ) ;
#3611 = ORIENTED_EDGE ( 'NONE', *, *, #881, .F. ) ;
#3612 = CIRCLE ( 'NONE', #3939, 2.249999999999995115 ) ;
#3613 = CIRCLE ( 'NONE', #2503, 1.500000000000001332 ) ;
#3614 = AXIS2_PLACEMENT_3D ( 'NONE', #711, #1953, #330 ) ;
#3615 = DIRECTION ( 'NONE',  ( 0.000000000000000000, 0.000000000000000000, 1.000000000000000000 ) ) ;
#3616 = DIRECTION ( 'NONE',  ( 0.5000241205104463127, 0.8660114773533631460, 0.000000000000000000 ) ) ;
#3617 = ORIENTED_EDGE ( 'NONE', *, *, #137, .F. ) ;
#3618 = CARTESIAN_POINT ( 'NONE',  ( 35.85000000000000142, 1.149999999999999911, 0.4500000000000000666 ) ) ;
#3619 = DIRECTION ( 'NONE',  ( 0.000000000000000000, 0.000000000000000000, 1.000000000000000000 ) ) ;
#3620 = FACE_BOUND ( 'NONE', #2241, .T. ) ;
#3621 = EDGE_LOOP ( 'NONE', ( #2880, #3435, #3569, #295 ) ) ;
#3622 = CARTESIAN_POINT ( 'NONE',  ( 29.70116090388003371, 13.10796115823305108, 0.7500000000000000000 ) ) ;
#3623 = VERTEX_POINT ( 'NONE', #2789 ) ;
#3624 = ADVANCED_FACE ( 'NONE', ( #249 ), #4025, .F. ) ;
#3625 = PLANE ( 'NONE',  #3542 ) ;
#3626 = EDGE_CURVE ( 'NONE', #2658, #3711, #1489, .T. ) ;
#3627 = EDGE_CURVE ( 'NONE', #2911, #373, #3432, .T. ) ;
#3628 = DIRECTION ( 'NONE',  ( 0.000000000000000000, 0.000000000000000000, 1.000000000000000000 ) ) ;
#3629 = ORIENTED_EDGE ( 'NONE', *, *, #1192, .F. ) ;
#3630 = DIRECTION ( 'NONE',  ( 1.000000000000000000, 0.000000000000000000, -0.000000000000000000 ) ) ;
#3631 = ORIENTED_EDGE ( 'NONE', *, *, #753, .F. ) ;
#3632 = LINE ( 'NONE', #1789, #2884 ) ;
#3633 = AXIS2_PLACEMENT_3D ( 'NONE', #3970, #2423, #270 ) ;
#3634 = CYLINDRICAL_SURFACE ( 'NONE', #3441, 5.000000000000000000 ) ;
#3635 = ORIENTED_EDGE ( 'NONE', *, *, #3391, .T. ) ;
#3636 = EDGE_LOOP ( 'NONE', ( #613, #1120, #3485, #3165, #831, #2980 ) ) ;
#3637 = DIRECTION ( 'NONE',  ( -0.000000000000000000, -0.000000000000000000, -1.000000000000000000 ) ) ;
#3638 = CIRCLE ( 'NONE', #2406, 5.000000000000000000 ) ;
#3639 = EDGE_CURVE ( 'NONE', #3508, #2151, #1999, .T. ) ;
#3640 = EDGE_CURVE ( 'NONE', #3022, #1430, #1815, .T. ) ;
#3641 = EDGE_CURVE ( 'NONE', #2531, #2120, #3374, .T. ) ;
#3642 = EDGE_CURVE ( 'NONE', #3459, #1053, #1195, .T. ) ;
#3643 = AXIS2_PLACEMENT_3D ( 'NONE', #477, #2330, #3571 ) ;
#3644 = CARTESIAN_POINT ( 'NONE',  ( -12.63364897028697342, 23.88287390911550645, 0.4500000000000000666 ) ) ;
#3645 = ORIENTED_EDGE ( 'NONE', *, *, #2684, .T. ) ;
#3646 = DIRECTION ( 'NONE',  ( 0.000000000000000000, 0.000000000000000000, 1.000000000000000000 ) ) ;
#3647 = VECTOR ( 'NONE', #1955, 1000.000000000000000 ) ;
#3648 = EDGE_LOOP ( 'NONE', ( #3178, #516, #223, #2041 ) ) ;
#3649 = AXIS2_PLACEMENT_3D ( 'NONE', #2072, #3985, #1775 ) ;
#3650 = VECTOR ( 'NONE', #3417, 1000.000000000000227 ) ;
#3651 = DIRECTION ( 'NONE',  ( -0.000000000000000000, 0.000000000000000000, -1.000000000000000000 ) ) ;
#3652 = CYLINDRICAL_SURFACE ( 'NONE', #1662, 5.000000000000000000 ) ;
#3653 = ORIENTED_EDGE ( 'NONE', *, *, #150, .T. ) ;
#3654 = FACE_BOUND ( 'NONE', #3531, .T. ) ;
#3655 = ORIENTED_EDGE ( 'NONE', *, *, #222, .F. ) ;
#3656 = EDGE_CURVE ( 'NONE', #42, #1375, #1942, .T. ) ;
#3657 = EDGE_CURVE ( 'NONE', #1375, #3298, #3418, .T. ) ;
#3658 = PLANE ( 'NONE',  #2044 ) ;
#3659 = CYLINDRICAL_SURFACE ( 'NONE', #3573, 2.249999999999995115 ) ;
#3660 = ORIENTED_EDGE ( 'NONE', *, *, #2857, .F. ) ;
#3661 = ORIENTED_EDGE ( 'NONE', *, *, #1851, .F. ) ;
#3662 = DIRECTION ( 'NONE',  ( -1.000000000000000000, 0.000000000000000000, 0.000000000000000000 ) ) ;
#3663 = PLANE ( 'NONE',  #3649 ) ;
#3664 = COORDINATED_UNIVERSAL_TIME_OFFSET ( 1, 0, .AHEAD. ) ;
#3665 = LINE ( 'NONE', #2137, #720 ) ;
#3666 = DIRECTION ( 'NONE',  ( 0.000000000000000000, 0.000000000000000000, -1.000000000000000000 ) ) ;
#3667 = EDGE_LOOP ( 'NONE', ( #2831, #1570, #3773, #3282 ) ) ;
#3668 = DIRECTION ( 'NONE',  ( 0.000000000000000000, -0.000000000000000000, 1.000000000000000000 ) ) ;
#3669 = DIRECTION ( 'NONE',  ( -0.000000000000000000, -0.000000000000000000, 1.000000000000000000 ) ) ;
#3670 = ORIENTED_EDGE ( 'NONE', *, *, #1532, .T. ) ;
#3671 = DIRECTION ( 'NONE',  ( 1.000000000000000000, -1.734723475976807686E-15, 0.000000000000000000 ) ) ;
#3672 = ORIENTED_EDGE ( 'NONE', *, *, #3465, .T. ) ;
#3673 = VECTOR ( 'NONE', #2964, 1000.000000000000000 ) ;
#3674 = DIRECTION ( 'NONE',  ( -0.8660254037844433705, -0.4999999999999918399, 0.000000000000000000 ) ) ;
#3675 = LOCAL_TIME ( 12, 50, 22.00000000000000000, #3775 ) ;
#3676 = CARTESIAN_POINT ( 'NONE',  ( -15.25000000000012434, -26.41377481542531314, 0.4500000000000000666 ) ) ;
#3677 = AXIS2_PLACEMENT_3D ( 'NONE', #1977, #1679, #1047 ) ;
#3678 = ORIENTED_EDGE ( 'NONE', *, *, #1603, .F. ) ;
#3679 = AXIS2_PLACEMENT_3D ( 'NONE', #2713, #3668, #311 ) ;
#3680 = ORIENTED_EDGE ( 'NONE', *, *, #2443, .T. ) ;
#3681 = FACE_OUTER_BOUND ( 'NONE', #425, .T. ) ;
#3682 = CARTESIAN_POINT ( 'NONE',  ( 13.00627683797621970, -41.32533172380630759, -0.7500000000000000000 ) ) ;
#3683 = DIRECTION ( 'NONE',  ( -0.000000000000000000, -0.000000000000000000, 1.000000000000000000 ) ) ;
#3684 = CARTESIAN_POINT ( 'NONE',  ( -15.99999999999999645, -14.89500000000000490, -0.7500000000000000000 ) ) ;
#3685 = VERTEX_POINT ( 'NONE', #328 ) ;
#3686 = DIRECTION ( 'NONE',  ( -1.000000000000000000, 0.000000000000000000, 0.000000000000000000 ) ) ;
#3687 = FACE_OUTER_BOUND ( 'NONE', #2646, .T. ) ;
#3688 = ORIENTED_EDGE ( 'NONE', *, *, #1233, .T. ) ;
#3689 = LINE ( 'NONE', #1539, #398 ) ;
#3690 = ORIENTED_EDGE ( 'NONE', *, *, #285, .T. ) ;
#3691 = EDGE_CURVE ( 'NONE', #3781, #248, #3036, .T. ) ;
#3692 = EDGE_CURVE ( 'NONE', #930, #81, #3333, .T. ) ;
#3693 = DIRECTION ( 'NONE',  ( 0.9416718647324806568, -0.3365324637702175048, 0.000000000000000000 ) ) ;
#3694 = CARTESIAN_POINT ( 'NONE',  ( 30.00000000581808735, 0.9995404384714641211, 0.4500000000000000666 ) ) ;
#3695 = ORIENTED_EDGE ( 'NONE', *, *, #1248, .F. ) ;
#3696 = VERTEX_POINT ( 'NONE', #2457 ) ;
#3697 = CIRCLE ( 'NONE', #2656, 2.999999999999999112 ) ;
#3698 = CARTESIAN_POINT ( 'NONE',  ( -6.777348132437800210, -43.50000000000000711, 0.7500000000000000000 ) ) ;
#3699 = DIRECTION ( 'NONE',  ( 0.000000000000000000, -0.000000000000000000, 1.000000000000000000 ) ) ;
#3700 = VECTOR ( 'NONE', #3454, 1000.000000000000000 ) ;
#3701 = EDGE_CURVE ( 'NONE', #221, #1289, #3697, .T. ) ;
#3702 = DIRECTION ( 'NONE',  ( -1.000000000000000000, 0.000000000000000000, 0.000000000000000000 ) ) ;
#3703 = EDGE_CURVE ( 'NONE', #2882, #852, #3988, .T. ) ;
#3704 = CARTESIAN_POINT ( 'NONE',  ( 15.99999999999999645, 14.24204397361948082, -0.7500000000000000000 ) ) ;
#3705 = ORIENTED_EDGE ( 'NONE', *, *, #3626, .F. ) ;
#3706 = AXIS2_PLACEMENT_3D ( 'NONE', #138, #3883, #2622 ) ;
#3707 = LINE ( 'NONE', #886, #2769 ) ;
#3708 = CARTESIAN_POINT ( 'NONE',  ( -28.00000000000000355, 32.33000000000004093, 0.7500000000000000000 ) ) ;
#3709 = ORIENTED_EDGE ( 'NONE', *, *, #2983, .T. ) ;
#3710 = CARTESIAN_POINT ( 'NONE',  ( 24.40712125601415394, 12.30965976810040452, -0.7500000000000000000 ) ) ;
#3711 = VERTEX_POINT ( 'NONE', #1836 ) ;
#3712 = DIRECTION ( 'NONE',  ( -1.000000000000000000, 0.000000000000000000, 0.000000000000000000 ) ) ;
#3713 = EDGE_CURVE ( 'NONE', #1765, #3242, #2726, .T. ) ;
#3714 = PLANE ( 'NONE',  #2146 ) ;
#3715 = VERTEX_POINT ( 'NONE', #2728 ) ;
#3716 = ORIENTED_EDGE ( 'NONE', *, *, #3413, .T. ) ;
#3717 = DIRECTION ( 'NONE',  ( -0.000000000000000000, -0.000000000000000000, 1.000000000000000000 ) ) ;
#3718 = EDGE_LOOP ( 'NONE', ( #3845, #1916, #1340, #1175 ) ) ;
#3719 = LINE ( 'NONE', #3431, #3838 ) ;
#3720 = LINE ( 'NONE', #877, #2672 ) ;
#3721 = DIRECTION ( 'NONE',  ( 1.000000000000000000, 0.000000000000000000, 0.000000000000000000 ) ) ;
#3722 = ORIENTED_EDGE ( 'NONE', *, *, #3762, .F. ) ;
#3723 = CARTESIAN_POINT ( 'NONE',  ( 9.501902384482358244, 39.10288945524936111, 0.7500000000000000000 ) ) ;
#3724 = CARTESIAN_POINT ( 'NONE',  ( 0.9959292143521020213, -0.5750000000000047296, -0.7500000000000000000 ) ) ;
#3725 = VERTEX_POINT ( 'NONE', #2404 ) ;
#3726 = DIRECTION ( 'NONE',  ( 0.000000000000000000, 0.000000000000000000, 1.000000000000000000 ) ) ;
#3727 = ORIENTED_EDGE ( 'NONE', *, *, #1748, .F. ) ;
#3728 = EDGE_CURVE ( 'NONE', #3328, #115, #1529, .T. ) ;
#3729 = DIRECTION ( 'NONE',  ( 0.000000000000000000, 0.000000000000000000, 1.000000000000000000 ) ) ;
#3730 = CARTESIAN_POINT ( 'NONE',  ( -15.99999999999999645, -17.89500000000000668, -0.7500000000000000000 ) ) ;
#3731 = ORIENTED_EDGE ( 'NONE', *, *, #3627, .F. ) ;
#3732 = VECTOR ( 'NONE', #1331, 1000.000000000000000 ) ;
#3733 = PRODUCT ( 'PEN-M', 'PEN-M', '', ( #3834 ) ) ;
#3734 = VECTOR ( 'NONE', #2018, 1000.000000000000000 ) ;
#3735 = DIRECTION ( 'NONE',  ( 1.000000000000000000, 0.000000000000000000, 0.000000000000000000 ) ) ;
#3736 = EDGE_LOOP ( 'NONE', ( #388, #1843, #900, #787, #770, #490, #3245, #3538, #2892, #3186, #1219, #652, #2591 ) ) ;
#3737 = FACE_BOUND ( 'NONE', #1454, .T. ) ;
#3738 = VECTOR ( 'NONE', #2815, 1000.000000000000000 ) ;
#3739 = CARTESIAN_POINT ( 'NONE',  ( -11.53557275893361123, 27.98095012046884023, 0.4500000000000000666 ) ) ;
#3740 = LINE ( 'NONE', #1950, #2660 ) ;
#3741 = ORIENTED_EDGE ( 'NONE', *, *, #3326, .T. ) ;
#3742 = CARTESIAN_POINT ( 'NONE',  ( -10.27734813243774781, 42.56217782649108017, 0.7500000000000000000 ) ) ;
#3743 = CARTESIAN_POINT ( 'NONE',  ( 0.000000000000000000, -1.149999999999999911, 0.4500000000000000666 ) ) ;
#3744 = ORIENTED_EDGE ( 'NONE', *, *, #19, .F. ) ;
#3745 = CARTESIAN_POINT ( 'NONE',  ( -10.00000000000000000, 3.500000000000000000, -0.7500000000000000000 ) ) ;
#3746 = ORIENTED_EDGE ( 'NONE', *, *, #3795, .F. ) ;
#3747 = EDGE_CURVE ( 'NONE', #3725, #473, #2176, .T. ) ;
#3748 = ADVANCED_FACE ( 'NONE', ( #1322 ), #3800, .T. ) ;
#3749 = CARTESIAN_POINT ( 'NONE',  ( -24.46271486164730291, 34.37225252682841870, -0.7500000000000000000 ) ) ;
#3750 = CARTESIAN_POINT ( 'NONE',  ( -5.000000000000000000, 14.49999999999999822, 0.4499999999999983458 ) ) ;
#3751 = EDGE_LOOP ( 'NONE', ( #2097, #1639, #1500, #998 ) ) ;
#3752 = DATE_TIME_ROLE ( 'creation_date' ) ;
#3753 = CARTESIAN_POINT ( 'NONE',  ( -22.00000000000000355, 17.89499999999999602, -0.7500000000000000000 ) ) ;
#3754 = ORIENTED_EDGE ( 'NONE', *, *, #3337, .F. ) ;
#3755 = CARTESIAN_POINT ( 'NONE',  ( 30.34949407128472743, -12.41717371443391826, -0.7500000000000000000 ) ) ;
#3756 = EDGE_CURVE ( 'NONE', #2205, #608, #1932, .T. ) ;
#3757 = EDGE_CURVE ( 'NONE', #1888, #1237, #2907, .T. ) ;
#3758 = CARTESIAN_POINT ( 'NONE',  ( 3.434178682610916855, 35.61251281686954684, 0.7500000000000000000 ) ) ;
#3759 = EDGE_CURVE ( 'NONE', #3007, #1140, #1626, .T. ) ;
#3760 = CARTESIAN_POINT ( 'NONE',  ( -5.000000000000000000, 3.500000000000000000, 0.7500000000000000000 ) ) ;
#3761 = ORIENTED_EDGE ( 'NONE', *, *, #1035, .T. ) ;
#3762 = EDGE_CURVE ( 'NONE', #1074, #823, #383, .T. ) ;
#3763 = EDGE_CURVE ( 'NONE', #3482, #1226, #3740, .T. ) ;
#3764 = CARTESIAN_POINT ( 'NONE',  ( -21.00000000000000000, -28.28854811567259375, -0.7500000000000000000 ) ) ;
#3765 = DIRECTION ( 'NONE',  ( -1.000000000000000000, 0.000000000000000000, 0.000000000000000000 ) ) ;
#3766 = ORIENTED_EDGE ( 'NONE', *, *, #568, .T. ) ;
#3767 = CARTESIAN_POINT ( 'NONE',  ( 30.50000000000000000, 0.000000000000000000, -0.7500000000000000000 ) ) ;
#3768 = EDGE_LOOP ( 'NONE', ( #1264, #191, #231, #3388 ) ) ;
#3769 = AXIS2_PLACEMENT_3D ( 'NONE', #3244, #1339, #2843 ) ;
#3770 = FACE_OUTER_BOUND ( 'NONE', #371, .T. ) ;
#3771 = DIRECTION ( 'NONE',  ( 0.5000000000000036637, 0.8660254037844363761, 0.000000000000000000 ) ) ;
#3772 = ADVANCED_FACE ( 'NONE', ( #3190 ), #1608, .T. ) ;
#3773 = ORIENTED_EDGE ( 'NONE', *, *, #380, .F. ) ;
#3774 = CIRCLE ( 'NONE', #1633, 2.999999999999999112 ) ;
#3775 = COORDINATED_UNIVERSAL_TIME_OFFSET ( 1, 0, .AHEAD. ) ;
#3776 = VECTOR ( 'NONE', #2848, 1000.000000000000000 ) ;
#3777 = DIRECTION ( 'NONE',  ( 0.000000000000000000, 0.000000000000000000, -1.000000000000000000 ) ) ;
#3778 = ORIENTED_EDGE ( 'NONE', *, *, #1830, .F. ) ;
#3779 = DIRECTION ( 'NONE',  ( -1.000000000000000000, 0.000000000000000000, 0.000000000000000000 ) ) ;
#3780 = CARTESIAN_POINT ( 'NONE',  ( 42.00000000000000000, 10.18749000000000038, -0.7500000000000000000 ) ) ;
#3781 = VERTEX_POINT ( 'NONE', #982 ) ;
#3782 = DIRECTION ( 'NONE',  ( 0.000000000000000000, 0.000000000000000000, -1.000000000000000000 ) ) ;
#3783 = CARTESIAN_POINT ( 'NONE',  ( -5.000000000000000000, 14.49999999999999822, 0.7500000000000000000 ) ) ;
#3784 = ORIENTED_EDGE ( 'NONE', *, *, #1897, .T. ) ;
#3785 = DIRECTION ( 'NONE',  ( 0.000000000000000000, -0.000000000000000000, 1.000000000000000000 ) ) ;
#3786 = ORIENTED_EDGE ( 'NONE', *, *, #2135, .F. ) ;
#3787 = CARTESIAN_POINT ( 'NONE',  ( -0.9959292143521020213, 0.5750000000000047296, -0.7500000000000000000 ) ) ;
#3788 = DIRECTION ( 'NONE',  ( 0.8668176716959202777, 0.4986252340542584038, 0.000000000000000000 ) ) ;
#3789 = VERTEX_POINT ( 'NONE', #3760 ) ;
#3790 = AXIS2_PLACEMENT_3D ( 'NONE', #1383, #3268, #1735 ) ;
#3791 = COORDINATED_UNIVERSAL_TIME_OFFSET ( 1, 0, .AHEAD. ) ;
#3792 = CARTESIAN_POINT ( 'NONE',  ( 5.000000000000000000, 14.49999999999999822, 0.7500000000000000000 ) ) ;
#3793 = VERTEX_POINT ( 'NONE', #2221 ) ;
#3794 = AXIS2_PLACEMENT_3D ( 'NONE', #1202, #1217, #892 ) ;
#3795 = EDGE_CURVE ( 'NONE', #598, #1530, #1585, .T. ) ;
#3796 = AXIS2_PLACEMENT_3D ( 'NONE', #3574, #2353, #2026 ) ;
#3797 = PRODUCT_DEFINITION_SHAPE ( 'NONE', 'NONE',  #338 ) ;
#3798 = DIRECTION ( 'NONE',  ( 0.000000000000000000, -0.000000000000000000, 1.000000000000000000 ) ) ;
#3799 = AXIS2_PLACEMENT_3D ( 'NONE', #2349, #2328, #845 ) ;
#3800 = CYLINDRICAL_SURFACE ( 'NONE', #192, 2.999999999999999112 ) ;
#3801 = ORIENTED_EDGE ( 'NONE', *, *, #3524, .T. ) ;
#3802 = VECTOR ( 'NONE', #2160, 1000.000000000000000 ) ;
#3803 = CARTESIAN_POINT ( 'NONE',  ( 7.935165149674686447, -36.50000000000000000, -0.7500000000000000000 ) ) ;
#3804 = LINE ( 'NONE', #22, #749 ) ;
#3805 = ORIENTED_EDGE ( 'NONE', *, *, #2323, .T. ) ;
#3806 = DIRECTION ( 'NONE',  ( 0.3365324637702148403, 0.9416718647324815450, 0.000000000000000000 ) ) ;
#3807 = ORIENTED_EDGE ( 'NONE', *, *, #3578, .T. ) ;
#3808 = CARTESIAN_POINT ( 'NONE',  ( -8.652992479455612340, 43.50000000000000000, 0.7500000000000000000 ) ) ;
#3809 = FACE_OUTER_BOUND ( 'NONE', #2131, .T. ) ;
#3810 = EDGE_LOOP ( 'NONE', ( #3004, #2872, #1134, #2549 ) ) ;
#3811 = EDGE_CURVE ( 'NONE', #3711, #115, #1017, .T. ) ;
#3812 = EDGE_CURVE ( 'NONE', #3696, #1065, #651, .T. ) ;
#3813 = APPLICATION_PROTOCOL_DEFINITION ( 'international standard', 'config_control_design', 1994, #572 ) ;
#3814 = VERTEX_POINT ( 'NONE', #1645 ) ;
#3815 = EDGE_CURVE ( 'NONE', #3916, #2961, #2856, .T. ) ;
#3816 = CARTESIAN_POINT ( 'NONE',  ( -24.50000000000001421, -34.35072594216364905, -0.7500000000000000000 ) ) ;
#3817 = CARTESIAN_POINT ( 'NONE',  ( 20.55455481276986163, 1.009597391310653514, -0.7500000000000000000 ) ) ;
#3818 = EDGE_CURVE ( 'NONE', #2609, #3781, #3153, .T. ) ;
#3819 = EDGE_CURVE ( 'NONE', #934, #693, #2236, .T. ) ;
#3820 = ORIENTED_EDGE ( 'NONE', *, *, #3352, .F. ) ;
#3821 = AXIS2_PLACEMENT_3D ( 'NONE', #1087, #760, #824 ) ;
#3822 = DIRECTION ( 'NONE',  ( 0.000000000000000000, 0.000000000000000000, 1.000000000000000000 ) ) ;
#3823 = ADVANCED_FACE ( 'NONE', ( #2871 ), #1033, .F. ) ;
#3824 = FACE_OUTER_BOUND ( 'NONE', #3602, .T. ) ;
#3825 = ORIENTED_EDGE ( 'NONE', *, *, #2627, .F. ) ;
#3826 = CARTESIAN_POINT ( 'NONE',  ( -0.000000000000000000, 1.149999999999999911, -0.7500000000000000000 ) ) ;
#3827 = ORIENTED_EDGE ( 'NONE', *, *, #214, .F. ) ;
#3828 = CARTESIAN_POINT ( 'NONE',  ( -15.99999999999999645, -14.89500000000000490, 0.7500000000000000000 ) ) ;
#3829 = DIRECTION ( 'NONE',  ( -1.000000000000000000, 0.000000000000000000, 0.000000000000000000 ) ) ;
#3830 = VECTOR ( 'NONE', #1052, 1000.000000000000000 ) ;
#3831 = CARTESIAN_POINT ( 'NONE',  ( 0.9959292143521020213, -0.5750000000000047296, -0.7500000000000000000 ) ) ;
#3832 = VERTEX_POINT ( 'NONE', #1969 ) ;
#3833 = VECTOR ( 'NONE', #305, 1000.000000000000000 ) ;
#3834 = MECHANICAL_CONTEXT ( 'NONE', #2234, 'mechanical' ) ;
#3835 = CARTESIAN_POINT ( 'NONE',  ( 27.00000000581808735, -1.000376003793870039, 0.4500000000000000666 ) ) ;
#3836 = CIRCLE ( 'NONE', #2089, 1.149999999999998135 ) ;
#3837 = ORIENTED_EDGE ( 'NONE', *, *, #1201, .F. ) ;
#3838 = VECTOR ( 'NONE', #2809, 1000.000000000000000 ) ;
#3839 = VECTOR ( 'NONE', #2968, 1000.000000000000114 ) ;
#3840 = LINE ( 'NONE', #1401, #3448 ) ;
#3841 = DIRECTION ( 'NONE',  ( -1.000000000000000000, 0.000000000000000000, 0.000000000000000000 ) ) ;
#3842 = ORIENTED_EDGE ( 'NONE', *, *, #2904, .F. ) ;
#3843 = FACE_OUTER_BOUND ( 'NONE', #3648, .T. ) ;
#3844 = CARTESIAN_POINT ( 'NONE',  ( 28.26558293375744313, -19.41717371443391826, -0.7500000000000000000 ) ) ;
#3845 = ORIENTED_EDGE ( 'NONE', *, *, #3012, .T. ) ;
#3846 = LINE ( 'NONE', #1006, #658 ) ;
#3847 = ORIENTED_EDGE ( 'NONE', *, *, #518, .T. ) ;
#3848 = CARTESIAN_POINT ( 'NONE',  ( -13.00000000000000178, 17.89499999999999602, 0.7500000000000000000 ) ) ;
#3849 = DIRECTION ( 'NONE',  ( 0.000000000000000000, -0.000000000000000000, 1.000000000000000000 ) ) ;
#3850 = CARTESIAN_POINT ( 'NONE',  ( 7.935165149674688223, -43.50000000000000000, 0.7500000000000000000 ) ) ;
#3851 = ORIENTED_EDGE ( 'NONE', *, *, #3183, .T. ) ;
#3852 = ADVANCED_FACE ( 'NONE', ( #1894 ), #424, .T. ) ;
#3853 = FACE_OUTER_BOUND ( 'NONE', #3350, .T. ) ;
#3854 = CARTESIAN_POINT ( 'NONE',  ( 24.19506739279724528, -30.80062781968637964, -0.7500000000000000000 ) ) ;
#3855 = EDGE_LOOP ( 'NONE', ( #1919, #1930, #105, #1163 ) ) ;
#3856 = VERTEX_POINT ( 'NONE', #2830 ) ;
#3857 = LINE ( 'NONE', #748, #2277 ) ;
#3858 = DIRECTION ( 'NONE',  ( -1.000000000000000000, 0.000000000000000000, 0.000000000000000000 ) ) ;
#3859 = CARTESIAN_POINT ( 'NONE',  ( 33.97721130016473268, 18.78588877406225066, 0.7500000000000000000 ) ) ;
#3860 = VECTOR ( 'NONE', #3142, 1000.000000000000000 ) ;
#3861 = CIRCLE ( 'NONE', #2702, 1.150000000000003686 ) ;
#3862 = CARTESIAN_POINT ( 'NONE',  ( -12.99999999999999645, -14.89500000000000490, 0.7500000000000000000 ) ) ;
#3863 = CIRCLE ( 'NONE', #2570, 1.500000000000001332 ) ;
#3864 = CARTESIAN_POINT ( 'NONE',  ( -11.53633815902296433, -27.98060469933880157, 0.4500000000000000666 ) ) ;
#3865 = ORIENTED_EDGE ( 'NONE', *, *, #1342, .F. ) ;
#3866 = DIRECTION ( 'NONE',  ( 0.000000000000000000, 0.000000000000000000, 1.000000000000000000 ) ) ;
#3867 = VERTEX_POINT ( 'NONE', #41 ) ;
#3868 = CARTESIAN_POINT ( 'NONE',  ( 19.06560940360344603, -26.03736625463497845, 0.7500000000000000000 ) ) ;
#3869 = CARTESIAN_POINT ( 'NONE',  ( -13.50000000290882696, 23.38268590721858331, 0.4500000000000000666 ) ) ;
#3870 = ORIENTED_EDGE ( 'NONE', *, *, #3524, .F. ) ;
#3871 = FACE_BOUND ( 'NONE', #3109, .T. ) ;
#3872 = ORIENTED_EDGE ( 'NONE', *, *, #1467, .F. ) ;
#3873 = EDGE_CURVE ( 'NONE', #3916, #87, #1283, .T. ) ;
#3874 = DIRECTION ( 'NONE',  ( 0.000000000000000000, -0.000000000000000000, 1.000000000000000000 ) ) ;
#3875 = DIRECTION ( 'NONE',  ( 0.000000000000000000, 0.000000000000000000, 1.000000000000000000 ) ) ;
#3876 = ORIENTED_EDGE ( 'NONE', *, *, #2211, .T. ) ;
#3877 = ORIENTED_EDGE ( 'NONE', *, *, #1959, .F. ) ;
#3878 = PLANE ( 'NONE',  #2927 ) ;
#3879 = DIRECTION ( 'NONE',  ( 0.000000000000000000, 0.000000000000000000, 1.000000000000000000 ) ) ;
#3880 = CARTESIAN_POINT ( 'NONE',  ( -19.00000000000000000, -17.89500000000000668, 0.7500000000000000000 ) ) ;
#3881 = EDGE_CURVE ( 'NONE', #313, #1765, #381, .T. ) ;
#3882 = CC_DESIGN_PERSON_AND_ORGANIZATION_ASSIGNMENT ( #2250, #3489, ( #622 ) ) ;
#3883 = DIRECTION ( 'NONE',  ( -1.000000000000000000, -1.406532548089303043E-16, 0.000000000000000000 ) ) ;
#3884 = DIRECTION ( 'NONE',  ( -1.000000000000000000, 0.000000000000000000, 0.000000000000000000 ) ) ;
#3885 = VERTEX_POINT ( 'NONE', #2969 ) ;
#3886 = CARTESIAN_POINT ( 'NONE',  ( -2.750000000000003109, 14.49999999999999822, 0.4499999999999983458 ) ) ;
#3887 = ORIENTED_EDGE ( 'NONE', *, *, #3756, .T. ) ;
#3888 = VECTOR ( 'NONE', #2752, 1000.000000000000000 ) ;
#3889 = DIRECTION ( 'NONE',  ( -1.000000000000000000, -0.000000000000000000, 0.000000000000000000 ) ) ;
#3890 = DIRECTION ( 'NONE',  ( -0.000000000000000000, 0.000000000000000000, -1.000000000000000000 ) ) ;
#3891 = ORIENTED_EDGE ( 'NONE', *, *, #396, .T. ) ;
#3892 = AXIS2_PLACEMENT_3D ( 'NONE', #3780, #3434, #404 ) ;
#3893 = DIRECTION ( 'NONE',  ( 0.000000000000000000, -0.000000000000000000, 1.000000000000000000 ) ) ;
#3894 = EDGE_LOOP ( 'NONE', ( #784, #3865, #1299, #3340 ) ) ;
#3895 = VECTOR ( 'NONE', #3616, 1000.000000000000000 ) ;
#3896 = DIRECTION ( 'NONE',  ( -2.785219033192401267E-05, -0.9999999996121278212, 0.000000000000000000 ) ) ;
#3897 = CARTESIAN_POINT ( 'NONE',  ( -22.00000000000000355, 17.89499999999999602, -0.7500000000000000000 ) ) ;
#3898 = ORIENTED_EDGE ( 'NONE', *, *, #1571, .F. ) ;
#3899 = CIRCLE ( 'NONE', #916, 1.150000000000002576 ) ;
#3900 = ORIENTED_EDGE ( 'NONE', *, *, #3264, .F. ) ;
#3901 = VECTOR ( 'NONE', #3066, 1000.000000000000000 ) ;
#3902 = DIRECTION ( 'NONE',  ( -1.000000000000000000, 0.000000000000000000, 0.000000000000000000 ) ) ;
#3903 = CARTESIAN_POINT ( 'NONE',  ( 22.41671864732479946, 15.13467536229785004, 0.7500000000000000000 ) ) ;
#3904 = CARTESIAN_POINT ( 'NONE',  ( 34.81925541225042053, 17.88343062242071468, 0.7500000000000000000 ) ) ;
#3905 = VECTOR ( 'NONE', #60, 1000.000000000000000 ) ;
#3906 = VECTOR ( 'NONE', #3785, 1000.000000000000000 ) ;
#3907 = EDGE_CURVE ( 'NONE', #3007, #3577, #1102, .T. ) ;
#3908 = CARTESIAN_POINT ( 'NONE',  ( -8.652992479455669184, -43.50000000000000711, -0.7500000000000000000 ) ) ;
#3909 = EDGE_LOOP ( 'NONE', ( #1473, #2463, #2614, #1113 ) ) ;
#3910 = LINE ( 'NONE', #2388, #2073 ) ;
#3911 = ORIENTED_EDGE ( 'NONE', *, *, #437, .T. ) ;
#3912 = FACE_OUTER_BOUND ( 'NONE', #3099, .T. ) ;
#3913 = DIRECTION ( 'NONE',  ( -1.000000000000000000, 0.000000000000000000, 0.000000000000000000 ) ) ;
#3914 = ORIENTED_EDGE ( 'NONE', *, *, #78, .F. ) ;
#3915 = CARTESIAN_POINT ( 'NONE',  ( 33.39318069601125671, -19.41717371443391826, 0.7500000000000000000 ) ) ;
#3916 = VERTEX_POINT ( 'NONE', #3903 ) ;
#3917 = CARTESIAN_POINT ( 'NONE',  ( 4.000000000000000000, -34.00000000000000000, 0.7500000000000000000 ) ) ;
#3918 = DIRECTION ( 'NONE',  ( 0.000000000000000000, 0.000000000000000000, 1.000000000000000000 ) ) ;
#3919 = VERTEX_POINT ( 'NONE', #1100 ) ;
#3920 = VERTEX_POINT ( 'NONE', #2950 ) ;
#3921 = EDGE_CURVE ( 'NONE', #256, #478, #2003, .T. ) ;
#3922 = CARTESIAN_POINT ( 'NONE',  ( -28.00000000000000355, 28.28854811567264349, -0.7500000000000000000 ) ) ;
#3923 = CARTESIAN_POINT ( 'NONE',  ( 30.00000000581809800, -4.000376003793891577, 0.7500000000000000000 ) ) ;
#3924 = EDGE_CURVE ( 'NONE', #2716, #2677, #2006, .T. ) ;
#3925 = EDGE_CURVE ( 'NONE', #3172, #2648, #3055, .T. ) ;
#3926 = CIRCLE ( 'NONE', #3790, 2.999999999999999112 ) ;
#3927 = DIRECTION ( 'NONE',  ( -1.000000000000000000, -2.312964634635743450E-15, 0.000000000000000000 ) ) ;
#3928 = ORIENTED_EDGE ( 'NONE', *, *, #1135, .F. ) ;
#3929 = DIRECTION ( 'NONE',  ( -0.9999999996121278212, 2.785219033192401267E-05, 0.000000000000000000 ) ) ;
#3930 = VERTEX_POINT ( 'NONE', #181 ) ;
#3931 = VECTOR ( 'NONE', #3594, 1000.000000000000000 ) ;
#3932 = VECTOR ( 'NONE', #282, 1000.000000000000000 ) ;
#3933 = VECTOR ( 'NONE', #1802, 999.9999999999998863 ) ;
#3934 = LINE ( 'NONE', #2366, #2502 ) ;
#3935 = DIRECTION ( 'NONE',  ( 0.000000000000000000, 0.000000000000000000, -1.000000000000000000 ) ) ;
#3936 = ORIENTED_EDGE ( 'NONE', *, *, #3701, .T. ) ;
#3937 = DIRECTION ( 'NONE',  ( 0.6819983600624996978, 0.7313537016191693496, 0.000000000000000000 ) ) ;
#3938 = VERTEX_POINT ( 'NONE', #3580 ) ;
#3939 = AXIS2_PLACEMENT_3D ( 'NONE', #110, #399, #742 ) ;
#3940 = VECTOR ( 'NONE', #3063, 1000.000000000000000 ) ;
#3941 = CARTESIAN_POINT ( 'NONE',  ( -15.24999999999975309, 26.41377481542551919, -0.7500000000000000000 ) ) ;
#3942 = ADVANCED_FACE ( 'NONE', ( #1423, #2594 ), #2030, .F. ) ;
#3943 = ORIENTED_EDGE ( 'NONE', *, *, #457, .F. ) ;
#3944 = EDGE_CURVE ( 'NONE', #256, #1027, #1402, .T. ) ;
#3945 = EDGE_LOOP ( 'NONE', ( #324, #2084, #408, #2790 ) ) ;
#3946 = PLANE ( 'NONE',  #1892 ) ;
#3947 = DIRECTION ( 'NONE',  ( 0.000000000000000000, 0.000000000000000000, 1.000000000000000000 ) ) ;
#3948 = ADVANCED_FACE ( 'NONE', ( #2358 ), #797, .F. ) ;
#3949 = EDGE_CURVE ( 'NONE', #3332, #1430, #3414, .T. ) ;
#3950 = LINE ( 'NONE', #2751, #1954 ) ;
#3951 = EDGE_LOOP ( 'NONE', ( #2322, #1993, #1205, #1816 ) ) ;
#3952 = LINE ( 'NONE', #472, #772 ) ;
#3953 = ORIENTED_EDGE ( 'NONE', *, *, #2075, .F. ) ;
#3954 = DIRECTION ( 'NONE',  ( -0.4999999999999919509, 0.8660254037844432595, 0.000000000000000000 ) ) ;
#3955 = DIRECTION ( 'NONE',  ( 1.000000000000000000, 0.000000000000000000, 0.000000000000000000 ) ) ;
#3956 = VERTEX_POINT ( 'NONE', #2293 ) ;
#3957 = DIRECTION ( 'NONE',  ( 0.000000000000000000, 0.000000000000000000, -1.000000000000000000 ) ) ;
#3958 = VERTEX_POINT ( 'NONE', #114 ) ;
#3959 = CIRCLE ( 'NONE', #705, 2.999999999999999112 ) ;
#3960 = DIRECTION ( 'NONE',  ( -1.000000000000000000, 0.000000000000000000, 0.000000000000000000 ) ) ;
#3961 = VECTOR ( 'NONE', #3525, 1000.000000000000000 ) ;
#3962 = DIRECTION ( 'NONE',  ( 0.000000000000000000, -1.000000000000000000, 0.000000000000000000 ) ) ;
#3963 = ORIENTED_EDGE ( 'NONE', *, *, #3728, .T. ) ;
#3964 = EDGE_LOOP ( 'NONE', ( #346, #3042, #3360, #1380 ) ) ;
#3965 = DIRECTION ( 'NONE',  ( 0.000000000000000000, 0.000000000000000000, 1.000000000000000000 ) ) ;
#3966 = LINE ( 'NONE', #588, #526 ) ;
#3967 = VECTOR ( 'NONE', #743, 1000.000000000000000 ) ;
#3968 = CIRCLE ( 'NONE', #2472, 2.999999999999999112 ) ;
#3969 = CARTESIAN_POINT ( 'NONE',  ( 6.325773493070657061, 32.86492462165660555, 0.7500000000000000000 ) ) ;
#3970 = CARTESIAN_POINT ( 'NONE',  ( 30.00000000581808735, -1.000376003793891799, 0.4500000000000000666 ) ) ;
#3971 = AXIS2_PLACEMENT_3D ( 'NONE', #1649, #987, #3498 ) ;
#3972 = EDGE_LOOP ( 'NONE', ( #2057, #1196, #1388, #1997, #2813, #1956, #1284, #112 ) ) ;
#3973 = AXIS2_PLACEMENT_3D ( 'NONE', #597, #1575, #335 ) ;
#3974 = VECTOR ( 'NONE', #1567, 1000.000000000000227 ) ;
#3975 = DIRECTION ( 'NONE',  ( -0.000000000000000000, -0.000000000000000000, 1.000000000000000000 ) ) ;
#3976 = LINE ( 'NONE', #1573, #957 ) ;
#3977 = VERTEX_POINT ( 'NONE', #441 ) ;
#3978 = CARTESIAN_POINT ( 'NONE',  ( -16.75000000000012434, -26.41377481542531314, -0.7500000000000000000 ) ) ;
#3979 = ORIENTED_EDGE ( 'NONE', *, *, #1793, .T. ) ;
#3980 = DIRECTION ( 'NONE',  ( 0.000000000000000000, 0.000000000000000000, 1.000000000000000000 ) ) ;
#3981 = DIRECTION ( 'NONE',  ( 0.6819983600624996978, 0.7313537016191693496, 0.000000000000000000 ) ) ;
#3982 = ORIENTED_EDGE ( 'NONE', *, *, #1600, .F. ) ;
#3983 = ORIENTED_EDGE ( 'NONE', *, *, #2505, .F. ) ;
#3984 = DIRECTION ( 'NONE',  ( 0.000000000000000000, 0.000000000000000000, -1.000000000000000000 ) ) ;
#3985 = DIRECTION ( 'NONE',  ( -0.5000000000000022204, -0.8660254037844374864, 0.000000000000000000 ) ) ;
#3986 = CARTESIAN_POINT ( 'NONE',  ( -5.000000000000000888, -24.00000000000000000, -0.7500000000000000000 ) ) ;
#3987 = EDGE_CURVE ( 'NONE', #2780, #2216, #1858, .T. ) ;
#3988 = LINE ( 'NONE', #289, #2985 ) ;
#3989 = VERTEX_POINT ( 'NONE', #1987 ) ;
#3990 = EDGE_CURVE ( 'NONE', #2355, #840, #3230, .T. ) ;
#3991 = LINE ( 'NONE', #2732, #3933 ) ;
#3992 = FACE_OUTER_BOUND ( 'NONE', #3365, .T. ) ;
#3993 = ORIENTED_EDGE ( 'NONE', *, *, #3330, .F. ) ;
#3994 = DIRECTION ( 'NONE',  ( -1.000000000000000000, 0.000000000000000000, 0.000000000000000000 ) ) ;
#3995 = ORIENTED_EDGE ( 'NONE', *, *, #3656, .F. ) ;
#3996 = VECTOR ( 'NONE', #2778, 1000.000000000000000 ) ;
#3997 = CARTESIAN_POINT ( 'NONE',  ( 0.9959292143521020213, -0.5750000000000047296, 0.4500000000000000666 ) ) ;
#3998 = DIRECTION ( 'NONE',  ( 0.000000000000000000, 0.000000000000000000, 1.000000000000000000 ) ) ;
#3999 = CIRCLE ( 'NONE', #3799, 2.999999999999999112 ) ;
#4000 = EDGE_CURVE ( 'NONE', #3867, #473, #2306, .T. ) ;
#4001 = EDGE_LOOP ( 'NONE', ( #2722, #731, #4017, #3953 ) ) ;
#4002 = AXIS2_PLACEMENT_3D ( 'NONE', #3723, #1552, #3358 ) ;
#4003 = ORIENTED_EDGE ( 'NONE', *, *, #3757, .T. ) ;
#4004 = CARTESIAN_POINT ( 'NONE',  ( -5.000000000000000000, 14.49999999999999822, 0.7500000000000000000 ) ) ;
#4005 = FACE_OUTER_BOUND ( 'NONE', #3894, .T. ) ;
#4006 = EDGE_CURVE ( 'NONE', #48, #1530, #1711, .T. ) ;
#4007 = CYLINDRICAL_SURFACE ( 'NONE', #921, 6.999999999999999112 ) ;
#4008 = CARTESIAN_POINT ( 'NONE',  ( 42.00000000000000000, 10.18749000000000038, 0.7500000000000000000 ) ) ;
#4009 = ORIENTED_EDGE ( 'NONE', *, *, #19, .T. ) ;
#4010 = CARTESIAN_POINT ( 'NONE',  ( 42.00000000000000000, 7.428946878701225387, 0.7500000000000000000 ) ) ;
#4011 = DIRECTION ( 'NONE',  ( -0.000000000000000000, 0.000000000000000000, -1.000000000000000000 ) ) ;
#4012 = ORIENTED_EDGE ( 'NONE', *, *, #881, .T. ) ;
#4013 = LINE ( 'NONE', #83, #71 ) ;
#4014 = ORIENTED_EDGE ( 'NONE', *, *, #1660, .F. ) ;
#4015 = DIRECTION ( 'NONE',  ( 1.000000000000000000, 0.000000000000000000, 0.000000000000000000 ) ) ;
#4016 = CARTESIAN_POINT ( 'NONE',  ( 3.464371533014490634, -2.000284493008134046, 0.7500120000000000120 ) ) ;
#4017 = ORIENTED_EDGE ( 'NONE', *, *, #568, .F. ) ;
#4018 = ORIENTED_EDGE ( 'NONE', *, *, #137, .T. ) ;
#4019 = AXIS2_PLACEMENT_3D ( 'NONE', #3586, #168, #1695 ) ;
#4020 = CYLINDRICAL_SURFACE ( 'NONE', #785, 6.999999999999999112 ) ;
#4021 = VERTEX_POINT ( 'NONE', #2900 ) ;
#4022 = CARTESIAN_POINT ( 'NONE',  ( -22.00000000000000355, 17.89499999999999602, 0.7500000000000000000 ) ) ;
#4023 = AXIS2_PLACEMENT_3D ( 'NONE', #996, #377, #400 ) ;
#4024 = DIRECTION ( 'NONE',  ( 1.000000000000000000, 0.000000000000000000, 0.000000000000000000 ) ) ;
#4025 = CYLINDRICAL_SURFACE ( 'NONE', #3367, 2.999999999999999112 ) ;
#4026 = ORIENTED_EDGE ( 'NONE', *, *, #2197, .F. ) ;
#4027 = EDGE_CURVE ( 'NONE', #3577, #3007, #3612, .T. ) ;
ENDSEC;
END-ISO-10303-21;
