ISO-10303-21;
HEADER;
FILE_DESCRIPTION (( 'STEP AP203' ),
    '1' );
FILE_NAME ('PEN-S-PPC.STEP',
    '2025-01-21T11:52:34',
    ( '' ),
    ( '' ),
    'SwSTEP 2.0',
    'SolidWorks 2024',
    '' );
FILE_SCHEMA (( 'CONFIG_CONTROL_DESIGN' ));
ENDSEC;

DATA;
#1 = APPROVAL_DATE_TIME ( #3238, #559 ) ;
#2 = AXIS2_PLACEMENT_3D ( 'NONE', #2480, #304, #2740 ) ;
#3 = CC_DESIGN_SECURITY_CLASSIFICATION ( #228, ( #3820 ) ) ;
#4 = ORIENTED_EDGE ( 'NONE', *, *, #1078, .F. ) ;
#5 = DIRECTION ( 'NONE',  ( -1.000000000000000000, 0.000000000000000000, 0.000000000000000000 ) ) ;
#6 = CARTESIAN_POINT ( 'NONE',  ( -15.71918095255254322, -15.92367302278473851, -0.7499999986000001062 ) ) ;
#7 = ORIENTED_EDGE ( 'NONE', *, *, #2414, .T. ) ;
#8 = DIRECTION ( 'NONE',  ( 1.000000000000000000, 0.000000000000000000, 0.000000000000000000 ) ) ;
#9 = AXIS2_PLACEMENT_3D ( 'NONE', #1002, #2017, #4611 ) ;
#10 = B_SPLINE_CURVE_WITH_KNOTS ( 'NONE', 3,
 ( #4117, #4536, #4183, #974 ),
 .UNSPECIFIED., .F., .F.,
 ( 4, 4 ),
 ( 0.000000000000000000, 1.000000000000000000 ),
 .UNSPECIFIED. ) ;
#11 = DIRECTION ( 'NONE',  ( -0.8660253737381441441, 0.5000000520417049454, 0.000000000000000000 ) ) ;
#12 = CARTESIAN_POINT ( 'NONE',  ( 7.072730092908848576, -38.00000113979998417, -0.2499999995333333780 ) ) ;
#13 = ORIENTED_EDGE ( 'NONE', *, *, #851, .T. ) ;
#14 = CARTESIAN_POINT ( 'NONE',  ( 9.949437216323163469, -3.181539309854509501, 0.7499999986000002172 ) ) ;
#15 = LINE ( 'NONE', #2198, #2504 ) ;
#16 = CARTESIAN_POINT ( 'NONE',  ( 4.230885086720093113E-08, -23.99999987900000420, -0.7499999985999999952 ) ) ;
#17 = EDGE_LOOP ( 'NONE', ( #60, #1442, #1803, #3243 ) ) ;
#18 = ORIENTED_EDGE ( 'NONE', *, *, #936, .T. ) ;
#19 = CARTESIAN_POINT ( 'NONE',  ( 13.30672478881658094, -26.67631682495834156, -0.7499999986000001062 ) ) ;
#20 = EDGE_CURVE ( 'NONE', #4458, #3685, #486, .T. ) ;
#21 = CARTESIAN_POINT ( 'NONE',  ( -15.71410141301363161, -19.21762231240650820, 0.4499999986000000618 ) ) ;
#22 = EDGE_CURVE ( 'NONE', #2456, #3480, #1142, .T. ) ;
#23 = CARTESIAN_POINT ( 'NONE',  ( 37.99999881215187969, 6.285392255026501118, -0.7499999956750285079 ) ) ;
#24 = ORIENTED_EDGE ( 'NONE', *, *, #1849, .T. ) ;
#25 = CARTESIAN_POINT ( 'NONE',  ( 14.06140054734137834, 12.52790144564554708, -0.7499999986000001062 ) ) ;
#26 = DATE_TIME_ROLE ( 'creation_date' ) ;
#27 = ORIENTED_EDGE ( 'NONE', *, *, #4047, .T. ) ;
#28 = ORIENTED_EDGE ( 'NONE', *, *, #2445, .F. ) ;
#29 = CARTESIAN_POINT ( 'NONE',  ( -26.49999963729113617, -28.57883796540000532, 0.2499999995333333780 ) ) ;
#30 = ORIENTED_EDGE ( 'NONE', *, *, #2386, .T. ) ;
#31 = CARTESIAN_POINT ( 'NONE',  ( -28.75512961490122521, -26.54838572452899825, -0.7499999986000001062 ) ) ;
#32 = CIRCLE ( 'NONE', #1763, 1.149999833600003685 ) ;
#33 = CARTESIAN_POINT ( 'NONE',  ( 6.307494422670687939, -23.87045710506500740, 0.7499999986000002172 ) ) ;
#34 = EDGE_CURVE ( 'NONE', #563, #4569, #3929, .T. ) ;
#35 = CARTESIAN_POINT ( 'NONE',  ( 37.83382054583574217, 8.036251782983393710, 0.7499999920391200448 ) ) ;
#36 = AXIS2_PLACEMENT_3D ( 'NONE', #3264, #2210, #2904 ) ;
#37 = ORIENTED_EDGE ( 'NONE', *, *, #2039, .T. ) ;
#38 = DIRECTION ( 'NONE',  ( 0.000000000000000000, 0.000000000000000000, 1.000000000000000000 ) ) ;
#39 = AXIS2_PLACEMENT_3D ( 'NONE', #2596, #4056, #839 ) ;
#40 = CARTESIAN_POINT ( 'NONE',  ( -4.999999986825653941, -23.99999988890000324, -0.7499999976333540097 ) ) ;
#41 = EDGE_CURVE ( 'NONE', #1636, #1916, #645, .T. ) ;
#42 = DIRECTION ( 'NONE',  ( 0.000000000000000000, 0.000000000000000000, 1.000000000000000000 ) ) ;
#43 = CIRCLE ( 'NONE', #2732, 1.499999997199990220 ) ;
#44 = ORIENTED_EDGE ( 'NONE', *, *, #292, .T. ) ;
#45 = ORIENTED_EDGE ( 'NONE', *, *, #267, .F. ) ;
#46 = CARTESIAN_POINT ( 'NONE',  ( 15.22190043251636737, -23.20533159131552026, -0.7499999983070638754 ) ) ;
#47 = DIRECTION ( 'NONE',  ( 0.000000000000000000, 0.000000000000000000, 1.000000000000000000 ) ) ;
#48 = CARTESIAN_POINT ( 'NONE',  ( 23.27891820092817099, -10.66878683693287400, 0.7499999986000002172 ) ) ;
#49 = ORIENTED_EDGE ( 'NONE', *, *, #2757, .F. ) ;
#50 = CARTESIAN_POINT ( 'NONE',  ( 17.52606057095537651, 13.53463500962698340, -0.7499999953385155793 ) ) ;
#51 = EDGE_CURVE ( 'NONE', #686, #493, #1918, .T. ) ;
#52 = EDGE_LOOP ( 'NONE', ( #942, #129, #2223, #380 ) ) ;
#53 = CARTESIAN_POINT ( 'NONE',  ( 10.64442222984219732, 26.34271762179999143, 0.7499999985999999952 ) ) ;
#54 = DIRECTION ( 'NONE',  ( 0.000000000000000000, 0.000000000000000000, 1.000000000000000000 ) ) ;
#55 = ORIENTED_EDGE ( 'NONE', *, *, #1293, .F. ) ;
#56 = CARTESIAN_POINT ( 'NONE',  ( -13.66506323703964298, -18.66858433255250205, 0.4499999986000000618 ) ) ;
#57 = DIRECTION ( 'NONE',  ( 1.000000000000000000, 0.000000000000000000, 0.000000000000000000 ) ) ;
#58 = DIRECTION ( 'NONE',  ( 0.000000000000000000, 0.000000000000000000, 1.000000000000000000 ) ) ;
#59 = CARTESIAN_POINT ( 'NONE',  ( 37.95904975497776945, 7.159875397442719169, -0.7499999986000001062 ) ) ;
#60 = ORIENTED_EDGE ( 'NONE', *, *, #2711, .F. ) ;
#61 = CARTESIAN_POINT ( 'NONE',  ( -28.38169385764929942, -27.03446065276413179, 0.7499999891559799847 ) ) ;
#62 = CARTESIAN_POINT ( 'NONE',  ( -1.890884439051138122, 33.81616101816900510, 0.7500000022320300053 ) ) ;
#63 = CARTESIAN_POINT ( 'NONE',  ( -16.50000000309115222, 15.99999996166651073, 0.7500000025718699392 ) ) ;
#64 = ORIENTED_EDGE ( 'NONE', *, *, #1431, .F. ) ;
#65 = EDGE_CURVE ( 'NONE', #4002, #1409, #1826, .T. ) ;
#66 = ORIENTED_EDGE ( 'NONE', *, *, #1445, .T. ) ;
#67 = CYLINDRICAL_SURFACE ( 'NONE', #2402, 5.000000007599999741 ) ;
#68 = CARTESIAN_POINT ( 'NONE',  ( 8.629482667304824162, -37.80785392481863028, -0.7499999986000001062 ) ) ;
#69 = ORIENTED_EDGE ( 'NONE', *, *, #1994, .T. ) ;
#70 = CARTESIAN_POINT ( 'NONE',  ( -13.49999999425856068, -13.39763518987461666, 0.7499999986000001062 ) ) ;
#71 = VERTEX_POINT ( 'NONE', #3947 ) ;
#72 = FACE_BOUND ( 'NONE', #1878, .T. ) ;
#73 = EDGE_CURVE ( 'NONE', #921, #4604, #4372, .T. ) ;
#74 = VECTOR ( 'NONE', #2975, 1000.000000000000000 ) ;
#75 = CARTESIAN_POINT ( 'NONE',  ( -13.25000000069112538, 22.94967320139998535, 0.4499999986000000618 ) ) ;
#76 = VECTOR ( 'NONE', #3133, 999.9999999999997726 ) ;
#77 = CARTESIAN_POINT ( 'NONE',  ( 36.11947483817385063, 11.05938056825500659, -0.7499999954800304902 ) ) ;
#78 = EDGE_LOOP ( 'NONE', ( #4455, #720, #2968, #2612 ) ) ;
#79 = CARTESIAN_POINT ( 'NONE',  ( -23.92387875795927954, -13.78069980473876832, 0.7499999986000002172 ) ) ;
#80 = FACE_BOUND ( 'NONE', #231, .T. ) ;
#81 = LOCAL_TIME ( 12, 52, 34.00000000000000000, #1444 ) ;
#82 = EDGE_CURVE ( 'NONE', #2638, #3188, #2814, .T. ) ;
#83 = CARTESIAN_POINT ( 'NONE',  ( 37.99999881183935457, 6.285392255374000925, 0.7499999964130399377 ) ) ;
#84 = DIRECTION ( 'NONE',  ( 0.000000000000000000, -1.000000000000000000, 0.000000000000000000 ) ) ;
#85 = AXIS2_PLACEMENT_3D ( 'NONE', #1571, #4371, #1972 ) ;
#86 = EDGE_CURVE ( 'NONE', #3373, #2502, #4452, .T. ) ;
#87 = ORIENTED_EDGE ( 'NONE', *, *, #86, .F. ) ;
#88 = CARTESIAN_POINT ( 'NONE',  ( 13.07273008170889206, -29.77421265952164120, 0.7499999985999999952 ) ) ;
#89 = CARTESIAN_POINT ( 'NONE',  ( 23.65695811307835683, -9.202558160769507722, 0.7499999951323020886 ) ) ;
#90 = CARTESIAN_POINT ( 'NONE',  ( 5.500000015108863494, -29.00000001360000823, -0.7499999985999999952 ) ) ;
#91 = EDGE_CURVE ( 'NONE', #3376, #4158, #1995, .T. ) ;
#92 = ORIENTED_EDGE ( 'NONE', *, *, #4032, .F. ) ;
#93 = VERTEX_POINT ( 'NONE', #4388 ) ;
#94 = CARTESIAN_POINT ( 'NONE',  ( -26.49999935789116279, 28.57883827020000211, 0.2499999995333333780 ) ) ;
#95 = CARTESIAN_POINT ( 'NONE',  ( 37.99999881183935457, 6.285392255374000925, 0.7499999964130399377 ) ) ;
#96 = EDGE_CURVE ( 'NONE', #2354, #1688, #2350, .T. ) ;
#97 = ORIENTED_EDGE ( 'NONE', *, *, #3391, .T. ) ;
#98 = CARTESIAN_POINT ( 'NONE',  ( -15.71930132014066928, -15.92388065607629599, 0.7499999986000001062 ) ) ;
#99 = ORIENTED_EDGE ( 'NONE', *, *, #4623, .T. ) ;
#100 = DIRECTION ( 'NONE',  ( 1.000000000000000000, 0.000000000000000000, 0.000000000000000000 ) ) ;
#101 = EDGE_CURVE ( 'NONE', #1679, #2821, #3214, .T. ) ;
#102 = CARTESIAN_POINT ( 'NONE',  ( 30.77061680839987545, 16.08790903072851464, 0.7499999988234319348 ) ) ;
#103 = CARTESIAN_POINT ( 'NONE',  ( -8.584936287291206725, 22.46762206999999734, 0.4499999986000000618 ) ) ;
#104 = ORIENTED_EDGE ( 'NONE', *, *, #4032, .T. ) ;
#105 = EDGE_CURVE ( 'NONE', #472, #2642, #3945, .T. ) ;
#106 = CARTESIAN_POINT ( 'NONE',  ( 4.999999999108855953, 8.999999983200002163, 0.4499999986000000618 ) ) ;
#107 = CARTESIAN_POINT ( 'NONE',  ( 15.22190043410885529, -23.20533159279998259, 0.2499999995333333780 ) ) ;
#108 = CARTESIAN_POINT ( 'NONE',  ( 22.60290737175493803, 11.49092068611174433, 0.7499999985999998842 ) ) ;
#109 = EDGE_CURVE ( 'NONE', #3626, #202, #4605, .T. ) ;
#110 = ORIENTED_EDGE ( 'NONE', *, *, #754, .F. ) ;
#111 = VERTEX_POINT ( 'NONE', #3715 ) ;
#112 = DIRECTION ( 'NONE',  ( 1.000000000000000000, 0.000000000000000000, 0.000000000000000000 ) ) ;
#113 = AXIS2_PLACEMENT_3D ( 'NONE', #205, #2001, #4411 ) ;
#114 = CARTESIAN_POINT ( 'NONE',  ( -13.88060233979254754, 14.51540188222748995, 0.7499999986000001062 ) ) ;
#115 = ADVANCED_FACE ( 'NONE', ( #4191 ), #626, .F. ) ;
#116 = ORIENTED_EDGE ( 'NONE', *, *, #2273, .F. ) ;
#117 = AXIS2_PLACEMENT_3D ( 'NONE', #4308, #1159, #1134 ) ;
#118 = CARTESIAN_POINT ( 'NONE',  ( 16.45484155470886023, -21.88316409489998904, -0.7499999985999999952 ) ) ;
#119 = DIRECTION ( 'NONE',  ( 0.000000000000000000, 0.000000000000000000, 1.000000000000000000 ) ) ;
#120 = VECTOR ( 'NONE', #579, 1000.000000000000000 ) ;
#121 = VERTEX_POINT ( 'NONE', #1694 ) ;
#122 = DIRECTION ( 'NONE',  ( -1.000000000000000000, 0.000000000000000000, 0.000000000000000000 ) ) ;
#123 = ORIENTED_EDGE ( 'NONE', *, *, #1741, .T. ) ;
#124 = EDGE_CURVE ( 'NONE', #2936, #3631, #260, .T. ) ;
#125 = CARTESIAN_POINT ( 'NONE',  ( -16.07907051729113945, 30.14976769119997613, -0.1499999931333334258 ) ) ;
#126 = CARTESIAN_POINT ( 'NONE',  ( -20.99999923269113467, 15.99999995320000679, -0.7499999984407081932 ) ) ;
#127 = CARTESIAN_POINT ( 'NONE',  ( -18.07092915452951232, -28.99976748558416517, -0.4499999890000000446 ) ) ;
#128 = DIRECTION ( 'NONE',  ( -1.000000000000000000, 0.000000000000000000, 0.000000000000000000 ) ) ;
#129 = ORIENTED_EDGE ( 'NONE', *, *, #604, .F. ) ;
#130 = CARTESIAN_POINT ( 'NONE',  ( 13.07273008394485636, -28.66131842020000420, 0.7499999991237880081 ) ) ;
#131 = ADVANCED_FACE ( 'NONE', ( #1317 ), #2043, .F. ) ;
#132 = DIRECTION ( 'NONE',  ( 0.000000000000000000, 0.000000000000000000, 1.000000000000000000 ) ) ;
#133 = CARTESIAN_POINT ( 'NONE',  ( 20.69259795154970405, -0.3524752443711300365, -0.7499999985999999952 ) ) ;
#134 = CARTESIAN_POINT ( 'NONE',  ( -29.99999924005014407, -22.51666037799451914, -0.7499999947737230332 ) ) ;
#135 = VERTEX_POINT ( 'NONE', #2783 ) ;
#136 = ORIENTED_EDGE ( 'NONE', *, *, #365, .F. ) ;
#137 = CC_DESIGN_PERSON_AND_ORGANIZATION_ASSIGNMENT ( #4312, #402, ( #228 ) ) ;
#138 = DIRECTION ( 'NONE',  ( 0.000000000000000000, 0.000000000000000000, 1.000000000000000000 ) ) ;
#139 = ORIENTED_EDGE ( 'NONE', *, *, #576, .F. ) ;
#140 = CARTESIAN_POINT ( 'NONE',  ( 32.98952240316987883, 14.41584370773851731, -0.7499999980067396654 ) ) ;
#141 = CYLINDRICAL_SURFACE ( 'NONE', #2070, 1.499999997199990220 ) ;
#142 = EDGE_LOOP ( 'NONE', ( #4480, #3405, #123, #530, #1842, #4580, #2773, #2345 ) ) ;
#143 = FACE_OUTER_BOUND ( 'NONE', #4321, .T. ) ;
#144 = ORIENTED_EDGE ( 'NONE', *, *, #3286, .F. ) ;
#145 = CARTESIAN_POINT ( 'NONE',  ( 36.68592295355333022, -10.39189676002262885, -0.7499999985999999952 ) ) ;
#146 = DIRECTION ( 'NONE',  ( 0.000000000000000000, 0.000000000000000000, -1.000000000000000000 ) ) ;
#147 = CARTESIAN_POINT ( 'NONE',  ( -15.53589821774162338, 34.90896506587498749, 0.7499999985999999952 ) ) ;
#148 = VERTEX_POINT ( 'NONE', #4566 ) ;
#149 = CARTESIAN_POINT ( 'NONE',  ( -8.584936287291206725, 22.46762206999999734, 0.4499999986000000618 ) ) ;
#150 = CARTESIAN_POINT ( 'NONE',  ( -3.999999984091146210, -29.00000001360000823, 0.4499999986000000618 ) ) ;
#151 = CIRCLE ( 'NONE', #1657, 1.499999997199991109 ) ;
#152 = EDGE_CURVE ( 'NONE', #4023, #748, #3852, .T. ) ;
#153 = CARTESIAN_POINT ( 'NONE',  ( 37.83382058406620985, -8.036252229347615739, 0.7499999899553149163 ) ) ;
#154 = DIRECTION ( 'NONE',  ( 1.000000000000000000, 0.000000000000000000, 0.000000000000000000 ) ) ;
#155 = ORIENTED_EDGE ( 'NONE', *, *, #3780, .T. ) ;
#156 = VECTOR ( 'NONE', #3769, 1000.000000000000000 ) ;
#157 = CARTESIAN_POINT ( 'NONE',  ( 7.777777922092221630, 0.1573971140268748403, 0.7550880628038695308 ) ) ;
#158 = ORIENTED_EDGE ( 'NONE', *, *, #1620, .T. ) ;
#159 = DIRECTION ( 'NONE',  ( -1.000000000000000000, 0.000000000000000000, 0.000000000000000000 ) ) ;
#160 = AXIS2_PLACEMENT_3D ( 'NONE', #2293, #4125, #1246 ) ;
#161 = DIRECTION ( 'NONE',  ( 1.000000000000000000, 0.000000000000000000, 0.000000000000000000 ) ) ;
#162 = ORIENTED_EDGE ( 'NONE', *, *, #3076, .F. ) ;
#163 = CARTESIAN_POINT ( 'NONE',  ( -16.49999999621715219, 15.99999995991702129, -0.7500000017667113328 ) ) ;
#164 = ADVANCED_FACE ( 'NONE', ( #984 ), #2358, .F. ) ;
#165 = VERTEX_POINT ( 'NONE', #3688 ) ;
#166 = CARTESIAN_POINT ( 'NONE',  ( 37.99999881990883921, 4.000001169399997281, 0.7499999986000002172 ) ) ;
#167 = EDGE_CURVE ( 'NONE', #3197, #1621, #2653, .T. ) ;
#168 = CARTESIAN_POINT ( 'NONE',  ( 23.47600221390883846, -8.176497693199996419, 0.2499999995333333780 ) ) ;
#169 = CARTESIAN_POINT ( 'NONE',  ( -9.567427771888626253, -21.03435567363848335, 0.4499999986000000618 ) ) ;
#170 = ORIENTED_EDGE ( 'NONE', *, *, #604, .T. ) ;
#171 = CARTESIAN_POINT ( 'NONE',  ( 28.87821675953983203, -16.70329067554948566, 0.7499999978549199975 ) ) ;
#172 = CARTESIAN_POINT ( 'NONE',  ( 36.11947527083187026, -11.05938028553998720, -0.7499999950241491575 ) ) ;
#173 = B_SPLINE_CURVE_WITH_KNOTS ( 'NONE', 3,
 ( #3037, #3704, #4029, #4453 ),
 .UNSPECIFIED., .F., .F.,
 ( 4, 4 ),
 ( 0.000000000000000000, 1.000000000000000000 ),
 .UNSPECIFIED. ) ;
#174 = DIRECTION ( 'NONE',  ( -1.000000000000000000, 0.000000000000000000, 0.000000000000000000 ) ) ;
#175 = ORIENTED_EDGE ( 'NONE', *, *, #1072, .T. ) ;
#176 = CARTESIAN_POINT ( 'NONE',  ( 37.99999881990883921, -3.999998832599993559, -0.7499999985999999952 ) ) ;
#177 = ORIENTED_EDGE ( 'NONE', *, *, #1203, .F. ) ;
#178 = DIRECTION ( 'NONE',  ( 1.000000000000000000, 3.016910829536994458E-15, 0.000000000000000000 ) ) ;
#179 = EDGE_CURVE ( 'NONE', #1490, #2336, #3497, .T. ) ;
#180 = EDGE_CURVE ( 'NONE', #2673, #4111, #1913, .T. ) ;
#181 = DIRECTION ( 'NONE',  ( -0.8660254044612840651, -0.4999999988276693785, 0.000000000000000000 ) ) ;
#182 = ORIENTED_EDGE ( 'NONE', *, *, #651, .T. ) ;
#183 = FACE_OUTER_BOUND ( 'NONE', #2848, .T. ) ;
#184 = CARTESIAN_POINT ( 'NONE',  ( -8.585040951883282645, -22.48532359358026866, -0.7499999985999999952 ) ) ;
#185 = VECTOR ( 'NONE', #2515, 1000.000000000000000 ) ;
#186 = VERTEX_POINT ( 'NONE', #277 ) ;
#187 = CARTESIAN_POINT ( 'NONE',  ( -23.99999922803114316, -13.00000112719998313, -0.7499999983212393140 ) ) ;
#188 = VERTEX_POINT ( 'NONE', #4499 ) ;
#189 = DIRECTION ( 'NONE',  ( 1.000000000000000000, 0.000000000000000000, 0.000000000000000000 ) ) ;
#190 = LINE ( 'NONE', #658, #3786 ) ;
#191 = AXIS2_PLACEMENT_3D ( 'NONE', #4215, #306, #4618 ) ;
#192 = CARTESIAN_POINT ( 'NONE',  ( -13.49999998419163028, 12.99999995879999659, -0.7500000015687918742 ) ) ;
#193 = ORIENTED_EDGE ( 'NONE', *, *, #3842, .F. ) ;
#194 = DIRECTION ( 'NONE',  ( 0.3420201455432401727, -0.9396926199787783984, 0.000000000000000000 ) ) ;
#195 = B_SPLINE_CURVE_WITH_KNOTS ( 'NONE', 3,
 ( #835, #2988, #466, #2893, #4324, #3678, #1900, #1155, #1856, #1129 ),
 .UNSPECIFIED., .F., .F.,
 ( 4, 2, 2, 2, 4 ),
 ( 0.000000000000000000, 0.2500000000000001665, 0.5000000000000003331, 0.7499999999999996669, 1.000000000000000000 ),
 .UNSPECIFIED. ) ;
#196 = CARTESIAN_POINT ( 'NONE',  ( -0.2247812302774911397, 0.2066744479405999979, -0.0007499999985999999995 ) ) ;
#197 = CARTESIAN_POINT ( 'NONE',  ( -23.80940075599767525, 30.13225613274995141, -0.7499999985999999952 ) ) ;
#198 = EDGE_LOOP ( 'NONE', ( #4351, #3492, #2569, #4547 ) ) ;
#199 = CARTESIAN_POINT ( 'NONE',  ( -16.92092901612970834, -27.00790913758441292, 0.4499999986000000618 ) ) ;
#200 = CARTESIAN_POINT ( 'NONE',  ( -22.46410144456165270, 30.90896507352547218, 0.7499999985999999952 ) ) ;
#201 = CARTESIAN_POINT ( 'NONE',  ( -18.07092917009111943, -28.99976747660002019, 0.4499999986000000618 ) ) ;
#202 = VERTEX_POINT ( 'NONE', #1297 ) ;
#203 = CARTESIAN_POINT ( 'NONE',  ( -20.99999923269113467, -13.00000112719998313, 9.757819552369539906E-16 ) ) ;
#204 = FACE_OUTER_BOUND ( 'NONE', #2790, .T. ) ;
#205 = CARTESIAN_POINT ( 'NONE',  ( 6.743886005189381194E-08, -11.48331470457189596, 0.7550880628038695308 ) ) ;
#206 = ORIENTED_EDGE ( 'NONE', *, *, #1264, .F. ) ;
#207 = CARTESIAN_POINT ( 'NONE',  ( 17.68778267270187854, -20.56099660264151652, -0.7499999956280483104 ) ) ;
#208 = ORIENTED_EDGE ( 'NONE', *, *, #1550, .T. ) ;
#209 = CARTESIAN_POINT ( 'NONE',  ( 14.06124392210142915, -12.52798065083301360, -0.7499999985999998842 ) ) ;
#210 = CARTESIAN_POINT ( 'NONE',  ( 17.68778267270187854, -20.56099660264151652, -0.7499999956280483104 ) ) ;
#211 = CARTESIAN_POINT ( 'NONE',  ( 23.65697733376084955, 9.202560529677993983, 0.7499999951321840719 ) ) ;
#212 = ORIENTED_EDGE ( 'NONE', *, *, #3219, .F. ) ;
#213 = CARTESIAN_POINT ( 'NONE',  ( 36.11947482510802843, 11.05938055588142888, 0.2499999988261230321 ) ) ;
#214 = B_SPLINE_CURVE_WITH_KNOTS ( 'NONE', 3,
 ( #657, #2202, #421, #2570 ),
 .UNSPECIFIED., .F., .F.,
 ( 4, 4 ),
 ( 0.000000000000000000, 1.000000000000000000 ),
 .UNSPECIFIED. ) ;
#215 = CARTESIAN_POINT ( 'NONE',  ( -16.92092901612970834, -27.00790913758441292, -0.7499999985999999952 ) ) ;
#216 = CARTESIAN_POINT ( 'NONE',  ( 7.519395298268044314, -23.36847133466668325, -0.7499999985999998842 ) ) ;
#217 = ORIENTED_EDGE ( 'NONE', *, *, #237, .F. ) ;
#218 = CARTESIAN_POINT ( 'NONE',  ( 20.87345546071986391, 1.026061600114980266, -0.7499999997293944620 ) ) ;
#219 = EDGE_CURVE ( 'NONE', #3188, #3855, #3155, .T. ) ;
#220 = EDGE_CURVE ( 'NONE', #2122, #2155, #2019, .T. ) ;
#221 = CARTESIAN_POINT ( 'NONE',  ( 12.31544841299140458, -35.02171500266521065, 0.7500000116040199671 ) ) ;
#222 = CARTESIAN_POINT ( 'NONE',  ( 13.61669133630235962, 11.67362300947022646, 0.7499999986000001062 ) ) ;
#223 = EDGE_CURVE ( 'NONE', #1614, #2698, #3212, .T. ) ;
#224 = VECTOR ( 'NONE', #3051, 1000.000000000000000 ) ;
#225 = ORIENTED_EDGE ( 'NONE', *, *, #1011, .T. ) ;
#226 = CARTESIAN_POINT ( 'NONE',  ( 7.072730092637868893, -38.00000112919399697, 0.7500000029346749475 ) ) ;
#227 = CARTESIAN_POINT ( 'NONE',  ( 26.54391742569687551, -17.19946133313654713, -0.7499999985999999952 ) ) ;
#228 = SECURITY_CLASSIFICATION ( '', '', #2882 ) ;
#229 = ADVANCED_FACE ( 'NONE', ( #676 ), #3935, .F. ) ;
#230 = DIRECTION ( 'NONE',  ( 0.000000000000000000, 0.000000000000000000, 1.000000000000000000 ) ) ;
#231 = EDGE_LOOP ( 'NONE', ( #116, #488 ) ) ;
#232 = CARTESIAN_POINT ( 'NONE',  ( 20.69253333290238572, 1.167984015060241632E-06, 0.7500000003276501293 ) ) ;
#233 = ORIENTED_EDGE ( 'NONE', *, *, #180, .T. ) ;
#234 = PLANE ( 'NONE',  #2995 ) ;
#235 = B_SPLINE_CURVE_WITH_KNOTS ( 'NONE', 3,
 ( #349, #3651, #2587, #108, #4395, #483, #2984, #832, #1922, #2610, #2264, #1852, #808, #4001 ),
 .UNSPECIFIED., .F., .F.,
 ( 4, 2, 2, 2, 2, 2, 4 ),
 ( 0.000000000000000000, 0.1943846050178223150, 0.2915769075267334864, 0.3887692100356446301, 0.5831538150534669729, 0.6803461175623783941, 0.7775384200712899263 ),
 .UNSPECIFIED. ) ;
#236 = DIRECTION ( 'NONE',  ( 0.000000000000000000, 0.000000000000000000, 1.000000000000000000 ) ) ;
#237 = EDGE_CURVE ( 'NONE', #4290, #3339, #3548, .T. ) ;
#238 = EDGE_CURVE ( 'NONE', #3170, #3197, #247, .T. ) ;
#239 = CARTESIAN_POINT ( 'NONE',  ( 5.000000072458876232, -23.99999988958351338, 0.7500000003000401039 ) ) ;
#240 = EDGE_LOOP ( 'NONE', ( #514, #2282, #1390, #962 ) ) ;
#241 = CARTESIAN_POINT ( 'NONE',  ( -20.99999923269113467, -16.00000112316099532, 0.7499999991378600850 ) ) ;
#242 = EDGE_CURVE ( 'NONE', #3685, #2682, #3228, .T. ) ;
#243 = CARTESIAN_POINT ( 'NONE',  ( 36.11947526929787244, -11.05938028777550564, 0.7499999957184361188 ) ) ;
#244 = VERTEX_POINT ( 'NONE', #1830 ) ;
#245 = CARTESIAN_POINT ( 'NONE',  ( -7.777418248992972849, 0.1576373639027017770, 0.7499999985499903321 ) ) ;
#246 = DIRECTION ( 'NONE',  ( -1.000000000000000000, 0.000000000000000000, 0.000000000000000000 ) ) ;
#247 = B_SPLINE_CURVE_WITH_KNOTS ( 'NONE', 3,
 ( #3251, #393, #2519, #1107, #2871, #4235, #4303, #2495, #1758, #4613, #1406, #3533, #3201, #2824, #1028 ),
 .UNSPECIFIED., .F., .F.,
 ( 4, 2, 2, 2, 1, 2, 2, 4 ),
 ( 0.2224837895419754796, 0.3196733158492286453, 0.4168628421564818387, 0.5140523684637350321, 0.6112418947709882255, 0.7084314210782415300, 0.8056209473854946124, 1.000000000000000000 ),
 .UNSPECIFIED. ) ;
#248 = CARTESIAN_POINT ( 'NONE',  ( -8.785898446668605644, -23.21762278431113558, 0.4499999986000000618 ) ) ;
#249 = ORIENTED_EDGE ( 'NONE', *, *, #4518, .F. ) ;
#250 = CARTESIAN_POINT ( 'NONE',  ( 21.68298479463184947, -12.02163597843702902, -0.7499999953069438341 ) ) ;
#251 = CARTESIAN_POINT ( 'NONE',  ( 31.84999999470883125, -1.150000011399976430, -0.7550132910086272409 ) ) ;
#252 = EDGE_CURVE ( 'NONE', #2538, #3911, #300, .T. ) ;
#253 = CARTESIAN_POINT ( 'NONE',  ( -28.38169372084465891, 27.03446100174192068, 0.7500000111498402733 ) ) ;
#254 = ORIENTED_EDGE ( 'NONE', *, *, #398, .F. ) ;
#255 = CARTESIAN_POINT ( 'NONE',  ( 37.99999880989285117, -6.285393121375021153, 0.7499999958985381632 ) ) ;
#256 = VERTEX_POINT ( 'NONE', #324 ) ;
#257 = DIRECTION ( 'NONE',  ( 0.000000000000000000, 0.000000000000000000, 1.000000000000000000 ) ) ;
#258 = AXIS2_PLACEMENT_3D ( 'NONE', #3319, #1124, #2215 ) ;
#259 = CARTESIAN_POINT ( 'NONE',  ( -15.53589821774162338, 34.90896506587498749, -0.7499999985999999952 ) ) ;
#260 = CIRCLE ( 'NONE', #2139, 1.500000029069059160 ) ;
#261 = ADVANCED_FACE ( 'NONE', ( #1050 ), #2176, .F. ) ;
#262 = CARTESIAN_POINT ( 'NONE',  ( -7.249999986491145521, 8.999999983200002163, 0.7499999985999999952 ) ) ;
#263 = VERTEX_POINT ( 'NONE', #3861 ) ;
#264 = CARTESIAN_POINT ( 'NONE',  ( 23.65697733599736452, -9.202558192881015842, -0.7499999936604241357 ) ) ;
#265 = AXIS2_PLACEMENT_3D ( 'NONE', #2649, #565, #1653 ) ;
#266 = AXIS2_PLACEMENT_3D ( 'NONE', #1855, #1829, #1430 ) ;
#267 = EDGE_CURVE ( 'NONE', #2922, #2212, #4588, .T. ) ;
#268 = DIRECTION ( 'NONE',  ( 1.000000000000000000, 0.000000000000000000, 0.000000000000000000 ) ) ;
#269 = ORIENTED_EDGE ( 'NONE', *, *, #91, .F. ) ;
#270 = DIRECTION ( 'NONE',  ( 0.000000000000000000, 0.000000000000000000, 1.000000000000000000 ) ) ;
#271 = CARTESIAN_POINT ( 'NONE',  ( -8.306424950091152226, 31.00000116980000797, 0.000000000000000000 ) ) ;
#272 = B_SPLINE_CURVE_WITH_KNOTS ( 'NONE', 3,
 ( #1231, #3357, #2628, #210 ),
 .UNSPECIFIED., .F., .F.,
 ( 4, 4 ),
 ( 0.000000000000000000, 1.000000000000000000 ),
 .UNSPECIFIED. ) ;
#273 = DIRECTION ( 'NONE',  ( 0.000000000000000000, 0.000000000000000000, 1.000000000000000000 ) ) ;
#274 = ORIENTED_EDGE ( 'NONE', *, *, #2427, .T. ) ;
#275 = CARTESIAN_POINT ( 'NONE',  ( -22.46410219474762116, -30.90896482219498864, 0.4499999986000000618 ) ) ;
#276 = LINE ( 'NONE', #959, #120 ) ;
#277 = CARTESIAN_POINT ( 'NONE',  ( 15.22190043251636737, -23.20533159131552026, -0.7499999983070638754 ) ) ;
#278 = ORIENTED_EDGE ( 'NONE', *, *, #2115, .T. ) ;
#279 = LINE ( 'NONE', #1716, #76 ) ;
#280 = EDGE_LOOP ( 'NONE', ( #2543, #3455, #588, #193, #2671 ) ) ;
#281 = CARTESIAN_POINT ( 'NONE',  ( -6.249999979891146751, -29.00000001360000823, 0.7499999985999999952 ) ) ;
#282 = DIRECTION ( 'NONE',  ( 0.000000000000000000, 1.000000000000000000, 0.000000000000000000 ) ) ;
#283 = CARTESIAN_POINT ( 'NONE',  ( 34.15000001750889425, 0.000000000000000000, 0.1500000047999999753 ) ) ;
#284 = EDGE_CURVE ( 'NONE', #4023, #500, #2449, .T. ) ;
#285 = ORIENTED_EDGE ( 'NONE', *, *, #1901, .T. ) ;
#286 = DIRECTION ( 'NONE',  ( 1.000000000000000000, 0.000000000000000000, 0.000000000000000000 ) ) ;
#287 = CARTESIAN_POINT ( 'NONE',  ( -14.65977646857116135, -15.40231523991538332, -0.7499999986000002172 ) ) ;
#288 = ORIENTED_EDGE ( 'NONE', *, *, #1773, .T. ) ;
#289 = DIRECTION ( 'NONE',  ( 0.000000000000000000, 1.000000000000000000, 0.000000000000000000 ) ) ;
#290 = B_SPLINE_CURVE_WITH_KNOTS ( 'NONE', 3,
 ( #3753, #1228, #2646, #4082, #1579, #1251, #869, #2275, #841, #2319 ),
 .UNSPECIFIED., .F., .F.,
 ( 4, 2, 2, 2, 4 ),
 ( 0.000000000000000000, 0.2500000000000000000, 0.5000000000000000000, 0.7500000000000000000, 1.000000000000000000 ),
 .UNSPECIFIED. ) ;
#291 = CARTESIAN_POINT ( 'NONE',  ( -9.999999998307639970, -18.99999989009701196, 0.7499999985666601088 ) ) ;
#292 = EDGE_CURVE ( 'NONE', #1688, #2354, #3482, .T. ) ;
#293 = DIRECTION ( 'NONE',  ( 0.000000000000000000, 0.000000000000000000, 1.000000000000000000 ) ) ;
#294 = ORIENTED_EDGE ( 'NONE', *, *, #3921, .T. ) ;
#295 = CARTESIAN_POINT ( 'NONE',  ( -3.999999984091146210, -29.00000001360000823, 0.1500000047999999753 ) ) ;
#296 = AXIS2_PLACEMENT_3D ( 'NONE', #3187, #2117, #2389 ) ;
#297 = DIRECTION ( 'NONE',  ( 0.000000000000000000, 0.000000000000000000, 1.000000000000000000 ) ) ;
#298 = ADVANCED_FACE ( 'NONE', ( #347 ), #1477, .T. ) ;
#299 = VECTOR ( 'NONE', #3454, 1000.000000000000000 ) ;
#300 = LINE ( 'NONE', #746, #2875 ) ;
#301 = ORIENTED_EDGE ( 'NONE', *, *, #3914, .T. ) ;
#302 = CARTESIAN_POINT ( 'NONE',  ( -23.99999922709108091, 4.333332927011688263, 0.7499999985999999952 ) ) ;
#303 = ORIENTED_EDGE ( 'NONE', *, *, #2076, .F. ) ;
#304 = DIRECTION ( 'NONE',  ( 0.000000000000000000, 0.000000000000000000, 1.000000000000000000 ) ) ;
#305 = ADVANCED_FACE ( 'NONE', ( #1004 ), #2428, .F. ) ;
#306 = DIRECTION ( 'NONE',  ( 0.000000000000000000, 0.000000000000000000, 1.000000000000000000 ) ) ;
#307 = PRODUCT ( 'PEN-S-PPC', 'PEN-S-PPC', '', ( #708 ) ) ;
#308 = ADVANCED_FACE ( 'NONE', ( #1734, #3157, #2640 ), #2593, .T. ) ;
#309 = VECTOR ( 'NONE', #1899, 1000.000000000000000 ) ;
#310 = CARTESIAN_POINT ( 'NONE',  ( 1.750000022108871844, -29.00000001360000823, 0.4499999986000000618 ) ) ;
#311 = ORIENTED_EDGE ( 'NONE', *, *, #2962, .T. ) ;
#312 = CARTESIAN_POINT ( 'NONE',  ( -22.46410219474762116, -30.90896482219498864, 0.4499999986000000618 ) ) ;
#313 = CALENDAR_DATE ( 2025, 21, 1 ) ;
#314 = CARTESIAN_POINT ( 'NONE',  ( -0.6168467935911414735, -38.00000113979998417, -0.7499999985999999952 ) ) ;
#315 = VERTEX_POINT ( 'NONE', #1875 ) ;
#316 = PLANE ( 'NONE',  #1214 ) ;
#317 = CARTESIAN_POINT ( 'NONE',  ( -14.92907095960271846, -28.15790911661428098, -0.4499999890000000446 ) ) ;
#318 = CARTESIAN_POINT ( 'NONE',  ( -23.99999922709114486, 12.99999995879999659, -0.2499999984351427007 ) ) ;
#319 = VERTEX_POINT ( 'NONE', #1222 ) ;
#320 = FACE_OUTER_BOUND ( 'NONE', #1570, .T. ) ;
#321 = EDGE_CURVE ( 'NONE', #713, #463, #1498, .T. ) ;
#322 = EDGE_CURVE ( 'NONE', #782, #2872, #1034, .T. ) ;
#323 = CARTESIAN_POINT ( 'NONE',  ( -29.99999924129115314, 7.505553611333346531, 0.7499999985999999952 ) ) ;
#324 = CARTESIAN_POINT ( 'NONE',  ( -2.499999986891154879, -29.00000001360000823, 0.4499999986000000618 ) ) ;
#325 = EDGE_LOOP ( 'NONE', ( #2707, #3276, #4318, #2078 ) ) ;
#326 = CARTESIAN_POINT ( 'NONE',  ( -15.50407051159113969, 29.15383847909999560, 0.4499999986000000618 ) ) ;
#327 = ORIENTED_EDGE ( 'NONE', *, *, #2933, .F. ) ;
#328 = CARTESIAN_POINT ( 'NONE',  ( 4.999999999108855953, 8.999999983200002163, 0.4499999986000000618 ) ) ;
#329 = LINE ( 'NONE', #3451, #415 ) ;
#330 = CYLINDRICAL_SURFACE ( 'NONE', #4565, 8.000000002000039245 ) ;
#331 = ORIENTED_EDGE ( 'NONE', *, *, #3418, .T. ) ;
#332 = CARTESIAN_POINT ( 'NONE',  ( 23.47600221421736322, -8.176497693117484644, 0.7499999962881899185 ) ) ;
#333 = B_SPLINE_CURVE_WITH_KNOTS ( 'NONE', 3,
 ( #4268, #1064, #2484, #2144 ),
 .UNSPECIFIED., .F., .F.,
 ( 4, 4 ),
 ( 0.000000000000000000, 1.000000000000000000 ),
 .UNSPECIFIED. ) ;
#334 = COORDINATED_UNIVERSAL_TIME_OFFSET ( 1, 0, .AHEAD. ) ;
#335 = AXIS2_PLACEMENT_3D ( 'NONE', #2063, #4149, #2979 ) ;
#336 = ORIENTED_EDGE ( 'NONE', *, *, #958, .T. ) ;
#337 = CARTESIAN_POINT ( 'NONE',  ( -15.71410143439513973, 19.21762206827698449, 0.4499999986000000618 ) ) ;
#338 = ORIENTED_EDGE ( 'NONE', *, *, #411, .F. ) ;
#339 = CARTESIAN_POINT ( 'NONE',  ( -28.75521307410218697, 26.54843431044151458, -0.7499999985999999952 ) ) ;
#340 = AXIS2_PLACEMENT_3D ( 'NONE', #3983, #813, #2970 ) ;
#341 = CARTESIAN_POINT ( 'NONE',  ( -15.50407051159113969, 29.15383847909999560, -0.4499999890000000446 ) ) ;
#342 = AXIS2_PLACEMENT_3D ( 'NONE', #1543, #4025, #3033 ) ;
#343 = CARTESIAN_POINT ( 'NONE',  ( -22.46410144456165270, 30.90896507352547218, 0.4499999986000000618 ) ) ;
#344 = ORIENTED_EDGE ( 'NONE', *, *, #2171, .T. ) ;
#345 = CARTESIAN_POINT ( 'NONE',  ( 24.49999881970884985, -3.999998821393985438, 0.7499999985999999952 ) ) ;
#346 = CARTESIAN_POINT ( 'NONE',  ( 36.11947527590891127, -11.05938029419999857, -0.2499999995333333780 ) ) ;
#347 = FACE_OUTER_BOUND ( 'NONE', #1407, .T. ) ;
#348 = ORIENTED_EDGE ( 'NONE', *, *, #1753, .T. ) ;
#349 = CARTESIAN_POINT ( 'NONE',  ( 21.68298479043334481, 12.02163832910149743, 0.7499999964422379151 ) ) ;
#350 = ORIENTED_EDGE ( 'NONE', *, *, #3391, .F. ) ;
#351 = CARTESIAN_POINT ( 'NONE',  ( 17.52606057330785561, -13.53463267532051262, -0.7499999952333182840 ) ) ;
#352 = DIRECTION ( 'NONE',  ( 1.000000000000000000, 0.000000000000000000, 0.000000000000000000 ) ) ;
#353 = B_SPLINE_CURVE_WITH_KNOTS ( 'NONE', 3,
 ( #2281, #3716, #3430, #4620 ),
 .UNSPECIFIED., .F., .F.,
 ( 4, 4 ),
 ( 0.000000000000000000, 0.7499999974166666750 ),
 .UNSPECIFIED. ) ;
#354 = CARTESIAN_POINT ( 'NONE',  ( -7.778136621149068120, 0.1571573728709474427, -0.7499999971500664886 ) ) ;
#355 = VERTEX_POINT ( 'NONE', #1524 ) ;
#356 = CARTESIAN_POINT ( 'NONE',  ( -8.917290092011974423, 37.99999994600003106, 0.7500000103000230567 ) ) ;
#357 = APPROVAL_STATUS ( 'not_yet_approved' ) ;
#358 = ORIENTED_EDGE ( 'NONE', *, *, #2730, .T. ) ;
#359 = CARTESIAN_POINT ( 'NONE',  ( -20.99999923269113467, 15.99999995320000679, -0.2499999995333333780 ) ) ;
#360 = CARTESIAN_POINT ( 'NONE',  ( -14.74999999789114469, -22.94967320139998535, 0.1500000047999999753 ) ) ;
#361 = VERTEX_POINT ( 'NONE', #487 ) ;
#362 = FACE_OUTER_BOUND ( 'NONE', #3534, .T. ) ;
#363 = DIRECTION ( 'NONE',  ( -0.000000000000000000, -0.000000000000000000, -1.000000000000000000 ) ) ;
#364 = DIRECTION ( 'NONE',  ( 1.000000000000000000, 0.000000000000000000, 0.000000000000000000 ) ) ;
#365 = EDGE_CURVE ( 'NONE', #493, #1081, #2291, .T. ) ;
#366 = ORIENTED_EDGE ( 'NONE', *, *, #1634, .F. ) ;
#367 = CARTESIAN_POINT ( 'NONE',  ( -27.02902440134510442, -28.27340533592816030, 0.7499999891559798737 ) ) ;
#368 = CARTESIAN_POINT ( 'NONE',  ( -0.4042559427703644737, 32.06485023681976543, 0.7499999986000001062 ) ) ;
#369 = EDGE_CURVE ( 'NONE', #1735, #2318, #4457, .T. ) ;
#370 = CARTESIAN_POINT ( 'NONE',  ( -15.92499998469115674, 27.58290912159999664, 0.1500000047999999753 ) ) ;
#371 = ORIENTED_EDGE ( 'NONE', *, *, #917, .T. ) ;
#372 = ORIENTED_EDGE ( 'NONE', *, *, #709, .F. ) ;
#373 = FACE_OUTER_BOUND ( 'NONE', #567, .T. ) ;
#374 = FACE_OUTER_BOUND ( 'NONE', #2491, .T. ) ;
#375 = CARTESIAN_POINT ( 'NONE',  ( -11.80642531198713918, -37.06217839539252878, 0.7499999971706561297 ) ) ;
#376 = ORIENTED_EDGE ( 'NONE', *, *, #2520, .F. ) ;
#377 = DIRECTION ( 'NONE',  ( 0.000000000000000000, 0.000000000000000000, 1.000000000000000000 ) ) ;
#378 = ADVANCED_FACE ( 'NONE', ( #2199 ), #4052, .F. ) ;
#379 = DATE_AND_TIME ( #1795, #2627 ) ;
#380 = ORIENTED_EDGE ( 'NONE', *, *, #2751, .T. ) ;
#381 = ORIENTED_EDGE ( 'NONE', *, *, #4415, .F. ) ;
#382 = CYLINDRICAL_SURFACE ( 'NONE', #526, 8.000000002000039245 ) ;
#383 = ORIENTED_EDGE ( 'NONE', *, *, #510, .F. ) ;
#384 = CARTESIAN_POINT ( 'NONE',  ( -29.36914114264266829, 25.48488671567110941, -0.7499999986000001062 ) ) ;
#385 = AXIS2_PLACEMENT_3D ( 'NONE', #2805, #2763, #1340 ) ;
#386 = EDGE_CURVE ( 'NONE', #686, #1131, #4350, .T. ) ;
#387 = CARTESIAN_POINT ( 'NONE',  ( 37.99999881061339124, -6.285393118987014915, -0.7499999947857590721 ) ) ;
#388 = CARTESIAN_POINT ( 'NONE',  ( -8.585040951883282645, -22.48532359358026866, -0.7499999985999999952 ) ) ;
#389 = VERTEX_POINT ( 'NONE', #90 ) ;
#390 = CARTESIAN_POINT ( 'NONE',  ( -26.49999963745763765, -28.57883796948351574, 0.7499999956487439778 ) ) ;
#391 = CARTESIAN_POINT ( 'NONE',  ( -23.80940133722767982, -30.13225586500493947, 0.7499999985999999952 ) ) ;
#392 = B_SPLINE_CURVE_WITH_KNOTS ( 'NONE', 3,
 ( #2528, #2901, #125, #1554 ),
 .UNSPECIFIED., .F., .F.,
 ( 4, 4 ),
 ( 0.2500000025833333250, 1.000000000000000000 ),
 .UNSPECIFIED. ) ;
#393 = CARTESIAN_POINT ( 'NONE',  ( 23.65683006412017164, 9.356114872329071019, -0.7499999985999999952 ) ) ;
#394 = EDGE_LOOP ( 'NONE', ( #110, #3330, #1954, #45 ) ) ;
#395 = ORIENTED_EDGE ( 'NONE', *, *, #1956, .F. ) ;
#396 = CARTESIAN_POINT ( 'NONE',  ( 9.217105840320980903, -1.282794663991095208, -0.7499999986000002172 ) ) ;
#397 = PLANE ( 'NONE',  #862 ) ;
#398 = EDGE_CURVE ( 'NONE', #1298, #3862, #2269, .T. ) ;
#399 = CARTESIAN_POINT ( 'NONE',  ( -9.602102926312404918, -2.003058415172537465, -0.7499999985999998842 ) ) ;
#400 = EDGE_LOOP ( 'NONE', ( #1345, #2986, #4136, #1446 ) ) ;
#401 = CARTESIAN_POINT ( 'NONE',  ( 16.58586241090882041, 13.75265896881434990, -0.7499999986000001062 ) ) ;
#402 = PERSON_AND_ORGANIZATION_ROLE ( 'classification_officer' ) ;
#403 = ORIENTED_EDGE ( 'NONE', *, *, #1417, .T. ) ;
#404 = ORIENTED_EDGE ( 'NONE', *, *, #1757, .F. ) ;
#405 = PLANE ( 'NONE',  #1726 ) ;
#406 = ORIENTED_EDGE ( 'NONE', *, *, #4389, .F. ) ;
#407 = CARTESIAN_POINT ( 'NONE',  ( -22.51528077307931142, -15.61960643658731129, 0.7499999985999998842 ) ) ;
#408 = VECTOR ( 'NONE', #4320, 1000.000000000000000 ) ;
#409 = CARTESIAN_POINT ( 'NONE',  ( -7.560625137152644726, -23.34619891436995331, 0.7499999985999998842 ) ) ;
#410 = B_SPLINE_CURVE_WITH_KNOTS ( 'NONE', 3,
 ( #207, #891, #1628, #3398 ),
 .UNSPECIFIED., .F., .F.,
 ( 4, 4 ),
 ( 0.000000000000000000, 1.000000000000000000 ),
 .UNSPECIFIED. ) ;
#411 = EDGE_CURVE ( 'NONE', #995, #1769, #195, .T. ) ;
#412 = LINE ( 'NONE', #4000, #408 ) ;
#413 = ORIENTED_EDGE ( 'NONE', *, *, #22, .T. ) ;
#414 = CARTESIAN_POINT ( 'NONE',  ( -29.60337651709324192, -24.91844405604754442, 0.7499999891559800957 ) ) ;
#415 = VECTOR ( 'NONE', #2481, 1000.000000000000000 ) ;
#416 = CARTESIAN_POINT ( 'NONE',  ( -26.49999936289565383, 28.57883827779797414, -0.7500000014436660756 ) ) ;
#417 = EDGE_CURVE ( 'NONE', #479, #361, #639, .T. ) ;
#418 = CARTESIAN_POINT ( 'NONE',  ( -14.77499966849113378, 27.58290912159999664, -0.7499999985999999952 ) ) ;
#419 = ORIENTED_EDGE ( 'NONE', *, *, #3764, .F. ) ;
#420 = EDGE_LOOP ( 'NONE', ( #4334, #3909, #4375, #2217, #778, #3435, #592, #4247, #933, #677, #847, #2081, #452, #3431, #2228, #801, #805, #1729, #3191, #4211, #3350, #372, #3699, #1697, #881, #1284, #99, #2680, #3890, #4335, #87, #2177, #2234, #1314, #3008, #3802, #206, #2022, #3180, #1961, #1503, #1379, #4293, #4218, #3515, #2372, #4131, #1924, #2768, #1969, #2359, #3022, #1001 ) ) ;
#421 = CARTESIAN_POINT ( 'NONE',  ( -8.306423680091155504, -38.00000111439998562, 0.2499999997519506967 ) ) ;
#422 = CARTESIAN_POINT ( 'NONE',  ( 21.87531874729636883, -18.19180265466199842, 0.7499999965614000397 ) ) ;
#423 = CARTESIAN_POINT ( 'NONE',  ( -13.49999999362713687, -13.00000112719998313, 0.7500000024437449841 ) ) ;
#424 = VERTEX_POINT ( 'NONE', #418 ) ;
#425 = CARTESIAN_POINT ( 'NONE',  ( 15.22190043319188213, -23.20533159177850990, 0.7499999991986160408 ) ) ;
#426 = EDGE_CURVE ( 'NONE', #2810, #121, #2963, .T. ) ;
#427 = VERTEX_POINT ( 'NONE', #769 ) ;
#428 = CARTESIAN_POINT ( 'NONE',  ( -29.99999924005014407, -22.51666037799451914, -0.7499999947737230332 ) ) ;
#429 = ORIENTED_EDGE ( 'NONE', *, *, #1255, .F. ) ;
#430 = DIRECTION ( 'NONE',  ( 0.000000000000000000, 0.000000000000000000, 1.000000000000000000 ) ) ;
#431 = PLANE ( 'NONE',  #1663 ) ;
#432 = EDGE_CURVE ( 'NONE', #1309, #1268, #2819, .T. ) ;
#433 = CARTESIAN_POINT ( 'NONE',  ( 15.22190043319188213, -23.20533159177850990, 0.7499999991986160408 ) ) ;
#434 = CARTESIAN_POINT ( 'NONE',  ( 37.19128301954140881, 9.667240329835008694, -0.7499999986000002172 ) ) ;
#435 = ORIENTED_EDGE ( 'NONE', *, *, #2744, .F. ) ;
#436 = CARTESIAN_POINT ( 'NONE',  ( 9.750715761171759866, -2.387835304509871026, 0.7499999986000001062 ) ) ;
#437 = EDGE_CURVE ( 'NONE', #771, #2952, #3701, .T. ) ;
#438 = CARTESIAN_POINT ( 'NONE',  ( -5.499999981291137097, -29.00000001360000823, -0.7499999985999999952 ) ) ;
#439 = DIRECTION ( 'NONE',  ( 0.000000000000000000, 0.000000000000000000, 1.000000000000000000 ) ) ;
#440 = ORIENTED_EDGE ( 'NONE', *, *, #2109, .T. ) ;
#441 = EDGE_LOOP ( 'NONE', ( #2903, #2341 ) ) ;
#442 = DIRECTION ( 'NONE',  ( 0.000000000000000000, 0.000000000000000000, -1.000000000000000000 ) ) ;
#443 = CARTESIAN_POINT ( 'NONE',  ( 4.000000017908872607, -29.00000001360000823, 0.4499999986000000618 ) ) ;
#444 = EDGE_CURVE ( 'NONE', #2786, #4458, #4474, .T. ) ;
#445 = CARTESIAN_POINT ( 'NONE',  ( 21.97378515598428805, -11.91579329949882826, 0.7499999985999997731 ) ) ;
#446 = EDGE_LOOP ( 'NONE', ( #225, #836, #28, #288 ) ) ;
#447 = CARTESIAN_POINT ( 'NONE',  ( 24.49999881970884985, -2.499998835400002228, 0.4499999986000000618 ) ) ;
#448 = EDGE_CURVE ( 'NONE', #2617, #1521, #3384, .T. ) ;
#449 = CIRCLE ( 'NONE', #3812, 1.500000015599949776 ) ;
#450 = B_SPLINE_CURVE_WITH_KNOTS ( 'NONE', 3,
 ( #4487, #4553, #4622, #2791, #356, #1745 ),
 .UNSPECIFIED., .F., .F.,
 ( 4, 2, 4 ),
 ( 0.000000000000000000, 0.5000000000000000000, 1.000000000000000000 ),
 .UNSPECIFIED. ) ;
#451 = EDGE_CURVE ( 'NONE', #263, #1839, #926, .T. ) ;
#452 = ORIENTED_EDGE ( 'NONE', *, *, #3219, .T. ) ;
#453 = CIRCLE ( 'NONE', #3066, 1.500000015599949776 ) ;
#454 = FACE_OUTER_BOUND ( 'NONE', #1325, .T. ) ;
#455 = ORIENTED_EDGE ( 'NONE', *, *, #2445, .T. ) ;
#456 = DIRECTION ( 'NONE',  ( 0.000000000000000000, 0.000000000000000000, -1.000000000000000000 ) ) ;
#457 = CARTESIAN_POINT ( 'NONE',  ( -9.567427771888626253, -21.03435567363848335, -0.7499999985999999952 ) ) ;
#458 = EDGE_CURVE ( 'NONE', #973, #2516, #3828, .T. ) ;
#459 = CARTESIAN_POINT ( 'NONE',  ( -16.07907107609113240, -30.14976746259997853, 0.4499999986000000618 ) ) ;
#460 = AXIS2_PLACEMENT_3D ( 'NONE', #2606, #456, #1189 ) ;
#461 = CARTESIAN_POINT ( 'NONE',  ( 36.11947483817385063, 11.05938056825500659, -0.7499999954800304902 ) ) ;
#462 = VECTOR ( 'NONE', #1642, 1000.000000000000114 ) ;
#463 = VERTEX_POINT ( 'NONE', #2312 ) ;
#464 = CARTESIAN_POINT ( 'NONE',  ( 0.5813249349103655206, 31.47012191570949824, -0.7500000012986886011 ) ) ;
#465 = ADVANCED_FACE ( 'NONE', ( #3034 ), #1619, .F. ) ;
#466 = CARTESIAN_POINT ( 'NONE',  ( -13.57632810141432600, 13.78081900553005390, -0.7499999985999998842 ) ) ;
#467 = ORIENTED_EDGE ( 'NONE', *, *, #997, .T. ) ;
#468 = PLANE ( 'NONE',  #3760 ) ;
#469 = CYLINDRICAL_SURFACE ( 'NONE', #4087, 2.249999995800000541 ) ;
#470 = B_SPLINE_CURVE_WITH_KNOTS ( 'NONE', 3,
 ( #3006, #4444, #2306, #216, #2659, #527, #1967, #3386, #1348, #3826 ),
 .UNSPECIFIED., .F., .F.,
 ( 4, 2, 2, 2, 4 ),
 ( 0.000000000000000000, 0.2500000000000000000, 0.5000000000000000000, 0.7500000000000000000, 1.000000000000000000 ),
 .UNSPECIFIED. ) ;
#471 = EDGE_CURVE ( 'NONE', #3188, #2160, #4387, .T. ) ;
#472 = VERTEX_POINT ( 'NONE', #201 ) ;
#473 = DIRECTION ( 'NONE',  ( -1.000000000000000000, 0.000000000000000000, 0.000000000000000000 ) ) ;
#474 = ORIENTED_EDGE ( 'NONE', *, *, #1475, .T. ) ;
#475 = CARTESIAN_POINT ( 'NONE',  ( 17.07321319062774023, 13.69945797813115362, -0.7499999986000001062 ) ) ;
#476 = CARTESIAN_POINT ( 'NONE',  ( -18.07092917009112298, -28.99976747660002019, 0.1500000027333333319 ) ) ;
#477 = B_SPLINE_CURVE_WITH_KNOTS ( 'NONE', 3,
 ( #3956, #3274, #745, #2175, #2892, #4004, #4612, #1404, #2823, #4256 ),
 .UNSPECIFIED., .F., .F.,
 ( 4, 2, 2, 2, 4 ),
 ( 0.000000000000000000, 0.2500000000000000000, 0.5000000000000000000, 0.7500000000000000000, 1.000000000000000000 ),
 .UNSPECIFIED. ) ;
#478 = LINE ( 'NONE', #103, #3596 ) ;
#479 = VERTEX_POINT ( 'NONE', #597 ) ;
#480 = CARTESIAN_POINT ( 'NONE',  ( -21.78081828107485052, -15.92367302020444875, 0.7499999986000001062 ) ) ;
#481 = DIRECTION ( 'NONE',  ( -1.000000000000000000, 0.000000000000000000, 0.000000000000000000 ) ) ;
#482 = CARTESIAN_POINT ( 'NONE',  ( -2.011518821794622269, 34.02510591380247718, 0.7499999972077319166 ) ) ;
#483 = CARTESIAN_POINT ( 'NONE',  ( 22.93062523008870102, 11.16627185461000593, 0.7499999986000002172 ) ) ;
#484 = ORIENTED_EDGE ( 'NONE', *, *, #4380, .F. ) ;
#485 = DIRECTION ( 'NONE',  ( 0.000000000000000000, 0.000000000000000000, 1.000000000000000000 ) ) ;
#486 = CIRCLE ( 'NONE', #1692, 1.150000316200033179 ) ;
#487 = CARTESIAN_POINT ( 'NONE',  ( -2.749999994891144439, 8.999999983200002163, 0.4499999986000000618 ) ) ;
#488 = ORIENTED_EDGE ( 'NONE', *, *, #4313, .F. ) ;
#489 = CIRCLE ( 'NONE', #1622, 1.149999986000016516 ) ;
#490 = CARTESIAN_POINT ( 'NONE',  ( 31.84999999470883125, 0.000000000000000000, 0.1500000047999999753 ) ) ;
#491 = CARTESIAN_POINT ( 'NONE',  ( 37.99999881990883921, -3.999998832599993559, 0.4499999986000000618 ) ) ;
#492 = AXIS2_PLACEMENT_3D ( 'NONE', #1784, #2868, #1154 ) ;
#493 = VERTEX_POINT ( 'NONE', #1643 ) ;
#494 = CARTESIAN_POINT ( 'NONE',  ( 34.15000001750889425, 0.000000000000000000, 0.1500000047999999753 ) ) ;
#495 = ORIENTED_EDGE ( 'NONE', *, *, #4121, .T. ) ;
#496 = CARTESIAN_POINT ( 'NONE',  ( 37.99999881606246532, -7.163173905321251311, -0.7499999986000004393 ) ) ;
#497 = CARTESIAN_POINT ( 'NONE',  ( -11.80642439905063590, 37.06217791210497836, 0.7500000022562499646 ) ) ;
#498 = B_SPLINE_CURVE_WITH_KNOTS ( 'NONE', 3,
 ( #390, #367, #1804, #61, #2173, #2564, #414, #4003, #2917, #3198 ),
 .UNSPECIFIED., .F., .F.,
 ( 4, 2, 2, 2, 4 ),
 ( 0.000000000000000000, 0.2500000000000000000, 0.5000000000000000000, 0.7500000000000000000, 1.000000000000000000 ),
 .UNSPECIFIED. ) ;
#499 = CARTESIAN_POINT ( 'NONE',  ( -13.49999998329112749, 12.99999995880000547, 0.2499999995333333780 ) ) ;
#500 = VERTEX_POINT ( 'NONE', #2706 ) ;
#501 = DIRECTION ( 'NONE',  ( 1.000000000000000000, 0.000000000000000000, 0.000000000000000000 ) ) ;
#502 = B_SPLINE_CURVE_WITH_KNOTS ( 'NONE', 3,
 ( #1955, #4085, #1938, #4153 ),
 .UNSPECIFIED., .F., .F.,
 ( 4, 4 ),
 ( 0.000000000000000000, 1.000000000000000000 ),
 .UNSPECIFIED. ) ;
#503 = DIRECTION ( 'NONE',  ( -1.000000000000000000, 0.000000000000000000, 0.000000000000000000 ) ) ;
#504 = CARTESIAN_POINT ( 'NONE',  ( 4.000000017908872607, -29.00000001360000823, 0.7499999985999999952 ) ) ;
#505 = CARTESIAN_POINT ( 'NONE',  ( 5.000000126108849585, -18.99999989680001278, 0.000000000000000000 ) ) ;
#506 = EDGE_LOOP ( 'NONE', ( #1997, #49, #4486, #3311 ) ) ;
#507 = CARTESIAN_POINT ( 'NONE',  ( 24.49999881205985730, 4.000001177026008214, 0.7499999985999999952 ) ) ;
#508 = ADVANCED_FACE ( 'NONE', ( #4166 ), #3833, .F. ) ;
#509 = CARTESIAN_POINT ( 'NONE',  ( -15.50407101959114264, -29.15383828859999227, 0.4499999986000000618 ) ) ;
#510 = EDGE_CURVE ( 'NONE', #3922, #3170, #4058, .T. ) ;
#511 = ORIENTED_EDGE ( 'NONE', *, *, #2525, .F. ) ;
#512 = CARTESIAN_POINT ( 'NONE',  ( -29.99999924129108209, -7.505553385122647470, -0.7499999985999999952 ) ) ;
#513 = CARTESIAN_POINT ( 'NONE',  ( 13.50000013010338407, 10.71555715438349310, -0.7499999952333064046 ) ) ;
#514 = ORIENTED_EDGE ( 'NONE', *, *, #590, .T. ) ;
#515 = CARTESIAN_POINT ( 'NONE',  ( 20.69253333290238572, 1.167984015060241632E-06, 0.7500000003276501293 ) ) ;
#516 = ORIENTED_EDGE ( 'NONE', *, *, #2374, .T. ) ;
#517 = DIRECTION ( 'NONE',  ( -1.000000000000000000, 0.000000000000000000, 0.000000000000000000 ) ) ;
#518 = B_SPLINE_CURVE_WITH_KNOTS ( 'NONE', 3,
 ( #3614, #818, #2205, #1837, #3258, #1182, #1791, #48, #3638, #2899, #4331, #2250, #1441, #445, #3207 ),
 .UNSPECIFIED., .F., .F.,
 ( 4, 2, 2, 2, 1, 2, 2, 4 ),
 ( 0.2224837898438794814, 0.3196733161133946677, 0.4168628423829098262, 0.5140523686524250957, 0.6112418949219402542, 0.7084314211914555237, 0.8056209474609706822, 1.000000000000000000 ),
 .UNSPECIFIED. ) ;
#519 = PLANE ( 'NONE',  #1392 ) ;
#520 = DIRECTION ( 'NONE',  ( 0.000000000000000000, 0.000000000000000000, 1.000000000000000000 ) ) ;
#521 = ORIENTED_EDGE ( 'NONE', *, *, #1892, .T. ) ;
#522 = CYLINDRICAL_SURFACE ( 'NONE', #1812, 2.249999995800000541 ) ;
#523 = ADVANCED_FACE ( 'NONE', ( #535 ), #1687, .F. ) ;
#524 = EDGE_CURVE ( 'NONE', #4356, #2673, #1973, .T. ) ;
#525 = FACE_BOUND ( 'NONE', #1305, .T. ) ;
#526 = AXIS2_PLACEMENT_3D ( 'NONE', #824, #1867, #128 ) ;
#527 = CARTESIAN_POINT ( 'NONE',  ( 8.999359419920500258, -22.07181044338238252, -0.7499999985999999952 ) ) ;
#528 = ORIENTED_EDGE ( 'NONE', *, *, #2204, .F. ) ;
#529 = CARTESIAN_POINT ( 'NONE',  ( -9.750882973458306680, -2.388399117942152206, 0.7499999985999998842 ) ) ;
#530 = ORIENTED_EDGE ( 'NONE', *, *, #2255, .T. ) ;
#531 = AXIS2_PLACEMENT_3D ( 'NONE', #196, #1638, #4161 ) ;
#532 = DIRECTION ( 'NONE',  ( 0.000000000000000000, 0.000000000000000000, 1.000000000000000000 ) ) ;
#533 = AXIS2_PLACEMENT_3D ( 'NONE', #3360, #4091, #876 ) ;
#534 = VECTOR ( 'NONE', #4074, 1000.000000000000114 ) ;
#535 = FACE_OUTER_BOUND ( 'NONE', #4094, .T. ) ;
#536 = ORIENTED_EDGE ( 'NONE', *, *, #2669, .F. ) ;
#537 = CARTESIAN_POINT ( 'NONE',  ( -16.50000000309115222, -16.00000112316099532, -0.7500000015687918742 ) ) ;
#538 = AXIS2_PLACEMENT_3D ( 'NONE', #3115, #4548, #4195 ) ;
#539 = DIRECTION ( 'NONE',  ( 0.9396926202337730905, 0.3420201448426480884, 0.000000000000000000 ) ) ;
#540 = LINE ( 'NONE', #1979, #2690 ) ;
#541 = VERTEX_POINT ( 'NONE', #4514 ) ;
#542 = CARTESIAN_POINT ( 'NONE',  ( 24.49999881970884985, -2.499998835400002228, 0.4499999986000000618 ) ) ;
#543 = EDGE_CURVE ( 'NONE', #655, #4118, #4012, .T. ) ;
#544 = CARTESIAN_POINT ( 'NONE',  ( 31.86858446376697529, -15.43677451839387871, -0.7499999986000001062 ) ) ;
#545 = DIRECTION ( 'NONE',  ( -1.000000000000000000, 5.631853005364407380E-10, 0.000000000000000000 ) ) ;
#546 = ORIENTED_EDGE ( 'NONE', *, *, #2578, .F. ) ;
#547 = DIRECTION ( 'NONE',  ( 0.000000000000000000, 0.000000000000000000, 1.000000000000000000 ) ) ;
#548 = CARTESIAN_POINT ( 'NONE',  ( -20.99999923269113467, 15.99999995320000679, -0.7499999984407081932 ) ) ;
#549 = DIRECTION ( 'NONE',  ( -0.000000000000000000, -0.000000000000000000, -1.000000000000000000 ) ) ;
#550 = ORIENTED_EDGE ( 'NONE', *, *, #3489, .T. ) ;
#551 = LINE ( 'NONE', #2308, #224 ) ;
#552 = LINE ( 'NONE', #2310, #3756 ) ;
#553 = CARTESIAN_POINT ( 'NONE',  ( 33.06575283267082455, -14.33409673057500733, -0.7499999969216506468 ) ) ;
#554 = EDGE_LOOP ( 'NONE', ( #2521, #3128 ) ) ;
#555 = CARTESIAN_POINT ( 'NONE',  ( 28.87821675954272393, -16.70329067652290078, 0.2499999993019353384 ) ) ;
#556 = B_SPLINE_CURVE_WITH_KNOTS ( 'NONE', 3,
 ( #4577, #1370, #3845, #1703 ),
 .UNSPECIFIED., .F., .F.,
 ( 4, 4 ),
 ( 0.000000000000000000, 1.000000000000000000 ),
 .UNSPECIFIED. ) ;
#557 = CYLINDRICAL_SURFACE ( 'NONE', #1101, 1.500000029069059160 ) ;
#558 = VECTOR ( 'NONE', #2792, 1000.000000000000000 ) ;
#559 = APPROVAL ( #3569, 'UNSPECIFIED' ) ;
#560 = CARTESIAN_POINT ( 'NONE',  ( -18.07092917009112298, -28.99976747660002019, -0.1499999931333333703 ) ) ;
#561 = VERTEX_POINT ( 'NONE', #3464 ) ;
#562 = CARTESIAN_POINT ( 'NONE',  ( 31.84999999470883125, 1.150000011399976430, -0.7499999985999999952 ) ) ;
#563 = VERTEX_POINT ( 'NONE', #248 ) ;
#564 = CARTESIAN_POINT ( 'NONE',  ( -18.07092947489116597, 28.99976737499998336, 0.4499999986000000618 ) ) ;
#565 = DIRECTION ( 'NONE',  ( 0.000000000000000000, 0.000000000000000000, 1.000000000000000000 ) ) ;
#566 = CARTESIAN_POINT ( 'NONE',  ( -23.99999922678364328, -13.00000113041899219, 0.7499999992146959560 ) ) ;
#567 = EDGE_LOOP ( 'NONE', ( #1609, #2073, #892, #679, #4279, #2085, #1744, #799, #484, #3302 ) ) ;
#568 = CARTESIAN_POINT ( 'NONE',  ( -14.92907049334987768, 28.15790927424072265, -0.4499999890000000446 ) ) ;
#569 = EDGE_CURVE ( 'NONE', #2446, #2557, #2368, .T. ) ;
#570 = CARTESIAN_POINT ( 'NONE',  ( -1.890884439051138122, 33.81616101816900510, 0.7500000022320300053 ) ) ;
#571 = ORIENTED_EDGE ( 'NONE', *, *, #2034, .F. ) ;
#572 = DIRECTION ( 'NONE',  ( 0.000000000000000000, 0.000000000000000000, 1.000000000000000000 ) ) ;
#573 = ADVANCED_FACE ( 'NONE', ( #978 ), #3953, .F. ) ;
#574 = CARTESIAN_POINT ( 'NONE',  ( -16.07907051729112879, 30.14976769119997968, 0.4499999986000000618 ) ) ;
#575 = CARTESIAN_POINT ( 'NONE',  ( -13.25000000069112538, -22.94967320139998535, 0.1500000047999999753 ) ) ;
#576 = EDGE_CURVE ( 'NONE', #1717, #3509, #741, .T. ) ;
#577 = ORIENTED_EDGE ( 'NONE', *, *, #2794, .F. ) ;
#578 = CARTESIAN_POINT ( 'NONE',  ( -13.49999999362713687, -13.00000112719998313, 0.7500000024437449841 ) ) ;
#579 = DIRECTION ( 'NONE',  ( -1.000000000000000000, 0.000000000000000000, 0.000000000000000000 ) ) ;
#580 = DIRECTION ( 'NONE',  ( 0.000000000000000000, 0.000000000000000000, 1.000000000000000000 ) ) ;
#581 = VERTEX_POINT ( 'NONE', #2128 ) ;
#582 = DIRECTION ( 'NONE',  ( 0.000000000000000000, 0.000000000000000000, 1.000000000000000000 ) ) ;
#583 = ORIENTED_EDGE ( 'NONE', *, *, #432, .T. ) ;
#584 = DIRECTION ( 'NONE',  ( 1.000000000000000000, 0.000000000000000000, 0.000000000000000000 ) ) ;
#585 = EDGE_CURVE ( 'NONE', #1051, #2016, #1000, .T. ) ;
#586 = CARTESIAN_POINT ( 'NONE',  ( 31.84999999470883125, 1.149999986000016516, -0.1499999931333333147 ) ) ;
#587 = LINE ( 'NONE', #147, #2391 ) ;
#588 = ORIENTED_EDGE ( 'NONE', *, *, #4119, .F. ) ;
#589 = CARTESIAN_POINT ( 'NONE',  ( -20.99999923674764091, 15.99999995098400163, 0.7499999992146959560 ) ) ;
#590 = EDGE_CURVE ( 'NONE', #2450, #4540, #2766, .T. ) ;
#591 = CARTESIAN_POINT ( 'NONE',  ( 37.19202324294472817, -9.665549711330854166, 0.7499999899553103644 ) ) ;
#592 = ORIENTED_EDGE ( 'NONE', *, *, #2237, .F. ) ;
#593 = CARTESIAN_POINT ( 'NONE',  ( -8.118287887267092273, -0.07012764373092206238, 0.7499999986000001062 ) ) ;
#594 = ADVANCED_FACE ( 'NONE', ( #1752, #3172, #1780, #4560, #2779, #3875, #3222 ), #4229, .T. ) ;
#595 = AXIS2_PLACEMENT_3D ( 'NONE', #895, #3358, #3801 ) ;
#596 = CARTESIAN_POINT ( 'NONE',  ( 12.91656614195569119, -33.57048842909481579, 0.7500000116040201892 ) ) ;
#597 = CARTESIAN_POINT ( 'NONE',  ( -7.249999986491145521, 8.999999983200002163, 0.4499999986000000618 ) ) ;
#598 = VECTOR ( 'NONE', #4237, 1000.000000000000000 ) ;
#599 = B_SPLINE_CURVE_WITH_KNOTS ( 'NONE', 3,
 ( #1677, #3538, #586, #1341 ),
 .UNSPECIFIED., .F., .F.,
 ( 4, 4 ),
 ( 0.2500000025833331030, 1.000000000000000000 ),
 .UNSPECIFIED. ) ;
#600 = VERTEX_POINT ( 'NONE', #4609 ) ;
#601 = CARTESIAN_POINT ( 'NONE',  ( -8.306424950203716406, 37.99999994458219277, -0.2499999959262733107 ) ) ;
#602 = DIRECTION ( 'NONE',  ( 0.000000000000000000, 1.000000000000000000, 0.000000000000000000 ) ) ;
#603 = CIRCLE ( 'NONE', #2474, 1.150000011399976430 ) ;
#604 = EDGE_CURVE ( 'NONE', #1735, #3911, #646, .T. ) ;
#605 = CARTESIAN_POINT ( 'NONE',  ( -9.817830013182682336, -20.38247076751151354, 0.7499999986000001062 ) ) ;
#606 = B_SPLINE_CURVE_WITH_KNOTS ( 'NONE', 3,
 ( #3734, #3018, #2674, #2321, #2005, #1274 ),
 .UNSPECIFIED., .F., .F.,
 ( 4, 2, 4 ),
 ( 0.000000000000000000, 0.5000000000000000000, 1.000000000000000000 ),
 .UNSPECIFIED. ) ;
#607 = VERTEX_POINT ( 'NONE', #2080 ) ;
#608 = DIRECTION ( 'NONE',  ( 0.3420201404731209593, 0.9396926218241509199, 0.000000000000000000 ) ) ;
#609 = VECTOR ( 'NONE', #1380, 1000.000000000000227 ) ;
#610 = ORIENTED_EDGE ( 'NONE', *, *, #1164, .T. ) ;
#611 = CARTESIAN_POINT ( 'NONE',  ( 15.63100376263247604, -13.62694712327095381, -0.7499999986000001062 ) ) ;
#612 = DIRECTION ( 'NONE',  ( 0.000000000000000000, 0.000000000000000000, 1.000000000000000000 ) ) ;
#613 = EDGE_CURVE ( 'NONE', #355, #2885, #1544, .T. ) ;
#614 = CYLINDRICAL_SURFACE ( 'NONE', #3444, 2.999999994400010195 ) ;
#615 = EDGE_LOOP ( 'NONE', ( #3112, #3015, #3595, #2209 ) ) ;
#616 = CARTESIAN_POINT ( 'NONE',  ( -23.99999922900014582, 12.99999995879999659, 0.7499999991378600850 ) ) ;
#617 = CARTESIAN_POINT ( 'NONE',  ( -8.920989637752022361, 37.99999994619602006, -0.7499999986000001062 ) ) ;
#618 = ORIENTED_EDGE ( 'NONE', *, *, #983, .F. ) ;
#619 = CARTESIAN_POINT ( 'NONE',  ( 26.50000000130886590, 1.168400015627568678E-06, -0.7499999985999999952 ) ) ;
#620 = CARTESIAN_POINT ( 'NONE',  ( -22.46410144456165270, 30.90896507352547218, 0.4499999986000000618 ) ) ;
#621 = CARTESIAN_POINT ( 'NONE',  ( 33.06575283445334179, -14.33409672815299984, 0.7499999979480540535 ) ) ;
#622 = B_SPLINE_CURVE_WITH_KNOTS ( 'NONE', 3,
 ( #134, #3672, #3270, #787 ),
 .UNSPECIFIED., .F., .F.,
 ( 4, 4 ),
 ( 0.000000000000000000, 1.000000000000000000 ),
 .UNSPECIFIED. ) ;
#623 = ORIENTED_EDGE ( 'NONE', *, *, #1691, .F. ) ;
#624 = CARTESIAN_POINT ( 'NONE',  ( -1.931095900757789474, 33.88580931739998903, 0.7499999985999999952 ) ) ;
#625 = DIRECTION ( 'NONE',  ( 0.000000000000000000, 0.000000000000000000, -1.000000000000000000 ) ) ;
#626 = PLANE ( 'NONE',  #335 ) ;
#627 = ORIENTED_EDGE ( 'NONE', *, *, #220, .F. ) ;
#628 = LINE ( 'NONE', #4590, #2099 ) ;
#629 = ORIENTED_EDGE ( 'NONE', *, *, #3649, .F. ) ;
#630 = CARTESIAN_POINT ( 'NONE',  ( 23.59703237527238073, -8.509025344264644630, 0.7499999985999999952 ) ) ;
#631 = AXIS2_PLACEMENT_3D ( 'NONE', #2815, #1040, #2462 ) ;
#632 = DIRECTION ( 'NONE',  ( -0.000000000000000000, -0.000000000000000000, -1.000000000000000000 ) ) ;
#633 = AXIS2_PLACEMENT_3D ( 'NONE', #822, #4544, #1648 ) ;
#634 = FACE_OUTER_BOUND ( 'NONE', #743, .T. ) ;
#635 = ORIENTED_EDGE ( 'NONE', *, *, #3543, .T. ) ;
#636 = CARTESIAN_POINT ( 'NONE',  ( -22.46410144456165270, 30.90896507352547218, 0.4499999986000000618 ) ) ;
#637 = EDGE_CURVE ( 'NONE', #3050, #2693, #4277, .T. ) ;
#638 = AXIS2_PLACEMENT_3D ( 'NONE', #2024, #612, #1412 ) ;
#639 = CIRCLE ( 'NONE', #3257, 2.249999995800000541 ) ;
#640 = CIRCLE ( 'NONE', #3559, 1.499999997199991109 ) ;
#641 = CARTESIAN_POINT ( 'NONE',  ( -13.88060233743904526, -14.51540306084620013, -0.7499999986000001062 ) ) ;
#642 = EDGE_LOOP ( 'NONE', ( #2702, #2976, #629, #3544, #139 ) ) ;
#643 = DIRECTION ( 'NONE',  ( 0.000000000000000000, 0.000000000000000000, 1.000000000000000000 ) ) ;
#644 = CARTESIAN_POINT ( 'NONE',  ( -9.999999998291153602, -8.999999932400033487, 0.7499999985999999952 ) ) ;
#645 = B_SPLINE_CURVE_WITH_KNOTS ( 'NONE', 3,
 ( #1866, #1797, #2232, #2555, #3665, #1166, #3313, #736, #3287, #2530 ),
 .UNSPECIFIED., .F., .F.,
 ( 4, 2, 2, 2, 4 ),
 ( 0.000000000000000000, 0.2500000000000003331, 0.5000000000000006661, 0.7500000000000003331, 1.000000000000000000 ),
 .UNSPECIFIED. ) ;
#646 = LINE ( 'NONE', #2422, #2722 ) ;
#647 = EDGE_LOOP ( 'NONE', ( #55, #2129 ) ) ;
#648 = CARTESIAN_POINT ( 'NONE',  ( -1.890884439051138122, 33.81616101816900510, 0.7500000022320300053 ) ) ;
#649 = DIRECTION ( 'NONE',  ( 0.000000000000000000, 0.000000000000000000, -1.000000000000000000 ) ) ;
#650 = EDGE_CURVE ( 'NONE', #3667, #1415, #1095, .T. ) ;
#651 = EDGE_CURVE ( 'NONE', #4298, #4266, #1710, .T. ) ;
#652 = CARTESIAN_POINT ( 'NONE',  ( 4.000000017908872607, -29.00000001360000823, 0.4499999986000000618 ) ) ;
#653 = ORIENTED_EDGE ( 'NONE', *, *, #1977, .F. ) ;
#654 = DIRECTION ( 'NONE',  ( 0.000000000000000000, 0.000000000000000000, 1.000000000000000000 ) ) ;
#655 = VERTEX_POINT ( 'NONE', #4296 ) ;
#656 = B_SPLINE_CURVE_WITH_KNOTS ( 'NONE', 3,
 ( #3124, #2705, #596, #221, #2375, #3807, #4559, #2079, #4184, #3832 ),
 .UNSPECIFIED., .F., .F.,
 ( 4, 2, 2, 2, 4 ),
 ( 0.000000000000000000, 0.2500000000000000000, 0.5000000000000000000, 0.7500000000000000000, 1.000000000000000000 ),
 .UNSPECIFIED. ) ;
#657 = CARTESIAN_POINT ( 'NONE',  ( -8.306423679943636174, -38.00000113073148356, -0.7499999962373624651 ) ) ;
#658 = CARTESIAN_POINT ( 'NONE',  ( -1.749999988291145447, -29.00000001360000823, 0.4499999986000000618 ) ) ;
#659 = CARTESIAN_POINT ( 'NONE',  ( -20.99999923269113467, -16.00000112316099532, 0.7499999991378600850 ) ) ;
#660 = ORIENTED_EDGE ( 'NONE', *, *, #4479, .T. ) ;
#661 = DIRECTION ( 'NONE',  ( 0.000000000000000000, 0.000000000000000000, 1.000000000000000000 ) ) ;
#662 = B_SPLINE_CURVE_WITH_KNOTS ( 'NONE', 3,
 ( #2218, #2891, #3654, #1428 ),
 .UNSPECIFIED., .F., .F.,
 ( 4, 4 ),
 ( 0.000000000000000000, 1.000000000000000000 ),
 .UNSPECIFIED. ) ;
#663 = EDGE_CURVE ( 'NONE', #4604, #4446, #4278, .T. ) ;
#664 = ADVANCED_FACE ( 'NONE', ( #3127 ), #694, .F. ) ;
#665 = FACE_OUTER_BOUND ( 'NONE', #1651, .T. ) ;
#666 = B_SPLINE_CURVE_WITH_KNOTS ( 'NONE', 3,
 ( #3748, #4147, #909, #537 ),
 .UNSPECIFIED., .F., .F.,
 ( 4, 4 ),
 ( 0.000000000000000000, 1.000000000000000000 ),
 .UNSPECIFIED. ) ;
#667 = VERTEX_POINT ( 'NONE', #2490 ) ;
#668 = CARTESIAN_POINT ( 'NONE',  ( 23.47600221316234581, 8.176500030271510511, -0.7499999954130937008 ) ) ;
#669 = DIRECTION ( 'NONE',  ( 0.000000000000000000, 0.000000000000000000, 1.000000000000000000 ) ) ;
#670 = CARTESIAN_POINT ( 'NONE',  ( -23.99999922709114486, 12.99999995879999659, 0.2500000007739636709 ) ) ;
#671 = ORIENTED_EDGE ( 'NONE', *, *, #1073, .T. ) ;
#672 = CARTESIAN_POINT ( 'NONE',  ( -15.53589821774162338, 34.90896506587498749, 0.4499999986000000618 ) ) ;
#673 = AXIS2_PLACEMENT_3D ( 'NONE', #2302, #1232, #1940 ) ;
#674 = DIRECTION ( 'NONE',  ( 0.000000000000000000, 0.000000000000000000, 1.000000000000000000 ) ) ;
#675 = AXIS2_PLACEMENT_3D ( 'NONE', #1338, #3882, #1760 ) ;
#676 = FACE_OUTER_BOUND ( 'NONE', #642, .T. ) ;
#677 = ORIENTED_EDGE ( 'NONE', *, *, #867, .F. ) ;
#678 = DIRECTION ( 'NONE',  ( 0.000000000000000000, 0.000000000000000000, -1.000000000000000000 ) ) ;
#679 = ORIENTED_EDGE ( 'NONE', *, *, #1704, .F. ) ;
#680 = CARTESIAN_POINT ( 'NONE',  ( -16.92092946503398565, 27.00790894990942448, -0.7499999985999999952 ) ) ;
#681 = CARTESIAN_POINT ( 'NONE',  ( -14.92907049334987768, 28.15790927424072265, -0.4499999890000000446 ) ) ;
#682 = CIRCLE ( 'NONE', #4573, 1.499999997199990220 ) ;
#683 = VECTOR ( 'NONE', #1253, 1000.000000000000000 ) ;
#684 = AXIS2_PLACEMENT_3D ( 'NONE', #955, #2014, #3438 ) ;
#685 = DIRECTION ( 'NONE',  ( 1.000000000000000000, 0.000000000000000000, 0.000000000000000000 ) ) ;
#686 = VERTEX_POINT ( 'NONE', #719 ) ;
#687 = CARTESIAN_POINT ( 'NONE',  ( 5.000000072458876232, -23.99999988958351338, 0.7500000003000401039 ) ) ;
#688 = APPLICATION_PROTOCOL_DEFINITION ( 'international standard', 'config_control_design', 1994, #2837 ) ;
#689 = VERTEX_POINT ( 'NONE', #2150 ) ;
#690 = DIRECTION ( 'NONE',  ( 1.000000000000000000, 0.000000000000000000, 0.000000000000000000 ) ) ;
#691 = VERTEX_POINT ( 'NONE', #3342 ) ;
#692 = DIRECTION ( 'NONE',  ( 1.000000000000000000, 0.000000000000000000, 0.000000000000000000 ) ) ;
#693 = CARTESIAN_POINT ( 'NONE',  ( -17.49592910089112152, -28.00383830260000195, 0.4499999986000000618 ) ) ;
#694 = PLANE ( 'NONE',  #2494 ) ;
#695 = ORIENTED_EDGE ( 'NONE', *, *, #1164, .F. ) ;
#696 = CARTESIAN_POINT ( 'NONE',  ( 21.68298479043334481, 12.02163832910149743, 0.7499999964422379151 ) ) ;
#697 = CARTESIAN_POINT ( 'NONE',  ( 0.5813249367213613183, 31.47012191455100805, 0.7500000020050299199 ) ) ;
#698 = DIRECTION ( 'NONE',  ( 0.000000000000000000, 0.000000000000000000, 1.000000000000000000 ) ) ;
#699 = ORIENTED_EDGE ( 'NONE', *, *, #369, .T. ) ;
#700 = DIRECTION ( 'NONE',  ( -0.000000000000000000, -0.000000000000000000, -1.000000000000000000 ) ) ;
#701 = ORIENTED_EDGE ( 'NONE', *, *, #3889, .T. ) ;
#702 = CARTESIAN_POINT ( 'NONE',  ( 31.84999999470883125, 1.150000011399976430, -0.4499999890000000446 ) ) ;
#703 = PLANE ( 'NONE',  #2141 ) ;
#704 = CARTESIAN_POINT ( 'NONE',  ( -2.749999994891144439, 8.999999983200002163, 0.7499999985999999952 ) ) ;
#705 = AXIS2_PLACEMENT_3D ( 'NONE', #1448, #1724, #3144 ) ;
#706 = ORIENTED_EDGE ( 'NONE', *, *, #2853, .F. ) ;
#707 = CARTESIAN_POINT ( 'NONE',  ( 21.68298478900484838, -12.02163597982602816, 0.7499999961340920729 ) ) ;
#708 = MECHANICAL_CONTEXT ( 'NONE', #2388, 'mechanical' ) ;
#709 = EDGE_CURVE ( 'NONE', #3321, #4407, #412, .T. ) ;
#710 = VECTOR ( 'NONE', #3958, 1000.000000000000000 ) ;
#711 = EDGE_LOOP ( 'NONE', ( #3788, #2647, #406, #803, #2411, #1463 ) ) ;
#712 = CARTESIAN_POINT ( 'NONE',  ( -13.49999999919112881, -13.39801637419451730, -0.7499999986000002172 ) ) ;
#713 = VERTEX_POINT ( 'NONE', #459 ) ;
#714 = VECTOR ( 'NONE', #3306, 1000.000000000000000 ) ;
#715 = DIRECTION ( 'NONE',  ( 0.000000000000000000, 0.000000000000000000, 1.000000000000000000 ) ) ;
#716 = EDGE_CURVE ( 'NONE', #355, #3560, #2535, .T. ) ;
#717 = CARTESIAN_POINT ( 'NONE',  ( 7.519340067548518469, -23.36833803388132580, 0.7499999986000001062 ) ) ;
#718 = VECTOR ( 'NONE', #1359, 1000.000000000000000 ) ;
#719 = CARTESIAN_POINT ( 'NONE',  ( -16.07907109165257609, -30.14976745361558486, -0.7499999985999999952 ) ) ;
#720 = ORIENTED_EDGE ( 'NONE', *, *, #3429, .F. ) ;
#721 = DIRECTION ( 'NONE',  ( 0.000000000000000000, 0.000000000000000000, -1.000000000000000000 ) ) ;
#722 = DIRECTION ( 'NONE',  ( 0.000000000000000000, 0.000000000000000000, -1.000000000000000000 ) ) ;
#723 = DIRECTION ( 'NONE',  ( 1.000000000000000000, 0.000000000000000000, 0.000000000000000000 ) ) ;
#724 = ADVANCED_FACE ( 'NONE', ( #807 ), #2238, .F. ) ;
#725 = VERTEX_POINT ( 'NONE', #2586 ) ;
#726 = EDGE_LOOP ( 'NONE', ( #4515, #1941, #1832, #4614 ) ) ;
#727 = B_SPLINE_CURVE_WITH_KNOTS ( 'NONE', 3,
 ( #1630, #4132, #3426, #209, #1652, #4504, #611, #2828, #2088, #351 ),
 .UNSPECIFIED., .F., .F.,
 ( 4, 2, 2, 2, 4 ),
 ( 0.000000000000000000, 0.2500000000000000000, 0.5000000000000000000, 0.7500000000000000000, 1.000000000000000000 ),
 .UNSPECIFIED. ) ;
#728 = CARTESIAN_POINT ( 'NONE',  ( -8.785898189750119158, 23.21762208034400388, 0.4499999986000000618 ) ) ;
#729 = CARTESIAN_POINT ( 'NONE',  ( 34.15000001750889425, 1.149999986000016516, -0.4499999890000000446 ) ) ;
#730 = EDGE_CURVE ( 'NONE', #4194, #186, #3824, .T. ) ;
#731 = CARTESIAN_POINT ( 'NONE',  ( 22.17472883220886359, 4.601280815200004426, -0.7499999985999999952 ) ) ;
#732 = ORIENTED_EDGE ( 'NONE', *, *, #96, .T. ) ;
#733 = CARTESIAN_POINT ( 'NONE',  ( -17.07499999609113317, 29.57476752040000179, 0.1500000047999999753 ) ) ;
#734 = APPROVAL_STATUS ( 'not_yet_approved' ) ;
#735 = ORIENTED_EDGE ( 'NONE', *, *, #3125, .T. ) ;
#736 = CARTESIAN_POINT ( 'NONE',  ( -21.78069790757141888, -15.92388065878696679, -0.7499999986000002172 ) ) ;
#737 = DIRECTION ( 'NONE',  ( 0.000000000000000000, 0.000000000000000000, -1.000000000000000000 ) ) ;
#738 = ORIENTED_EDGE ( 'NONE', *, *, #1078, .T. ) ;
#739 = CARTESIAN_POINT ( 'NONE',  ( -8.306423681440161744, -38.00000113025497939, 0.7499999973493221006 ) ) ;
#740 = CARTESIAN_POINT ( 'NONE',  ( 10.00000013244237174, -18.99999989680001278, 0.7500000000875340911 ) ) ;
#741 = LINE ( 'NONE', #1452, #4221 ) ;
#742 = EDGE_CURVE ( 'NONE', #3168, #2872, #2317, .T. ) ;
#743 = EDGE_LOOP ( 'NONE', ( #4305, #2055, #577, #3717, #404 ) ) ;
#744 = CARTESIAN_POINT ( 'NONE',  ( 22.99999882048586741, -2.499998824193994107, 0.4499999986000000618 ) ) ;
#745 = CARTESIAN_POINT ( 'NONE',  ( 16.58586240656451238, -13.75265663721012643, 0.7499999986000001062 ) ) ;
#746 = CARTESIAN_POINT ( 'NONE',  ( -9.334936302604123881, 21.16858394189899428, 0.7499999985999999952 ) ) ;
#747 = EDGE_LOOP ( 'NONE', ( #4500, #3994, #1986, #2333 ) ) ;
#748 = VERTEX_POINT ( 'NONE', #4394 ) ;
#749 = CARTESIAN_POINT ( 'NONE',  ( 10.00000013172536129, -3.999999950200006094, -0.7499999992708412666 ) ) ;
#750 = FACE_BOUND ( 'NONE', #1045, .T. ) ;
#751 = DIRECTION ( 'NONE',  ( 0.000000000000000000, 0.000000000000000000, -1.000000000000000000 ) ) ;
#752 = ORIENTED_EDGE ( 'NONE', *, *, #2442, .T. ) ;
#753 = CARTESIAN_POINT ( 'NONE',  ( 32.51027404568232981, -14.92977480125123613, 0.7499999963647598911 ) ) ;
#754 = EDGE_CURVE ( 'NONE', #2318, #2922, #3402, .T. ) ;
#755 = AXIS2_PLACEMENT_3D ( 'NONE', #1587, #194, #547 ) ;
#756 = CIRCLE ( 'NONE', #1060, 1.149999833600010790 ) ;
#757 = ORIENTED_EDGE ( 'NONE', *, *, #637, .F. ) ;
#758 = DIRECTION ( 'NONE',  ( 0.000000000000000000, 0.000000000000000000, -1.000000000000000000 ) ) ;
#759 = PLANE ( 'NONE',  #4120 ) ;
#760 = ORIENTED_EDGE ( 'NONE', *, *, #3553, .F. ) ;
#761 = CARTESIAN_POINT ( 'NONE',  ( -22.84022276111670990, -15.40231523572901828, 0.7499999986000001062 ) ) ;
#762 = AXIS2_PLACEMENT_3D ( 'NONE', #490, #1623, #1932 ) ;
#763 = CARTESIAN_POINT ( 'NONE',  ( 5.656979446509331488, -23.99999989837492009, 0.7499999986000001062 ) ) ;
#764 = CC_DESIGN_PERSON_AND_ORGANIZATION_ASSIGNMENT ( #1090, #3617, ( #3820 ) ) ;
#765 = CARTESIAN_POINT ( 'NONE',  ( -9.528107067402670438, -37.91958540763614138, 0.7499999943119700641 ) ) ;
#766 = ORIENTED_EDGE ( 'NONE', *, *, #4533, .F. ) ;
#767 = CARTESIAN_POINT ( 'NONE',  ( 9.217113205146430843, -1.282733508675061529, 0.7499999986000001062 ) ) ;
#768 = CARTESIAN_POINT ( 'NONE',  ( 0.06473259824819870001, 31.73333886723548503, 0.7499999986000001062 ) ) ;
#769 = CARTESIAN_POINT ( 'NONE',  ( -14.77500015109115061, -27.58290912159999664, 0.4499999986000000618 ) ) ;
#770 = ORIENTED_EDGE ( 'NONE', *, *, #4478, .T. ) ;
#771 = VERTEX_POINT ( 'NONE', #4341 ) ;
#772 = CARTESIAN_POINT ( 'NONE',  ( 32.98952240450886109, 14.41584371079998306, 0.2499999995333333780 ) ) ;
#773 = PLANE ( 'NONE',  #2729 ) ;
#774 = ADVANCED_FACE ( 'NONE', ( #1493 ), #2536, .T. ) ;
#775 = DIRECTION ( 'NONE',  ( 0.5000000093473347951, -0.8660253983877522765, 0.000000000000000000 ) ) ;
#776 = ORIENTED_EDGE ( 'NONE', *, *, #3727, .T. ) ;
#777 = CARTESIAN_POINT ( 'NONE',  ( 20.65692436210886385, -9.202558125200017258, 9.757819552369539906E-16 ) ) ;
#778 = ORIENTED_EDGE ( 'NONE', *, *, #1821, .F. ) ;
#779 = DIRECTION ( 'NONE',  ( -1.000000000000000000, 0.000000000000000000, 0.000000000000000000 ) ) ;
#780 = EDGE_CURVE ( 'NONE', #493, #2195, #32, .T. ) ;
#781 = CYLINDRICAL_SURFACE ( 'NONE', #1957, 1.149999833600010790 ) ;
#782 = VERTEX_POINT ( 'NONE', #830 ) ;
#783 = CARTESIAN_POINT ( 'NONE',  ( -27.03190525510597553, -28.27174208602468397, -0.7499999986000001062 ) ) ;
#784 = FACE_BOUND ( 'NONE', #647, .T. ) ;
#785 = CARTESIAN_POINT ( 'NONE',  ( 36.11947483400085446, 11.05938057272198805, 0.7499999965497240462 ) ) ;
#786 = VECTOR ( 'NONE', #4316, 1000.000000000000227 ) ;
#787 = CARTESIAN_POINT ( 'NONE',  ( -29.99999924084964675, -22.51666037680000088, 0.7499999954519940282 ) ) ;
#788 = EDGE_CURVE ( 'NONE', #2156, #3709, #2867, .T. ) ;
#789 = ORIENTED_EDGE ( 'NONE', *, *, #3308, .T. ) ;
#790 = CARTESIAN_POINT ( 'NONE',  ( 34.15000001750884451, -1.149999998699996473, 0.4499999986000000618 ) ) ;
#791 = CIRCLE ( 'NONE', #2583, 2.249999995800000541 ) ;
#792 = CARTESIAN_POINT ( 'NONE',  ( 34.15000001750889425, -1.149999986000016516, -0.4499999890000000446 ) ) ;
#793 = EDGE_CURVE ( 'NONE', #4458, #890, #1191, .T. ) ;
#794 = DIRECTION ( 'NONE',  ( 0.000000000000000000, 0.000000000000000000, 1.000000000000000000 ) ) ;
#795 = VERTEX_POINT ( 'NONE', #388 ) ;
#796 = ORIENTED_EDGE ( 'NONE', *, *, #2414, .F. ) ;
#797 = CARTESIAN_POINT ( 'NONE',  ( 7.777418380748802207, 0.1576373266332919965, -0.7499999985999999952 ) ) ;
#798 = CARTESIAN_POINT ( 'NONE',  ( 13.07273008105536150, -32.00000112560000076, -0.7500000020013917190 ) ) ;
#799 = ORIENTED_EDGE ( 'NONE', *, *, #4069, .T. ) ;
#800 = CARTESIAN_POINT ( 'NONE',  ( -29.99999924208163193, 22.51666060540000203, -0.7500000018499041188 ) ) ;
#801 = ORIENTED_EDGE ( 'NONE', *, *, #1865, .T. ) ;
#802 = CARTESIAN_POINT ( 'NONE',  ( 28.87821675953983203, -16.70329067554948566, 0.7499999978549199975 ) ) ;
#803 = ORIENTED_EDGE ( 'NONE', *, *, #4119, .T. ) ;
#804 = CARTESIAN_POINT ( 'NONE',  ( 35.07615736514649285, 12.17820161836365145, -0.7499999985999999952 ) ) ;
#805 = ORIENTED_EDGE ( 'NONE', *, *, #2328, .T. ) ;
#806 = CARTESIAN_POINT ( 'NONE',  ( -9.999999989903979980, -19.70057201068611619, -0.7499999985999999952 ) ) ;
#807 = FACE_OUTER_BOUND ( 'NONE', #2762, .T. ) ;
#808 = CARTESIAN_POINT ( 'NONE',  ( 23.65683428102519770, 9.356009920490500065, 0.7499999985999999952 ) ) ;
#809 = ORIENTED_EDGE ( 'NONE', *, *, #998, .F. ) ;
#810 = ORIENTED_EDGE ( 'NONE', *, *, #3452, .F. ) ;
#811 = CARTESIAN_POINT ( 'NONE',  ( 23.65692435650887404, -9.202558125200004824, -0.2499999945841960280 ) ) ;
#812 = EDGE_CURVE ( 'NONE', #3631, #771, #1519, .T. ) ;
#813 = DIRECTION ( 'NONE',  ( 0.000000000000000000, 0.000000000000000000, 1.000000000000000000 ) ) ;
#814 = EDGE_LOOP ( 'NONE', ( #3574, #2296, #4535, #1761, #1126, #2662 ) ) ;
#815 = CARTESIAN_POINT ( 'NONE',  ( 14.57450908825477320, -23.96834409251394860, -0.7499999986000001062 ) ) ;
#816 = CARTESIAN_POINT ( 'NONE',  ( -9.999999998291087877, -8.999999932399978420, -0.7499999985999999952 ) ) ;
#817 = ORIENTED_EDGE ( 'NONE', *, *, #1296, .T. ) ;
#818 = CARTESIAN_POINT ( 'NONE',  ( 23.65683006785830145, -9.356112535541491582, 0.7499999985999999952 ) ) ;
#819 = ORIENTED_EDGE ( 'NONE', *, *, #4325, .T. ) ;
#820 = CARTESIAN_POINT ( 'NONE',  ( 13.50000013538812560, 11.19821126206995920, -0.7499999986000001062 ) ) ;
#821 = AXIS2_PLACEMENT_3D ( 'NONE', #4412, #3070, #2324 ) ;
#822 = CARTESIAN_POINT ( 'NONE',  ( -3.999999984091146210, -29.00000001360000823, -0.7499999985999999952 ) ) ;
#823 = VECTOR ( 'NONE', #572, 1000.000000000000000 ) ;
#824 = CARTESIAN_POINT ( 'NONE',  ( 27.13869272950886113, 8.959856883400007632, 9.757819552369539906E-16 ) ) ;
#825 = ORIENTED_EDGE ( 'NONE', *, *, #82, .F. ) ;
#826 = CARTESIAN_POINT ( 'NONE',  ( -13.66506332722111594, 18.66858396669801579, 0.4499999986000000618 ) ) ;
#827 = DIRECTION ( 'NONE',  ( 0.000000000000000000, 0.000000000000000000, 1.000000000000000000 ) ) ;
#828 = ORGANIZATION ( 'UNSPECIFIED', 'UNSPECIFIED', '' ) ;
#829 = B_SPLINE_CURVE_WITH_KNOTS ( 'NONE', 3,
 ( #2667, #555, #1294, #4402 ),
 .UNSPECIFIED., .F., .F.,
 ( 4, 4 ),
 ( 0.000000000000000000, 1.000000000000000000 ),
 .UNSPECIFIED. ) ;
#830 = CARTESIAN_POINT ( 'NONE',  ( -16.50000000309115222, 15.99999996166651073, 0.7500000025718699392 ) ) ;
#831 = AXIS2_PLACEMENT_3D ( 'NONE', #1042, #1777, #692 ) ;
#832 = CARTESIAN_POINT ( 'NONE',  ( 23.28815169683425168, 10.67602173294750756, 0.7499999986000002172 ) ) ;
#833 = ORIENTED_EDGE ( 'NONE', *, *, #2374, .F. ) ;
#834 = ORIENTED_EDGE ( 'NONE', *, *, #3764, .T. ) ;
#835 = CARTESIAN_POINT ( 'NONE',  ( -13.49999998419163028, 12.99999995879999659, -0.7500000015687918742 ) ) ;
#836 = ORIENTED_EDGE ( 'NONE', *, *, #2751, .F. ) ;
#837 = PLANE ( 'NONE',  #2332 ) ;
#838 = B_SPLINE_CURVE_WITH_KNOTS ( 'NONE', 3,
 ( #3209, #2120, #1770, #3541 ),
 .UNSPECIFIED., .F., .F.,
 ( 4, 4 ),
 ( 0.000000000000000000, 1.000000000000000000 ),
 .UNSPECIFIED. ) ;
#839 = DIRECTION ( 'NONE',  ( 1.000000000000000000, 0.000000000000000000, 0.000000000000000000 ) ) ;
#840 = ORIENTED_EDGE ( 'NONE', *, *, #1943, .T. ) ;
#841 = CARTESIAN_POINT ( 'NONE',  ( -2.334169657545157595, 34.58395354853152526, 0.7499999944232000892 ) ) ;
#842 = VERTEX_POINT ( 'NONE', #4366 ) ;
#843 = CARTESIAN_POINT ( 'NONE',  ( 21.68298479463184947, -12.02163597843702902, -0.7499999953069438341 ) ) ;
#844 = CARTESIAN_POINT ( 'NONE',  ( -4.999999990691144980, 8.999999983200002163, 0.4499999986000000618 ) ) ;
#845 = CARTESIAN_POINT ( 'NONE',  ( -28.75674449414472633, 26.54568531181530844, 0.7500000111498402733 ) ) ;
#846 = CARTESIAN_POINT ( 'NONE',  ( 10.00000012939236704, -3.999999950200006094, 0.7500000003000401039 ) ) ;
#847 = ORIENTED_EDGE ( 'NONE', *, *, #3206, .F. ) ;
#848 = CARTESIAN_POINT ( 'NONE',  ( 33.06575283445334179, -14.33409672815299984, 0.7499999979480540535 ) ) ;
#849 = EDGE_CURVE ( 'NONE', #725, #1661, #3721, .T. ) ;
#850 = DIRECTION ( 'NONE',  ( 1.000000000000000000, 0.000000000000000000, 0.000000000000000000 ) ) ;
#851 = EDGE_CURVE ( 'NONE', #1547, #2156, #977, .T. ) ;
#852 = DIRECTION ( 'NONE',  ( 0.000000000000000000, 0.000000000000000000, 1.000000000000000000 ) ) ;
#853 = CARTESIAN_POINT ( 'NONE',  ( 37.79525347719395967, 8.022245499811321068, -0.7499999985999999952 ) ) ;
#854 = AXIS2_PLACEMENT_3D ( 'NONE', #1421, #3479, #268 ) ;
#855 = VERTEX_POINT ( 'NONE', #482 ) ;
#856 = ORIENTED_EDGE ( 'NONE', *, *, #101, .F. ) ;
#857 = B_SPLINE_CURVE_WITH_KNOTS ( 'NONE', 3,
 ( #3849, #4556, #6, #994, #287, #4204, #641, #1068, #712, #2147 ),
 .UNSPECIFIED., .F., .F.,
 ( 4, 2, 2, 2, 4 ),
 ( 0.000000000000000000, 0.2499999999999985012, 0.4999999999999984457, 0.7499999999999992228, 1.000000000000000000 ),
 .UNSPECIFIED. ) ;
#858 = CARTESIAN_POINT ( 'NONE',  ( 23.65697733599736452, -9.202558192881015842, -0.7499999936604241357 ) ) ;
#859 = VECTOR ( 'NONE', #3908, 1000.000000000000000 ) ;
#860 = CARTESIAN_POINT ( 'NONE',  ( -10.08493630289114584, 22.46762206999999734, 0.4499999986000000618 ) ) ;
#861 = ORIENTED_EDGE ( 'NONE', *, *, #3280, .T. ) ;
#862 = AXIS2_PLACEMENT_3D ( 'NONE', #1835, #1180, #352 ) ;
#863 = CARTESIAN_POINT ( 'NONE',  ( 13.50000013010338407, 10.71555715438349310, -0.7499999952333064046 ) ) ;
#864 = DIRECTION ( 'NONE',  ( 0.000000000000000000, 0.000000000000000000, -1.000000000000000000 ) ) ;
#865 = B_SPLINE_CURVE_WITH_KNOTS ( 'NONE', 3,
 ( #89, #1176, #811, #858 ),
 .UNSPECIFIED., .F., .F.,
 ( 4, 4 ),
 ( 0.000000000000000000, 1.000000000000000000 ),
 .UNSPECIFIED. ) ;
#866 = CIRCLE ( 'NONE', #3718, 1.149999833600007237 ) ;
#867 = EDGE_CURVE ( 'NONE', #2093, #1521, #3098, .T. ) ;
#868 = ORIENTED_EDGE ( 'NONE', *, *, #20, .T. ) ;
#869 = CARTESIAN_POINT ( 'NONE',  ( -3.619084199871289709, 36.03403485776661341, 0.7499999944232000892 ) ) ;
#870 = ORIENTED_EDGE ( 'NONE', *, *, #1055, .T. ) ;
#871 = LINE ( 'NONE', #2299, #683 ) ;
#872 = DIRECTION ( 'NONE',  ( 0.000000000000000000, 0.000000000000000000, 1.000000000000000000 ) ) ;
#873 = EDGE_CURVE ( 'NONE', #3816, #2143, #931, .T. ) ;
#874 = DIRECTION ( 'NONE',  ( 0.5000000603243062169, 0.8660253689561813184, 0.000000000000000000 ) ) ;
#875 = ORIENTED_EDGE ( 'NONE', *, *, #1647, .F. ) ;
#876 = DIRECTION ( 'NONE',  ( 1.000000000000000000, 0.000000000000000000, 0.000000000000000000 ) ) ;
#877 = DIRECTION ( 'NONE',  ( 1.000000000000000000, 0.000000000000000000, 0.000000000000000000 ) ) ;
#878 = CARTESIAN_POINT ( 'NONE',  ( 13.07273007954135124, -32.00000112978851519, 0.7500000026637549944 ) ) ;
#879 = VERTEX_POINT ( 'NONE', #1260 ) ;
#880 = CARTESIAN_POINT ( 'NONE',  ( 4.000000221660387822, 1.150000318960342494, -0.7499999985999999952 ) ) ;
#881 = ORIENTED_EDGE ( 'NONE', *, *, #2427, .F. ) ;
#882 = CARTESIAN_POINT ( 'NONE',  ( 0.5813249401088963486, 31.47012192119997565, 0.2499999995333333780 ) ) ;
#883 = CARTESIAN_POINT ( 'NONE',  ( 33.06575282938634786, -14.33409672776921262, 0.2500000000940627021 ) ) ;
#884 = EDGE_CURVE ( 'NONE', #2456, #3985, #4554, .T. ) ;
#885 = B_SPLINE_CURVE_WITH_KNOTS ( 'NONE', 3,
 ( #497, #2675, #2363, #1557 ),
 .UNSPECIFIED., .F., .F.,
 ( 4, 4 ),
 ( 0.000000000000000000, 1.000000000000000000 ),
 .UNSPECIFIED. ) ;
#886 = ORIENTED_EDGE ( 'NONE', *, *, #2506, .F. ) ;
#887 = CARTESIAN_POINT ( 'NONE',  ( -16.49999999821563534, -16.00000112191399282, 0.7500000026999951164 ) ) ;
#888 = CARTESIAN_POINT ( 'NONE',  ( -9.999999997124643158, -18.99999989680001278, -0.7499999977542053387 ) ) ;
#889 = B_SPLINE_CURVE_WITH_KNOTS ( 'NONE', 3,
 ( #3449, #1205, #3799, #3043 ),
 .UNSPECIFIED., .F., .F.,
 ( 4, 4 ),
 ( 0.000000000000000000, 0.2538166419169807786 ),
 .UNSPECIFIED. ) ;
#890 = VERTEX_POINT ( 'NONE', #4488 ) ;
#891 = CARTESIAN_POINT ( 'NONE',  ( 16.86582192031308480, -21.44244160410296729, -0.7499999985999999952 ) ) ;
#892 = ORIENTED_EDGE ( 'NONE', *, *, #4479, .F. ) ;
#893 = CARTESIAN_POINT ( 'NONE',  ( 37.99999881990887474, -4.761796930574990760, 0.7499999985999999952 ) ) ;
#894 = DIRECTION ( 'NONE',  ( 0.000000000000000000, 0.000000000000000000, -1.000000000000000000 ) ) ;
#895 = CARTESIAN_POINT ( 'NONE',  ( 34.15000001750889425, 0.000000000000000000, -0.7499999985999999952 ) ) ;
#896 = ORIENTED_EDGE ( 'NONE', *, *, #4415, .T. ) ;
#897 = VECTOR ( 'NONE', #3916, 1000.000000000000000 ) ;
#898 = FACE_OUTER_BOUND ( 'NONE', #1722, .T. ) ;
#899 = EDGE_CURVE ( 'NONE', #890, #2645, #4496, .T. ) ;
#900 = AXIS2_PLACEMENT_3D ( 'NONE', #1594, #700, #3742 ) ;
#901 = CARTESIAN_POINT ( 'NONE',  ( -26.49999936289565383, 28.57883827779797414, -0.7500000014436660756 ) ) ;
#902 = ORIENTED_EDGE ( 'NONE', *, *, #742, .T. ) ;
#903 = CARTESIAN_POINT ( 'NONE',  ( 2.500000020708881276, -29.00000001360000823, 0.1500000047999999753 ) ) ;
#904 = EDGE_CURVE ( 'NONE', #3525, #3271, #2870, .T. ) ;
#905 = DIRECTION ( 'NONE',  ( 0.8660254011486071546, 0.5000000045653940628, 0.000000000000000000 ) ) ;
#906 = AXIS2_PLACEMENT_3D ( 'NONE', #4200, #1443, #3334 ) ;
#907 = AXIS2_PLACEMENT_3D ( 'NONE', #1195, #485, #3745 ) ;
#908 = CARTESIAN_POINT ( 'NONE',  ( -15.71410143439513973, 19.21762206827698449, 0.4499999986000000618 ) ) ;
#909 = CARTESIAN_POINT ( 'NONE',  ( -17.99999974817074389, -16.00000112159998267, -0.7499999985999999952 ) ) ;
#910 = AXIS2_PLACEMENT_3D ( 'NONE', #203, #1975, #1645 ) ;
#911 = DIRECTION ( 'NONE',  ( 0.000000000000000000, 0.000000000000000000, 1.000000000000000000 ) ) ;
#912 = EDGE_CURVE ( 'NONE', #1007, #1521, #1600, .T. ) ;
#913 = ORIENTED_EDGE ( 'NONE', *, *, #242, .T. ) ;
#914 = CARTESIAN_POINT ( 'NONE',  ( -16.50000000309112380, 15.99999995320000679, 0.2499999995333333780 ) ) ;
#915 = ORIENTED_EDGE ( 'NONE', *, *, #109, .F. ) ;
#916 = DIRECTION ( 'NONE',  ( 0.000000000000000000, 0.000000000000000000, 1.000000000000000000 ) ) ;
#917 = EDGE_CURVE ( 'NONE', #1053, #3469, #2812, .T. ) ;
#918 = CARTESIAN_POINT ( 'NONE',  ( 4.000000017908872607, -29.00000001360000823, 0.7499999985999999952 ) ) ;
#919 = CARTESIAN_POINT ( 'NONE',  ( -16.92092946426254585, 27.00790895035465411, 0.4499999986000000618 ) ) ;
#920 = EDGE_CURVE ( 'NONE', #424, #2786, #1087, .T. ) ;
#921 = VERTEX_POINT ( 'NONE', #1988 ) ;
#922 = CARTESIAN_POINT ( 'NONE',  ( -14.92907049334987768, 28.15790927424072265, 0.4499999986000000618 ) ) ;
#923 = ADVANCED_FACE ( 'NONE', ( #2724 ), #1945, .F. ) ;
#924 = DIRECTION ( 'NONE',  ( 1.000000000000000000, 0.000000000000000000, 0.000000000000000000 ) ) ;
#925 = ORIENTED_EDGE ( 'NONE', *, *, #912, .T. ) ;
#926 = B_SPLINE_CURVE_WITH_KNOTS ( 'NONE', 3,
 ( #553, #2731, #883, #621 ),
 .UNSPECIFIED., .F., .F.,
 ( 4, 4 ),
 ( 0.000000000000000000, 1.000000000000000000 ),
 .UNSPECIFIED. ) ;
#927 = LINE ( 'NONE', #4164, #823 ) ;
#928 = CARTESIAN_POINT ( 'NONE',  ( -9.567427771888626253, -21.03435567363848335, -0.7499999985999999952 ) ) ;
#929 = ADVANCED_FACE ( 'NONE', ( #2031 ), #2331, .F. ) ;
#930 = CARTESIAN_POINT ( 'NONE',  ( 23.59703236945573934, 8.509027682427534600, -0.7499999985999999952 ) ) ;
#931 = CIRCLE ( 'NONE', #4005, 2.249999995800000541 ) ;
#932 = DESIGN_CONTEXT ( 'detailed design', #2837, 'design' ) ;
#933 = ORIENTED_EDGE ( 'NONE', *, *, #448, .T. ) ;
#934 = DIRECTION ( 'NONE',  ( 0.000000000000000000, 0.000000000000000000, -1.000000000000000000 ) ) ;
#935 = CARTESIAN_POINT ( 'NONE',  ( 23.47600221316234581, 8.176500030271510511, -0.7499999954130937008 ) ) ;
#936 = EDGE_CURVE ( 'NONE', #2325, #4084, #3326, .T. ) ;
#937 = CARTESIAN_POINT ( 'NONE',  ( -9.999999998391107425, -19.35044568652717345, 0.7499999986000001062 ) ) ;
#938 = AXIS2_PLACEMENT_3D ( 'NONE', #1105, #1127, #2539 ) ;
#939 = VERTEX_POINT ( 'NONE', #570 ) ;
#940 = CARTESIAN_POINT ( 'NONE',  ( -9.999999998291153602, -18.99999989680004120, -0.2499999995333333780 ) ) ;
#941 = AXIS2_PLACEMENT_3D ( 'NONE', #1598, #4185, #3746 ) ;
#942 = ORIENTED_EDGE ( 'NONE', *, *, #252, .T. ) ;
#943 = CARTESIAN_POINT ( 'NONE',  ( 37.83443238493734384, -8.034511038622415668, -0.7499999985999999952 ) ) ;
#944 = ADVANCED_FACE ( 'NONE', ( #951 ), #1660, .F. ) ;
#945 = CARTESIAN_POINT ( 'NONE',  ( -13.25000000069112538, 22.94967320139998535, -0.7499999985999999952 ) ) ;
#946 = AXIS2_PLACEMENT_3D ( 'NONE', #3858, #3110, #2758 ) ;
#947 = CARTESIAN_POINT ( 'NONE',  ( 5.000000075308871139, -23.99999987900000420, -0.2499999995333333780 ) ) ;
#948 = EDGE_CURVE ( 'NONE', #3412, #2125, #1371, .T. ) ;
#949 = ORIENTED_EDGE ( 'NONE', *, *, #3418, .F. ) ;
#950 = CARTESIAN_POINT ( 'NONE',  ( 21.87531874729636883, -18.19180265466199842, 0.7499999965614000397 ) ) ;
#951 = FACE_OUTER_BOUND ( 'NONE', #4413, .T. ) ;
#952 = EDGE_LOOP ( 'NONE', ( #269, #1569 ) ) ;
#953 = CARTESIAN_POINT ( 'NONE',  ( -9.999999996407659353, -3.999999950200006094, 0.7499999985708261097 ) ) ;
#954 = EDGE_CURVE ( 'NONE', #135, #3412, #470, .T. ) ;
#955 = CARTESIAN_POINT ( 'NONE',  ( 4.999999999108855953, 8.999999983200002163, 0.4499999986000000618 ) ) ;
#956 = CARTESIAN_POINT ( 'NONE',  ( 15.17368206228487360, 13.44929077754862412, 0.7499999985999999952 ) ) ;
#957 = CARTESIAN_POINT ( 'NONE',  ( 23.59886171068746563, -9.812124223617306740, -0.7499999986000001062 ) ) ;
#958 = EDGE_CURVE ( 'NONE', #1649, #1774, #857, .T. ) ;
#959 = CARTESIAN_POINT ( 'NONE',  ( 33.00000000610880591, 1.149999986000016516, 0.4499999986000000618 ) ) ;
#960 = B_SPLINE_CURVE_WITH_KNOTS ( 'NONE', 3,
 ( #1052, #1151, #2478, #3910 ),
 .UNSPECIFIED., .F., .F.,
 ( 4, 4 ),
 ( 0.7253290687863276354, 1.000000000000000000 ),
 .UNSPECIFIED. ) ;
#961 = DIRECTION ( 'NONE',  ( -1.000000000000000000, 5.631853005364407380E-10, 0.000000000000000000 ) ) ;
#962 = ORIENTED_EDGE ( 'NONE', *, *, #2255, .F. ) ;
#963 = CARTESIAN_POINT ( 'NONE',  ( -13.49999999440762366, -13.00000113071200758, -0.7500000017667113328 ) ) ;
#964 = ORIENTED_EDGE ( 'NONE', *, *, #51, .T. ) ;
#965 = CARTESIAN_POINT ( 'NONE',  ( 23.65695811307835683, -9.202558160769507722, 0.7499999951323020886 ) ) ;
#966 = PLANE ( 'NONE',  #3179 ) ;
#967 = CC_DESIGN_PERSON_AND_ORGANIZATION_ASSIGNMENT ( #2856, #4220, ( #307 ) ) ;
#968 = CARTESIAN_POINT ( 'NONE',  ( -20.99999923480563879, -16.00000112238050676, -0.7499999982814162802 ) ) ;
#969 = ORIENTED_EDGE ( 'NONE', *, *, #2261, .F. ) ;
#970 = DIRECTION ( 'NONE',  ( 0.000000000000000000, 0.000000000000000000, 1.000000000000000000 ) ) ;
#971 = CARTESIAN_POINT ( 'NONE',  ( -23.92387876067000718, 13.78069862741337737, -0.7499999985999999952 ) ) ;
#972 = CARTESIAN_POINT ( 'NONE',  ( -9.524900646641819790, 37.92049355244135000, -0.7499999985999998842 ) ) ;
#973 = VERTEX_POINT ( 'NONE', #1397 ) ;
#974 = CARTESIAN_POINT ( 'NONE',  ( 20.87345546037985855, -1.026059261056005978, 0.7499999982872160853 ) ) ;
#975 = AXIS2_PLACEMENT_3D ( 'NONE', #731, #1137, #2550 ) ;
#976 = CARTESIAN_POINT ( 'NONE',  ( 23.65695811100185253, 9.202560497567514375, -0.7499999936602953499 ) ) ;
#977 = B_SPLINE_CURVE_WITH_KNOTS ( 'NONE', 3,
 ( #2983, #2635, #3246, #4418 ),
 .UNSPECIFIED., .F., .F.,
 ( 4, 4 ),
 ( 0.000000000000000000, 1.000000000000000000 ),
 .UNSPECIFIED. ) ;
#978 = FACE_OUTER_BOUND ( 'NONE', #3783, .T. ) ;
#979 = EDGE_LOOP ( 'NONE', ( #4326, #738, #27, #3827, #4150, #4420 ) ) ;
#980 = CARTESIAN_POINT ( 'NONE',  ( 22.23981189193577634, -11.76999418971321099, -0.7499999986000001062 ) ) ;
#981 = CYLINDRICAL_SURFACE ( 'NONE', #2289, 6.999998039600038524 ) ;
#982 = VECTOR ( 'NONE', #1517, 1000.000000000000000 ) ;
#983 = EDGE_CURVE ( 'NONE', #2638, #3984, #4440, .T. ) ;
#984 = FACE_OUTER_BOUND ( 'NONE', #2544, .T. ) ;
#985 = ORIENTED_EDGE ( 'NONE', *, *, #2364, .F. ) ;
#986 = PLANE ( 'NONE',  #3891 ) ;
#987 = CIRCLE ( 'NONE', #538, 1.499999997199991109 ) ;
#988 = EDGE_LOOP ( 'NONE', ( #2605, #2309 ) ) ;
#989 = DIRECTION ( 'NONE',  ( 0.000000000000000000, 0.000000000000000000, 1.000000000000000000 ) ) ;
#990 = CARTESIAN_POINT ( 'NONE',  ( 21.68298478718669386, 12.02163832018151446, 0.2499999992336800481 ) ) ;
#991 = CARTESIAN_POINT ( 'NONE',  ( 20.69253333290238572, 1.167984015060241632E-06, 0.7500000003276501293 ) ) ;
#992 = ORIENTED_EDGE ( 'NONE', *, *, #2567, .F. ) ;
#993 = LINE ( 'NONE', #636, #3681 ) ;
#994 = CARTESIAN_POINT ( 'NONE',  ( -14.98471845789040557, -15.61960644051873359, -0.7499999985999999952 ) ) ;
#995 = VERTEX_POINT ( 'NONE', #2077 ) ;
#996 = LINE ( 'NONE', #2098, #4267 ) ;
#997 = EDGE_CURVE ( 'NONE', #1298, #581, #2132, .T. ) ;
#998 = EDGE_CURVE ( 'NONE', #2155, #3236, #4599, .T. ) ;
#999 = DIRECTION ( 'NONE',  ( -0.000000000000000000, -0.000000000000000000, -1.000000000000000000 ) ) ;
#1000 = LINE ( 'NONE', #3854, #2951 ) ;
#1001 = ORIENTED_EDGE ( 'NONE', *, *, #1966, .T. ) ;
#1002 = CARTESIAN_POINT ( 'NONE',  ( 4.999999999108855953, 8.999999983200002163, 0.1500000047999999753 ) ) ;
#1003 = DIRECTION ( 'NONE',  ( -1.000000000000000000, 0.000000000000000000, 0.000000000000000000 ) ) ;
#1004 = FACE_OUTER_BOUND ( 'NONE', #3387, .T. ) ;
#1005 = ORIENTED_EDGE ( 'NONE', *, *, #167, .T. ) ;
#1006 = CARTESIAN_POINT ( 'NONE',  ( -11.75000000349110607, 22.94967320139998535, -0.7499999985999999952 ) ) ;
#1007 = VERTEX_POINT ( 'NONE', #3524 ) ;
#1008 = FACE_OUTER_BOUND ( 'NONE', #2137, .T. ) ;
#1009 = AXIS2_PLACEMENT_3D ( 'NONE', #3791, #3392, #4539 ) ;
#1010 = CARTESIAN_POINT ( 'NONE',  ( 24.49999881970884985, 2.500001172199977972, 0.4499999986000000618 ) ) ;
#1011 = EDGE_CURVE ( 'NONE', #1695, #2538, #2650, .T. ) ;
#1012 = EDGE_CURVE ( 'NONE', #4158, #4033, #4625, .T. ) ;
#1013 = AXIS2_PLACEMENT_3D ( 'NONE', #1572, #1929, #3630 ) ;
#1014 = DIRECTION ( 'NONE',  ( 0.000000000000000000, 0.000000000000000000, 1.000000000000000000 ) ) ;
#1015 = ORIENTED_EDGE ( 'NONE', *, *, #4594, .T. ) ;
#1016 = CARTESIAN_POINT ( 'NONE',  ( 18.91170197312476731, -13.03030044197774906, 0.7499999985999999952 ) ) ;
#1017 = AXIS2_PLACEMENT_3D ( 'NONE', #2806, #3093, #282 ) ;
#1018 = PERSON_AND_ORGANIZATION ( #1631, #828 ) ;
#1019 = CARTESIAN_POINT ( 'NONE',  ( -11.27451881820081425, 37.36927374230865695, -0.7499999986000001062 ) ) ;
#1020 = EDGE_LOOP ( 'NONE', ( #3837, #3645 ) ) ;
#1021 = FACE_OUTER_BOUND ( 'NONE', #1872, .T. ) ;
#1022 = DIRECTION ( 'NONE',  ( 0.5000000637593520203, 0.8660253669729565118, 0.000000000000000000 ) ) ;
#1023 = CARTESIAN_POINT ( 'NONE',  ( 7.072730091601364677, -38.00000112814699804, -0.7500000015762178229 ) ) ;
#1024 = EDGE_LOOP ( 'NONE', ( #3960, #1241 ) ) ;
#1025 = DIRECTION ( 'NONE',  ( 0.000000000000000000, 0.000000000000000000, 1.000000000000000000 ) ) ;
#1026 = CARTESIAN_POINT ( 'NONE',  ( 23.47600221470835891, 8.176500033679007018, 0.7499999961340101384 ) ) ;
#1027 = EDGE_CURVE ( 'NONE', #4013, #3667, #2262, .T. ) ;
#1028 = CARTESIAN_POINT ( 'NONE',  ( 21.68298478833336063, 12.02163833066799370, -0.7499999952006333181 ) ) ;
#1029 = ORIENTED_EDGE ( 'NONE', *, *, #613, .T. ) ;
#1030 = FACE_OUTER_BOUND ( 'NONE', #198, .T. ) ;
#1031 = ORIENTED_EDGE ( 'NONE', *, *, #4386, .T. ) ;
#1032 = CARTESIAN_POINT ( 'NONE',  ( -26.49999963966365257, -28.57883796959950828, -0.7499999945186460737 ) ) ;
#1033 = DIRECTION ( 'NONE',  ( 1.000000000000000000, 0.000000000000000000, 0.000000000000000000 ) ) ;
#1034 = B_SPLINE_CURVE_WITH_KNOTS ( 'NONE', 3,
 ( #63, #4026, #1177, #3348, #4006, #3368, #114, #3300, #3656, #3726 ),
 .UNSPECIFIED., .F., .F.,
 ( 4, 2, 2, 2, 4 ),
 ( 0.000000000000000000, 0.2499999999999993339, 0.4999999999999991118, 0.7499999999999995559, 1.000000000000000000 ),
 .UNSPECIFIED. ) ;
#1035 = CARTESIAN_POINT ( 'NONE',  ( -2.011518823389124577, 34.02510591720997724, -0.7499999964197217039 ) ) ;
#1036 = ORIENTED_EDGE ( 'NONE', *, *, #3010, .T. ) ;
#1037 = DIRECTION ( 'NONE',  ( -0.000000000000000000, -0.000000000000000000, -1.000000000000000000 ) ) ;
#1038 = COORDINATED_UNIVERSAL_TIME_OFFSET ( 1, 0, .AHEAD. ) ;
#1039 = ORIENTED_EDGE ( 'NONE', *, *, #904, .T. ) ;
#1040 = DIRECTION ( 'NONE',  ( -0.000000000000000000, -0.000000000000000000, -1.000000000000000000 ) ) ;
#1041 = ORIENTED_EDGE ( 'NONE', *, *, #1012, .F. ) ;
#1042 = CARTESIAN_POINT ( 'NONE',  ( -4.999999990691144980, 8.999999983200002163, 0.4499999986000000618 ) ) ;
#1043 = CARTESIAN_POINT ( 'NONE',  ( -8.120098940979538327, -22.96341493365082087, 0.7499999986000001062 ) ) ;
#1044 = CARTESIAN_POINT ( 'NONE',  ( -14.92907095960271846, -28.15790911661428098, -0.7550132910086272409 ) ) ;
#1045 = EDGE_LOOP ( 'NONE', ( #2251, #3822 ) ) ;
#1046 = CARTESIAN_POINT ( 'NONE',  ( -8.306423681440161744, -38.00000113025497939, 0.7499999973493221006 ) ) ;
#1047 = VECTOR ( 'NONE', #3314, 1000.000000000000000 ) ;
#1048 = CARTESIAN_POINT ( 'NONE',  ( 36.11947526929787244, -11.05938028777550564, 0.7499999957184361188 ) ) ;
#1049 = B_SPLINE_CURVE_WITH_KNOTS ( 'NONE', 3,
 ( #2944, #4370, #2197, #696 ),
 .UNSPECIFIED., .F., .F.,
 ( 4, 4 ),
 ( 0.000000000000000000, 1.000000000000000000 ),
 .UNSPECIFIED. ) ;
#1050 = FACE_OUTER_BOUND ( 'NONE', #3460, .T. ) ;
#1051 = VERTEX_POINT ( 'NONE', #1372 ) ;
#1052 = CARTESIAN_POINT ( 'NONE',  ( -22.46410144456165270, 30.90896507352547218, 0.7499999985999999952 ) ) ;
#1053 = VERTEX_POINT ( 'NONE', #2054 ) ;
#1054 = CARTESIAN_POINT ( 'NONE',  ( 23.65695811307835683, -9.202558160769507722, 0.7499999951323020886 ) ) ;
#1055 = EDGE_CURVE ( 'NONE', #1786, #1688, #2418, .T. ) ;
#1056 = CARTESIAN_POINT ( 'NONE',  ( -3.499999993491154093, 8.999999983200002163, -0.7499999985999999952 ) ) ;
#1057 = APPROVAL_PERSON_ORGANIZATION ( #3523, #559, #2833 ) ;
#1058 = EDGE_CURVE ( 'NONE', #3309, #4033, #1914, .T. ) ;
#1059 = AXIS2_PLACEMENT_3D ( 'NONE', #3869, #661, #2811 ) ;
#1060 = AXIS2_PLACEMENT_3D ( 'NONE', #3390, #3725, #178 ) ;
#1061 = LINE ( 'NONE', #2482, #897 ) ;
#1062 = EDGE_CURVE ( 'NONE', #3017, #3213, #3169, .T. ) ;
#1063 = ORIENTED_EDGE ( 'NONE', *, *, #3553, .T. ) ;
#1064 = CARTESIAN_POINT ( 'NONE',  ( -1.890884441091127188, 33.81616101879999547, 0.2499999995333333780 ) ) ;
#1065 = SHAPE_DEFINITION_REPRESENTATION ( #4232, #2071 ) ;
#1066 = EDGE_LOOP ( 'NONE', ( #2020, #2551, #1162, #4624, #4243, #2573 ) ) ;
#1067 = ADVANCED_FACE ( 'NONE', ( #665 ), #2096, .T. ) ;
#1068 = CARTESIAN_POINT ( 'NONE',  ( -13.57612046684070961, -13.78069980657666704, -0.7499999986000001062 ) ) ;
#1069 = ORIENTED_EDGE ( 'NONE', *, *, #3239, .T. ) ;
#1070 = B_SPLINE_CURVE_WITH_KNOTS ( 'NONE', 3,
 ( #950, #1279, #2367, #4178 ),
 .UNSPECIFIED., .F., .F.,
 ( 4, 4 ),
 ( 0.000000000000000000, 1.000000000000000000 ),
 .UNSPECIFIED. ) ;
#1071 = CARTESIAN_POINT ( 'NONE',  ( 34.15000001750878766, 1.149999986000016516, -0.1499999931333333147 ) ) ;
#1072 = EDGE_CURVE ( 'NONE', #3271, #691, #2058, .T. ) ;
#1073 = EDGE_CURVE ( 'NONE', #4298, #2507, #3896, .T. ) ;
#1074 = DIRECTION ( 'NONE',  ( -0.5000000004503858397, 0.8660254035244081550, 0.000000000000000000 ) ) ;
#1075 = ORIENTED_EDGE ( 'NONE', *, *, #3443, .F. ) ;
#1076 = LINE ( 'NONE', #4347, #3256 ) ;
#1077 = CARTESIAN_POINT ( 'NONE',  ( 34.15000001750878766, -1.150000011399976430, 0.1500000027333333319 ) ) ;
#1078 = EDGE_CURVE ( 'NONE', #3525, #3236, #3192, .T. ) ;
#1079 = B_SPLINE_CURVE_WITH_KNOTS ( 'NONE', 3,
 ( #1239, #3031, #2661, #1310 ),
 .UNSPECIFIED., .F., .F.,
 ( 4, 4 ),
 ( 0.000000000000000000, 1.000000000000000000 ),
 .UNSPECIFIED. ) ;
#1080 = CARTESIAN_POINT ( 'NONE',  ( 0.5813249349103655206, 31.47012191570949824, -0.7500000012986886011 ) ) ;
#1081 = VERTEX_POINT ( 'NONE', #3242 ) ;
#1082 = ORIENTED_EDGE ( 'NONE', *, *, #34, .F. ) ;
#1083 = DIRECTION ( 'NONE',  ( 1.000000000000000000, 0.000000000000000000, 0.000000000000000000 ) ) ;
#1084 = DIRECTION ( 'NONE',  ( 1.000000000000000000, 0.000000000000000000, 0.000000000000000000 ) ) ;
#1085 = CARTESIAN_POINT ( 'NONE',  ( -9.999999975791126872, -3.589416500899079043, -0.7499999985999999952 ) ) ;
#1086 = EDGE_CURVE ( 'NONE', #3475, #2617, #1187, .T. ) ;
#1087 = CIRCLE ( 'NONE', #2423, 1.150000316200026296 ) ;
#1088 = ORIENTED_EDGE ( 'NONE', *, *, #3437, .T. ) ;
#1089 = CARTESIAN_POINT ( 'NONE',  ( -14.77499966849113378, 27.58290912159999664, 0.1500000047999999753 ) ) ;
#1090 = PERSON_AND_ORGANIZATION ( #1631, #828 ) ;
#1091 = AXIS2_PLACEMENT_3D ( 'NONE', #3970, #3995, #779 ) ;
#1092 = EDGE_CURVE ( 'NONE', #1402, #4089, #3027, .T. ) ;
#1093 = ORIENTED_EDGE ( 'NONE', *, *, #4188, .F. ) ;
#1094 = CARTESIAN_POINT ( 'NONE',  ( 13.50000011870889338, 3.571853170341018124, 0.7499999985999999952 ) ) ;
#1095 = B_SPLINE_CURVE_WITH_KNOTS ( 'NONE', 3,
 ( #2102, #3508, #1378, #1401, #2820, #2796, #4252, #2864, #2468, #2169 ),
 .UNSPECIFIED., .F., .F.,
 ( 4, 2, 2, 2, 4 ),
 ( 0.000000000000000000, 0.2500000000000000000, 0.5000000000000000000, 0.7500000000000000000, 1.000000000000000000 ),
 .UNSPECIFIED. ) ;
#1096 = CARTESIAN_POINT ( 'NONE',  ( -26.49999963729113617, -28.57883796540000532, -0.2499999995333333780 ) ) ;
#1097 = ORIENTED_EDGE ( 'NONE', *, *, #292, .F. ) ;
#1098 = AXIS2_PLACEMENT_3D ( 'NONE', #4286, #4354, #1084 ) ;
#1099 = CARTESIAN_POINT ( 'NONE',  ( 35.30000000350891298, 0.000000000000000000, -0.7499999985999999952 ) ) ;
#1100 = DIRECTION ( 'NONE',  ( 0.5000000045653889558, -0.8660254011486100412, 0.000000000000000000 ) ) ;
#1101 = AXIS2_PLACEMENT_3D ( 'NONE', #1225, #119, #2000 ) ;
#1102 = CARTESIAN_POINT ( 'NONE',  ( 21.68298479463184947, -12.02163597843702902, -0.7499999953069438341 ) ) ;
#1103 = ADVANCED_FACE ( 'NONE', ( #2960 ), #405, .T. ) ;
#1104 = ORIENTED_EDGE ( 'NONE', *, *, #3365, .T. ) ;
#1105 = CARTESIAN_POINT ( 'NONE',  ( -15.92499998469115674, 27.58290912159999664, -0.7499999985999999952 ) ) ;
#1106 = CARTESIAN_POINT ( 'NONE',  ( -8.585040951883282645, -22.48532359358026866, 0.4499999986000000618 ) ) ;
#1107 = CARTESIAN_POINT ( 'NONE',  ( 23.59898171861015115, 9.811648482285317385, -0.7499999985999998842 ) ) ;
#1108 = ORIENTED_EDGE ( 'NONE', *, *, #3154, .F. ) ;
#1109 = ADVANCED_FACE ( 'NONE', ( #4337 ), #759, .T. ) ;
#1110 = ORIENTED_EDGE ( 'NONE', *, *, #954, .F. ) ;
#1111 = CARTESIAN_POINT ( 'NONE',  ( 9.750883109654946423, -2.388399119327231368, -0.7499999985999999952 ) ) ;
#1112 = CARTESIAN_POINT ( 'NONE',  ( 4.999999999108855953, 8.999999983200002163, 0.7499999985999999952 ) ) ;
#1113 = CARTESIAN_POINT ( 'NONE',  ( -8.430565808288468688, -0.3396770758262849244, -0.7499999986000001062 ) ) ;
#1114 = ORIENTED_EDGE ( 'NONE', *, *, #2962, .F. ) ;
#1115 = CARTESIAN_POINT ( 'NONE',  ( 13.30662252909443133, -26.67648573288957792, 0.7499999985999998842 ) ) ;
#1116 = ORIENTED_EDGE ( 'NONE', *, *, #4467, .F. ) ;
#1117 = DIRECTION ( 'NONE',  ( 1.000000000000000000, 0.000000000000000000, 0.000000000000000000 ) ) ;
#1118 = CYLINDRICAL_SURFACE ( 'NONE', #1206, 2.999999994399968450 ) ;
#1119 = B_SPLINE_CURVE_WITH_KNOTS ( 'NONE', 3,
 ( #2300, #3735, #2695, #1303, #4108, #4155 ),
 .UNSPECIFIED., .F., .F.,
 ( 4, 2, 4 ),
 ( 0.000000000000000000, 0.5000000000000000000, 1.000000000000000000 ),
 .UNSPECIFIED. ) ;
#1120 = EDGE_LOOP ( 'NONE', ( #4236, #97, #3741, #2416, #3071 ) ) ;
#1121 = CARTESIAN_POINT ( 'NONE',  ( -23.99999923678164748, 13.39763402014101956, 0.7499999986000001062 ) ) ;
#1122 = CARTESIAN_POINT ( 'NONE',  ( 20.87345545972438288, 1.026061597326988206, 0.7500000008241241023 ) ) ;
#1123 = B_SPLINE_CURVE_WITH_KNOTS ( 'NONE', 3,
 ( #1739, #2138, #3537, #4592 ),
 .UNSPECIFIED., .F., .F.,
 ( 4, 4 ),
 ( 0.000000000000000000, 1.000000000000000000 ),
 .UNSPECIFIED. ) ;
#1124 = DIRECTION ( 'NONE',  ( 0.000000000000000000, 0.000000000000000000, 1.000000000000000000 ) ) ;
#1125 = ADVANCED_FACE ( 'NONE', ( #454 ), #382, .T. ) ;
#1126 = ORIENTED_EDGE ( 'NONE', *, *, #1568, .T. ) ;
#1127 = DIRECTION ( 'NONE',  ( 0.000000000000000000, 0.000000000000000000, -1.000000000000000000 ) ) ;
#1128 = DIRECTION ( 'NONE',  ( 0.5000000585538371123, 0.8660253699783624359, 0.000000000000000000 ) ) ;
#1129 = CARTESIAN_POINT ( 'NONE',  ( -16.49999999621715219, 15.99999995991702129, -0.7500000017667113328 ) ) ;
#1130 = ORIENTED_EDGE ( 'NONE', *, *, #948, .F. ) ;
#1131 = VERTEX_POINT ( 'NONE', #1844 ) ;
#1132 = CARTESIAN_POINT ( 'NONE',  ( -23.99999922709114486, -5.841999939359965310E-07, -0.7499999985999999952 ) ) ;
#1133 = B_SPLINE_CURVE_WITH_KNOTS ( 'NONE', 3,
 ( #1470, #3316, #1891, #848 ),
 .UNSPECIFIED., .F., .F.,
 ( 4, 4 ),
 ( 0.000000000000000000, 1.000000000000000000 ),
 .UNSPECIFIED. ) ;
#1134 = DIRECTION ( 'NONE',  ( 1.000000000000000000, 0.000000000000000000, 0.000000000000000000 ) ) ;
#1135 = VECTOR ( 'NONE', #775, 1000.000000000000114 ) ;
#1136 = EDGE_CURVE ( 'NONE', #2318, #3230, #478, .T. ) ;
#1137 = DIRECTION ( 'NONE',  ( 0.9396926202337723133, -0.3420201448426501423, 0.000000000000000000 ) ) ;
#1138 = ORIENTED_EDGE ( 'NONE', *, *, #651, .F. ) ;
#1139 = CARTESIAN_POINT ( 'NONE',  ( 30.44541832470698139, -16.24202800897300136, 0.7499999963647597800 ) ) ;
#1140 = AXIS2_PLACEMENT_3D ( 'NONE', #3476, #1037, #3892 ) ;
#1141 = ORIENTED_EDGE ( 'NONE', *, *, #1073, .F. ) ;
#1142 = LINE ( 'NONE', #3571, #786 ) ;
#1143 = CYLINDRICAL_SURFACE ( 'NONE', #3670, 2.999999994400010195 ) ;
#1144 = VERTEX_POINT ( 'NONE', #3689 ) ;
#1145 = CARTESIAN_POINT ( 'NONE',  ( -22.84032581896946823, 15.40241709856005237, 0.7499999986000001062 ) ) ;
#1146 = CIRCLE ( 'NONE', #4201, 1.150000011399976430 ) ;
#1147 = ADVANCED_FACE ( 'NONE', ( #3971 ), #1118, .F. ) ;
#1148 = CARTESIAN_POINT ( 'NONE',  ( 20.87345546952735376, 1.026061593477842759, -0.2499999992453147413 ) ) ;
#1149 = DIRECTION ( 'NONE',  ( -1.000000000000000000, 0.000000000000000000, 0.000000000000000000 ) ) ;
#1150 = EDGE_CURVE ( 'NONE', #2990, #319, #1983, .T. ) ;
#1151 = CARTESIAN_POINT ( 'NONE',  ( -23.80940074801039330, 30.13225613736144837, 0.7499999985999999952 ) ) ;
#1152 = ORIENTED_EDGE ( 'NONE', *, *, #2039, .F. ) ;
#1153 = CARTESIAN_POINT ( 'NONE',  ( 10.00000012939236704, -3.999999950200006094, 0.7500000003000401039 ) ) ;
#1154 = DIRECTION ( 'NONE',  ( 1.000000000000000000, 0.000000000000000000, 0.000000000000000000 ) ) ;
#1155 = CARTESIAN_POINT ( 'NONE',  ( -15.71930131632702476, 15.92387947569115170, -0.7499999986000001062 ) ) ;
#1156 = ORIENTED_EDGE ( 'NONE', *, *, #4345, .F. ) ;
#1157 = ORIENTED_EDGE ( 'NONE', *, *, #386, .F. ) ;
#1158 = CARTESIAN_POINT ( 'NONE',  ( 32.98952240316987883, 14.41584370773851731, -0.7499999980067396654 ) ) ;
#1159 = DIRECTION ( 'NONE',  ( -0.000000000000000000, -0.000000000000000000, -1.000000000000000000 ) ) ;
#1160 = EDGE_LOOP ( 'NONE', ( #2266, #3091 ) ) ;
#1161 = CARTESIAN_POINT ( 'NONE',  ( -14.09768588834735858, -14.84022465761484888, 0.7499999985999998842 ) ) ;
#1162 = ORIENTED_EDGE ( 'NONE', *, *, #1451, .T. ) ;
#1163 = CARTESIAN_POINT ( 'NONE',  ( 33.06575283445334179, -14.33409672815299984, 0.7499999979480540535 ) ) ;
#1164 = EDGE_CURVE ( 'NONE', #3936, #3030, #2641, .T. ) ;
#1165 = ADVANCED_FACE ( 'NONE', ( #1468 ), #2190, .F. ) ;
#1166 = CARTESIAN_POINT ( 'NONE',  ( -22.84032581929285399, -15.40241828050783113, -0.7499999986000001062 ) ) ;
#1167 = DIRECTION ( 'NONE',  ( -0.2079116989976630969, 0.9781475989951133876, 0.000000000000000000 ) ) ;
#1168 = EDGE_LOOP ( 'NONE', ( #3702, #3322, #1746, #4584 ) ) ;
#1169 = CARTESIAN_POINT ( 'NONE',  ( -29.36922475081503237, -25.48493463797804992, -0.7499999985999999952 ) ) ;
#1170 = CARTESIAN_POINT ( 'NONE',  ( -6.249999979891146751, -29.00000001360000823, 0.4499999986000000618 ) ) ;
#1171 = CARTESIAN_POINT ( 'NONE',  ( -15.71410141301363161, -19.21762231240650820, 0.4499999986000000618 ) ) ;
#1172 = AXIS2_PLACEMENT_3D ( 'NONE', #1808, #2133, #3558 ) ;
#1173 = CARTESIAN_POINT ( 'NONE',  ( 21.87531874729636883, -18.19180265466199842, 0.7499999965614000397 ) ) ;
#1174 = ORIENTED_EDGE ( 'NONE', *, *, #3379, .F. ) ;
#1175 = FACE_OUTER_BOUND ( 'NONE', #17, .T. ) ;
#1176 = CARTESIAN_POINT ( 'NONE',  ( 23.65692435650887404, -9.202558125200004824, 0.2499999992337570420 ) ) ;
#1177 = CARTESIAN_POINT ( 'NONE',  ( -15.71918095308834040, 15.92367184439837402, 0.7499999985999999952 ) ) ;
#1178 = EDGE_LOOP ( 'NONE', ( #2934, #371, #3370, #3202 ) ) ;
#1179 = CARTESIAN_POINT ( 'NONE',  ( -22.46410219474762116, -30.90896482219498864, 0.7499999985999999952 ) ) ;
#1180 = DIRECTION ( 'NONE',  ( 0.000000000000000000, 0.000000000000000000, 1.000000000000000000 ) ) ;
#1181 = ORIENTED_EDGE ( 'NONE', *, *, #109, .T. ) ;
#1182 = CARTESIAN_POINT ( 'NONE',  ( 23.47274769846369580, -10.24933246630788020, 0.7499999986000001062 ) ) ;
#1183 = ORIENTED_EDGE ( 'NONE', *, *, #3503, .T. ) ;
#1184 = CARTESIAN_POINT ( 'NONE',  ( 13.11963129635932823, -27.66176656958207047, 0.7499999986000001062 ) ) ;
#1185 = CARTESIAN_POINT ( 'NONE',  ( -20.99999923269113467, 15.99999995320000679, 0.2499999995333333780 ) ) ;
#1186 = B_SPLINE_CURVE_WITH_KNOTS ( 'NONE', 3,
 ( #1334, #3467, #323, #4148 ),
 .UNSPECIFIED., .F., .F.,
 ( 4, 4 ),
 ( 0.000000000000000000, 1.000000000000000000 ),
 .UNSPECIFIED. ) ;
#1187 = LINE ( 'NONE', #2257, #1047 ) ;
#1188 = ORIENTED_EDGE ( 'NONE', *, *, #1086, .T. ) ;
#1189 = DIRECTION ( 'NONE',  ( -1.000000000000000000, 0.000000000000000000, 0.000000000000000000 ) ) ;
#1190 = FACE_OUTER_BOUND ( 'NONE', #2191, .T. ) ;
#1191 = LINE ( 'NONE', #4021, #4368 ) ;
#1192 = CARTESIAN_POINT ( 'NONE',  ( 18.88495104653377865, -19.45831881402907371, 0.7499999986000001062 ) ) ;
#1193 = ORIENTED_EDGE ( 'NONE', *, *, #983, .T. ) ;
#1194 = ORIENTED_EDGE ( 'NONE', *, *, #812, .T. ) ;
#1195 = CARTESIAN_POINT ( 'NONE',  ( -4.999999990691144980, 8.999999983200002163, 0.7499999985999999952 ) ) ;
#1196 = CARTESIAN_POINT ( 'NONE',  ( -16.92092946349115934, 27.00790895080001874, -0.1499999931333333703 ) ) ;
#1197 = B_SPLINE_CURVE_WITH_KNOTS ( 'NONE', 3,
 ( #239, #1304, #947, #2344 ),
 .UNSPECIFIED., .F., .F.,
 ( 4, 4 ),
 ( 0.000000000000000000, 1.000000000000000000 ),
 .UNSPECIFIED. ) ;
#1198 = ORIENTED_EDGE ( 'NONE', *, *, #3429, .T. ) ;
#1199 = DIRECTION ( 'NONE',  ( 0.000000000000000000, 0.000000000000000000, -1.000000000000000000 ) ) ;
#1200 = CARTESIAN_POINT ( 'NONE',  ( -5.668847746500125240, -23.99999988849851107, -0.7499999986000001062 ) ) ;
#1201 = ORIENTED_EDGE ( 'NONE', *, *, #1092, .T. ) ;
#1202 = CARTESIAN_POINT ( 'NONE',  ( -13.49999999440762366, -13.00000113071200758, -0.7500000017667113328 ) ) ;
#1203 = EDGE_CURVE ( 'NONE', #1415, #4290, #4100, .T. ) ;
#1204 = ORIENTED_EDGE ( 'NONE', *, *, #73, .T. ) ;
#1205 = CARTESIAN_POINT ( 'NONE',  ( -13.04958235692485147, 36.34444032371423816, 0.7499999985999999952 ) ) ;
#1206 = AXIS2_PLACEMENT_3D ( 'NONE', #1889, #54, #1915 ) ;
#1207 = CARTESIAN_POINT ( 'NONE',  ( 30.44003896229937567, -16.24513634167848508, -0.7499999986000001062 ) ) ;
#1208 = ADVANCED_FACE ( 'NONE', ( #2510 ), #1143, .T. ) ;
#1209 = DIRECTION ( 'NONE',  ( 0.000000000000000000, 0.000000000000000000, 1.000000000000000000 ) ) ;
#1210 = VECTOR ( 'NONE', #2636, 1000.000000000000000 ) ;
#1211 = CARTESIAN_POINT ( 'NONE',  ( -16.92092946503398565, 27.00790894990939961, -0.4499999890000000446 ) ) ;
#1212 = ORIENTED_EDGE ( 'NONE', *, *, #2049, .T. ) ;
#1213 = CARTESIAN_POINT ( 'NONE',  ( -28.38395282309020118, -27.03226992267072504, -0.7499999985999998842 ) ) ;
#1214 = AXIS2_PLACEMENT_3D ( 'NONE', #3506, #2420, #289 ) ;
#1215 = DIRECTION ( 'NONE',  ( 0.000000000000000000, -1.000000000000000000, 0.000000000000000000 ) ) ;
#1216 = CARTESIAN_POINT ( 'NONE',  ( 15.22190043251636737, -23.20533159131552026, -0.7499999983070638754 ) ) ;
#1217 = CARTESIAN_POINT ( 'NONE',  ( 18.24749244796284486, -19.96078134487819611, 0.7499999986000001062 ) ) ;
#1218 = ORIENTED_EDGE ( 'NONE', *, *, #793, .F. ) ;
#1219 = EDGE_LOOP ( 'NONE', ( #1759, #4432, #4199, #1278, #4077, #249 ) ) ;
#1220 = LINE ( 'NONE', #2639, #534 ) ;
#1221 = ADVANCED_FACE ( 'NONE', ( #4292 ), #781, .F. ) ;
#1222 = CARTESIAN_POINT ( 'NONE',  ( 36.11947483817385063, 11.05938056825500659, -0.7499999954800304902 ) ) ;
#1223 = VERTEX_POINT ( 'NONE', #428 ) ;
#1224 = FACE_OUTER_BOUND ( 'NONE', #3918, .T. ) ;
#1225 = CARTESIAN_POINT ( 'NONE',  ( -14.41506335509112802, -19.96762242180000158, 0.4499999986000000618 ) ) ;
#1226 = ADVANCED_FACE ( 'NONE', ( #1534 ), #3597, .F. ) ;
#1227 = ORIENTED_EDGE ( 'NONE', *, *, #3094, .F. ) ;
#1228 = CARTESIAN_POINT ( 'NONE',  ( -7.663148399746343209, 37.94891648475629609, 0.7499999944231998672 ) ) ;
#1229 = ORIENTED_EDGE ( 'NONE', *, *, #41, .F. ) ;
#1230 = CARTESIAN_POINT ( 'NONE',  ( 10.00000013370885910, -11.49999992350000966, -0.7499999985999999952 ) ) ;
#1231 = CARTESIAN_POINT ( 'NONE',  ( 17.68778267679838123, -20.56099659838900351, 0.7499999966888120095 ) ) ;
#1232 = DIRECTION ( 'NONE',  ( -0.000000000000000000, -0.000000000000000000, -1.000000000000000000 ) ) ;
#1233 = ORIENTED_EDGE ( 'NONE', *, *, #2377, .T. ) ;
#1234 = CARTESIAN_POINT ( 'NONE',  ( 36.11947483400085446, 11.05938057272198805, 0.7499999965497240462 ) ) ;
#1235 = CARTESIAN_POINT ( 'NONE',  ( -18.74999961789114522, -16.00000112159999333, -0.7499999985999999952 ) ) ;
#1236 = EDGE_CURVE ( 'NONE', #3230, #2212, #449, .T. ) ;
#1237 = DIRECTION ( 'NONE',  ( -1.000000000000000000, 5.597070699207871170E-10, 0.000000000000000000 ) ) ;
#1238 = EDGE_LOOP ( 'NONE', ( #902, #3814, #3253, #1252 ) ) ;
#1239 = CARTESIAN_POINT ( 'NONE',  ( 30.77061681207737820, 16.08790902910350695, -0.7499999979219882373 ) ) ;
#1240 = VECTOR ( 'NONE', #1775, 999.9999999999998863 ) ;
#1241 = ORIENTED_EDGE ( 'NONE', *, *, #4049, .T. ) ;
#1242 = LINE ( 'NONE', #4423, #3307 ) ;
#1243 = VECTOR ( 'NONE', #2279, 1000.000000000000000 ) ;
#1244 = CARTESIAN_POINT ( 'NONE',  ( -13.04958329074272250, -36.34444069746695050, 0.7499999985999999952 ) ) ;
#1245 = ORIENTED_EDGE ( 'NONE', *, *, #2572, .F. ) ;
#1246 = DIRECTION ( 'NONE',  ( 0.5000000585538370013, 0.8660253699783624359, 0.000000000000000000 ) ) ;
#1247 = FACE_OUTER_BOUND ( 'NONE', #747, .T. ) ;
#1248 = AXIS2_PLACEMENT_3D ( 'NONE', #3372, #539, #649 ) ;
#1249 = EDGE_CURVE ( 'NONE', #2682, #4238, #3059, .T. ) ;
#1250 = EDGE_LOOP ( 'NONE', ( #3772, #1981, #1141, #182 ) ) ;
#1251 = CARTESIAN_POINT ( 'NONE',  ( -4.122792325061987562, 36.44488801435885961, 0.7499999944231999782 ) ) ;
#1252 = ORIENTED_EDGE ( 'NONE', *, *, #1647, .T. ) ;
#1253 = DIRECTION ( 'NONE',  ( 0.000000000000000000, 0.000000000000000000, 1.000000000000000000 ) ) ;
#1254 = CARTESIAN_POINT ( 'NONE',  ( 22.99999880725683710, -2.499998824193994107, 0.7499999985999999952 ) ) ;
#1255 = EDGE_CURVE ( 'NONE', #1525, #1614, #3318, .T. ) ;
#1256 = CARTESIAN_POINT ( 'NONE',  ( -9.999999994541152404, -3.999999950200006094, -0.7499999976333775464 ) ) ;
#1257 = ORIENTED_EDGE ( 'NONE', *, *, #432, .F. ) ;
#1258 = CARTESIAN_POINT ( 'NONE',  ( -23.99999922803114316, -13.00000112719998313, -0.7499999983212393140 ) ) ;
#1259 = FACE_BOUND ( 'NONE', #1616, .T. ) ;
#1260 = CARTESIAN_POINT ( 'NONE',  ( -3.499999993491154093, 8.999999983200002163, 0.4499999986000000618 ) ) ;
#1261 = ORIENTED_EDGE ( 'NONE', *, *, #41, .T. ) ;
#1262 = CARTESIAN_POINT ( 'NONE',  ( -13.49999998329112749, -5.841999939359965310E-07, -0.7499999985999999952 ) ) ;
#1263 = VERTEX_POINT ( 'NONE', #211 ) ;
#1264 = EDGE_CURVE ( 'NONE', #2212, #1882, #587, .T. ) ;
#1265 = CARTESIAN_POINT ( 'NONE',  ( -17.49592946919115022, 28.00383816289997441, -0.4499999890000000446 ) ) ;
#1266 = DIRECTION ( 'NONE',  ( 0.4999999988276693230, -0.8660254044612839541, 0.000000000000000000 ) ) ;
#1267 = EDGE_CURVE ( 'NONE', #1553, #165, #3653, .T. ) ;
#1268 = VERTEX_POINT ( 'NONE', #1211 ) ;
#1269 = CARTESIAN_POINT ( 'NONE',  ( 24.49999881970884985, -3.999998821393985438, 0.4499999986000000618 ) ) ;
#1270 = CARTESIAN_POINT ( 'NONE',  ( 37.99999881990883921, 4.000001169399997281, -0.7499999985999999952 ) ) ;
#1271 = ORIENTED_EDGE ( 'NONE', *, *, #1267, .T. ) ;
#1272 = CARTESIAN_POINT ( 'NONE',  ( -15.53589923927614613, -34.90896528546699784, 0.4499999986000000618 ) ) ;
#1273 = ORIENTED_EDGE ( 'NONE', *, *, #4600, .T. ) ;
#1274 = CARTESIAN_POINT ( 'NONE',  ( -11.80642531048511934, -37.06217839597849917, -0.7499999963850274565 ) ) ;
#1275 = CARTESIAN_POINT ( 'NONE',  ( -17.07499999609113317, 29.57476752040000179, 0.1500000047999999753 ) ) ;
#1276 = ADVANCED_FACE ( 'NONE', ( #2631 ), #3002, .F. ) ;
#1277 = CARTESIAN_POINT ( 'NONE',  ( 4.000000017908872607, -29.00000001360000823, -0.7499999985999999952 ) ) ;
#1278 = ORIENTED_EDGE ( 'NONE', *, *, #3649, .T. ) ;
#1279 = CARTESIAN_POINT ( 'NONE',  ( 24.20961808160593876, -17.69563199602798065, 0.7499999985999999952 ) ) ;
#1280 = CARTESIAN_POINT ( 'NONE',  ( 37.99999881990883921, 4.000001169399997281, 0.7499999986000002172 ) ) ;
#1281 = EDGE_CURVE ( 'NONE', #2872, #995, #1420, .T. ) ;
#1282 = AXIS2_PLACEMENT_3D ( 'NONE', #1262, #4490, #4144 ) ;
#1283 = DIRECTION ( 'NONE',  ( 0.000000000000000000, 0.000000000000000000, -1.000000000000000000 ) ) ;
#1284 = ORIENTED_EDGE ( 'NONE', *, *, #180, .F. ) ;
#1285 = PLANE ( 'NONE',  #1282 ) ;
#1286 = EDGE_CURVE ( 'NONE', #2195, #4610, #2026, .T. ) ;
#1287 = CC_DESIGN_APPROVAL ( #2621, ( #3045 ) ) ;
#1288 = CARTESIAN_POINT ( 'NONE',  ( -10.08493630289114584, 22.46762206999999734, 0.4499999986000000618 ) ) ;
#1289 = B_SPLINE_CURVE_WITH_KNOTS ( 'NONE', 3,
 ( #863, #4476, #2356, #3056 ),
 .UNSPECIFIED., .F., .F.,
 ( 4, 4 ),
 ( 0.000000000000000000, 1.000000000000000000 ),
 .UNSPECIFIED. ) ;
#1290 = CIRCLE ( 'NONE', #3899, 2.249999995800000541 ) ;
#1291 = AXIS2_PLACEMENT_3D ( 'NONE', #271, #4165, #4582 ) ;
#1292 = CARTESIAN_POINT ( 'NONE',  ( 20.87345546037985855, -1.026059261056005978, 0.7499999982872160853 ) ) ;
#1293 = EDGE_CURVE ( 'NONE', #389, #315, #151, .T. ) ;
#1294 = CARTESIAN_POINT ( 'NONE',  ( 28.87821675954272393, -16.70329067652290078, -0.2499999977608894086 ) ) ;
#1295 = CARTESIAN_POINT ( 'NONE',  ( 37.99999881990883921, -3.999998832599993559, 0.4499999986000000618 ) ) ;
#1296 = EDGE_CURVE ( 'NONE', #2511, #135, #1197, .T. ) ;
#1297 = CARTESIAN_POINT ( 'NONE',  ( 2.750000003308855412, 8.999999983200002163, 0.4499999986000000618 ) ) ;
#1298 = VERTEX_POINT ( 'NONE', #4135 ) ;
#1299 = DIRECTION ( 'NONE',  ( 0.000000000000000000, 0.000000000000000000, -1.000000000000000000 ) ) ;
#1300 = ORIENTED_EDGE ( 'NONE', *, *, #1475, .F. ) ;
#1301 = B_SPLINE_CURVE_WITH_KNOTS ( 'NONE', 3,
 ( #50, #475, #401, #1840, #2955, #2252, #25, #4408, #820, #1910 ),
 .UNSPECIFIED., .F., .F.,
 ( 4, 2, 2, 2, 4 ),
 ( 0.000000000000000000, 0.2500000000000000000, 0.5000000000000000000, 0.7500000000000000000, 1.000000000000000000 ),
 .UNSPECIFIED. ) ;
#1302 = FACE_OUTER_BOUND ( 'NONE', #1542, .T. ) ;
#1303 = CARTESIAN_POINT ( 'NONE',  ( 18.88489547017693582, -19.45822060207101956, -0.7499999985999998842 ) ) ;
#1304 = CARTESIAN_POINT ( 'NONE',  ( 5.000000075308871139, -23.99999987900000420, 0.2499999995333333780 ) ) ;
#1305 = EDGE_LOOP ( 'NONE', ( #766, #706 ) ) ;
#1306 = CARTESIAN_POINT ( 'NONE',  ( 36.11947483817385063, 11.05938056825500659, -0.7499999954800304902 ) ) ;
#1307 = EDGE_CURVE ( 'NONE', #541, #1490, #2365, .T. ) ;
#1308 = CARTESIAN_POINT ( 'NONE',  ( 10.00000013409235677, -18.99999989020051316, -0.7499999993666757181 ) ) ;
#1309 = VERTEX_POINT ( 'NONE', #919 ) ;
#1310 = CARTESIAN_POINT ( 'NONE',  ( 32.98952240316987883, 14.41584370773851731, -0.7499999980067396654 ) ) ;
#1311 = FACE_OUTER_BOUND ( 'NONE', #78, .T. ) ;
#1312 = CARTESIAN_POINT ( 'NONE',  ( 23.65695811100185253, 9.202560497567514375, -0.7499999936602953499 ) ) ;
#1313 = AXIS2_PLACEMENT_3D ( 'NONE', #1705, #3504, #690 ) ;
#1314 = ORIENTED_EDGE ( 'NONE', *, *, #1589, .F. ) ;
#1315 = DIRECTION ( 'NONE',  ( 0.000000000000000000, 0.000000000000000000, -1.000000000000000000 ) ) ;
#1316 = CARTESIAN_POINT ( 'NONE',  ( -3.999999984091146210, -29.00000001360000823, 0.4499999986000000618 ) ) ;
#1317 = FACE_OUTER_BOUND ( 'NONE', #1776, .T. ) ;
#1318 = ORIENTED_EDGE ( 'NONE', *, *, #3871, .T. ) ;
#1319 = DIRECTION ( 'NONE',  ( 0.000000000000000000, 1.000000000000000000, 0.000000000000000000 ) ) ;
#1320 = ORIENTED_EDGE ( 'NONE', *, *, #1956, .T. ) ;
#1321 = CARTESIAN_POINT ( 'NONE',  ( -17.49592910089112152, -28.00383830260000195, -0.4499999890000000446 ) ) ;
#1322 = CARTESIAN_POINT ( 'NONE',  ( 28.87821676088836398, -16.70329067518100530, -0.7499999971314443847 ) ) ;
#1323 = AXIS2_PLACEMENT_3D ( 'NONE', #3395, #864, #3328 ) ;
#1324 = CARTESIAN_POINT ( 'NONE',  ( -14.92907096309114934, -28.15790911459997758, -0.1499999931333333703 ) ) ;
#1325 = EDGE_LOOP ( 'NONE', ( #571, #776, #3393, #3078 ) ) ;
#1326 = DIRECTION ( 'NONE',  ( 0.000000000000000000, 0.000000000000000000, 1.000000000000000000 ) ) ;
#1327 = DIRECTION ( 'NONE',  ( 0.000000000000000000, 0.000000000000000000, 1.000000000000000000 ) ) ;
#1328 = EDGE_LOOP ( 'NONE', ( #2686, #1300, #3877, #789 ) ) ;
#1329 = CARTESIAN_POINT ( 'NONE',  ( -17.99999974629112742, 15.99999995320000679, 0.7499999985999999952 ) ) ;
#1330 = LINE ( 'NONE', #1992, #462 ) ;
#1331 = CARTESIAN_POINT ( 'NONE',  ( 16.58583934439385033, 13.75283401710621867, 0.7499999986000002172 ) ) ;
#1332 = ORIENTED_EDGE ( 'NONE', *, *, #105, .T. ) ;
#1333 = CARTESIAN_POINT ( 'NONE',  ( 23.42682407066369521, -10.39454709727965920, -0.7499999985999998842 ) ) ;
#1334 = CARTESIAN_POINT ( 'NONE',  ( -29.99999924084964675, -22.51666037680000088, 0.7499999954519940282 ) ) ;
#1335 = B_SPLINE_CURVE_WITH_KNOTS ( 'NONE', 3,
 ( #1522, #1873, #4322, #3905 ),
 .UNSPECIFIED., .F., .F.,
 ( 4, 4 ),
 ( 0.000000000000000000, 1.000000000000000000 ),
 .UNSPECIFIED. ) ;
#1336 = CARTESIAN_POINT ( 'NONE',  ( 17.52606057095537651, 13.53463500962698340, -0.7499999953385155793 ) ) ;
#1337 = ORIENTED_EDGE ( 'NONE', *, *, #1937, .T. ) ;
#1338 = CARTESIAN_POINT ( 'NONE',  ( -4.999999990691144980, -18.99999989680001278, -0.7499999985999999952 ) ) ;
#1339 = VERTEX_POINT ( 'NONE', #4110 ) ;
#1340 = DIRECTION ( 'NONE',  ( 1.000000000000000000, 0.000000000000000000, 0.000000000000000000 ) ) ;
#1341 = CARTESIAN_POINT ( 'NONE',  ( 31.84999999470883125, 1.150000011399976430, -0.4499999890000000446 ) ) ;
#1342 = EDGE_CURVE ( 'NONE', #1434, #2122, #3141, .T. ) ;
#1343 = CARTESIAN_POINT ( 'NONE',  ( 20.75406791846417676, 0.6980469922272651839, 0.7500000052723699850 ) ) ;
#1344 = ADVANCED_FACE ( 'NONE', ( #1960 ), #2980, .F. ) ;
#1345 = ORIENTED_EDGE ( 'NONE', *, *, #91, .T. ) ;
#1346 = CARTESIAN_POINT ( 'NONE',  ( 20.29734337574024750, -12.52596821235571589, 0.7499999985999999952 ) ) ;
#1347 = CARTESIAN_POINT ( 'NONE',  ( -22.84022276260272122, 15.40231405902714101, -0.7499999985999998842 ) ) ;
#1348 = CARTESIAN_POINT ( 'NONE',  ( 10.00000013600891258, -19.65697925709804750, -0.7499999986000001062 ) ) ;
#1349 = VERTEX_POINT ( 'NONE', #3782 ) ;
#1350 = FACE_OUTER_BOUND ( 'NONE', #2087, .T. ) ;
#1351 = B_SPLINE_CURVE_WITH_KNOTS ( 'NONE', 3,
 ( #255, #4568, #3838, #2383 ),
 .UNSPECIFIED., .F., .F.,
 ( 4, 4 ),
 ( 0.000000000000000000, 1.000000000000000000 ),
 .UNSPECIFIED. ) ;
#1352 = DIRECTION ( 'NONE',  ( 1.000000000000000000, 0.000000000000000000, 0.000000000000000000 ) ) ;
#1353 = CARTESIAN_POINT ( 'NONE',  ( -23.99999922725062973, 12.99999995879999659, -0.7499999982814162802 ) ) ;
#1354 = CC_DESIGN_APPROVAL ( #1456, ( #3820 ) ) ;
#1355 = VERTEX_POINT ( 'NONE', #566 ) ;
#1356 = DIRECTION ( 'NONE',  ( 1.000000000000000000, 3.016910829536994458E-15, 0.000000000000000000 ) ) ;
#1357 = EDGE_CURVE ( 'NONE', #2786, #1268, #3761, .T. ) ;
#1358 = EDGE_CURVE ( 'NONE', #1131, #713, #353, .T. ) ;
#1359 = DIRECTION ( 'NONE',  ( 0.000000000000000000, 0.000000000000000000, 1.000000000000000000 ) ) ;
#1360 = CIRCLE ( 'NONE', #3526, 1.149999833600010790 ) ;
#1361 = CARTESIAN_POINT ( 'NONE',  ( 13.50000012862187582, 10.71555715659999741, 0.7499999964708481404 ) ) ;
#1362 = EDGE_LOOP ( 'NONE', ( #1039, #175, #4384, #3193, #1453, #4 ) ) ;
#1363 = DIRECTION ( 'NONE',  ( 0.000000000000000000, 0.000000000000000000, 1.000000000000000000 ) ) ;
#1364 = CIRCLE ( 'NONE', #2549, 1.500000004826016031 ) ;
#1365 = ORIENTED_EDGE ( 'NONE', *, *, #1980, .T. ) ;
#1366 = FACE_OUTER_BOUND ( 'NONE', #2119, .T. ) ;
#1367 = FACE_OUTER_BOUND ( 'NONE', #1178, .T. ) ;
#1368 = DIRECTION ( 'NONE',  ( 1.000000000000000000, 0.000000000000000000, 0.000000000000000000 ) ) ;
#1369 = EDGE_LOOP ( 'NONE', ( #3040, #546 ) ) ;
#1370 = CARTESIAN_POINT ( 'NONE',  ( 22.60848662851055835, 5.793020560065187397, 0.7499999985999999952 ) ) ;
#1371 = B_SPLINE_CURVE_WITH_KNOTS ( 'NONE', 3,
 ( #1308, #2748, #4181, #1592 ),
 .UNSPECIFIED., .F., .F.,
 ( 4, 4 ),
 ( 0.000000000000000000, 1.000000000000000000 ),
 .UNSPECIFIED. ) ;
#1372 = CARTESIAN_POINT ( 'NONE',  ( 37.99999881990883921, 4.000001169399997281, -0.7499999985999999952 ) ) ;
#1373 = ORIENTED_EDGE ( 'NONE', *, *, #3914, .F. ) ;
#1374 = DIRECTION ( 'NONE',  ( 1.000000000000000000, 0.000000000000000000, 0.000000000000000000 ) ) ;
#1375 = B_SPLINE_CURVE_WITH_KNOTS ( 'NONE', 3,
 ( #740, #3244, #1400, #3927, #3551, #2489, #717, #33, #763, #2862 ),
 .UNSPECIFIED., .F., .F.,
 ( 4, 2, 2, 2, 4 ),
 ( 0.000000000000000000, 0.2500000000000000000, 0.5000000000000000000, 0.7500000000000000000, 1.000000000000000000 ),
 .UNSPECIFIED. ) ;
#1376 = EDGE_CURVE ( 'NONE', #1535, #3709, #2471, .T. ) ;
#1377 = FACE_OUTER_BOUND ( 'NONE', #3419, .T. ) ;
#1378 = CARTESIAN_POINT ( 'NONE',  ( -7.028790951636793238, 37.82046776123753773, -0.7499999986000001062 ) ) ;
#1379 = ORIENTED_EDGE ( 'NONE', *, *, #4180, .F. ) ;
#1380 = DIRECTION ( 'NONE',  ( -0.8660253701214775113, 0.5000000583059542869, 0.000000000000000000 ) ) ;
#1381 = LINE ( 'NONE', #1732, #718 ) ;
#1382 = CARTESIAN_POINT ( 'NONE',  ( 0.06439902292239545190, 31.73350883366321540, -0.7499999986000001062 ) ) ;
#1383 = ORIENTED_EDGE ( 'NONE', *, *, #3361, .T. ) ;
#1384 = CARTESIAN_POINT ( 'NONE',  ( 33.06575283445334179, -14.33409672815299984, 0.7499999979480540535 ) ) ;
#1385 = ORIENTED_EDGE ( 'NONE', *, *, #3727, .F. ) ;
#1386 = DIRECTION ( 'NONE',  ( 0.000000000000000000, 0.000000000000000000, -1.000000000000000000 ) ) ;
#1387 = AXIS2_PLACEMENT_3D ( 'NONE', #3410, #1613, #1283 ) ;
#1388 = CARTESIAN_POINT ( 'NONE',  ( 21.68298479043334481, 12.02163832910149743, 0.7499999964422379151 ) ) ;
#1389 = CARTESIAN_POINT ( 'NONE',  ( 37.99999881990883921, 6.285392255199997003, -0.2499999995333333780 ) ) ;
#1390 = ORIENTED_EDGE ( 'NONE', *, *, #65, .F. ) ;
#1391 = DIRECTION ( 'NONE',  ( 0.000000000000000000, 0.000000000000000000, 1.000000000000000000 ) ) ;
#1392 = AXIS2_PLACEMENT_3D ( 'NONE', #1958, #3380, #894 ) ;
#1393 = AXIS2_PLACEMENT_3D ( 'NONE', #575, #3106, #2376 ) ;
#1394 = COORDINATED_UNIVERSAL_TIME_OFFSET ( 1, 0, .AHEAD. ) ;
#1395 = CC_DESIGN_DATE_AND_TIME_ASSIGNMENT ( #2505, #1418, ( #228 ) ) ;
#1396 = ORIENTED_EDGE ( 'NONE', *, *, #1821, .T. ) ;
#1397 = CARTESIAN_POINT ( 'NONE',  ( 20.87345546037985855, -1.026059261056005978, 0.7499999982872160853 ) ) ;
#1398 = ORIENTED_EDGE ( 'NONE', *, *, #716, .F. ) ;
#1399 = CYLINDRICAL_SURFACE ( 'NONE', #1659, 2.249999995800000541 ) ;
#1400 = CARTESIAN_POINT ( 'NONE',  ( 9.870324013753100090, -20.30743903177023668, 0.7499999986000001062 ) ) ;
#1401 = CARTESIAN_POINT ( 'NONE',  ( -5.798862827967421474, 37.41129255951151578, -0.7499999985999998842 ) ) ;
#1402 = VERTEX_POINT ( 'NONE', #846 ) ;
#1403 = DIRECTION ( 'NONE',  ( -0.000000000000000000, -0.000000000000000000, -1.000000000000000000 ) ) ;
#1404 = CARTESIAN_POINT ( 'NONE',  ( 13.61653469867595945, -11.67370219640472939, 0.7499999986000002172 ) ) ;
#1405 = ADVANCED_FACE ( 'NONE', ( #2415 ), #330, .F. ) ;
#1406 = CARTESIAN_POINT ( 'NONE',  ( 22.71891271542516577, 11.38689020864258872, -0.7499999985999999952 ) ) ;
#1407 = EDGE_LOOP ( 'NONE', ( #4248, #2483, #1396, #817 ) ) ;
#1408 = DIRECTION ( 'NONE',  ( -1.000000000000000000, 1.520600313429141788E-09, 0.000000000000000000 ) ) ;
#1409 = VERTEX_POINT ( 'NONE', #1414 ) ;
#1410 = DIRECTION ( 'NONE',  ( -1.000000000000000000, 5.631853005364407380E-10, 0.000000000000000000 ) ) ;
#1411 = B_SPLINE_CURVE_WITH_KNOTS ( 'NONE', 3,
 ( #4546, #4615, #3447, #2451 ),
 .UNSPECIFIED., .F., .F.,
 ( 4, 4 ),
 ( 0.000000000000000000, 0.7499999974166665639 ),
 .UNSPECIFIED. ) ;
#1412 = DIRECTION ( 'NONE',  ( 1.000000000000000000, 0.000000000000000000, 0.000000000000000000 ) ) ;
#1413 = ADVANCED_FACE ( 'NONE', ( #2050 ), #3474, .F. ) ;
#1414 = CARTESIAN_POINT ( 'NONE',  ( -20.99999923269113467, 15.99999995320000679, -0.7499999984407081932 ) ) ;
#1415 = VERTEX_POINT ( 'NONE', #1035 ) ;
#1416 = CARTESIAN_POINT ( 'NONE',  ( 30.77061680839987545, 16.08790903072851464, 0.7499999988234319348 ) ) ;
#1417 = EDGE_CURVE ( 'NONE', #1916, #2314, #3991, .T. ) ;
#1418 = DATE_TIME_ROLE ( 'classification_date' ) ;
#1419 = VERTEX_POINT ( 'NONE', #704 ) ;
#1420 = B_SPLINE_CURVE_WITH_KNOTS ( 'NONE', 3,
 ( #1608, #499, #4157, #192 ),
 .UNSPECIFIED., .F., .F.,
 ( 4, 4 ),
 ( 0.000000000000000000, 1.000000000000000000 ),
 .UNSPECIFIED. ) ;
#1421 = CARTESIAN_POINT ( 'NONE',  ( -13.25000000069112538, -22.94967320139998535, 0.4499999986000000618 ) ) ;
#1422 = VERTEX_POINT ( 'NONE', #262 ) ;
#1423 = CARTESIAN_POINT ( 'NONE',  ( -26.49999936289565383, 28.57883827779797414, -0.7500000014436660756 ) ) ;
#1424 = ADVANCED_FACE ( 'NONE', ( #634 ), #4527, .F. ) ;
#1425 = FACE_OUTER_BOUND ( 'NONE', #1066, .T. ) ;
#1426 = DIRECTION ( 'NONE',  ( 0.000000000000000000, -1.000000000000000000, 0.000000000000000000 ) ) ;
#1427 = ORIENTED_EDGE ( 'NONE', *, *, #3757, .F. ) ;
#1428 = CARTESIAN_POINT ( 'NONE',  ( 13.07273008443635121, -28.66131842410299413, -0.7499999982652157948 ) ) ;
#1429 = VECTOR ( 'NONE', #4501, 1000.000000000000227 ) ;
#1430 = DIRECTION ( 'NONE',  ( 1.000000000000000000, 0.000000000000000000, 0.000000000000000000 ) ) ;
#1431 = EDGE_CURVE ( 'NONE', #3035, #2143, #1701, .T. ) ;
#1432 = VECTOR ( 'NONE', #654, 1000.000000000000000 ) ;
#1433 = CARTESIAN_POINT ( 'NONE',  ( -8.785898189750119158, 23.21762208034400388, 0.4499999986000000618 ) ) ;
#1434 = VERTEX_POINT ( 'NONE', #2142 ) ;
#1435 = ORIENTED_EDGE ( 'NONE', *, *, #709, .T. ) ;
#1436 = CARTESIAN_POINT ( 'NONE',  ( 15.67597087470887196, 23.77901547209998512, -0.7499999985999999952 ) ) ;
#1437 = AXIS2_PLACEMENT_3D ( 'NONE', #328, #989, #1788 ) ;
#1438 = DIRECTION ( 'NONE',  ( -1.000000000000000000, 0.000000000000000000, 0.000000000000000000 ) ) ;
#1439 = EDGE_CURVE ( 'NONE', #607, #3980, #2769, .T. ) ;
#1440 = VECTOR ( 'NONE', #3120, 1000.000000000000000 ) ;
#1441 = CARTESIAN_POINT ( 'NONE',  ( 22.24013712301997003, -11.76987861233316401, 0.7499999985999999952 ) ) ;
#1442 = ORIENTED_EDGE ( 'NONE', *, *, #2863, .T. ) ;
#1443 = DIRECTION ( 'NONE',  ( 0.000000000000000000, 0.000000000000000000, -1.000000000000000000 ) ) ;
#1444 = COORDINATED_UNIVERSAL_TIME_OFFSET ( 1, 0, .AHEAD. ) ;
#1445 = EDGE_CURVE ( 'NONE', #1605, #4545, #4543, .T. ) ;
#1446 = ORIENTED_EDGE ( 'NONE', *, *, #3503, .F. ) ;
#1447 = DIRECTION ( 'NONE',  ( -1.000000000000000000, 0.000000000000000000, 0.000000000000000000 ) ) ;
#1448 = CARTESIAN_POINT ( 'NONE',  ( -14.41506332969114190, 19.96762209159999557, 0.7499999985999999952 ) ) ;
#1449 = EDGE_LOOP ( 'NONE', ( #331, #2632 ) ) ;
#1450 = CARTESIAN_POINT ( 'NONE',  ( -18.07092948743241223, 28.99976736775927577, -0.7499999985999999952 ) ) ;
#1451 = EDGE_CURVE ( 'NONE', #463, #4446, #2090, .T. ) ;
#1452 = CARTESIAN_POINT ( 'NONE',  ( -14.92907049334987768, 28.15790927424072265, -0.7550132910086272409 ) ) ;
#1453 = ORIENTED_EDGE ( 'NONE', *, *, #998, .T. ) ;
#1454 = CARTESIAN_POINT ( 'NONE',  ( 9.602103058287566384, -2.003058415065907205, 0.7499999985999999952 ) ) ;
#1455 = CARTESIAN_POINT ( 'NONE',  ( 34.15000001750878766, -1.150000011399976430, -0.1499999931333333703 ) ) ;
#1456 = APPROVAL ( #734, 'UNSPECIFIED' ) ;
#1457 = DIRECTION ( 'NONE',  ( 0.000000000000000000, 1.000000000000000000, 0.000000000000000000 ) ) ;
#1458 = VERTEX_POINT ( 'NONE', #2072 ) ;
#1459 = ORIENTED_EDGE ( 'NONE', *, *, #2467, .F. ) ;
#1460 = CARTESIAN_POINT ( 'NONE',  ( -13.25000000069112538, 22.94967320139998535, 0.1500000047999999753 ) ) ;
#1461 = CARTESIAN_POINT ( 'NONE',  ( -17.65000015814105438, 30.57069700630890452, -0.7499999985999999952 ) ) ;
#1462 = CARTESIAN_POINT ( 'NONE',  ( -9.949437084312137358, -3.181539309905824897, -0.7499999986000002172 ) ) ;
#1463 = ORIENTED_EDGE ( 'NONE', *, *, #321, .F. ) ;
#1464 = CARTESIAN_POINT ( 'NONE',  ( 13.44564546011437578, -26.19586423896366512, 0.7499999986000001062 ) ) ;
#1465 = CALENDAR_DATE ( 2025, 21, 1 ) ;
#1466 = ORIENTED_EDGE ( 'NONE', *, *, #22, .F. ) ;
#1467 = EDGE_LOOP ( 'NONE', ( #627, #2244, #3883, #2816, #809 ) ) ;
#1468 = FACE_OUTER_BOUND ( 'NONE', #1884, .T. ) ;
#1469 = ORIENTED_EDGE ( 'NONE', *, *, #3738, .T. ) ;
#1470 = CARTESIAN_POINT ( 'NONE',  ( 36.11947526929787244, -11.05938028777550564, 0.7499999957184361188 ) ) ;
#1471 = CARTESIAN_POINT ( 'NONE',  ( -16.49999999821563534, -16.00000112191399282, 0.7500000026999951164 ) ) ;
#1472 = CARTESIAN_POINT ( 'NONE',  ( -8.306423681440161744, -38.00000113025497939, 0.7499999973493221006 ) ) ;
#1473 = EDGE_LOOP ( 'NONE', ( #671, #455, #4288, #699, #1561, #1629, #3217 ) ) ;
#1474 = DIRECTION ( 'NONE',  ( 0.000000000000000000, 0.000000000000000000, 1.000000000000000000 ) ) ;
#1475 = EDGE_CURVE ( 'NONE', #3012, #3321, #1061, .T. ) ;
#1476 = LINE ( 'NONE', #1106, #3108 ) ;
#1477 = PLANE ( 'NONE',  #2352 ) ;
#1478 = ORIENTED_EDGE ( 'NONE', *, *, #2996, .F. ) ;
#1479 = ORIENTED_EDGE ( 'NONE', *, *, #543, .T. ) ;
#1480 = CARTESIAN_POINT ( 'NONE',  ( 13.11952903565558515, -27.66193549318179024, -0.7499999986000002172 ) ) ;
#1481 = FACE_OUTER_BOUND ( 'NONE', #1473, .T. ) ;
#1482 = CARTESIAN_POINT ( 'NONE',  ( 32.98952240239333378, 14.41584370866250175, 0.7499999988553519570 ) ) ;
#1483 = VERTEX_POINT ( 'NONE', #2091 ) ;
#1484 = CARTESIAN_POINT ( 'NONE',  ( 14.57454950265288396, -23.96815081502999689, 0.7499999986000002172 ) ) ;
#1485 = ADVANCED_FACE ( 'NONE', ( #4550 ), #614, .F. ) ;
#1486 = EDGE_LOOP ( 'NONE', ( #1383, #3679, #4116, #1978 ) ) ;
#1487 = EDGE_CURVE ( 'NONE', #4428, #667, #3565, .T. ) ;
#1488 = CARTESIAN_POINT ( 'NONE',  ( 20.70751951957554127, 21.21531332239997880, 0.7499999985999999952 ) ) ;
#1489 = CARTESIAN_POINT ( 'NONE',  ( -26.49999963966365257, -28.57883796959950828, -0.7499999945186460737 ) ) ;
#1490 = VERTEX_POINT ( 'NONE', #3888 ) ;
#1491 = CARTESIAN_POINT ( 'NONE',  ( -29.99999923510119970, -23.13122511941066151, -0.7499999986000001062 ) ) ;
#1492 = DIRECTION ( 'NONE',  ( 0.000000000000000000, 0.000000000000000000, -1.000000000000000000 ) ) ;
#1493 = FACE_OUTER_BOUND ( 'NONE', #2479, .T. ) ;
#1494 = CYLINDRICAL_SURFACE ( 'NONE', #4046, 1.149999833600010790 ) ;
#1495 = ORIENTED_EDGE ( 'NONE', *, *, #1376, .F. ) ;
#1496 = CARTESIAN_POINT ( 'NONE',  ( 7.778136753447989271, 0.1571573738189668834, 0.7500000011500599362 ) ) ;
#1497 = CARTESIAN_POINT ( 'NONE',  ( -8.585041037404984365, -22.48533089105761462, 0.7499999985999999952 ) ) ;
#1498 = LINE ( 'NONE', #509, #2655 ) ;
#1499 = AXIS2_PLACEMENT_3D ( 'NONE', #283, #2789, #1720 ) ;
#1500 = ADVANCED_FACE ( 'NONE', ( #1678 ), #2435, .F. ) ;
#1501 = ORIENTED_EDGE ( 'NONE', *, *, #2370, .F. ) ;
#1502 = ADVANCED_FACE ( 'NONE', ( #3539 ), #4242, .F. ) ;
#1503 = ORIENTED_EDGE ( 'NONE', *, *, #1011, .F. ) ;
#1504 = CARTESIAN_POINT ( 'NONE',  ( 3.500000001908865066, 8.999999983200002163, -0.7499999985999999952 ) ) ;
#1505 = CYLINDRICAL_SURFACE ( 'NONE', #4300, 2.999999994400010195 ) ;
#1506 = CIRCLE ( 'NONE', #4123, 1.499999997199990220 ) ;
#1507 = ORIENTED_EDGE ( 'NONE', *, *, #82, .T. ) ;
#1508 = FACE_OUTER_BOUND ( 'NONE', #2027, .T. ) ;
#1509 = ORIENTED_EDGE ( 'NONE', *, *, #3245, .T. ) ;
#1510 = CARTESIAN_POINT ( 'NONE',  ( -3.999999984091146210, -29.00000001360000823, 0.7499999985999999952 ) ) ;
#1511 = CIRCLE ( 'NONE', #4051, 2.249999995800000541 ) ;
#1512 = CIRCLE ( 'NONE', #533, 1.499999997199991109 ) ;
#1513 = CIRCLE ( 'NONE', #684, 1.499999997199990220 ) ;
#1514 = ORIENTED_EDGE ( 'NONE', *, *, #904, .F. ) ;
#1515 = CARTESIAN_POINT ( 'NONE',  ( 10.00000013370885910, -3.999999950200029630, -0.2499999995333333780 ) ) ;
#1516 = ORIENTED_EDGE ( 'NONE', *, *, #4222, .T. ) ;
#1517 = DIRECTION ( 'NONE',  ( 0.000000000000000000, 0.000000000000000000, 1.000000000000000000 ) ) ;
#1518 = CARTESIAN_POINT ( 'NONE',  ( -13.25000000069112538, 22.94967320139998535, -0.7499999985999999952 ) ) ;
#1519 = LINE ( 'NONE', #1171, #2575 ) ;
#1520 = CARTESIAN_POINT ( 'NONE',  ( 20.31349654681437755, -18.64995699203580060, 0.7499999985999998842 ) ) ;
#1521 = VERTEX_POINT ( 'NONE', #375 ) ;
#1522 = CARTESIAN_POINT ( 'NONE',  ( 17.52606056345737429, 13.53463501031249017, 0.7499999961666841131 ) ) ;
#1523 = CARTESIAN_POINT ( 'NONE',  ( 15.22190043319188213, -23.20533159177850990, 0.7499999991986160408 ) ) ;
#1524 = CARTESIAN_POINT ( 'NONE',  ( 7.072730091601364677, -38.00000112814699804, -0.7500000015762178229 ) ) ;
#1525 = VERTEX_POINT ( 'NONE', #800 ) ;
#1526 = ORIENTED_EDGE ( 'NONE', *, *, #1281, .F. ) ;
#1527 = CARTESIAN_POINT ( 'NONE',  ( 32.98952240450886109, 14.41584371079998306, -0.2499999995333333780 ) ) ;
#1528 = DIRECTION ( 'NONE',  ( 0.000000000000000000, -1.000000000000000000, 0.000000000000000000 ) ) ;
#1529 = ORIENTED_EDGE ( 'NONE', *, *, #4057, .T. ) ;
#1530 = CARTESIAN_POINT ( 'NONE',  ( -16.10198475193639212, -16.00000112348298131, 0.7499999985999997731 ) ) ;
#1531 = EDGE_LOOP ( 'NONE', ( #2307, #3494, #1819, #4182 ) ) ;
#1532 = CARTESIAN_POINT ( 'NONE',  ( 13.07273008394485636, -28.66131842020000420, 0.7499999991237880081 ) ) ;
#1533 = CARTESIAN_POINT ( 'NONE',  ( 13.50000011870889338, -3.571850815917982924, 0.7499999985999999952 ) ) ;
#1534 = FACE_OUTER_BOUND ( 'NONE', #4213, .T. ) ;
#1535 = VERTEX_POINT ( 'NONE', #23 ) ;
#1536 = AXIS2_PLACEMENT_3D ( 'NONE', #75, #2603, #4036 ) ;
#1537 = FACE_BOUND ( 'NONE', #4522, .T. ) ;
#1538 = AXIS2_PLACEMENT_3D ( 'NONE', #1010, #2434, #3841 ) ;
#1539 = DIRECTION ( 'NONE',  ( -1.000000000000000000, 0.000000000000000000, 0.000000000000000000 ) ) ;
#1540 = DIRECTION ( 'NONE',  ( 0.000000000000000000, 0.000000000000000000, 1.000000000000000000 ) ) ;
#1541 = ORIENTED_EDGE ( 'NONE', *, *, #3273, .F. ) ;
#1542 = EDGE_LOOP ( 'NONE', ( #1365, #3585, #2813, #2825 ) ) ;
#1543 = CARTESIAN_POINT ( 'NONE',  ( -10.08493630289114584, 22.46762206999999734, 0.4499999986000000618 ) ) ;
#1544 = B_SPLINE_CURVE_WITH_KNOTS ( 'NONE', 3,
 ( #1023, #12, #3150, #3903 ),
 .UNSPECIFIED., .F., .F.,
 ( 4, 4 ),
 ( 0.000000000000000000, 1.000000000000000000 ),
 .UNSPECIFIED. ) ;
#1545 = EDGE_CURVE ( 'NONE', #4346, #1553, #3711, .T. ) ;
#1546 = DIRECTION ( 'NONE',  ( 0.5000000520417049454, 0.8660253737381441441, 0.000000000000000000 ) ) ;
#1547 = VERTEX_POINT ( 'NONE', #1482 ) ;
#1548 = CYLINDRICAL_SURFACE ( 'NONE', #910, 2.999999994400010195 ) ;
#1549 = CARTESIAN_POINT ( 'NONE',  ( -8.119327077308355456, -22.96436182361721734, -0.7499999986000001062 ) ) ;
#1550 = EDGE_CURVE ( 'NONE', #3339, #689, #1814, .T. ) ;
#1551 = EDGE_LOOP ( 'NONE', ( #403, #1478, #2858, #1595 ) ) ;
#1552 = DIRECTION ( 'NONE',  ( 0.000000000000000000, 0.000000000000000000, -1.000000000000000000 ) ) ;
#1553 = VERTEX_POINT ( 'NONE', #2574 ) ;
#1554 = CARTESIAN_POINT ( 'NONE',  ( -16.07907051574822432, 30.14976769209048868, -0.4499999890000000446 ) ) ;
#1555 = ADVANCED_FACE ( 'NONE', ( #2599 ), #3964, .T. ) ;
#1556 = MANIFOLD_SOLID_BREP ( 'Cut-Extrude4', #4156 ) ;
#1557 = CARTESIAN_POINT ( 'NONE',  ( -11.80642439784915254, 37.06217791305748932, -0.7500000015666826725 ) ) ;
#1558 = CARTESIAN_POINT ( 'NONE',  ( -9.963471226216444876, -19.69744643318587407, 0.7499999985999998842 ) ) ;
#1559 = EDGE_CURVE ( 'NONE', #2827, #3050, #518, .T. ) ;
#1560 = DIRECTION ( 'NONE',  ( 0.000000000000000000, 0.000000000000000000, -1.000000000000000000 ) ) ;
#1561 = ORIENTED_EDGE ( 'NONE', *, *, #754, .T. ) ;
#1562 = CARTESIAN_POINT ( 'NONE',  ( -27.51554109098593415, -27.90054528975787562, -0.7499999986000001062 ) ) ;
#1563 = ADVANCED_FACE ( 'NONE', ( #1508 ), #1883, .F. ) ;
#1564 = CARTESIAN_POINT ( 'NONE',  ( -23.99999922725062973, 12.99999995879999659, -0.7499999982814162802 ) ) ;
#1565 = B_SPLINE_CURVE_WITH_KNOTS ( 'NONE', 3,
 ( #250, #3878, #980, #2059, #1669, #1755, #2082, #1689, #1333, #1712, #957, #4187, #4231, #2405 ),
 .UNSPECIFIED., .F., .F.,
 ( 4, 2, 2, 2, 2, 2, 4 ),
 ( 0.000000000000000000, 0.1943846043794489054, 0.2915769065691736772, 0.3887692087588984768, 0.5831538131383489088, 0.6803461153280744300, 0.7775384175178000623 ),
 .UNSPECIFIED. ) ;
#1566 = CARTESIAN_POINT ( 'NONE',  ( 20.69253333261936234, 1.170048502530107726E-06, -0.7499999987613420460 ) ) ;
#1567 = CARTESIAN_POINT ( 'NONE',  ( -15.53589821774162338, 34.90896506587498749, 0.7499999985999999952 ) ) ;
#1568 = EDGE_CURVE ( 'NONE', #1458, #1717, #3282, .T. ) ;
#1569 = ORIENTED_EDGE ( 'NONE', *, *, #3564, .F. ) ;
#1570 = EDGE_LOOP ( 'NONE', ( #2292, #3399, #1069, #4382 ) ) ;
#1571 = CARTESIAN_POINT ( 'NONE',  ( 4.000000017908872607, -29.00000001360000823, 0.4499999986000000618 ) ) ;
#1572 = CARTESIAN_POINT ( 'NONE',  ( -3.999999984091146210, -29.00000001360000823, 0.1500000047999999753 ) ) ;
#1573 = ORIENTED_EDGE ( 'NONE', *, *, #4216, .F. ) ;
#1574 = DIRECTION ( 'NONE',  ( -0.8660253705380585032, 0.5000000575844151252, 0.000000000000000000 ) ) ;
#1575 = EDGE_CURVE ( 'NONE', #3168, #3229, #2196, .T. ) ;
#1576 = CYLINDRICAL_SURFACE ( 'NONE', #1323, 2.999999994400010195 ) ;
#1577 = B_SPLINE_CURVE_WITH_KNOTS ( 'NONE', 3,
 ( #697, #768, #368, #2541, #2219, #62 ),
 .UNSPECIFIED., .F., .F.,
 ( 4, 2, 4 ),
 ( 0.000000000000000000, 0.5000000000000000000, 1.000000000000000000 ),
 .UNSPECIFIED. ) ;
#1578 = ORIENTED_EDGE ( 'NONE', *, *, #3211, .F. ) ;
#1579 = CARTESIAN_POINT ( 'NONE',  ( -5.214048559172860031, 37.13395752642647807, 0.7499999944232000892 ) ) ;
#1580 = ORIENTED_EDGE ( 'NONE', *, *, #1445, .F. ) ;
#1581 = B_SPLINE_CURVE_WITH_KNOTS ( 'NONE', 3,
 ( #3388, #1707, #1970, #3767 ),
 .UNSPECIFIED., .F., .F.,
 ( 4, 4 ),
 ( 0.000000000000000000, 1.000000000000000000 ),
 .UNSPECIFIED. ) ;
#1582 = CARTESIAN_POINT ( 'NONE',  ( 36.11947527083187026, -11.05938028553998720, -0.7499999950241491575 ) ) ;
#1583 = ADVANCED_FACE ( 'NONE', ( #4383 ), #2852, .T. ) ;
#1584 = DIRECTION ( 'NONE',  ( -1.000000000000000000, 0.000000000000000000, 0.000000000000000000 ) ) ;
#1585 = CARTESIAN_POINT ( 'NONE',  ( -9.999999998291153602, -3.999999950200029630, -0.2499999995333333780 ) ) ;
#1586 = ORIENTED_EDGE ( 'NONE', *, *, #237, .T. ) ;
#1587 = CARTESIAN_POINT ( 'NONE',  ( 19.60452268230886119, -12.77813432429999985, -0.7499999985999999952 ) ) ;
#1588 = VECTOR ( 'NONE', #3432, 1000.000000000000000 ) ;
#1589 = EDGE_CURVE ( 'NONE', #1603, #855, #290, .T. ) ;
#1590 = DIRECTION ( 'NONE',  ( 0.000000000000000000, 0.000000000000000000, 1.000000000000000000 ) ) ;
#1591 = LOCAL_TIME ( 12, 52, 34.00000000000000000, #1394 ) ;
#1592 = CARTESIAN_POINT ( 'NONE',  ( 10.00000013244237174, -18.99999989680001278, 0.7500000000875340911 ) ) ;
#1593 = AXIS2_PLACEMENT_3D ( 'NONE', #3659, #2949, #3586 ) ;
#1594 = CARTESIAN_POINT ( 'NONE',  ( 4.000000017908872607, -29.00000001360000823, 0.4499999986000000618 ) ) ;
#1595 = ORIENTED_EDGE ( 'NONE', *, *, #3010, .F. ) ;
#1596 = CARTESIAN_POINT ( 'NONE',  ( 27.99999999850883015, 1.168400015627568678E-06, 0.1500000047999999753 ) ) ;
#1597 = EDGE_CURVE ( 'NONE', #655, #3980, #2340, .T. ) ;
#1598 = CARTESIAN_POINT ( 'NONE',  ( -16.50000000309115222, -13.00000112719998313, 9.757819552369539906E-16 ) ) ;
#1599 = ORIENTED_EDGE ( 'NONE', *, *, #3245, .F. ) ;
#1600 = B_SPLINE_CURVE_WITH_KNOTS ( 'NONE', 3,
 ( #3740, #4469, #3100, #3363 ),
 .UNSPECIFIED., .F., .F.,
 ( 4, 4 ),
 ( 0.000000000000000000, 1.000000000000000000 ),
 .UNSPECIFIED. ) ;
#1601 = DIRECTION ( 'NONE',  ( 0.000000000000000000, 0.000000000000000000, -1.000000000000000000 ) ) ;
#1602 = CARTESIAN_POINT ( 'NONE',  ( -9.999999994541152404, -3.999999950200006094, -0.7499999976333775464 ) ) ;
#1603 = VERTEX_POINT ( 'NONE', #2672 ) ;
#1604 = PLANE ( 'NONE',  #1876 ) ;
#1605 = VERTEX_POINT ( 'NONE', #515 ) ;
#1606 = CARTESIAN_POINT ( 'NONE',  ( 37.15426481685330629, -9.649490575754031241, -0.7499999985999998842 ) ) ;
#1607 = CARTESIAN_POINT ( 'NONE',  ( 23.47600221390883846, -8.176497693199996419, -0.2499999995333333780 ) ) ;
#1608 = CARTESIAN_POINT ( 'NONE',  ( -13.49999998640763543, 12.99999995879999659, 0.7500000026999951164 ) ) ;
#1609 = ORIENTED_EDGE ( 'NONE', *, *, #3831, .F. ) ;
#1610 = CARTESIAN_POINT ( 'NONE',  ( 3.500000001908865066, 8.999999983200002163, 0.4499999986000000618 ) ) ;
#1611 = CARTESIAN_POINT ( 'NONE',  ( 23.65697733376084955, 9.202560529677993983, 0.7499999951321840719 ) ) ;
#1612 = EDGE_CURVE ( 'NONE', #389, #3382, #540, .T. ) ;
#1613 = DIRECTION ( 'NONE',  ( -1.000000000000000000, 0.000000000000000000, 0.000000000000000000 ) ) ;
#1614 = VERTEX_POINT ( 'NONE', #3732 ) ;
#1615 = CARTESIAN_POINT ( 'NONE',  ( -20.99999923674764091, 15.99999995098400163, 0.7499999992146959560 ) ) ;
#1616 = EDGE_LOOP ( 'NONE', ( #69, #2967, #30, #3972, #2113, #4511, #4045, #2879, #4205, #1005, #2004, #3969, #3304 ) ) ;
#1617 = CARTESIAN_POINT ( 'NONE',  ( 21.68298479043334481, 12.02163832910149743, 0.7499999964422379151 ) ) ;
#1618 = VECTOR ( 'NONE', #230, 1000.000000000000000 ) ;
#1619 = PLANE ( 'NONE',  #3182 ) ;
#1620 = EDGE_CURVE ( 'NONE', #2857, #186, #410, .T. ) ;
#1621 = VERTEX_POINT ( 'NONE', #2003 ) ;
#1622 = AXIS2_PLACEMENT_3D ( 'NONE', #2152, #2843, #1783 ) ;
#1623 = DIRECTION ( 'NONE',  ( 0.000000000000000000, 0.000000000000000000, 1.000000000000000000 ) ) ;
#1624 = B_SPLINE_CURVE_WITH_KNOTS ( 'NONE', 3,
 ( #3385, #4202, #3847, #2075 ),
 .UNSPECIFIED., .F., .F.,
 ( 4, 4 ),
 ( 0.000000000000000000, 1.000000000000000000 ),
 .UNSPECIFIED. ) ;
#1625 = VECTOR ( 'NONE', #2015, 1000.000000000000114 ) ;
#1626 = CARTESIAN_POINT ( 'NONE',  ( 30.77061681514588543, 16.08790903445574827, 0.2500000005943716630 ) ) ;
#1627 = ORIENTED_EDGE ( 'NONE', *, *, #2669, .T. ) ;
#1628 = CARTESIAN_POINT ( 'NONE',  ( 16.04386117721077909, -22.32388659845170764, -0.7499999985999999952 ) ) ;
#1629 = ORIENTED_EDGE ( 'NONE', *, *, #2311, .T. ) ;
#1630 = CARTESIAN_POINT ( 'NONE',  ( 13.50000012719687703, -10.71555481979999414, -0.7499999953385270146 ) ) ;
#1631 = PERSON ( 'UNSPECIFIED', 'UNSPECIFIED', 'UNSPECIFIED', ('UNSPECIFIED'), ('UNSPECIFIED'), ('UNSPECIFIED') ) ;
#1632 = ADVANCED_FACE ( 'NONE', ( #2624 ), #4433, .F. ) ;
#1633 = DIRECTION ( 'NONE',  ( -0.5000000034346877564, 0.8660254018014207356, 0.000000000000000000 ) ) ;
#1634 = EDGE_CURVE ( 'NONE', #2452, #3475, #4105, .T. ) ;
#1635 = DIRECTION ( 'NONE',  ( 0.000000000000000000, 0.000000000000000000, 1.000000000000000000 ) ) ;
#1636 = VERTEX_POINT ( 'NONE', #187 ) ;
#1637 = LINE ( 'NONE', #2346, #3602 ) ;
#1638 = DIRECTION ( 'NONE',  ( 1.000000000000000000, -0.000000000000000000, -0.000000000000000000 ) ) ;
#1639 = CARTESIAN_POINT ( 'NONE',  ( 37.99999880989285117, -6.285393121375021153, 0.7499999958985381632 ) ) ;
#1640 = EDGE_LOOP ( 'NONE', ( #2713, #3122, #170, #278 ) ) ;
#1641 = CARTESIAN_POINT ( 'NONE',  ( 23.47600221470835891, 8.176500033679007018, 0.7499999961340101384 ) ) ;
#1642 = DIRECTION ( 'NONE',  ( -0.8660253669729565118, 0.5000000637593521313, 0.000000000000000000 ) ) ;
#1643 = CARTESIAN_POINT ( 'NONE',  ( -17.65000010710671319, -30.57069650103857938, -0.7499999985999999952 ) ) ;
#1644 = ORIENTED_EDGE ( 'NONE', *, *, #3520, .T. ) ;
#1645 = DIRECTION ( 'NONE',  ( 1.000000000000000000, 0.000000000000000000, 0.000000000000000000 ) ) ;
#1646 = CARTESIAN_POINT ( 'NONE',  ( 6.250000013708873148, -29.00000001360000823, 0.7499999985999999952 ) ) ;
#1647 = EDGE_CURVE ( 'NONE', #1774, #3168, #3768, .T. ) ;
#1648 = DIRECTION ( 'NONE',  ( -1.000000000000000000, 0.000000000000000000, 0.000000000000000000 ) ) ;
#1649 = VERTEX_POINT ( 'NONE', #2297 ) ;
#1650 = CARTESIAN_POINT ( 'NONE',  ( -16.50000000309115222, 15.99999996166651073, 0.7500000025718699392 ) ) ;
#1651 = EDGE_LOOP ( 'NONE', ( #2760, #3658, #1398, #1029 ) ) ;
#1652 = CARTESIAN_POINT ( 'NONE',  ( 14.38485957657214875, -12.89673346077860572, -0.7499999986000001062 ) ) ;
#1653 = DIRECTION ( 'NONE',  ( 1.000000000000000000, 0.000000000000000000, 0.000000000000000000 ) ) ;
#1654 = ADVANCED_FACE ( 'NONE', ( #3041 ), #3777, .T. ) ;
#1655 = CARTESIAN_POINT ( 'NONE',  ( -29.99999924129113538, 22.51666060540000203, -0.2500000021113153448 ) ) ;
#1656 = EDGE_LOOP ( 'NONE', ( #3657, #2854, #2981, #3540 ) ) ;
#1657 = AXIS2_PLACEMENT_3D ( 'NONE', #1277, #4088, #3736 ) ;
#1658 = DIRECTION ( 'NONE',  ( -1.000000000000000000, 0.000000000000000000, 0.000000000000000000 ) ) ;
#1659 = AXIS2_PLACEMENT_3D ( 'NONE', #3218, #3925, #8 ) ;
#1660 = CYLINDRICAL_SURFACE ( 'NONE', #3329, 1.499999997199990220 ) ;
#1661 = VERTEX_POINT ( 'NONE', #4060 ) ;
#1662 = CARTESIAN_POINT ( 'NONE',  ( -8.430013122957230820, -0.3391428539479596771, 0.7499999986000002172 ) ) ;
#1663 = AXIS2_PLACEMENT_3D ( 'NONE', #3694, #1870, #481 ) ;
#1664 = FACE_OUTER_BOUND ( 'NONE', #2527, .T. ) ;
#1665 = VECTOR ( 'NONE', #4244, 1000.000000000000114 ) ;
#1666 = CIRCLE ( 'NONE', #2926, 1.150000316200029626 ) ;
#1667 = CARTESIAN_POINT ( 'NONE',  ( 14.06124392392824696, 12.52798297025181640, 0.7499999985999998842 ) ) ;
#1668 = ORIENTED_EDGE ( 'NONE', *, *, #152, .F. ) ;
#1669 = CARTESIAN_POINT ( 'NONE',  ( 22.71886938239314091, -11.38695815563495728, -0.7499999986000002172 ) ) ;
#1670 = B_SPLINE_CURVE_WITH_KNOTS ( 'NONE', 3,
 ( #2149, #4607, #3901, #409, #1043, #4275 ),
 .UNSPECIFIED., .F., .F.,
 ( 4, 2, 4 ),
 ( 0.000000000000000000, 0.2544818374777340075, 0.5089636749554680151 ),
 .UNSPECIFIED. ) ;
#1671 = DIRECTION ( 'NONE',  ( -0.000000000000000000, -0.000000000000000000, -1.000000000000000000 ) ) ;
#1672 = CARTESIAN_POINT ( 'NONE',  ( -29.99999924209464908, 22.51666060821649751, 0.7500000026525549535 ) ) ;
#1673 = ORIENTED_EDGE ( 'NONE', *, *, #2588, .T. ) ;
#1674 = CARTESIAN_POINT ( 'NONE',  ( -15.71410143745458043, 19.21762206651062144, 0.4499999986000000618 ) ) ;
#1675 = ORIENTED_EDGE ( 'NONE', *, *, #3379, .T. ) ;
#1676 = CARTESIAN_POINT ( 'NONE',  ( -15.53589923927614613, -34.90896528546699784, 0.7499999985999999952 ) ) ;
#1677 = CARTESIAN_POINT ( 'NONE',  ( 31.84999999470883125, 1.149999986000016516, 0.4499999986000000618 ) ) ;
#1678 = FACE_OUTER_BOUND ( 'NONE', #446, .T. ) ;
#1679 = VERTEX_POINT ( 'NONE', #562 ) ;
#1680 = CYLINDRICAL_SURFACE ( 'NONE', #2546, 1.499999997199991109 ) ;
#1681 = B_SPLINE_CURVE_WITH_KNOTS ( 'NONE', 3,
 ( #3640, #3284, #2577, #4359 ),
 .UNSPECIFIED., .F., .F.,
 ( 4, 4 ),
 ( 0.000000000000000000, 1.000000000000000000 ),
 .UNSPECIFIED. ) ;
#1682 = CARTESIAN_POINT ( 'NONE',  ( 13.07273008170882633, -32.00000112559997234, 0.2500000037176217105 ) ) ;
#1683 = ORIENTED_EDGE ( 'NONE', *, *, #884, .T. ) ;
#1684 = CYLINDRICAL_SURFACE ( 'NONE', #2030, 2.999999994399968450 ) ;
#1685 = CYLINDRICAL_SURFACE ( 'NONE', #1291, 6.999998776200021311 ) ;
#1686 = B_SPLINE_CURVE_WITH_KNOTS ( 'NONE', 3,
 ( #707, #1346, #1016, #2074 ),
 .UNSPECIFIED., .F., .F.,
 ( 4, 4 ),
 ( 0.000000000000000000, 1.000000000000000000 ),
 .UNSPECIFIED. ) ;
#1687 = CYLINDRICAL_SURFACE ( 'NONE', #1393, 1.499999997200020641 ) ;
#1688 = VERTEX_POINT ( 'NONE', #4129 ) ;
#1689 = CARTESIAN_POINT ( 'NONE',  ( 23.28815170244633492, -10.67601939466746330, -0.7499999986000001062 ) ) ;
#1690 = FACE_OUTER_BOUND ( 'NONE', #4463, .T. ) ;
#1691 = EDGE_CURVE ( 'NONE', #1769, #782, #4602, .T. ) ;
#1692 = AXIS2_PLACEMENT_3D ( 'NONE', #2579, #1888, #5 ) ;
#1693 = EDGE_CURVE ( 'NONE', #4346, #3862, #1805, .T. ) ;
#1694 = CARTESIAN_POINT ( 'NONE',  ( 7.249999994908856493, 8.999999983200002163, 0.7499999985999999952 ) ) ;
#1695 = VERTEX_POINT ( 'NONE', #2714 ) ;
#1696 = CARTESIAN_POINT ( 'NONE',  ( 20.87345546037985855, -1.026059261056005978, 0.7499999982872160853 ) ) ;
#1697 = ORIENTED_EDGE ( 'NONE', *, *, #3361, .F. ) ;
#1698 = CARTESIAN_POINT ( 'NONE',  ( 22.99999881485983977, 2.500001172199977972, 0.4499999986000000618 ) ) ;
#1699 = CYLINDRICAL_SURFACE ( 'NONE', #638, 2.999999994400010195 ) ;
#1700 = AXIS2_PLACEMENT_3D ( 'NONE', #3811, #602, #297 ) ;
#1701 = LINE ( 'NONE', #310, #2322 ) ;
#1702 = ORIENTED_EDGE ( 'NONE', *, *, #3593, .T. ) ;
#1703 = CARTESIAN_POINT ( 'NONE',  ( 20.87345545972438288, 1.026061597326988206, 0.7500000008241241023 ) ) ;
#1704 = EDGE_CURVE ( 'NONE', #2336, #2666, #3247, .T. ) ;
#1705 = CARTESIAN_POINT ( 'NONE',  ( 34.15000001750889425, 0.000000000000000000, 0.4499999986000000618 ) ) ;
#1706 = ORIENTED_EDGE ( 'NONE', *, *, #1757, .T. ) ;
#1707 = CARTESIAN_POINT ( 'NONE',  ( 18.91170198064368080, -13.03030043924111503, -0.7499999985999999952 ) ) ;
#1708 = CARTESIAN_POINT ( 'NONE',  ( 23.65692435650887404, 9.202560462000032970, -0.2499999945840933602 ) ) ;
#1709 = ADVANCED_FACE ( 'NONE', ( #143 ), #1604, .F. ) ;
#1710 = LINE ( 'NONE', #343, #185 ) ;
#1711 = B_SPLINE_CURVE_WITH_KNOTS ( 'NONE', 3,
 ( #4227, #4145, #1708, #976 ),
 .UNSPECIFIED., .F., .F.,
 ( 4, 4 ),
 ( 0.000000000000000000, 1.000000000000000000 ),
 .UNSPECIFIED. ) ;
#1712 = CARTESIAN_POINT ( 'NONE',  ( 23.56438786231501936, -9.959862209143434342, -0.7499999986000001062 ) ) ;
#1713 = LINE ( 'NONE', #3879, #4532 ) ;
#1714 = CARTESIAN_POINT ( 'NONE',  ( -29.99999924129113893, 23.12752582652663946, 0.7500000111498408284 ) ) ;
#1715 = ORIENTED_EDGE ( 'NONE', *, *, #650, .T. ) ;
#1716 = CARTESIAN_POINT ( 'NONE',  ( -8.785898445474614959, -23.21762278500050058, 0.7499999985999999952 ) ) ;
#1717 = VERTEX_POINT ( 'NONE', #4171 ) ;
#1718 = DIRECTION ( 'NONE',  ( -0.000000000000000000, -0.000000000000000000, -1.000000000000000000 ) ) ;
#1719 = CARTESIAN_POINT ( 'NONE',  ( -13.25000000069112538, -22.94967320139998535, -0.7499999985999999952 ) ) ;
#1720 = DIRECTION ( 'NONE',  ( 1.000000000000000000, 0.000000000000000000, 0.000000000000000000 ) ) ;
#1721 = ADVANCED_FACE ( 'NONE', ( #1030 ), #2360, .F. ) ;
#1722 = EDGE_LOOP ( 'NONE', ( #4631, #1479, #495, #2274 ) ) ;
#1723 = CARTESIAN_POINT ( 'NONE',  ( 24.49999881970884985, 2.500001172199977972, 0.7499999985999999952 ) ) ;
#1724 = DIRECTION ( 'NONE',  ( 0.000000000000000000, 0.000000000000000000, 1.000000000000000000 ) ) ;
#1725 = ORIENTED_EDGE ( 'NONE', *, *, #2118, .F. ) ;
#1726 = AXIS2_PLACEMENT_3D ( 'NONE', #2604, #2531, #3288 ) ;
#1727 = CARTESIAN_POINT ( 'NONE',  ( -1.890884440237161623, 33.81616101929299845, -0.7500000009613524421 ) ) ;
#1728 = DIRECTION ( 'NONE',  ( 0.000000000000000000, 0.000000000000000000, 1.000000000000000000 ) ) ;
#1729 = ORIENTED_EDGE ( 'NONE', *, *, #2588, .F. ) ;
#1730 = DIRECTION ( 'NONE',  ( 1.000000000000000000, 0.000000000000000000, 0.000000000000000000 ) ) ;
#1731 = EDGE_CURVE ( 'NONE', #973, #1605, #4364, .T. ) ;
#1732 = CARTESIAN_POINT ( 'NONE',  ( -8.785898446668605644, -23.21762278431113558, 0.4499999986000000618 ) ) ;
#1733 = AXIS2_PLACEMENT_3D ( 'NONE', #3522, #2770, #286 ) ;
#1734 = FACE_BOUND ( 'NONE', #711, .T. ) ;
#1735 = VERTEX_POINT ( 'NONE', #3181 ) ;
#1736 = CARTESIAN_POINT ( 'NONE',  ( -15.53589821774162338, 34.90896506587498749, 0.4499999986000000618 ) ) ;
#1737 = AXIS2_PLACEMENT_3D ( 'NONE', #2041, #1315, #3531 ) ;
#1738 = EDGE_LOOP ( 'NONE', ( #2907, #2188, #1337, #3440 ) ) ;
#1739 = CARTESIAN_POINT ( 'NONE',  ( -11.80642439784915254, 37.06217791305748932, -0.7500000015666826725 ) ) ;
#1740 = CARTESIAN_POINT ( 'NONE',  ( -3.999999984091146210, -29.00000001360000823, 0.7499999985999999952 ) ) ;
#1741 = EDGE_CURVE ( 'NONE', #1355, #2450, #2909, .T. ) ;
#1742 = B_SPLINE_CURVE_WITH_KNOTS ( 'NONE', 3,
 ( #1163, #753, #4333, #1139, #3990, #802 ),
 .UNSPECIFIED., .F., .F.,
 ( 4, 2, 4 ),
 ( 0.000000000000000000, 0.5000000000000000000, 1.000000000000000000 ),
 .UNSPECIFIED. ) ;
#1743 = DIRECTION ( 'NONE',  ( 0.000000000000000000, 0.000000000000000000, 1.000000000000000000 ) ) ;
#1744 = ORIENTED_EDGE ( 'NONE', *, *, #4114, .F. ) ;
#1745 = CARTESIAN_POINT ( 'NONE',  ( -8.306424949854646300, 37.99999994530750769, 0.7500000012817760187 ) ) ;
#1746 = ORIENTED_EDGE ( 'NONE', *, *, #3930, .T. ) ;
#1747 = DIRECTION ( 'NONE',  ( 0.000000000000000000, -1.000000000000000000, 0.000000000000000000 ) ) ;
#1748 = ORIENTED_EDGE ( 'NONE', *, *, #1439, .T. ) ;
#1749 = CARTESIAN_POINT ( 'NONE',  ( 36.11947483400085446, 11.05938057272198805, 0.7499999965497240462 ) ) ;
#1750 = EDGE_CURVE ( 'NONE', #1349, #3525, #1411, .T. ) ;
#1751 = CARTESIAN_POINT ( 'NONE',  ( -15.50407101959114264, -29.15383828859999227, -0.4499999890000000446 ) ) ;
#1752 = FACE_OUTER_BOUND ( 'NONE', #420, .T. ) ;
#1753 = EDGE_CURVE ( 'NONE', #4310, #795, #3215, .T. ) ;
#1754 = VERTEX_POINT ( 'NONE', #4193 ) ;
#1755 = CARTESIAN_POINT ( 'NONE',  ( 22.93062523653947338, -11.16626951607520724, -0.7499999986000002172 ) ) ;
#1756 = FACE_OUTER_BOUND ( 'NONE', #1449, .T. ) ;
#1757 = EDGE_CURVE ( 'NONE', #1434, #3598, #2761, .T. ) ;
#1758 = CARTESIAN_POINT ( 'NONE',  ( 23.12389218558279325, 10.93112387254983453, -0.7499999986000001062 ) ) ;
#1759 = ORIENTED_EDGE ( 'NONE', *, *, #4409, .T. ) ;
#1760 = DIRECTION ( 'NONE',  ( -1.000000000000000000, 0.000000000000000000, 0.000000000000000000 ) ) ;
#1761 = ORIENTED_EDGE ( 'NONE', *, *, #1789, .F. ) ;
#1762 = CARTESIAN_POINT ( 'NONE',  ( 23.65736226218510296, -8.851045511341334660, 0.7499999985999999952 ) ) ;
#1763 = AXIS2_PLACEMENT_3D ( 'NONE', #4070, #3601, #1149 ) ;
#1764 = DIRECTION ( 'NONE',  ( 1.000000000000000000, 0.000000000000000000, 0.000000000000000000 ) ) ;
#1765 = AXIS2_PLACEMENT_3D ( 'NONE', #2203, #3563, #1813 ) ;
#1766 = ADVANCED_FACE ( 'NONE', ( #4521 ), #986, .F. ) ;
#1767 = DIRECTION ( 'NONE',  ( 0.000000000000000000, 0.000000000000000000, 1.000000000000000000 ) ) ;
#1768 = B_SPLINE_CURVE_WITH_KNOTS ( 'NONE', 3,
 ( #3250, #1077, #1455, #792 ),
 .UNSPECIFIED., .F., .F.,
 ( 4, 4 ),
 ( 0.2500000025833332695, 1.000000000000000000 ),
 .UNSPECIFIED. ) ;
#1769 = VERTEX_POINT ( 'NONE', #2112 ) ;
#1770 = CARTESIAN_POINT ( 'NONE',  ( 21.87531875030887818, -18.19180265619998593, -0.2499999995333333780 ) ) ;
#1771 = CIRCLE ( 'NONE', #4608, 1.150000316200033179 ) ;
#1772 = PERSON_AND_ORGANIZATION ( #1631, #828 ) ;
#1773 = EDGE_CURVE ( 'NONE', #2507, #1695, #3514, .T. ) ;
#1774 = VERTEX_POINT ( 'NONE', #963 ) ;
#1775 = DIRECTION ( 'NONE',  ( 0.4999999988276694340, -0.8660254044612840651, -0.000000000000000000 ) ) ;
#1776 = EDGE_LOOP ( 'NONE', ( #467, #4170, #3521, #254 ) ) ;
#1777 = DIRECTION ( 'NONE',  ( 0.000000000000000000, 0.000000000000000000, 1.000000000000000000 ) ) ;
#1778 = EDGE_CURVE ( 'NONE', #2325, #4374, #1351, .T. ) ;
#1779 = CARTESIAN_POINT ( 'NONE',  ( 20.87345546952735376, 1.026061593477842759, 0.2500000030135277052 ) ) ;
#1780 = FACE_BOUND ( 'NONE', #441, .T. ) ;
#1781 = EDGE_CURVE ( 'NONE', #4038, #4238, #2066, .T. ) ;
#1782 = VERTEX_POINT ( 'NONE', #1736 ) ;
#1783 = DIRECTION ( 'NONE',  ( -1.000000000000000000, 0.000000000000000000, 0.000000000000000000 ) ) ;
#1784 = CARTESIAN_POINT ( 'NONE',  ( -4.999999990691144980, 8.999999983200002163, 0.4499999986000000618 ) ) ;
#1785 = CARTESIAN_POINT ( 'NONE',  ( -1.600991857134590690, 33.31405236741620257, -0.7499999986000001062 ) ) ;
#1786 = VERTEX_POINT ( 'NONE', #1006 ) ;
#1787 = EDGE_LOOP ( 'NONE', ( #1435, #528, #4073, #474 ) ) ;
#1788 = DIRECTION ( 'NONE',  ( 1.000000000000000000, 0.000000000000000000, 0.000000000000000000 ) ) ;
#1789 = EDGE_CURVE ( 'NONE', #1458, #561, #3159, .T. ) ;
#1790 = FACE_OUTER_BOUND ( 'NONE', #3263, .T. ) ;
#1791 = CARTESIAN_POINT ( 'NONE',  ( 23.41495872881860407, -10.39267152763175872, 0.7499999986000002172 ) ) ;
#1792 = ORIENTED_EDGE ( 'NONE', *, *, #1451, .F. ) ;
#1793 = LINE ( 'NONE', #2855, #2845 ) ;
#1794 = EDGE_CURVE ( 'NONE', #4273, #4356, #628, .T. ) ;
#1795 = CALENDAR_DATE ( 2025, 21, 1 ) ;
#1796 = EDGE_LOOP ( 'NONE', ( #3707, #1152, #1114, #2441, #3997, #2589 ) ) ;
#1797 = CARTESIAN_POINT ( 'NONE',  ( -23.99999923335077767, -13.39763519010434933, -0.7499999985999999952 ) ) ;
#1798 = CARTESIAN_POINT ( 'NONE',  ( 13.50000011870885963, -10.71555481979996394, 0.2499999995333333780 ) ) ;
#1799 = ORIENTED_EDGE ( 'NONE', *, *, #780, .F. ) ;
#1800 = DIRECTION ( 'NONE',  ( -0.000000000000000000, -0.000000000000000000, -1.000000000000000000 ) ) ;
#1801 = CARTESIAN_POINT ( 'NONE',  ( 20.69253333330883748, 1.168400015627568678E-06, -0.2500000001686967788 ) ) ;
#1802 = CARTESIAN_POINT ( 'NONE',  ( 3.999999789308872344, -38.00000113979998417, 0.7499999985999999952 ) ) ;
#1803 = ORIENTED_EDGE ( 'NONE', *, *, #867, .T. ) ;
#1804 = CARTESIAN_POINT ( 'NONE',  ( -27.51780004992405892, -27.89835454525735514, 0.7499999891559800957 ) ) ;
#1805 = CIRCLE ( 'NONE', #4639, 14.00000000000001954 ) ;
#1806 = CARTESIAN_POINT ( 'NONE',  ( -14.74999999789114469, -22.94967320139998535, 0.4499999986000000618 ) ) ;
#1807 = AXIS2_PLACEMENT_3D ( 'NONE', #505, #4343, #154 ) ;
#1808 = CARTESIAN_POINT ( 'NONE',  ( -13.25000000069112538, 22.94967320139998535, 0.4499999986000000618 ) ) ;
#1809 = ORIENTED_EDGE ( 'NONE', *, *, #3153, .T. ) ;
#1810 = ORIENTED_EDGE ( 'NONE', *, *, #1293, .T. ) ;
#1811 = CARTESIAN_POINT ( 'NONE',  ( 8.979685708911206987, -0.9454073314659909855, -0.7499999986000001062 ) ) ;
#1812 = AXIS2_PLACEMENT_3D ( 'NONE', #1987, #3048, #3406 ) ;
#1813 = DIRECTION ( 'NONE',  ( 1.000000000000000000, -1.206763825393642076E-14, 0.000000000000000000 ) ) ;
#1814 = B_SPLINE_CURVE_WITH_KNOTS ( 'NONE', 3,
 ( #3941, #4031, #2878, #2526 ),
 .UNSPECIFIED., .F., .F.,
 ( 4, 4 ),
 ( 0.000000000000000000, 1.000000000000000000 ),
 .UNSPECIFIED. ) ;
#1815 = CARTESIAN_POINT ( 'NONE',  ( -9.217113073214731500, -1.282733508811806367, -0.7499999985999998842 ) ) ;
#1816 = ORIENTED_EDGE ( 'NONE', *, *, #3427, .T. ) ;
#1817 = FACE_BOUND ( 'NONE', #1362, .T. ) ;
#1818 = APPROVAL_ROLE ( '' ) ;
#1819 = ORIENTED_EDGE ( 'NONE', *, *, #2508, .F. ) ;
#1820 = VERTEX_POINT ( 'NONE', #2826 ) ;
#1821 = EDGE_CURVE ( 'NONE', #2557, #2511, #3591, .T. ) ;
#1822 = CARTESIAN_POINT ( 'NONE',  ( 34.03283988618400713, 13.29702266312738423, -0.7499999985999999952 ) ) ;
#1823 = ORIENTED_EDGE ( 'NONE', *, *, #1307, .T. ) ;
#1824 = LINE ( 'NONE', #56, #982 ) ;
#1825 = CARTESIAN_POINT ( 'NONE',  ( 37.99999881990883921, 4.000001169399997281, 0.4499999986000000618 ) ) ;
#1826 = B_SPLINE_CURVE_WITH_KNOTS ( 'NONE', 3,
 ( #2189, #1185, #359, #3643 ),
 .UNSPECIFIED., .F., .F.,
 ( 4, 4 ),
 ( 0.000000000000000000, 1.000000000000000000 ),
 .UNSPECIFIED. ) ;
#1827 = CARTESIAN_POINT ( 'NONE',  ( 20.75290539569485304, -0.6948506545252340905, -0.7499999985999999952 ) ) ;
#1828 = DIRECTION ( 'NONE',  ( -1.000000000000000000, 0.000000000000000000, 0.000000000000000000 ) ) ;
#1829 = DIRECTION ( 'NONE',  ( 0.000000000000000000, 0.000000000000000000, 1.000000000000000000 ) ) ;
#1830 = CARTESIAN_POINT ( 'NONE',  ( -29.99999924084964675, -22.51666037680000088, 0.7499999954519940282 ) ) ;
#1831 = ORIENTED_EDGE ( 'NONE', *, *, #1376, .T. ) ;
#1832 = ORIENTED_EDGE ( 'NONE', *, *, #2092, .F. ) ;
#1833 = CARTESIAN_POINT ( 'NONE',  ( -13.66506323703964298, -18.66858433255250205, 0.4499999986000000618 ) ) ;
#1834 = EDGE_CURVE ( 'NONE', #2617, #4508, #279, .T. ) ;
#1835 = CARTESIAN_POINT ( 'NONE',  ( -10.08493630289114584, 22.46762206999999734, 0.4499999986000000618 ) ) ;
#1836 = EDGE_CURVE ( 'NONE', #921, #427, #2431, .T. ) ;
#1837 = CARTESIAN_POINT ( 'NONE',  ( 23.59898172112258052, -9.811646145302033162, 0.7499999985999998842 ) ) ;
#1838 = AXIS2_PLACEMENT_3D ( 'NONE', #4093, #549, #2011 ) ;
#1839 = VERTEX_POINT ( 'NONE', #1384 ) ;
#1840 = CARTESIAN_POINT ( 'NONE',  ( 15.63098071479184270, 13.62712450286047527, -0.7499999985999998842 ) ) ;
#1841 = VECTOR ( 'NONE', #2243, 1000.000000000000000 ) ;
#1842 = ORIENTED_EDGE ( 'NONE', *, *, #1937, .F. ) ;
#1843 = CARTESIAN_POINT ( 'NONE',  ( -10.08493650609113068, -22.46762270499999659, 0.4499999986000000618 ) ) ;
#1844 = CARTESIAN_POINT ( 'NONE',  ( -16.07907109165257609, -30.14976745361558486, -0.4499999890000000446 ) ) ;
#1845 = ORIENTED_EDGE ( 'NONE', *, *, #3993, .F. ) ;
#1846 = VECTOR ( 'NONE', #38, 1000.000000000000000 ) ;
#1847 = CARTESIAN_POINT ( 'NONE',  ( -23.99999922900014582, 12.99999995879999659, 0.7499999991378600850 ) ) ;
#1848 = CARTESIAN_POINT ( 'NONE',  ( 34.15000001750889425, 1.149999986000016516, -0.4499999890000000446 ) ) ;
#1849 = EDGE_CURVE ( 'NONE', #541, #2936, #2021, .T. ) ;
#1850 = ADVANCED_FACE ( 'NONE', ( #3294 ), #2966, .T. ) ;
#1851 = CARTESIAN_POINT ( 'NONE',  ( 7.072730091601364677, -38.00000112814699804, -0.7500000015762178229 ) ) ;
#1852 = CARTESIAN_POINT ( 'NONE',  ( 23.64504790514538968, 9.510964544097667783, 0.7499999986000001062 ) ) ;
#1853 = ORIENTED_EDGE ( 'NONE', *, *, #4467, .T. ) ;
#1854 = CYLINDRICAL_SURFACE ( 'NONE', #3933, 7.000002459199979654 ) ;
#1855 = CARTESIAN_POINT ( 'NONE',  ( -4.999999990691144980, 8.999999983200002163, 0.4499999986000000618 ) ) ;
#1856 = CARTESIAN_POINT ( 'NONE',  ( -16.10198474716960959, 15.99999994270301329, -0.7499999985999999952 ) ) ;
#1857 = ORIENTED_EDGE ( 'NONE', *, *, #4524, .F. ) ;
#1858 = EDGE_LOOP ( 'NONE', ( #4128, #2947, #583, #1974, #3145, #4163 ) ) ;
#1859 = CARTESIAN_POINT ( 'NONE',  ( 17.52606057175009724, -13.53463267501021683, -0.2499999949291333290 ) ) ;
#1860 = CARTESIAN_POINT ( 'NONE',  ( 7.466880728472347961, -38.00000112068300240, -0.7499999986000002172 ) ) ;
#1861 = CARTESIAN_POINT ( 'NONE',  ( 34.55449862430887009, 12.73761214219998372, -0.7499999985999999952 ) ) ;
#1862 = ORIENTED_EDGE ( 'NONE', *, *, #2911, .F. ) ;
#1863 = B_SPLINE_CURVE_WITH_KNOTS ( 'NONE', 3,
 ( #2914, #1217, #1192, #1520, #2941, #1173 ),
 .UNSPECIFIED., .F., .F.,
 ( 4, 2, 4 ),
 ( 0.000000000000000000, 0.5000000000000000000, 1.000000000000000000 ),
 .UNSPECIFIED. ) ;
#1864 = DIRECTION ( 'NONE',  ( -0.5000000034346877564, 0.8660254018014207356, 0.000000000000000000 ) ) ;
#1865 = EDGE_CURVE ( 'NONE', #4557, #3622, #1863, .T. ) ;
#1866 = CARTESIAN_POINT ( 'NONE',  ( -23.99999922803114316, -13.00000112719998313, -0.7499999983212393140 ) ) ;
#1867 = DIRECTION ( 'NONE',  ( 0.000000000000000000, 0.000000000000000000, -1.000000000000000000 ) ) ;
#1868 = ORIENTED_EDGE ( 'NONE', *, *, #2578, .T. ) ;
#1869 = CARTESIAN_POINT ( 'NONE',  ( -29.99999924005014407, -22.51666037799451914, -0.7499999947737230332 ) ) ;
#1870 = DIRECTION ( 'NONE',  ( 0.000000000000000000, 0.000000000000000000, -1.000000000000000000 ) ) ;
#1871 = CARTESIAN_POINT ( 'NONE',  ( -13.49999998329112749, -4.333334098533342171, 0.7499999985999999952 ) ) ;
#1872 = EDGE_LOOP ( 'NONE', ( #2040, #2576, #1469, #1831, #2793, #3683, #3618, #2432, #3733, #3536 ) ) ;
#1873 = CARTESIAN_POINT ( 'NONE',  ( 17.52606057050887500, 13.53463500839999689, 0.2499999995333333780 ) ) ;
#1874 = CARTESIAN_POINT ( 'NONE',  ( 5.000000075308874692, -23.99999988840001564, -0.7499999992708411556 ) ) ;
#1875 = CARTESIAN_POINT ( 'NONE',  ( 2.500000020708881276, -29.00000001360000823, -0.7499999985999999952 ) ) ;
#1876 = AXIS2_PLACEMENT_3D ( 'NONE', #4456, #122, #1552 ) ;
#1877 = ORIENTED_EDGE ( 'NONE', *, *, #4264, .T. ) ;
#1878 = EDGE_LOOP ( 'NONE', ( #1748, #1233 ) ) ;
#1879 = CARTESIAN_POINT ( 'NONE',  ( 21.87531874983037028, -18.19180265394748730, -0.7499999958137953948 ) ) ;
#1880 = LINE ( 'NONE', #2140, #714 ) ;
#1881 = AXIS2_PLACEMENT_3D ( 'NONE', #2562, #84, #1946 ) ;
#1882 = VERTEX_POINT ( 'NONE', #1567 ) ;
#1883 = PLANE ( 'NONE',  #975 ) ;
#1884 = EDGE_LOOP ( 'NONE', ( #2865, #2276, #3632, #2974 ) ) ;
#1885 = FACE_OUTER_BOUND ( 'NONE', #4641, .T. ) ;
#1886 = CIRCLE ( 'NONE', #1437, 2.249999995800000541 ) ;
#1887 = AXIS2_PLACEMENT_3D ( 'NONE', #1751, #11, #1492 ) ;
#1888 = DIRECTION ( 'NONE',  ( 0.000000000000000000, 0.000000000000000000, -1.000000000000000000 ) ) ;
#1889 = CARTESIAN_POINT ( 'NONE',  ( 16.50000013850888436, -10.71555481979999414, 9.757819552369539906E-16 ) ) ;
#1890 = EDGE_LOOP ( 'NONE', ( #13, #969, #3325, #1947 ) ) ;
#1891 = CARTESIAN_POINT ( 'NONE',  ( 34.08366031444223410, -13.24252458593331738, 0.7499999985999999952 ) ) ;
#1892 = EDGE_CURVE ( 'NONE', #2051, #4111, #3364, .T. ) ;
#1893 = DIRECTION ( 'NONE',  ( 1.000000000000000000, 0.000000000000000000, 0.000000000000000000 ) ) ;
#1894 = CARTESIAN_POINT ( 'NONE',  ( 37.19202305742586390, 9.665549654353345232, 0.7499999920391200448 ) ) ;
#1895 = FACE_OUTER_BOUND ( 'NONE', #280, .T. ) ;
#1896 = EDGE_CURVE ( 'NONE', #4101, #1263, #235, .T. ) ;
#1897 = ORIENTED_EDGE ( 'NONE', *, *, #4114, .T. ) ;
#1898 = ORIENTED_EDGE ( 'NONE', *, *, #899, .F. ) ;
#1899 = DIRECTION ( 'NONE',  ( 0.000000000000000000, 0.000000000000000000, 1.000000000000000000 ) ) ;
#1900 = CARTESIAN_POINT ( 'NONE',  ( -14.98459806480563117, 15.61939760764368579, -0.7499999986000001062 ) ) ;
#1901 = EDGE_CURVE ( 'NONE', #1223, #244, #622, .T. ) ;
#1902 = EDGE_LOOP ( 'NONE', ( #3604, #4124, #1799, #3062, #1573, #3277 ) ) ;
#1903 = CARTESIAN_POINT ( 'NONE',  ( 21.68298478900484838, -12.02163597982602816, 0.7499999961340920729 ) ) ;
#1904 = DIRECTION ( 'NONE',  ( -8.300746920972143015E-10, -1.000000000000000000, 0.000000000000000000 ) ) ;
#1905 = EDGE_CURVE ( 'NONE', #319, #1535, #1925, .T. ) ;
#1906 = ADVANCED_FACE ( 'NONE', ( #1895 ), #1494, .F. ) ;
#1907 = VERTEX_POINT ( 'NONE', #3696 ) ;
#1908 = CARTESIAN_POINT ( 'NONE',  ( 6.743886005189381194E-08, -11.48331470457189596, -0.7499999985999999952 ) ) ;
#1909 = ORIENTED_EDGE ( 'NONE', *, *, #3543, .F. ) ;
#1910 = CARTESIAN_POINT ( 'NONE',  ( 13.50000013010338407, 10.71555715438349310, -0.7499999952333064046 ) ) ;
#1911 = CARTESIAN_POINT ( 'NONE',  ( -17.07499999609113317, 29.57476752040000179, -0.7499999985999999952 ) ) ;
#1912 = ADVANCED_FACE ( 'NONE', ( #3343 ), #3723, .F. ) ;
#1913 = LINE ( 'NONE', #3131, #2727 ) ;
#1914 = CIRCLE ( 'NONE', #854, 1.499999997200020641 ) ;
#1915 = DIRECTION ( 'NONE',  ( 1.000000000000000000, 0.000000000000000000, 0.000000000000000000 ) ) ;
#1916 = VERTEX_POINT ( 'NONE', #2136 ) ;
#1917 = CARTESIAN_POINT ( 'NONE',  ( -29.92049284096281880, -23.73513618746975240, -0.7499999986000002172 ) ) ;
#1918 = CIRCLE ( 'NONE', #1091, 1.149999833600003685 ) ;
#1919 = DIRECTION ( 'NONE',  ( 0.000000000000000000, 0.000000000000000000, -1.000000000000000000 ) ) ;
#1920 = CARTESIAN_POINT ( 'NONE',  ( 20.87345545989987983, -1.026059260460510103, -0.7499999973092634775 ) ) ;
#1921 = VECTOR ( 'NONE', #3439, 1000.000000000000114 ) ;
#1922 = CARTESIAN_POINT ( 'NONE',  ( 23.42682406544397011, 10.39454943536076037, 0.7499999986000001062 ) ) ;
#1923 = EDGE_CURVE ( 'NONE', #4266, #2698, #960, .T. ) ;
#1924 = ORIENTED_EDGE ( 'NONE', *, *, #437, .F. ) ;
#1925 = B_SPLINE_CURVE_WITH_KNOTS ( 'NONE', 3,
 ( #461, #2216, #434, #4071, #853, #59, #3007, #2286 ),
 .UNSPECIFIED., .F., .F.,
 ( 4, 2, 2, 4 ),
 ( 0.000000000000000000, 0.5000000000000002220, 0.7499999999999998890, 1.000000000000000000 ),
 .UNSPECIFIED. ) ;
#1926 = EDGE_LOOP ( 'NONE', ( #3762, #311, #3728, #3315, #4230 ) ) ;
#1927 = VECTOR ( 'NONE', #2781, 1000.000000000000000 ) ;
#1928 = DIRECTION ( 'NONE',  ( 0.4999999988276694340, -0.8660254044612840651, -0.000000000000000000 ) ) ;
#1929 = DIRECTION ( 'NONE',  ( 0.000000000000000000, 0.000000000000000000, 1.000000000000000000 ) ) ;
#1930 = EDGE_CURVE ( 'NONE', #4015, #3382, #3450, .T. ) ;
#1931 = ORIENTED_EDGE ( 'NONE', *, *, #2049, .F. ) ;
#1932 = DIRECTION ( 'NONE',  ( -1.000000000000000000, 5.597070699207871170E-10, 0.000000000000000000 ) ) ;
#1933 = DIRECTION ( 'NONE',  ( 0.000000000000000000, 0.000000000000000000, 1.000000000000000000 ) ) ;
#1934 = ORIENTED_EDGE ( 'NONE', *, *, #4099, .T. ) ;
#1935 = CARTESIAN_POINT ( 'NONE',  ( -13.49999998329112749, -13.00000112720001511, -0.2499999995333333780 ) ) ;
#1936 = ORIENTED_EDGE ( 'NONE', *, *, #219, .T. ) ;
#1937 = EDGE_CURVE ( 'NONE', #782, #4002, #3920, .T. ) ;
#1938 = CARTESIAN_POINT ( 'NONE',  ( 13.07273008170889206, -30.88710689413998267, -0.7499999985999999952 ) ) ;
#1939 = CARTESIAN_POINT ( 'NONE',  ( -16.49999999621715219, 15.99999995991702129, -0.7500000017667113328 ) ) ;
#1940 = DIRECTION ( 'NONE',  ( 1.000000000000000000, 9.050728690452315179E-15, 0.000000000000000000 ) ) ;
#1941 = ORIENTED_EDGE ( 'NONE', *, *, #1487, .T. ) ;
#1942 = CARTESIAN_POINT ( 'NONE',  ( 17.68778267679838123, -20.56099659838900351, 0.7499999966888120095 ) ) ;
#1943 = EDGE_CURVE ( 'NONE', #315, #4015, #3806, .T. ) ;
#1944 = CARTESIAN_POINT ( 'NONE',  ( -17.49592946919115022, 28.00383816289997441, 0.4499999986000000618 ) ) ;
#1945 = CYLINDRICAL_SURFACE ( 'NONE', #1991, 1.150000011399969546 ) ;
#1946 = DIRECTION ( 'NONE',  ( 1.000000000000000000, 0.000000000000000000, 0.000000000000000000 ) ) ;
#1947 = ORIENTED_EDGE ( 'NONE', *, *, #2915, .T. ) ;
#1948 = DIRECTION ( 'NONE',  ( -0.000000000000000000, 0.000000000000000000, -1.000000000000000000 ) ) ;
#1949 = DIRECTION ( 'NONE',  ( 1.000000000000000000, 0.000000000000000000, 0.000000000000000000 ) ) ;
#1950 = ORIENTED_EDGE ( 'NONE', *, *, #2171, .F. ) ;
#1951 = CARTESIAN_POINT ( 'NONE',  ( -29.99999924208163193, 22.51666060540000203, -0.7500000018499041188 ) ) ;
#1952 = PLANE ( 'NONE',  #1248 ) ;
#1953 = CARTESIAN_POINT ( 'NONE',  ( -13.49999998329112749, -13.00000112720001511, 0.2499999995333333780 ) ) ;
#1954 = ORIENTED_EDGE ( 'NONE', *, *, #1236, .T. ) ;
#1955 = CARTESIAN_POINT ( 'NONE',  ( 13.07273008443635121, -28.66131842410299413, -0.7499999982652157948 ) ) ;
#1956 = EDGE_CURVE ( 'NONE', #725, #973, #10, .T. ) ;
#1957 = AXIS2_PLACEMENT_3D ( 'NONE', #2211, #3644, #2581 ) ;
#1958 = CARTESIAN_POINT ( 'NONE',  ( -19.15321187979116146, 32.82050809520001167, -0.7499999985999999952 ) ) ;
#1959 = LOCAL_TIME ( 12, 52, 34.00000000000000000, #4246 ) ;
#1960 = FACE_OUTER_BOUND ( 'NONE', #400, .T. ) ;
#1961 = ORIENTED_EDGE ( 'NONE', *, *, #252, .F. ) ;
#1962 = CARTESIAN_POINT ( 'NONE',  ( 17.52606057330785561, -13.53463267532051262, -0.7499999952333182840 ) ) ;
#1963 = B_SPLINE_CURVE_WITH_KNOTS ( 'NONE', 3,
 ( #4028, #4285, #94, #3204 ),
 .UNSPECIFIED., .F., .F.,
 ( 4, 4 ),
 ( 0.000000000000000000, 1.000000000000000000 ),
 .UNSPECIFIED. ) ;
#1964 = AXIS2_PLACEMENT_3D ( 'NONE', #2746, #2652, #1658 ) ;
#1965 = DIRECTION ( 'NONE',  ( -1.000000000000000000, 0.000000000000000000, 0.000000000000000000 ) ) ;
#1966 = EDGE_CURVE ( 'NONE', #165, #581, #4203, .T. ) ;
#1967 = CARTESIAN_POINT ( 'NONE',  ( 9.368338250239364839, -21.51933987480748200, -0.7499999986000001062 ) ) ;
#1968 = VECTOR ( 'NONE', #2798, 1000.000000000000000 ) ;
#1969 = ORIENTED_EDGE ( 'NONE', *, *, #4325, .F. ) ;
#1970 = CARTESIAN_POINT ( 'NONE',  ( 20.29734338737632271, -12.52596820812054901, -0.7499999985999999952 ) ) ;
#1971 = ORIENTED_EDGE ( 'NONE', *, *, #2741, .F. ) ;
#1972 = DIRECTION ( 'NONE',  ( 1.000000000000000000, 0.000000000000000000, 0.000000000000000000 ) ) ;
#1973 = LINE ( 'NONE', #3808, #3411 ) ;
#1974 = ORIENTED_EDGE ( 'NONE', *, *, #1357, .F. ) ;
#1975 = DIRECTION ( 'NONE',  ( 0.000000000000000000, 0.000000000000000000, 1.000000000000000000 ) ) ;
#1976 = CARTESIAN_POINT ( 'NONE',  ( 30.77061681514588543, 16.08790903445574827, -0.2499999979857967514 ) ) ;
#1977 = EDGE_CURVE ( 'NONE', #748, #4023, #4422, .T. ) ;
#1978 = ORIENTED_EDGE ( 'NONE', *, *, #2062, .T. ) ;
#1979 = CARTESIAN_POINT ( 'NONE',  ( 5.500000015108863494, -29.00000001360000823, 0.1500000047999999753 ) ) ;
#1980 = EDGE_CURVE ( 'NONE', #4118, #655, #2248, .T. ) ;
#1981 = ORIENTED_EDGE ( 'NONE', *, *, #1773, .F. ) ;
#1982 = DIRECTION ( 'NONE',  ( 0.000000000000000000, 0.000000000000000000, 1.000000000000000000 ) ) ;
#1983 = B_SPLINE_CURVE_WITH_KNOTS ( 'NONE', 3,
 ( #3338, #1822, #804, #77 ),
 .UNSPECIFIED., .F., .F.,
 ( 4, 4 ),
 ( 0.000000000000000000, 1.000000000000000000 ),
 .UNSPECIFIED. ) ;
#1984 = CARTESIAN_POINT ( 'NONE',  ( 29.68134064643412273, -16.53258142541115561, -0.7499999986000003283 ) ) ;
#1985 = DIRECTION ( 'NONE',  ( 1.000000000000000000, 0.000000000000000000, 0.000000000000000000 ) ) ;
#1986 = ORIENTED_EDGE ( 'NONE', *, *, #124, .F. ) ;
#1987 = CARTESIAN_POINT ( 'NONE',  ( 4.000000017908872607, -29.00000001360000823, 0.4499999986000000618 ) ) ;
#1988 = CARTESIAN_POINT ( 'NONE',  ( -14.77500015109115061, -27.58290912159999664, -0.7499999985999999952 ) ) ;
#1989 = VERTEX_POINT ( 'NONE', #4445 ) ;
#1990 = CARTESIAN_POINT ( 'NONE',  ( -9.217105702440301584, -1.282794661967569638, 0.7499999985999999952 ) ) ;
#1991 = AXIS2_PLACEMENT_3D ( 'NONE', #3765, #4162, #1237 ) ;
#1992 = CARTESIAN_POINT ( 'NONE',  ( -13.66506323703964298, -18.66858433255250205, 0.7499999985999999952 ) ) ;
#1993 = ADVANCED_FACE ( 'NONE', ( #3481 ), #1684, .F. ) ;
#1994 = EDGE_CURVE ( 'NONE', #2287, #2693, #1581, .T. ) ;
#1995 = CIRCLE ( 'NONE', #36, 1.499999997200018864 ) ;
#1996 = CARTESIAN_POINT ( 'NONE',  ( 14.38485957472279431, 12.89673577694861351, 0.7499999986000001062 ) ) ;
#1997 = ORIENTED_EDGE ( 'NONE', *, *, #4222, .F. ) ;
#1998 = VECTOR ( 'NONE', #4549, 1000.000000000000000 ) ;
#1999 = CARTESIAN_POINT ( 'NONE',  ( -17.99999973683579313, -16.00000112159998267, 0.7499999985999999952 ) ) ;
#2000 = DIRECTION ( 'NONE',  ( 1.000000000000000000, 0.000000000000000000, 0.000000000000000000 ) ) ;
#2001 = DIRECTION ( 'NONE',  ( -0.000000000000000000, 0.000000000000000000, -1.000000000000000000 ) ) ;
#2002 = VERTEX_POINT ( 'NONE', #199 ) ;
#2003 = CARTESIAN_POINT ( 'NONE',  ( 17.52606057095537651, 13.53463500962698340, -0.7499999953385155793 ) ) ;
#2004 = ORIENTED_EDGE ( 'NONE', *, *, #2572, .T. ) ;
#2005 = CARTESIAN_POINT ( 'NONE',  ( -11.27419636427439364, -37.36946097062517680, -0.7499999986000001062 ) ) ;
#2006 = CARTESIAN_POINT ( 'NONE',  ( 0.5813249367213613183, 31.47012191455100805, 0.7500000020050299199 ) ) ;
#2007 = DIRECTION ( 'NONE',  ( 0.000000000000000000, 0.000000000000000000, 1.000000000000000000 ) ) ;
#2008 = ORIENTED_EDGE ( 'NONE', *, *, #3831, .T. ) ;
#2009 = CARTESIAN_POINT ( 'NONE',  ( 37.99999881990883921, -3.999998832599993559, -0.7499999985999999952 ) ) ;
#2010 =( NAMED_UNIT ( * ) SI_UNIT ( $, .STERADIAN. ) SOLID_ANGLE_UNIT ( ) );
#2011 = DIRECTION ( 'NONE',  ( 1.000000000000000000, 0.000000000000000000, 0.000000000000000000 ) ) ;
#2012 = VERTEX_POINT ( 'NONE', #1641 ) ;
#2013 = CARTESIAN_POINT ( 'NONE',  ( -4.999999990691144980, 8.999999983200002163, 0.4499999986000000618 ) ) ;
#2014 = DIRECTION ( 'NONE',  ( -0.000000000000000000, -0.000000000000000000, -1.000000000000000000 ) ) ;
#2015 = DIRECTION ( 'NONE',  ( -0.5000000093473407903, 0.8660253983877487238, 0.000000000000000000 ) ) ;
#2016 = VERTEX_POINT ( 'NONE', #176 ) ;
#2017 = DIRECTION ( 'NONE',  ( 0.000000000000000000, 0.000000000000000000, 1.000000000000000000 ) ) ;
#2018 = CARTESIAN_POINT ( 'NONE',  ( 24.20961808800307224, -17.69563199466821501, -0.7499999985999999952 ) ) ;
#2019 = LINE ( 'NONE', #3445, #1618 ) ;
#2020 = ORIENTED_EDGE ( 'NONE', *, *, #1358, .T. ) ;
#2021 = LINE ( 'NONE', #4367, #2838 ) ;
#2022 = ORIENTED_EDGE ( 'NONE', *, *, #1236, .F. ) ;
#2023 = CARTESIAN_POINT ( 'NONE',  ( -17.65000015814105438, 30.57069700630890452, 0.4499999986000000618 ) ) ;
#2024 = CARTESIAN_POINT ( 'NONE',  ( 20.65692436210886385, 9.202560462000020536, 9.757819552369539906E-16 ) ) ;
#2025 = B_SPLINE_CURVE_WITH_KNOTS ( 'NONE', 3,
 ( #1026, #2448, #4542, #3442 ),
 .UNSPECIFIED., .F., .F.,
 ( 4, 4 ),
 ( 0.000000000000000000, 1.000000000000000000 ),
 .UNSPECIFIED. ) ;
#2026 = LINE ( 'NONE', #4507, #2174 ) ;
#2027 = EDGE_LOOP ( 'NONE', ( #4096, #303, #1156, #2320 ) ) ;
#2028 = AXIS2_PLACEMENT_3D ( 'NONE', #2692, #1299, #473 ) ;
#2029 = CARTESIAN_POINT ( 'NONE',  ( 16.04386118132266503, -22.32388659404226061, 0.7499999985999999952 ) ) ;
#2030 = AXIS2_PLACEMENT_3D ( 'NONE', #3413, #270, #2349 ) ;
#2031 = FACE_OUTER_BOUND ( 'NONE', #3561, .T. ) ;
#2032 = ORIENTED_EDGE ( 'NONE', *, *, #4175, .T. ) ;
#2033 = DIRECTION ( 'NONE',  ( 0.000000000000000000, 0.000000000000000000, -1.000000000000000000 ) ) ;
#2034 = EDGE_CURVE ( 'NONE', #689, #2990, #1079, .T. ) ;
#2035 = APPROVAL_PERSON_ORGANIZATION ( #1018, #2621, #2121 ) ;
#2036 = CARTESIAN_POINT ( 'NONE',  ( 21.07273008370885847, -28.66131842020000420, 9.757819552369539906E-16 ) ) ;
#2037 = CIRCLE ( 'NONE', #2629, 1.149999833600010790 ) ;
#2038 = CARTESIAN_POINT ( 'NONE',  ( 22.60848662644588813, -5.793018217592582175, 0.7499999985999999952 ) ) ;
#2039 = EDGE_CURVE ( 'NONE', #1679, #1434, #4095, .T. ) ;
#2040 = ORIENTED_EDGE ( 'NONE', *, *, #2301, .T. ) ;
#2041 = CARTESIAN_POINT ( 'NONE',  ( 27.21492318410884081, -8.878109879000007254, 9.757819552369539906E-16 ) ) ;
#2042 = CARTESIAN_POINT ( 'NONE',  ( -9.334936304585927047, 21.16858394533158005, 0.7499999985999999952 ) ) ;
#2043 = CYLINDRICAL_SURFACE ( 'NONE', #113, 14.00000000000001954 ) ;
#2044 = ORIENTED_EDGE ( 'NONE', *, *, #2719, .F. ) ;
#2045 = CARTESIAN_POINT ( 'NONE',  ( 20.75406791827586872, -0.6980446543700576933, 0.7499999975276000486 ) ) ;
#2046 = ORIENTED_EDGE ( 'NONE', *, *, #1431, .T. ) ;
#2047 = DIRECTION ( 'NONE',  ( 1.000000000000000000, 0.000000000000000000, 0.000000000000000000 ) ) ;
#2048 = CARTESIAN_POINT ( 'NONE',  ( 13.07273007954135124, -32.00000112978851519, 0.7500000026637549944 ) ) ;
#2049 = EDGE_CURVE ( 'NONE', #2195, #2642, #551, .T. ) ;
#2050 = FACE_OUTER_BOUND ( 'NONE', #2200, .T. ) ;
#2051 = VERTEX_POINT ( 'NONE', #2703 ) ;
#2052 = DIRECTION ( 'NONE',  ( 0.000000000000000000, 0.000000000000000000, 1.000000000000000000 ) ) ;
#2053 = ADVANCED_FACE ( 'NONE', ( #4471 ), #1285, .T. ) ;
#2054 = CARTESIAN_POINT ( 'NONE',  ( 13.07273008105536150, -32.00000112560000076, -0.7500000020013917190 ) ) ;
#2055 = ORIENTED_EDGE ( 'NONE', *, *, #220, .T. ) ;
#2056 = DIRECTION ( 'NONE',  ( 0.000000000000000000, 0.000000000000000000, -1.000000000000000000 ) ) ;
#2057 = CARTESIAN_POINT ( 'NONE',  ( 17.52606056345737429, 13.53463501031249017, 0.7499999961666841131 ) ) ;
#2058 = CIRCLE ( 'NONE', #631, 1.150000011399969546 ) ;
#2059 = CARTESIAN_POINT ( 'NONE',  ( 22.60290737886408863, -11.49091834762409725, -0.7499999985999999952 ) ) ;
#2060 = CARTESIAN_POINT ( 'NONE',  ( 20.87345546071986391, 1.026061600114980266, -0.7499999997293944620 ) ) ;
#2061 = AXIS2_PLACEMENT_3D ( 'NONE', #652, #2084, #3512 ) ;
#2062 = EDGE_CURVE ( 'NONE', #2802, #3344, #927, .T. ) ;
#2063 = CARTESIAN_POINT ( 'NONE',  ( -9.334936302604123881, 21.16858394189899428, 0.4499999986000000618 ) ) ;
#2064 = CIRCLE ( 'NONE', #2658, 1.149999833600010790 ) ;
#2065 = ORIENTED_EDGE ( 'NONE', *, *, #2553, .F. ) ;
#2066 = LINE ( 'NONE', #326, #598 ) ;
#2067 = ORIENTED_EDGE ( 'NONE', *, *, #2723, .F. ) ;
#2068 = CARTESIAN_POINT ( 'NONE',  ( 31.84999999470883125, 0.000000000000000000, -0.7499999985999999952 ) ) ;
#2069 = CARTESIAN_POINT ( 'NONE',  ( 10.00000013370888219, -13.99999990140064732, -0.7499999985999999952 ) ) ;
#2070 = AXIS2_PLACEMENT_3D ( 'NONE', #2992, #1933, #161 ) ;
#2071 = ADVANCED_BREP_SHAPE_REPRESENTATION ( 'PEN-S-PPC', ( #1556, #531 ), #2399 ) ;
#2072 = CARTESIAN_POINT ( 'NONE',  ( -16.07907051574822432, 30.14976769209051710, -0.7499999985999999952 ) ) ;
#2073 = ORIENTED_EDGE ( 'NONE', *, *, #1753, .F. ) ;
#2074 = CARTESIAN_POINT ( 'NONE',  ( 17.52606057124986449, -13.53463267363449951, 0.7499999963187521379 ) ) ;
#2075 = CARTESIAN_POINT ( 'NONE',  ( -2.011518821794622269, 34.02510591380247718, 0.7499999972077319166 ) ) ;
#2076 = EDGE_CURVE ( 'NONE', #3949, #3922, #2689, .T. ) ;
#2077 = CARTESIAN_POINT ( 'NONE',  ( -13.49999998419163028, 12.99999995879999659, -0.7500000015687918742 ) ) ;
#2078 = ORIENTED_EDGE ( 'NONE', *, *, #3239, .F. ) ;
#2079 = CARTESIAN_POINT ( 'NONE',  ( 8.643217394820005950, -37.84383717507245137, 0.7500000116040199671 ) ) ;
#2080 = CARTESIAN_POINT ( 'NONE',  ( 27.99999999850883015, 1.168400015627568678E-06, 0.4499999986000000618 ) ) ;
#2081 = ORIENTED_EDGE ( 'NONE', *, *, #4250, .F. ) ;
#2082 = CARTESIAN_POINT ( 'NONE',  ( 23.02707670041467480, -11.04894336168273128, -0.7499999986000002172 ) ) ;
#2083 = CARTESIAN_POINT ( 'NONE',  ( 10.00000012939236704, -3.999999950200006094, 0.7500000003000401039 ) ) ;
#2084 = DIRECTION ( 'NONE',  ( 0.000000000000000000, 0.000000000000000000, 1.000000000000000000 ) ) ;
#2085 = ORIENTED_EDGE ( 'NONE', *, *, #1307, .F. ) ;
#2086 = CARTESIAN_POINT ( 'NONE',  ( -23.99999922900014582, 12.99999995879999659, 0.7499999991378600850 ) ) ;
#2087 = EDGE_LOOP ( 'NONE', ( #4284, #3989, #635, #3864 ) ) ;
#2088 = CARTESIAN_POINT ( 'NONE',  ( 17.07251407204639548, -13.69971011854986465, -0.7499999986000001062 ) ) ;
#2089 = FACE_OUTER_BOUND ( 'NONE', #4405, .T. ) ;
#2090 = B_SPLINE_CURVE_WITH_KNOTS ( 'NONE', 3,
 ( #2830, #4217, #1324, #3138 ),
 .UNSPECIFIED., .F., .F.,
 ( 4, 4 ),
 ( 0.2500000025833332695, 1.000000000000000000 ),
 .UNSPECIFIED. ) ;
#2091 = CARTESIAN_POINT ( 'NONE',  ( 6.250000013708873148, -29.00000001360000823, 0.4499999986000000618 ) ) ;
#2092 = EDGE_CURVE ( 'NONE', #879, #667, #1506, .T. ) ;
#2093 = VERTEX_POINT ( 'NONE', #739 ) ;
#2094 = DIRECTION ( 'NONE',  ( -0.8660254040905496220, -0.4999999994698000605, 0.000000000000000000 ) ) ;
#2095 = AXIS2_PLACEMENT_3D ( 'NONE', #4361, #1167, #2906 ) ;
#2096 = PLANE ( 'NONE',  #3478 ) ;
#2097 = ORIENTED_EDGE ( 'NONE', *, *, #4081, .F. ) ;
#2098 = CARTESIAN_POINT ( 'NONE',  ( 6.250000013708873148, -29.00000001360000823, 0.4499999986000000618 ) ) ;
#2099 = VECTOR ( 'NONE', #1319, 1000.000000000000000 ) ;
#2100 = CARTESIAN_POINT ( 'NONE',  ( -6.499999987891136755, 8.999999983200002163, -0.7499999985999999952 ) ) ;
#2101 = ADVANCED_FACE ( 'NONE', ( #362 ), #1399, .F. ) ;
#2102 = CARTESIAN_POINT ( 'NONE',  ( -8.306424952585157229, 37.99999994548999638, -0.7499999991483438100 ) ) ;
#2103 = B_SPLINE_CURVE_WITH_KNOTS ( 'NONE', 3,
 ( #2267, #3009, #4447, #4097 ),
 .UNSPECIFIED., .F., .F.,
 ( 4, 4 ),
 ( 0.5000000000000000000, 1.000000000000000000 ),
 .UNSPECIFIED. ) ;
#2104 = ORIENTED_EDGE ( 'NONE', *, *, #1267, .F. ) ;
#2105 = CARTESIAN_POINT ( 'NONE',  ( -1.971307360424451316, 33.95545761599998968, 0.7499999985999999952 ) ) ;
#2106 = CYLINDRICAL_SURFACE ( 'NONE', #946, 1.149999833600010790 ) ;
#2107 = VECTOR ( 'NONE', #2626, 1000.000000000000000 ) ;
#2108 = AXIS2_PLACEMENT_3D ( 'NONE', #4537, #1022, #2443 ) ;
#2109 = EDGE_CURVE ( 'NONE', #202, #2810, #2861, .T. ) ;
#2110 = CARTESIAN_POINT ( 'NONE',  ( -1.890884440237161623, 33.81616101929299845, -0.7500000009613524421 ) ) ;
#2111 = EDGE_LOOP ( 'NONE', ( #2715, #4044 ) ) ;
#2112 = CARTESIAN_POINT ( 'NONE',  ( -16.49999999621715219, 15.99999995991702129, -0.7500000017667113328 ) ) ;
#2113 = ORIENTED_EDGE ( 'NONE', *, *, #849, .T. ) ;
#2114 = CYLINDRICAL_SURFACE ( 'NONE', #385, 3.000000019799990536 ) ;
#2115 = EDGE_CURVE ( 'NONE', #3911, #3230, #453, .T. ) ;
#2116 = DIRECTION ( 'NONE',  ( 0.000000000000000000, 0.000000000000000000, 1.000000000000000000 ) ) ;
#2117 = DIRECTION ( 'NONE',  ( -0.000000000000000000, -0.000000000000000000, -1.000000000000000000 ) ) ;
#2118 = EDGE_CURVE ( 'NONE', #1483, #3816, #996, .T. ) ;
#2119 = EDGE_LOOP ( 'NONE', ( #3652, #2931, #1332, #1931, #4072, #2532 ) ) ;
#2120 = CARTESIAN_POINT ( 'NONE',  ( 21.87531875030887818, -18.19180265619998593, 0.2499999995333333780 ) ) ;
#2121 = APPROVAL_ROLE ( '' ) ;
#2122 = VERTEX_POINT ( 'NONE', #1099 ) ;
#2123 = CARTESIAN_POINT ( 'NONE',  ( -10.71141532103923488, 37.60246797713867295, -0.7499999986000001062 ) ) ;
#2124 = B_SPLINE_CURVE_WITH_KNOTS ( 'NONE', 3,
 ( #2708, #512, #4497, #1951 ),
 .UNSPECIFIED., .F., .F.,
 ( 4, 4 ),
 ( 0.000000000000000000, 1.000000000000000000 ),
 .UNSPECIFIED. ) ;
#2125 = VERTEX_POINT ( 'NONE', #2126 ) ;
#2126 = CARTESIAN_POINT ( 'NONE',  ( 10.00000013244237174, -18.99999989680001278, 0.7500000000875340911 ) ) ;
#2127 = FACE_OUTER_BOUND ( 'NONE', #814, .T. ) ;
#2128 = CARTESIAN_POINT ( 'NONE',  ( -7.777418248992972849, 0.1576373639027017770, 0.7499999985499903321 ) ) ;
#2129 = ORIENTED_EDGE ( 'NONE', *, *, #3977, .F. ) ;
#2130 = CARTESIAN_POINT ( 'NONE',  ( -11.75000000349110607, -22.94967320139998535, 0.4499999986000000618 ) ) ;
#2131 = CARTESIAN_POINT ( 'NONE',  ( -20.99999923674764091, 15.99999995098400163, 0.7499999992146959560 ) ) ;
#2132 = CIRCLE ( 'NONE', #4080, 14.00000000000001954 ) ;
#2133 = DIRECTION ( 'NONE',  ( -0.000000000000000000, -0.000000000000000000, -1.000000000000000000 ) ) ;
#2134 = ORIENTED_EDGE ( 'NONE', *, *, #4241, .T. ) ;
#2135 = ADVANCED_FACE ( 'NONE', ( #1021 ), #316, .T. ) ;
#2136 = CARTESIAN_POINT ( 'NONE',  ( -20.99999923480563879, -16.00000112238050676, -0.7499999982814162802 ) ) ;
#2137 = EDGE_LOOP ( 'NONE', ( #623, #338, #1526, #3158 ) ) ;
#2138 = CARTESIAN_POINT ( 'NONE',  ( -13.04958235387506882, 36.34444032547501280, -0.7499999985999999952 ) ) ;
#2139 = AXIS2_PLACEMENT_3D ( 'NONE', #3061, #4519, #2735 ) ;
#2140 = CARTESIAN_POINT ( 'NONE',  ( 22.99999880725683710, -2.499998824193994107, 0.4499999986000000618 ) ) ;
#2141 = AXIS2_PLACEMENT_3D ( 'NONE', #443, #2181, #3205 ) ;
#2142 = CARTESIAN_POINT ( 'NONE',  ( 34.15000001750889425, 1.149999986000016516, -0.7499999985999999952 ) ) ;
#2143 = VERTEX_POINT ( 'NONE', #2512 ) ;
#2144 = CARTESIAN_POINT ( 'NONE',  ( -1.890884440237161623, 33.81616101929299845, -0.7500000009613524421 ) ) ;
#2145 = ORIENTED_EDGE ( 'NONE', *, *, #2241, .F. ) ;
#2146 = ORIENTED_EDGE ( 'NONE', *, *, #1487, .F. ) ;
#2147 = CARTESIAN_POINT ( 'NONE',  ( -13.49999999440762366, -13.00000113071200758, -0.7500000017667113328 ) ) ;
#2148 = EDGE_LOOP ( 'NONE', ( #2860, #915, #4259, #3752 ) ) ;
#2149 = CARTESIAN_POINT ( 'NONE',  ( -4.999999990724646182, -23.99999988840001564, 0.7499999985708261097 ) ) ;
#2150 = CARTESIAN_POINT ( 'NONE',  ( 30.77061681207737820, 16.08790902910350695, -0.7499999979219882373 ) ) ;
#2151 = ORIENTED_EDGE ( 'NONE', *, *, #954, .T. ) ;
#2152 = CARTESIAN_POINT ( 'NONE',  ( 34.15000001750889425, 0.000000000000000000, -0.7499999985999999952 ) ) ;
#2153 = CARTESIAN_POINT ( 'NONE',  ( 2.500000020708881276, -29.00000001360000823, 0.4499999986000000618 ) ) ;
#2154 = CARTESIAN_POINT ( 'NONE',  ( -17.65000015814105438, 30.57069700630890452, 0.1500000047999999753 ) ) ;
#2155 = VERTEX_POINT ( 'NONE', #2817 ) ;
#2156 = VERTEX_POINT ( 'NONE', #1749 ) ;
#2157 = DIRECTION ( 'NONE',  ( 0.000000000000000000, 0.000000000000000000, 1.000000000000000000 ) ) ;
#2158 = FACE_OUTER_BOUND ( 'NONE', #3119, .T. ) ;
#2159 = CARTESIAN_POINT ( 'NONE',  ( -19.15321247669113447, -32.82050818410001369, -0.7499999985999999952 ) ) ;
#2160 = VERTEX_POINT ( 'NONE', #3599 ) ;
#2161 = DIRECTION ( 'NONE',  ( 0.000000000000000000, 0.000000000000000000, 1.000000000000000000 ) ) ;
#2162 = PERSON_AND_ORGANIZATION_ROLE ( 'creator' ) ;
#2163 = EDGE_LOOP ( 'NONE', ( #1578, #834, #925, #4332, #4621, #366, #2993, #1845, #610, #3938 ) ) ;
#2164 = CARTESIAN_POINT ( 'NONE',  ( 0.5813249367213613183, 31.47012191455100805, 0.7500000020050299199 ) ) ;
#2165 = CARTESIAN_POINT ( 'NONE',  ( -26.49999963745763765, -28.57883796948351574, 0.7499999956487439778 ) ) ;
#2166 = EDGE_LOOP ( 'NONE', ( #3107, #104, #3663, #3796 ) ) ;
#2167 = CARTESIAN_POINT ( 'NONE',  ( 2.750000003308855412, 8.999999983200002163, 0.4499999986000000618 ) ) ;
#2168 = CARTESIAN_POINT ( 'NONE',  ( -16.50000000309112380, -16.00000112159999333, 0.2499999995333333780 ) ) ;
#2169 = CARTESIAN_POINT ( 'NONE',  ( -2.011518823389124577, 34.02510591720997724, -0.7499999964197217039 ) ) ;
#2170 = ADVANCED_FACE ( 'NONE', ( #1350 ), #4249, .F. ) ;
#2171 = EDGE_CURVE ( 'NONE', #1525, #3985, #4142, .T. ) ;
#2172 = ORIENTED_EDGE ( 'NONE', *, *, #2062, .F. ) ;
#2173 = CARTESIAN_POINT ( 'NONE',  ( -28.75674460035989810, -26.54568496738401606, 0.7499999891559800957 ) ) ;
#2174 = VECTOR ( 'NONE', #874, 1000.000000000000227 ) ;
#2175 = CARTESIAN_POINT ( 'NONE',  ( 15.63098070454930699, -13.62712217020733085, 0.7499999985999998842 ) ) ;
#2176 = CYLINDRICAL_SURFACE ( 'NONE', #3785, 5.000000007599999741 ) ;
#2177 = ORIENTED_EDGE ( 'NONE', *, *, #3992, .T. ) ;
#2178 = VERTEX_POINT ( 'NONE', #130 ) ;
#2179 = B_SPLINE_CURVE_WITH_KNOTS ( 'NONE', 3,
 ( #2923, #4009, #1859, #4353 ),
 .UNSPECIFIED., .F., .F.,
 ( 4, 4 ),
 ( 0.000000000000000000, 1.000000000000000000 ),
 .UNSPECIFIED. ) ;
#2180 = CARTESIAN_POINT ( 'NONE',  ( 10.00000012089004464, -3.589807210115461000, -0.7499999986000001062 ) ) ;
#2181 = DIRECTION ( 'NONE',  ( 0.000000000000000000, 0.000000000000000000, 1.000000000000000000 ) ) ;
#2182 = DIRECTION ( 'NONE',  ( 0.000000000000000000, 0.000000000000000000, 1.000000000000000000 ) ) ;
#2183 = ORIENTED_EDGE ( 'NONE', *, *, #884, .F. ) ;
#2184 = CARTESIAN_POINT ( 'NONE',  ( 13.07273009598798019, -28.15970281981890722, 0.7499999986000001062 ) ) ;
#2185 = ADVANCED_FACE ( 'NONE', ( #3267 ), #4392, .T. ) ;
#2186 = EDGE_CURVE ( 'NONE', #3030, #1223, #3416, .T. ) ;
#2187 = B_SPLINE_CURVE_WITH_KNOTS ( 'NONE', 3,
 ( #1306, #3784, #213, #1234 ),
 .UNSPECIFIED., .F., .F.,
 ( 4, 4 ),
 ( 0.000000000000000000, 1.000000000000000000 ),
 .UNSPECIFIED. ) ;
#2188 = ORIENTED_EDGE ( 'NONE', *, *, #1691, .T. ) ;
#2189 = CARTESIAN_POINT ( 'NONE',  ( -20.99999923674764091, 15.99999995098400163, 0.7499999992146959560 ) ) ;
#2190 = PLANE ( 'NONE',  #2095 ) ;
#2191 = EDGE_LOOP ( 'NONE', ( #3897, #2600, #3389, #4520, #4362, #4306, #701, #3173, #158, #4472, #1627, #1702, #2943, #3281, #419, #3610, #1971, #2470, #2896, #344, #2183, #413, #3873, #4434, #1715, #3747, #1586, #208, #4421, #4007, #4552 ) ) ;
#2192 = CARTESIAN_POINT ( 'NONE',  ( -26.49999963966365257, -28.57883796959950828, -0.7499999945186460737 ) ) ;
#2193 = DIRECTION ( 'NONE',  ( 0.8660254268214971907, 0.4999999600986421711, 0.000000000000000000 ) ) ;
#2194 = CARTESIAN_POINT ( 'NONE',  ( -13.49999998640763543, 12.99999995879999659, 0.7500000026999951164 ) ) ;
#2195 = VERTEX_POINT ( 'NONE', #3290 ) ;
#2196 = B_SPLINE_CURVE_WITH_KNOTS ( 'NONE', 3,
 ( #423, #70, #2930, #4357, #1161, #2227, #3662, #98, #1530, #2953 ),
 .UNSPECIFIED., .F., .F.,
 ( 4, 2, 2, 2, 4 ),
 ( 0.000000000000000000, 0.2500000000000003886, 0.5000000000000007772, 0.7500000000000011102, 1.000000000000000000 ),
 .UNSPECIFIED. ) ;
#2197 = CARTESIAN_POINT ( 'NONE',  ( 20.29734337960854518, 12.52597056468118275, 0.7499999985999999952 ) ) ;
#2198 = CARTESIAN_POINT ( 'NONE',  ( -8.785898445474614959, -23.21762278500050058, 0.4499999986000000618 ) ) ;
#2199 = FACE_OUTER_BOUND ( 'NONE', #325, .T. ) ;
#2200 = EDGE_LOOP ( 'NONE', ( #4495, #3425, #550, #4601 ) ) ;
#2201 = ORIENTED_EDGE ( 'NONE', *, *, #1357, .T. ) ;
#2202 = CARTESIAN_POINT ( 'NONE',  ( -8.306423680091155504, -38.00000111439998562, -0.2499999958800687150 ) ) ;
#2203 = CARTESIAN_POINT ( 'NONE',  ( -15.92499998469115674, 27.58290912159999664, 0.4499999986000000618 ) ) ;
#2204 = EDGE_CURVE ( 'NONE', #4273, #4407, #2533, .T. ) ;
#2205 = CARTESIAN_POINT ( 'NONE',  ( 23.64511454355386633, -9.510744941925334928, 0.7499999985999999952 ) ) ;
#2206 = AXIS2_PLACEMENT_3D ( 'NONE', #1802, #2840, #4207 ) ;
#2207 = EDGE_LOOP ( 'NONE', ( #1093, #217, #376, #3289 ) ) ;
#2208 = DIRECTION ( 'NONE',  ( 0.000000000000000000, 0.000000000000000000, 1.000000000000000000 ) ) ;
#2209 = ORIENTED_EDGE ( 'NONE', *, *, #267, .T. ) ;
#2210 = DIRECTION ( 'NONE',  ( 0.000000000000000000, 0.000000000000000000, -1.000000000000000000 ) ) ;
#2211 = CARTESIAN_POINT ( 'NONE',  ( -17.07500012309112591, -29.57476746960002600, 0.1500000047999999753 ) ) ;
#2212 = VERTEX_POINT ( 'NONE', #3998 ) ;
#2213 = CIRCLE ( 'NONE', #2284, 1.499999997200018864 ) ;
#2214 = FACE_BOUND ( 'NONE', #3566, .T. ) ;
#2215 = DIRECTION ( 'NONE',  ( 1.000000000000000000, 0.000000000000000000, 0.000000000000000000 ) ) ;
#2216 = CARTESIAN_POINT ( 'NONE',  ( 36.71812004035232491, 10.41741218764668986, -0.7499999986000004393 ) ) ;
#2217 = ORIENTED_EDGE ( 'NONE', *, *, #4396, .T. ) ;
#2218 = CARTESIAN_POINT ( 'NONE',  ( 13.07273008394485636, -28.66131842020000420, 0.7499999991237880081 ) ) ;
#2219 = CARTESIAN_POINT ( 'NONE',  ( -1.600804665145594496, 33.31372814649171943, 0.7499999986000001062 ) ) ;
#2220 = CC_DESIGN_PERSON_AND_ORGANIZATION_ASSIGNMENT ( #3542, #2439, ( #3045 ) ) ;
#2221 = DIRECTION ( 'NONE',  ( 0.000000000000000000, 0.000000000000000000, 1.000000000000000000 ) ) ;
#2222 = ORIENTED_EDGE ( 'NONE', *, *, #3634, .F. ) ;
#2223 = ORIENTED_EDGE ( 'NONE', *, *, #3404, .F. ) ;
#2224 = CARTESIAN_POINT ( 'NONE',  ( 13.44558130826658626, -26.19583897519262194, -0.7499999985999999952 ) ) ;
#2225 = DIRECTION ( 'NONE',  ( 1.000000000000000000, 0.000000000000000000, 0.000000000000000000 ) ) ;
#2226 = ORIENTED_EDGE ( 'NONE', *, *, #1896, .T. ) ;
#2227 = CARTESIAN_POINT ( 'NONE',  ( -14.65967340893769411, -15.40241827841931332, 0.7499999986000001062 ) ) ;
#2228 = ORIENTED_EDGE ( 'NONE', *, *, #2280, .T. ) ;
#2229 = CARTESIAN_POINT ( 'NONE',  ( 4.999999999108855953, 8.999999983200002163, 0.1500000047999999753 ) ) ;
#2230 = B_SPLINE_CURVE_WITH_KNOTS ( 'NONE', 3,
 ( #798, #3279, #2925, #3588, #2571, #2499, #2851, #4638, #68, #2876, #1860, #2950 ),
 .UNSPECIFIED., .F., .F.,
 ( 4, 2, 2, 2, 2, 4 ),
 ( 0.000000000000000000, 0.2500000000000003331, 0.5000000000000006661, 0.7500000000000009992, 0.8750000000000004441, 1.000000000000000000 ),
 .UNSPECIFIED. ) ;
#2231 = EDGE_CURVE ( 'NONE', #4084, #1839, #1133, .T. ) ;
#2232 = CARTESIAN_POINT ( 'NONE',  ( -23.92367112345651137, -13.78082017683129834, -0.7499999985999999952 ) ) ;
#2233 = CARTESIAN_POINT ( 'NONE',  ( -2.011518823389124577, 34.02510591720997724, -0.7499999964197217039 ) ) ;
#2234 = ORIENTED_EDGE ( 'NONE', *, *, #3139, .F. ) ;
#2235 = CARTESIAN_POINT ( 'NONE',  ( -21.78069791043730419, 15.92387947298045603, 0.7499999986000002172 ) ) ;
#2236 = CARTESIAN_POINT ( 'NONE',  ( -9.999999997124643158, -18.99999989680001278, -0.7499999977542053387 ) ) ;
#2237 = EDGE_CURVE ( 'NONE', #4508, #4008, #3976, .T. ) ;
#2238 = CYLINDRICAL_SURFACE ( 'NONE', #258, 1.499999997199990220 ) ;
#2239 = VERTEX_POINT ( 'NONE', #826 ) ;
#2240 = EDGE_LOOP ( 'NONE', ( #875, #2390, #3530, #2625 ) ) ;
#2241 = EDGE_CURVE ( 'NONE', #2314, #1355, #2294, .T. ) ;
#2242 = FACE_OUTER_BOUND ( 'NONE', #394, .T. ) ;
#2243 = DIRECTION ( 'NONE',  ( 0.000000000000000000, 0.000000000000000000, 1.000000000000000000 ) ) ;
#2244 = ORIENTED_EDGE ( 'NONE', *, *, #3262, .T. ) ;
#2245 = CARTESIAN_POINT ( 'NONE',  ( 13.07273009760151439, -28.15933291723176524, -0.7499999986000001062 ) ) ;
#2246 = PLANE ( 'NONE',  #4090 ) ;
#2247 = EDGE_CURVE ( 'NONE', #2936, #3160, #1824, .T. ) ;
#2248 = CIRCLE ( 'NONE', #4642, 1.499999997199977120 ) ;
#2249 = EDGE_LOOP ( 'NONE', ( #964, #3778, #1427, #3959, #1157 ) ) ;
#2250 = CARTESIAN_POINT ( 'NONE',  ( 22.60299245676138113, -11.49089857315314944, 0.7499999985999999952 ) ) ;
#2251 = ORIENTED_EDGE ( 'NONE', *, *, #2506, .T. ) ;
#2252 = CARTESIAN_POINT ( 'NONE',  ( 14.38475830660506283, 12.89688042086472208, -0.7499999985999999952 ) ) ;
#2253 = APPROVAL_PERSON_ORGANIZATION ( #3967, #1456, #1818 ) ;
#2254 = AXIS2_PLACEMENT_3D ( 'NONE', #733, #2161, #1864 ) ;
#2255 = EDGE_CURVE ( 'NONE', #2450, #4002, #3582, .T. ) ;
#2256 = CARTESIAN_POINT ( 'NONE',  ( 13.50000014410891502, 10.71555715659999031, 0.2499999992500536727 ) ) ;
#2257 = CARTESIAN_POINT ( 'NONE',  ( -15.53589923927614613, -34.90896528546699784, 0.4499999986000000618 ) ) ;
#2258 = ORIENTED_EDGE ( 'NONE', *, *, #1778, .F. ) ;
#2259 = CARTESIAN_POINT ( 'NONE',  ( -20.99999923269113467, -16.00000112316099532, 0.7499999991378600850 ) ) ;
#2260 = FACE_BOUND ( 'NONE', #2590, .T. ) ;
#2261 = EDGE_CURVE ( 'NONE', #319, #2156, #2187, .T. ) ;
#2262 = B_SPLINE_CURVE_WITH_KNOTS ( 'NONE', 3,
 ( #2859, #1019, #2123, #972, #617, #2772 ),
 .UNSPECIFIED., .F., .F.,
 ( 4, 2, 4 ),
 ( 0.000000000000000000, 0.5000000000000000000, 1.000000000000000000 ),
 .UNSPECIFIED. ) ;
#2263 = DIRECTION ( 'NONE',  ( 1.000000000000000000, 0.000000000000000000, 0.000000000000000000 ) ) ;
#2264 = CARTESIAN_POINT ( 'NONE',  ( 23.59886170591082788, 9.812126561217850096, 0.7499999986000001062 ) ) ;
#2265 = VERTEX_POINT ( 'NONE', #171 ) ;
#2266 = ORIENTED_EDGE ( 'NONE', *, *, #4138, .T. ) ;
#2267 = CARTESIAN_POINT ( 'NONE',  ( 20.69253333261936234, 1.170048502530107726E-06, -0.7499999987613420460 ) ) ;
#2268 = ADVANCED_FACE ( 'NONE', ( #3763 ), #2721, .F. ) ;
#2269 = LINE ( 'NONE', #157, #3635 ) ;
#2270 = ORIENTED_EDGE ( 'NONE', *, *, #3080, .T. ) ;
#2271 = CYLINDRICAL_SURFACE ( 'NONE', #762, 1.150000011399969546 ) ;
#2272 = DIRECTION ( 'NONE',  ( 1.000000000000000000, 0.000000000000000000, 0.000000000000000000 ) ) ;
#2273 = EDGE_CURVE ( 'NONE', #3805, #2921, #3073, .T. ) ;
#2274 = ORIENTED_EDGE ( 'NONE', *, *, #2377, .F. ) ;
#2275 = CARTESIAN_POINT ( 'NONE',  ( -2.724747381100762755, 35.10354110951335826, 0.7499999944232000892 ) ) ;
#2276 = ORIENTED_EDGE ( 'NONE', *, *, #2328, .F. ) ;
#2277 = CARTESIAN_POINT ( 'NONE',  ( 37.99999881061339124, -6.285393118987014915, -0.7499999947857590721 ) ) ;
#2278 = CARTESIAN_POINT ( 'NONE',  ( 32.50604306280771283, -14.93431198669494897, -0.7499999986000003283 ) ) ;
#2279 = DIRECTION ( 'NONE',  ( 0.000000000000000000, 0.000000000000000000, 1.000000000000000000 ) ) ;
#2280 = EDGE_CURVE ( 'NONE', #4194, #4557, #3641, .T. ) ;
#2281 = CARTESIAN_POINT ( 'NONE',  ( -16.07907109165257609, -30.14976745361558486, -0.4499999890000000446 ) ) ;
#2282 = ORIENTED_EDGE ( 'NONE', *, *, #4606, .F. ) ;
#2283 = FACE_BOUND ( 'NONE', #4283, .T. ) ;
#2284 = AXIS2_PLACEMENT_3D ( 'NONE', #1719, #3136, #4571 ) ;
#2285 = CARTESIAN_POINT ( 'NONE',  ( -18.07092947489116597, 28.99976737499998336, 0.4499999986000000618 ) ) ;
#2286 = CARTESIAN_POINT ( 'NONE',  ( 37.99999881215187969, 6.285392255026501118, -0.7499999956750285079 ) ) ;
#2287 = VERTEX_POINT ( 'NONE', #1962 ) ;
#2288 = VERTEX_POINT ( 'NONE', #1610 ) ;
#2289 = AXIS2_PLACEMENT_3D ( 'NONE', #3835, #625, #1003 ) ;
#2290 = CARTESIAN_POINT ( 'NONE',  ( -4.999999990691144980, -18.99999989680001278, 0.4499999986000000618 ) ) ;
#2291 = LINE ( 'NONE', #4076, #1841 ) ;
#2292 = ORIENTED_EDGE ( 'NONE', *, *, #284, .F. ) ;
#2293 = CARTESIAN_POINT ( 'NONE',  ( -8.785898445474614959, -23.21762278500050058, 0.4499999986000000618 ) ) ;
#2294 = B_SPLINE_CURVE_WITH_KNOTS ( 'NONE', 3,
 ( #2259, #2908, #480, #407, #761, #3973, #2633, #79, #4067, #4363 ),
 .UNSPECIFIED., .F., .F.,
 ( 4, 2, 2, 2, 4 ),
 ( 0.000000000000000000, 0.2500000000000000000, 0.5000000000000000000, 0.7500000000000000000, 1.000000000000000000 ),
 .UNSPECIFIED. ) ;
#2295 = CARTESIAN_POINT ( 'NONE',  ( -16.92092903169113427, -27.00790912860000859, 0.1500000027333333319 ) ) ;
#2296 = ORIENTED_EDGE ( 'NONE', *, *, #1781, .T. ) ;
#2297 = CARTESIAN_POINT ( 'NONE',  ( -16.50000000309115222, -16.00000112316099532, -0.7500000015687918742 ) ) ;
#2298 = ORIENTED_EDGE ( 'NONE', *, *, #3347, .F. ) ;
#2299 = CARTESIAN_POINT ( 'NONE',  ( -3.499999993491154093, 8.999999983200002163, 0.1500000047999999753 ) ) ;
#2300 = CARTESIAN_POINT ( 'NONE',  ( 21.87531874983037028, -18.19180265394748730, -0.7499999958137953948 ) ) ;
#2301 = EDGE_CURVE ( 'NONE', #4374, #2016, #4355, .T. ) ;
#2302 = CARTESIAN_POINT ( 'NONE',  ( -17.07499999609113317, 29.57476752040000179, 0.4499999986000000618 ) ) ;
#2303 = ORIENTED_EDGE ( 'NONE', *, *, #3285, .F. ) ;
#2304 = CARTESIAN_POINT ( 'NONE',  ( 37.99999881990883921, -5.523595023400009296, -0.7499999985999999952 ) ) ;
#2305 = FACE_BOUND ( 'NONE', #1796, .T. ) ;
#2306 = CARTESIAN_POINT ( 'NONE',  ( 6.307439214430462293, -23.87032378897180607, -0.7499999986000001062 ) ) ;
#2307 = ORIENTED_EDGE ( 'NONE', *, *, #3347, .T. ) ;
#2308 = CARTESIAN_POINT ( 'NONE',  ( -18.07092915452951232, -28.99976748558416517, -0.7550132910086272409 ) ) ;
#2309 = ORIENTED_EDGE ( 'NONE', *, *, #4538, .T. ) ;
#2310 = CARTESIAN_POINT ( 'NONE',  ( -15.71410143439513973, 19.21762206827698449, 0.7499999985999999952 ) ) ;
#2311 = EDGE_CURVE ( 'NONE', #2922, #1782, #1637, .T. ) ;
#2312 = CARTESIAN_POINT ( 'NONE',  ( -14.92907096134688061, -28.15790911560703336, 0.4499999986000000618 ) ) ;
#2313 = EDGE_CURVE ( 'NONE', #3509, #4038, #3126, .T. ) ;
#2314 = VERTEX_POINT ( 'NONE', #241 ) ;
#2315 = DIRECTION ( 'NONE',  ( -0.5000000575844151252, -0.8660253705380585032, 0.000000000000000000 ) ) ;
#2316 = CARTESIAN_POINT ( 'NONE',  ( 6.499999996308847727, 8.999999983200002163, -0.7499999985999999952 ) ) ;
#2317 = B_SPLINE_CURVE_WITH_KNOTS ( 'NONE', 3,
 ( #3671, #1871, #2889, #2194 ),
 .UNSPECIFIED., .F., .F.,
 ( 4, 4 ),
 ( 0.000000000000000000, 1.000000000000000000 ),
 .UNSPECIFIED. ) ;
#2318 = VERTEX_POINT ( 'NONE', #149 ) ;
#2319 = CARTESIAN_POINT ( 'NONE',  ( -2.011518821794622269, 34.02510591380247718, 0.7499999972077319166 ) ) ;
#2320 = ORIENTED_EDGE ( 'NONE', *, *, #2442, .F. ) ;
#2321 = CARTESIAN_POINT ( 'NONE',  ( -10.71144054640324939, -37.60256209598632893, -0.7499999985999998842 ) ) ;
#2322 = VECTOR ( 'NONE', #1743, 1000.000000000000000 ) ;
#2323 = CARTESIAN_POINT ( 'NONE',  ( -17.99999973295975764, 15.99999995320001211, -0.7499999985999999952 ) ) ;
#2324 = DIRECTION ( 'NONE',  ( 1.000000000000000000, 0.000000000000000000, 0.000000000000000000 ) ) ;
#2325 = VERTEX_POINT ( 'NONE', #4159 ) ;
#2326 = CARTESIAN_POINT ( 'NONE',  ( -14.74999999789114469, 22.94967320139998535, 0.1500000047999999753 ) ) ;
#2327 = ADVANCED_FACE ( 'NONE', ( #898 ), #1680, .F. ) ;
#2328 = EDGE_CURVE ( 'NONE', #3622, #2265, #1070, .T. ) ;
#2329 = AXIS2_PLACEMENT_3D ( 'NONE', #3719, #4414, #4039 ) ;
#2330 = AXIS2_PLACEMENT_3D ( 'NONE', #1265, #905, #2683 ) ;
#2331 = PLANE ( 'NONE',  #1387 ) ;
#2332 = AXIS2_PLACEMENT_3D ( 'NONE', #118, #3394, #1199 ) ;
#2333 = ORIENTED_EDGE ( 'NONE', *, *, #2247, .T. ) ;
#2334 = CARTESIAN_POINT ( 'NONE',  ( -9.602225574097889904, -2.003212932432190119, 0.7499999986000001062 ) ) ;
#2335 = CARTESIAN_POINT ( 'NONE',  ( 16.45855418724584496, -30.80705122514426719, -0.7499999985999999952 ) ) ;
#2336 = VERTEX_POINT ( 'NONE', #3004 ) ;
#2337 = CARTESIAN_POINT ( 'NONE',  ( 36.11947527083187026, -11.05938028553998720, -0.7499999950241491575 ) ) ;
#2338 = DIRECTION ( 'NONE',  ( 1.000000000000000000, 0.000000000000000000, 0.000000000000000000 ) ) ;
#2339 = ORIENTED_EDGE ( 'NONE', *, *, #1834, .T. ) ;
#2340 = LINE ( 'NONE', #2994, #74 ) ;
#2341 = ORIENTED_EDGE ( 'NONE', *, *, #426, .F. ) ;
#2342 = CARTESIAN_POINT ( 'NONE',  ( -9.999999997124643158, -18.99999989680001278, -0.7499999977542053387 ) ) ;
#2343 = DIRECTION ( 'NONE',  ( 0.000000000000000000, 0.000000000000000000, 1.000000000000000000 ) ) ;
#2344 = CARTESIAN_POINT ( 'NONE',  ( 5.000000075308874692, -23.99999988840001564, -0.7499999992708411556 ) ) ;
#2345 = ORIENTED_EDGE ( 'NONE', *, *, #1575, .T. ) ;
#2346 = CARTESIAN_POINT ( 'NONE',  ( -15.53589821774162338, 34.90896506587498749, 0.4499999986000000618 ) ) ;
#2347 = DIRECTION ( 'NONE',  ( 1.000000000000000000, 0.000000000000000000, 0.000000000000000000 ) ) ;
#2348 = ORIENTED_EDGE ( 'NONE', *, *, #2710, .T. ) ;
#2349 = DIRECTION ( 'NONE',  ( 1.000000000000000000, 0.000000000000000000, 0.000000000000000000 ) ) ;
#2350 = CIRCLE ( 'NONE', #1536, 1.499999997200020641 ) ;
#2351 = DIRECTION ( 'NONE',  ( 1.000000000000000000, 0.000000000000000000, 0.000000000000000000 ) ) ;
#2352 = AXIS2_PLACEMENT_3D ( 'NONE', #16, #1457, #4210 ) ;
#2353 = CARTESIAN_POINT ( 'NONE',  ( 23.65736225708378626, 8.851047848768464732, -0.7499999985999999952 ) ) ;
#2354 = VERTEX_POINT ( 'NONE', #3097 ) ;
#2355 = CIRCLE ( 'NONE', #2548, 4.999999996476351072 ) ;
#2356 = CARTESIAN_POINT ( 'NONE',  ( 13.50000011870889338, -3.571850829636981306, -0.7499999985999999952 ) ) ;
#2357 = CARTESIAN_POINT ( 'NONE',  ( 7.777418380748802207, 0.1576373266332919965, -0.7499999985999999952 ) ) ;
#2358 = CYLINDRICAL_SURFACE ( 'NONE', #3332, 2.249999995800000541 ) ;
#2359 = ORIENTED_EDGE ( 'NONE', *, *, #179, .T. ) ;
#2360 = PLANE ( 'NONE',  #2616 ) ;
#2361 = ORIENTED_EDGE ( 'NONE', *, *, #4594, .F. ) ;
#2362 = CYLINDRICAL_SURFACE ( 'NONE', #4130, 1.499999997199991109 ) ;
#2363 = CARTESIAN_POINT ( 'NONE',  ( -11.80642440169117080, 37.06217792020001411, -0.2499999995333333780 ) ) ;
#2364 = EDGE_CURVE ( 'NONE', #3626, #121, #4464, .T. ) ;
#2365 = LINE ( 'NONE', #169, #299 ) ;
#2366 = ORIENTED_EDGE ( 'NONE', *, *, #2911, .T. ) ;
#2367 = CARTESIAN_POINT ( 'NONE',  ( 26.54391742015770461, -17.19946133431393065, 0.7499999985999999952 ) ) ;
#2368 = B_SPLINE_CURVE_WITH_KNOTS ( 'NONE', 3,
 ( #2403, #3485, #4448, #2665 ),
 .UNSPECIFIED., .F., .F.,
 ( 4, 4 ),
 ( 0.000000000000000000, 1.000000000000000000 ),
 .UNSPECIFIED. ) ;
#2369 = CARTESIAN_POINT ( 'NONE',  ( -21.39763329527852775, 15.99999995332674807, -0.7499999986000001062 ) ) ;
#2370 = EDGE_CURVE ( 'NONE', #1355, #1636, #2513, .T. ) ;
#2371 = CARTESIAN_POINT ( 'NONE',  ( 13.07273008105536150, -32.00000112560000076, -0.7500000020013917190 ) ) ;
#2372 = ORIENTED_EDGE ( 'NONE', *, *, #3233, .F. ) ;
#2373 = CARTESIAN_POINT ( 'NONE',  ( 22.60848662721172175, 5.793020556496705886, -0.7499999985999999952 ) ) ;
#2374 = EDGE_CURVE ( 'NONE', #3266, #2354, #2678, .T. ) ;
#2375 = CARTESIAN_POINT ( 'NONE',  ( 11.87073113793783463, -35.68728143912087347, 0.7500000116040199671 ) ) ;
#2376 = DIRECTION ( 'NONE',  ( 1.000000000000000000, 0.000000000000000000, 0.000000000000000000 ) ) ;
#2377 = EDGE_CURVE ( 'NONE', #3980, #607, #1512, .T. ) ;
#2378 = CARTESIAN_POINT ( 'NONE',  ( -13.66506323703964298, -18.66858433255250205, 0.7499999985999999952 ) ) ;
#2379 = ADVANCED_FACE ( 'NONE', ( #3737 ), #522, .F. ) ;
#2380 = FACE_OUTER_BOUND ( 'NONE', #979, .T. ) ;
#2381 = CARTESIAN_POINT ( 'NONE',  ( -18.07092917009111943, -28.99976747660002019, 0.4499999986000000618 ) ) ;
#2382 = EDGE_LOOP ( 'NONE', ( #1541, #2873, #327, #3446 ) ) ;
#2383 = CARTESIAN_POINT ( 'NONE',  ( 37.99999881061339124, -6.285393118987014915, -0.7499999947857590721 ) ) ;
#2384 = ORIENTED_EDGE ( 'NONE', *, *, #920, .T. ) ;
#2385 = DIRECTION ( 'NONE',  ( 0.8660253689561736579, -0.5000000603243197617, 0.000000000000000000 ) ) ;
#2386 = EDGE_CURVE ( 'NONE', #1144, #1754, #2739, .T. ) ;
#2387 = CARTESIAN_POINT ( 'NONE',  ( -18.74999961789114522, 15.99999995320000679, -0.7499999985999999952 ) ) ;
#2388 = APPLICATION_CONTEXT ( 'configuration controlled 3d designs of mechanical parts and assemblies' ) ;
#2389 = DIRECTION ( 'NONE',  ( 1.000000000000000000, 0.000000000000000000, 0.000000000000000000 ) ) ;
#2390 = ORIENTED_EDGE ( 'NONE', *, *, #958, .F. ) ;
#2391 = VECTOR ( 'NONE', #3403, 1000.000000000000114 ) ;
#2392 = CARTESIAN_POINT ( 'NONE',  ( -23.99999922709114486, -13.00000112720001511, 0.2499999995333333780 ) ) ;
#2393 = B_SPLINE_CURVE_WITH_KNOTS ( 'NONE', 3,
 ( #3810, #601, #3510, #2780 ),
 .UNSPECIFIED., .F., .F.,
 ( 4, 4 ),
 ( 0.000000000000000000, 1.000000000000000000 ),
 .UNSPECIFIED. ) ;
#2394 = CARTESIAN_POINT ( 'NONE',  ( 37.99999881990887474, 5.523595226600011010, 0.7499999985999999952 ) ) ;
#2395 = VECTOR ( 'NONE', #2681, 1000.000000000000000 ) ;
#2396 = ORIENTED_EDGE ( 'NONE', *, *, #3780, .F. ) ;
#2397 = CARTESIAN_POINT ( 'NONE',  ( -9.999999985842565664, -3.589807209760354834, 0.7499999986000001062 ) ) ;
#2398 = AXIS2_PLACEMENT_3D ( 'NONE', #542, #1982, #189 ) ;
#2399 =( GEOMETRIC_REPRESENTATION_CONTEXT ( 3 ) GLOBAL_UNCERTAINTY_ASSIGNED_CONTEXT ( ( #4494 ) ) GLOBAL_UNIT_ASSIGNED_CONTEXT ( ( #3074, #4531, #2010 ) ) REPRESENTATION_CONTEXT ( 'NONE', 'WORKASPACE' ) );
#2400 = EDGE_CURVE ( 'NONE', #600, #1603, #450, .T. ) ;
#2401 = FACE_BOUND ( 'NONE', #988, .T. ) ;
#2402 = AXIS2_PLACEMENT_3D ( 'NONE', #2849, #2874, #3939 ) ;
#2403 = CARTESIAN_POINT ( 'NONE',  ( -4.999999986825653941, -23.99999988890000324, -0.7499999976333540097 ) ) ;
#2404 = B_SPLINE_CURVE_WITH_KNOTS ( 'NONE', 3,
 ( #3982, #4323, #391, #3556 ),
 .UNSPECIFIED., .F., .F.,
 ( 4, 4 ),
 ( 0.000000000000000000, 0.2746709109594662745 ),
 .UNSPECIFIED. ) ;
#2405 = CARTESIAN_POINT ( 'NONE',  ( 23.65697733599736452, -9.202558192881015842, -0.7499999936604241357 ) ) ;
#2406 = PLANE ( 'NONE',  #1700 ) ;
#2407 = EDGE_CURVE ( 'NONE', #1782, #4298, #993, .T. ) ;
#2408 = CARTESIAN_POINT ( 'NONE',  ( 21.68298478833336063, 12.02163833066799370, -0.7499999952006333181 ) ) ;
#2409 = ORIENTED_EDGE ( 'NONE', *, *, #4196, .T. ) ;
#2410 = DIRECTION ( 'NONE',  ( 0.000000000000000000, 0.000000000000000000, 1.000000000000000000 ) ) ;
#2411 = ORIENTED_EDGE ( 'NONE', *, *, #4269, .T. ) ;
#2412 = DIRECTION ( 'NONE',  ( 0.000000000000000000, 0.000000000000000000, 1.000000000000000000 ) ) ;
#2413 = CYLINDRICAL_SURFACE ( 'NONE', #1538, 1.500000004826016031 ) ;
#2414 = EDGE_CURVE ( 'NONE', #3050, #3114, #1686, .T. ) ;
#2415 = FACE_OUTER_BOUND ( 'NONE', #1531, .T. ) ;
#2416 = ORIENTED_EDGE ( 'NONE', *, *, #2580, .F. ) ;
#2417 = CARTESIAN_POINT ( 'NONE',  ( -6.249999979891146751, -29.00000001360000823, 0.4499999986000000618 ) ) ;
#2418 = LINE ( 'NONE', #3546, #558 ) ;
#2419 = ORIENTED_EDGE ( 'NONE', *, *, #2520, .T. ) ;
#2420 = DIRECTION ( 'NONE',  ( 1.000000000000000000, 0.000000000000000000, 0.000000000000000000 ) ) ;
#2421 = CARTESIAN_POINT ( 'NONE',  ( 37.99999881990883921, -3.999998832599993559, 0.4499999986000000618 ) ) ;
#2422 = CARTESIAN_POINT ( 'NONE',  ( -9.334936304585927047, 21.16858394533158005, 0.4499999986000000618 ) ) ;
#2423 = AXIS2_PLACEMENT_3D ( 'NONE', #2679, #4115, #174 ) ;
#2424 = CARTESIAN_POINT ( 'NONE',  ( -15.53589923927614613, -34.90896528546699784, -0.7499999985999999952 ) ) ;
#2425 = DIRECTION ( 'NONE',  ( -1.000000000000000000, 0.000000000000000000, 0.000000000000000000 ) ) ;
#2426 = AXIS2_PLACEMENT_3D ( 'NONE', #860, #794, #4400 ) ;
#2427 = EDGE_CURVE ( 'NONE', #4111, #3344, #3146, .T. ) ;
#2428 = CYLINDRICAL_SURFACE ( 'NONE', #2061, 2.249999995800000541 ) ;
#2429 = AXIS2_PLACEMENT_3D ( 'NONE', #918, #2978, #4460 ) ;
#2430 = VERTEX_POINT ( 'NONE', #2417 ) ;
#2431 = LINE ( 'NONE', #3863, #1432 ) ;
#2432 = ORIENTED_EDGE ( 'NONE', *, *, #2204, .T. ) ;
#2433 = CARTESIAN_POINT ( 'NONE',  ( 17.68778267270187854, -20.56099660264151652, -0.7499999956280483104 ) ) ;
#2434 = DIRECTION ( 'NONE',  ( 0.000000000000000000, 0.000000000000000000, 1.000000000000000000 ) ) ;
#2435 = CYLINDRICAL_SURFACE ( 'NONE', #3369, 1.500000014351892563 ) ;
#2436 = ORIENTED_EDGE ( 'NONE', *, *, #920, .F. ) ;
#2437 = FACE_OUTER_BOUND ( 'NONE', #4391, .T. ) ;
#2438 = ADVANCED_FACE ( 'NONE', ( #2437 ), #3500, .F. ) ;
#2439 = PERSON_AND_ORGANIZATION_ROLE ( 'creator' ) ;
#2440 = CARTESIAN_POINT ( 'NONE',  ( 3.999999382357344313, -1.150000318960370249, -0.7499999985999999952 ) ) ;
#2441 = ORIENTED_EDGE ( 'NONE', *, *, #2777, .F. ) ;
#2442 = EDGE_CURVE ( 'NONE', #2012, #4545, #556, .T. ) ;
#2443 = DIRECTION ( 'NONE',  ( -0.8660253669729565118, 0.5000000637593520203, 0.000000000000000000 ) ) ;
#2444 = CARTESIAN_POINT ( 'NONE',  ( 21.68298479410885093, -12.02163597700001141, -0.2499999995333333780 ) ) ;
#2445 = EDGE_CURVE ( 'NONE', #2507, #2239, #3375, .T. ) ;
#2446 = VERTEX_POINT ( 'NONE', #4289 ) ;
#2447 = CYLINDRICAL_SURFACE ( 'NONE', #9, 1.499999997199990220 ) ;
#2448 = CARTESIAN_POINT ( 'NONE',  ( 23.47600221390884911, 8.176500030000005026, 0.2499999995333333780 ) ) ;
#2449 = LINE ( 'NONE', #3583, #4226 ) ;
#2450 = VERTEX_POINT ( 'NONE', #616 ) ;
#2451 = CARTESIAN_POINT ( 'NONE',  ( 31.84999999470883125, -1.150000011399976430, 0.4499999986000000618 ) ) ;
#2452 = VERTEX_POINT ( 'NONE', #312 ) ;
#2453 = CARTESIAN_POINT ( 'NONE',  ( -25.15470048808110803, -29.35554691472808031, -0.7499999985999999952 ) ) ;
#2454 = LINE ( 'NONE', #2742, #1998 ) ;
#2455 = CARTESIAN_POINT ( 'NONE',  ( 20.65692436210886385, -9.202558125200017258, 9.757819552369539906E-16 ) ) ;
#2456 = VERTEX_POINT ( 'NONE', #3189 ) ;
#2457 = CARTESIAN_POINT ( 'NONE',  ( -15.71410143745458043, 19.21762206651062144, 0.4499999986000000618 ) ) ;
#2458 = B_SPLINE_CURVE_WITH_KNOTS ( 'NONE', 3,
 ( #2619, #4079, #2295, #3730 ),
 .UNSPECIFIED., .F., .F.,
 ( 4, 4 ),
 ( 0.000000000000000000, 0.7499999974166666750 ),
 .UNSPECIFIED. ) ;
#2459 = DATE_AND_TIME ( #313, #1959 ) ;
#2460 = EDGE_LOOP ( 'NONE', ( #3868, #1227, #1459, #1194 ) ) ;
#2461 = EDGE_CURVE ( 'NONE', #4610, #2890, #1793, .T. ) ;
#2462 = DIRECTION ( 'NONE',  ( 1.000000000000000000, 0.000000000000000000, 0.000000000000000000 ) ) ;
#2463 = ORIENTED_EDGE ( 'NONE', *, *, #650, .F. ) ;
#2464 = CARTESIAN_POINT ( 'NONE',  ( -29.99999924647431371, 23.13085234495795106, -0.7499999986000001062 ) ) ;
#2465 = VECTOR ( 'NONE', #715, 1000.000000000000000 ) ;
#2466 = CARTESIAN_POINT ( 'NONE',  ( -17.07499999609113317, 29.57476752040000179, 0.4499999986000000618 ) ) ;
#2467 = EDGE_CURVE ( 'NONE', #3631, #2452, #3165, .T. ) ;
#2468 = CARTESIAN_POINT ( 'NONE',  ( -2.335846419072268088, 34.58685779381751502, -0.7499999986000001062 ) ) ;
#2469 = VECTOR ( 'NONE', #3720, 1000.000000000000114 ) ;
#2470 = ORIENTED_EDGE ( 'NONE', *, *, #2186, .T. ) ;
#2471 = B_SPLINE_CURVE_WITH_KNOTS ( 'NONE', 3,
 ( #2767, #1389, #3519, #2743 ),
 .UNSPECIFIED., .F., .F.,
 ( 4, 4 ),
 ( 0.000000000000000000, 1.000000000000000000 ),
 .UNSPECIFIED. ) ;
#2472 = FACE_OUTER_BOUND ( 'NONE', #1168, .T. ) ;
#2473 = CARTESIAN_POINT ( 'NONE',  ( 36.11947527590891127, -11.05938029419999857, 0.2499999995333333780 ) ) ;
#2474 = AXIS2_PLACEMENT_3D ( 'NONE', #2068, #1386, #4173 ) ;
#2475 = AXIS2_PLACEMENT_3D ( 'NONE', #3874, #3790, #3483 ) ;
#2476 = DIRECTION ( 'NONE',  ( 1.000000000000000000, 0.000000000000000000, 0.000000000000000000 ) ) ;
#2477 = ORIENTED_EDGE ( 'NONE', *, *, #4035, .F. ) ;
#2478 = CARTESIAN_POINT ( 'NONE',  ( -25.15470005295063416, 29.35554720378083360, 0.7499999985999999952 ) ) ;
#2479 = EDGE_LOOP ( 'NONE', ( #2463, #2745, #3839, #2497 ) ) ;
#2480 = CARTESIAN_POINT ( 'NONE',  ( 3.305267980908854764, 36.81616103860000067, 9.757819552369539906E-16 ) ) ;
#2481 = DIRECTION ( 'NONE',  ( 0.000000000000000000, 0.000000000000000000, 1.000000000000000000 ) ) ;
#2482 = CARTESIAN_POINT ( 'NONE',  ( 24.49999881970884985, -3.999998821393985438, 0.4499999986000000618 ) ) ;
#2483 = ORIENTED_EDGE ( 'NONE', *, *, #569, .T. ) ;
#2484 = CARTESIAN_POINT ( 'NONE',  ( -1.890884441091127188, 33.81616101879999547, -0.2499999995333333780 ) ) ;
#2485 = ORIENTED_EDGE ( 'NONE', *, *, #1550, .F. ) ;
#2486 = B_SPLINE_CURVE_WITH_KNOTS ( 'NONE', 3,
 ( #464, #2987, #882, #2945 ),
 .UNSPECIFIED., .F., .F.,
 ( 4, 4 ),
 ( 0.000000000000000000, 1.000000000000000000 ),
 .UNSPECIFIED. ) ;
#2487 = DIRECTION ( 'NONE',  ( 1.000000000000000000, 0.000000000000000000, 0.000000000000000000 ) ) ;
#2488 = ORIENTED_EDGE ( 'NONE', *, *, #4478, .F. ) ;
#2489 = CARTESIAN_POINT ( 'NONE',  ( 8.071810639151951960, -22.99935921054311905, 0.7499999985999999952 ) ) ;
#2490 = CARTESIAN_POINT ( 'NONE',  ( -6.499999987891136755, 8.999999983200002163, 0.4499999986000000618 ) ) ;
#2491 = EDGE_LOOP ( 'NONE', ( #1181, #4224 ) ) ;
#2492 = CARTESIAN_POINT ( 'NONE',  ( 0.5813249349103655206, 31.47012191570949824, -0.7500000012986886011 ) ) ;
#2493 = DIRECTION ( 'NONE',  ( 0.000000000000000000, 0.000000000000000000, 1.000000000000000000 ) ) ;
#2494 = AXIS2_PLACEMENT_3D ( 'NONE', #3928, #3195, #1074 ) ;
#2495 = CARTESIAN_POINT ( 'NONE',  ( 23.27891820071936735, 10.66878917476605082, -0.7499999986000002172 ) ) ;
#2496 = ORIENTED_EDGE ( 'NONE', *, *, #3153, .F. ) ;
#2497 = ORIENTED_EDGE ( 'NONE', *, *, #4600, .F. ) ;
#2498 = CARTESIAN_POINT ( 'NONE',  ( -13.49999998640763543, 12.99999995879999659, 0.7500000026999951164 ) ) ;
#2499 = CARTESIAN_POINT ( 'NONE',  ( 10.75878883208544323, -36.79932579714331098, -0.7499999986000001062 ) ) ;
#2500 = CIRCLE ( 'NONE', #938, 1.150000316200026296 ) ;
#2501 = CARTESIAN_POINT ( 'NONE',  ( 5.000000126108849585, -3.999999950200006094, 0.000000000000000000 ) ) ;
#2502 = VERTEX_POINT ( 'NONE', #1416 ) ;
#2503 = DIRECTION ( 'NONE',  ( 1.000000000000000000, 0.000000000000000000, 0.000000000000000000 ) ) ;
#2504 = VECTOR ( 'NONE', #1128, 999.9999999999997726 ) ;
#2505 = DATE_AND_TIME ( #3190, #81 ) ;
#2506 = EDGE_CURVE ( 'NONE', #3382, #4015, #2924, .T. ) ;
#2507 = VERTEX_POINT ( 'NONE', #2457 ) ;
#2508 = EDGE_CURVE ( 'NONE', #3622, #2948, #838, .T. ) ;
#2509 = CARTESIAN_POINT ( 'NONE',  ( 31.84999999470883125, 1.150000011399976430, -0.7550132910086272409 ) ) ;
#2510 = FACE_OUTER_BOUND ( 'NONE', #2522, .T. ) ;
#2511 = VERTEX_POINT ( 'NONE', #687 ) ;
#2512 = CARTESIAN_POINT ( 'NONE',  ( 1.750000022108871844, -29.00000001360000823, 0.7499999985999999952 ) ) ;
#2513 = B_SPLINE_CURVE_WITH_KNOTS ( 'NONE', 3,
 ( #4137, #2392, #3383, #1258 ),
 .UNSPECIFIED., .F., .F.,
 ( 4, 4 ),
 ( 0.000000000000000000, 1.000000000000000000 ),
 .UNSPECIFIED. ) ;
#2514 = CARTESIAN_POINT ( 'NONE',  ( 20.87345546071986391, 1.026061600114980266, -0.7499999997293944620 ) ) ;
#2515 = DIRECTION ( 'NONE',  ( 0.000000000000000000, 0.000000000000000000, 1.000000000000000000 ) ) ;
#2516 = VERTEX_POINT ( 'NONE', #332 ) ;
#2517 = CARTESIAN_POINT ( 'NONE',  ( -13.49999998329112749, -4.333334104776646711, -0.7499999985999999952 ) ) ;
#2518 = DIRECTION ( 'NONE',  ( -1.000000000000000000, 0.000000000000000000, 0.000000000000000000 ) ) ;
#2519 = CARTESIAN_POINT ( 'NONE',  ( 23.64511454023103809, 9.510747278766270796, -0.7499999985999999952 ) ) ;
#2520 = EDGE_CURVE ( 'NONE', #939, #4290, #333, .T. ) ;
#2521 = ORIENTED_EDGE ( 'NONE', *, *, #873, .F. ) ;
#2522 = EDGE_LOOP ( 'NONE', ( #3471, #2677, #896, #66 ) ) ;
#2523 = CYLINDRICAL_SURFACE ( 'NONE', #3149, 1.499999997200020641 ) ;
#2524 = DIRECTION ( 'NONE',  ( 0.000000000000000000, 0.000000000000000000, 1.000000000000000000 ) ) ;
#2525 = EDGE_CURVE ( 'NONE', #424, #1339, #4643, .T. ) ;
#2526 = CARTESIAN_POINT ( 'NONE',  ( 30.77061681207737820, 16.08790902910350695, -0.7499999979219882373 ) ) ;
#2527 = EDGE_LOOP ( 'NONE', ( #1509, #2831, #3743, #2065 ) ) ;
#2528 = CARTESIAN_POINT ( 'NONE',  ( -16.07907051729112879, 30.14976769119997968, 0.4499999986000000618 ) ) ;
#2529 = ORIENTED_EDGE ( 'NONE', *, *, #4081, .T. ) ;
#2530 = CARTESIAN_POINT ( 'NONE',  ( -20.99999923480563879, -16.00000112238050676, -0.7499999982814162802 ) ) ;
#2531 = DIRECTION ( 'NONE',  ( 0.7313537059284688224, -0.6819983554413419080, 0.000000000000000000 ) ) ;
#2532 = ORIENTED_EDGE ( 'NONE', *, *, #2461, .T. ) ;
#2533 = LINE ( 'NONE', #3646, #2700 ) ;
#2534 = DIRECTION ( 'NONE',  ( -0.5000000603243196506, -0.8660253689561735468, 0.000000000000000000 ) ) ;
#2535 = B_SPLINE_CURVE_WITH_KNOTS ( 'NONE', 3,
 ( #1851, #3650, #2913, #3269 ),
 .UNSPECIFIED., .F., .F.,
 ( 4, 4 ),
 ( 0.000000000000000000, 1.000000000000000000 ),
 .UNSPECIFIED. ) ;
#2536 = CYLINDRICAL_SURFACE ( 'NONE', #4154, 8.000000002000039245 ) ;
#2537 = ADVANCED_FACE ( 'NONE', ( #3567 ), #2832, .T. ) ;
#2538 = VERTEX_POINT ( 'NONE', #3664 ) ;
#2539 = DIRECTION ( 'NONE',  ( -1.000000000000000000, 0.000000000000000000, 0.000000000000000000 ) ) ;
#2540 = AXIS2_PLACEMENT_3D ( 'NONE', #1861, #4640, #751 ) ;
#2541 = CARTESIAN_POINT ( 'NONE',  ( -1.245463017546870610, 32.86297941337485184, 0.7499999985999998842 ) ) ;
#2542 = DIRECTION ( 'NONE',  ( 1.000000000000000000, 0.000000000000000000, 0.000000000000000000 ) ) ;
#2543 = ORIENTED_EDGE ( 'NONE', *, *, #4075, .T. ) ;
#2544 = EDGE_LOOP ( 'NONE', ( #435, #440, #4358, #985 ) ) ;
#2545 = DIRECTION ( 'NONE',  ( -1.000000000000000000, 0.000000000000000000, 0.000000000000000000 ) ) ;
#2546 = AXIS2_PLACEMENT_3D ( 'NONE', #2699, #970, #501 ) ;
#2547 = CARTESIAN_POINT ( 'NONE',  ( 23.69253332770884768, 1.168400015627568678E-06, 9.757819552369539906E-16 ) ) ;
#2548 = AXIS2_PLACEMENT_3D ( 'NONE', #2290, #1948, #2664 ) ;
#2549 = AXIS2_PLACEMENT_3D ( 'NONE', #4585, #1025, #1730 ) ;
#2550 = DIRECTION ( 'NONE',  ( 0.000000000000000000, 0.000000000000000000, 1.000000000000000000 ) ) ;
#2551 = ORIENTED_EDGE ( 'NONE', *, *, #321, .T. ) ;
#2552 = CARTESIAN_POINT ( 'NONE',  ( 20.87345545989987983, -1.026059260460510103, -0.7499999973092634775 ) ) ;
#2553 = EDGE_CURVE ( 'NONE', #2178, #4194, #3859, .T. ) ;
#2554 = ORIENTED_EDGE ( 'NONE', *, *, #524, .T. ) ;
#2555 = CARTESIAN_POINT ( 'NONE',  ( -23.61960454061204828, -14.51528267034936981, -0.7499999985999999952 ) ) ;
#2556 = CARTESIAN_POINT ( 'NONE',  ( -1.931095902712527179, 33.88580932078582464, -0.7499999985999999952 ) ) ;
#2557 = VERTEX_POINT ( 'NONE', #3260 ) ;
#2558 = CARTESIAN_POINT ( 'NONE',  ( 34.15000001750878766, 1.149999986000016516, 0.1500000027333333319 ) ) ;
#2559 = ADVANCED_FACE ( 'NONE', ( #1817, #1885, #72 ), #4034, .T. ) ;
#2560 = B_SPLINE_CURVE_WITH_KNOTS ( 'NONE', 3,
 ( #4483, #2694, #893, #2998 ),
 .UNSPECIFIED., .F., .F.,
 ( 4, 4 ),
 ( 0.000000000000000000, 0.1818020294298732797 ),
 .UNSPECIFIED. ) ;
#2561 = DIRECTION ( 'NONE',  ( 0.000000000000000000, 0.000000000000000000, -1.000000000000000000 ) ) ;
#2562 = CARTESIAN_POINT ( 'NONE',  ( 33.00000000610880591, 1.149999986000016516, -0.4499999890000000446 ) ) ;
#2563 = ORIENTED_EDGE ( 'NONE', *, *, #4041, .T. ) ;
#2564 = CARTESIAN_POINT ( 'NONE',  ( -29.36760976539109791, -25.48763538505599513, 0.7499999891559802068 ) ) ;
#2565 = CARTESIAN_POINT ( 'NONE',  ( -1.666666628081098223, -23.99999987899998288, -0.7499999985999999952 ) ) ;
#2566 = CARTESIAN_POINT ( 'NONE',  ( -16.92092946426254585, 27.00790895035465411, 0.4499999986000000618 ) ) ;
#2567 = EDGE_CURVE ( 'NONE', #1754, #725, #3186, .T. ) ;
#2568 = ORIENTED_EDGE ( 'NONE', *, *, #4175, .F. ) ;
#2569 = ORIENTED_EDGE ( 'NONE', *, *, #3489, .F. ) ;
#2570 = CARTESIAN_POINT ( 'NONE',  ( -8.306423681440161744, -38.00000113025497939, 0.7499999973493221006 ) ) ;
#2571 = CARTESIAN_POINT ( 'NONE',  ( 11.87195270873046304, -35.68595782057930421, -0.7499999986000002172 ) ) ;
#2572 = EDGE_CURVE ( 'NONE', #1621, #3855, #1301, .T. ) ;
#2573 = ORIENTED_EDGE ( 'NONE', *, *, #386, .T. ) ;
#2574 = CARTESIAN_POINT ( 'NONE',  ( -9.999999994541152404, -3.999999950200006094, -0.7499999976333775464 ) ) ;
#2575 = VECTOR ( 'NONE', #2940, 1000.000000000000000 ) ;
#2576 = ORIENTED_EDGE ( 'NONE', *, *, #585, .F. ) ;
#2577 = CARTESIAN_POINT ( 'NONE',  ( 32.35468951003886673, 15.09661864638809980, 0.7499999993660599884 ) ) ;
#2578 = EDGE_CURVE ( 'NONE', #2736, #1989, #4274, .T. ) ;
#2579 = CARTESIAN_POINT ( 'NONE',  ( -17.07499999609113317, 29.57476752040000179, -0.7499999985999999952 ) ) ;
#2580 = EDGE_CURVE ( 'NONE', #4238, #561, #392, .T. ) ;
#2581 = DIRECTION ( 'NONE',  ( -0.5000000584483406119, -0.8660253700392708254, 0.000000000000000000 ) ) ;
#2582 = ORIENTED_EDGE ( 'NONE', *, *, #3876, .T. ) ;
#2583 = AXIS2_PLACEMENT_3D ( 'NONE', #1740, #3885, #1033 ) ;
#2584 = CARTESIAN_POINT ( 'NONE',  ( -22.51540116161295657, 15.61939760529018528, 0.7499999986000002172 ) ) ;
#2585 = LINE ( 'NONE', #1944, #2469 ) ;
#2586 = CARTESIAN_POINT ( 'NONE',  ( 20.87345545989987983, -1.026059260460510103, -0.7499999973092634775 ) ) ;
#2587 = CARTESIAN_POINT ( 'NONE',  ( 22.23981188404887632, 11.76999652809769792, 0.7499999986000001062 ) ) ;
#2588 = EDGE_CURVE ( 'NONE', #1839, #2265, #1742, .T. ) ;
#2589 = ORIENTED_EDGE ( 'NONE', *, *, #3262, .F. ) ;
#2590 = EDGE_LOOP ( 'NONE', ( #4596, #1261, #1036, #336, #861, #3283, #1088, #4401 ) ) ;
#2591 = FACE_OUTER_BOUND ( 'NONE', #1858, .T. ) ;
#2592 = ADVANCED_FACE ( 'NONE', ( #2880 ), #3943, .F. ) ;
#2593 = PLANE ( 'NONE',  #4083 ) ;
#2594 = ORIENTED_EDGE ( 'NONE', *, *, #4269, .F. ) ;
#2595 = CARTESIAN_POINT ( 'NONE',  ( 32.98952240239333378, 14.41584370866250175, 0.7499999988553519570 ) ) ;
#2596 = CARTESIAN_POINT ( 'NONE',  ( -15.92499998469115674, 27.58290912159999664, 0.1500000047999999753 ) ) ;
#2597 = ADVANCED_FACE ( 'NONE', ( #3592 ), #4311, .F. ) ;
#2598 = ORIENTED_EDGE ( 'NONE', *, *, #4276, .T. ) ;
#2599 = FACE_OUTER_BOUND ( 'NONE', #1890, .T. ) ;
#2600 = ORIENTED_EDGE ( 'NONE', *, *, #585, .T. ) ;
#2601 = CARTESIAN_POINT ( 'NONE',  ( 22.60848662558127131, -5.793018215217033529, -0.7499999985999999952 ) ) ;
#2602 = EDGE_CURVE ( 'NONE', #2502, #1547, #1681, .T. ) ;
#2603 = DIRECTION ( 'NONE',  ( -0.000000000000000000, -0.000000000000000000, -1.000000000000000000 ) ) ;
#2604 = CARTESIAN_POINT ( 'NONE',  ( 34.59261405480889806, -12.69673851299998901, -0.7499999985999999952 ) ) ;
#2605 = ORIENTED_EDGE ( 'NONE', *, *, #3907, .T. ) ;
#2606 = CARTESIAN_POINT ( 'NONE',  ( -22.99999937289115692, 22.51666060540000203, 0.000000000000000000 ) ) ;
#2607 = ADVANCED_FACE ( 'NONE', ( #2932 ), #4016, .F. ) ;
#2608 = CARTESIAN_POINT ( 'NONE',  ( 23.47600221470835891, 8.176500033679007018, 0.7499999961340101384 ) ) ;
#2609 = CARTESIAN_POINT ( 'NONE',  ( -10.08493630289114584, 22.46762206999999734, 0.4499999986000000618 ) ) ;
#2610 = CARTESIAN_POINT ( 'NONE',  ( 23.56438785743673137, 9.959864546906883831, 0.7499999985999999952 ) ) ;
#2611 = EDGE_LOOP ( 'NONE', ( #4143, #695, #3505, #3851 ) ) ;
#2612 = ORIENTED_EDGE ( 'NONE', *, *, #3200, .F. ) ;
#2613 = DIRECTION ( 'NONE',  ( -0.000000000000000000, -0.000000000000000000, -1.000000000000000000 ) ) ;
#2614 = ADVANCED_FACE ( 'NONE', ( #1302 ), #2362, .F. ) ;
#2615 = DIRECTION ( 'NONE',  ( -0.000000000000000000, 0.000000000000000000, -1.000000000000000000 ) ) ;
#2616 = AXIS2_PLACEMENT_3D ( 'NONE', #3815, #608, #678 ) ;
#2617 = VERTEX_POINT ( 'NONE', #1676 ) ;
#2618 = CARTESIAN_POINT ( 'NONE',  ( -26.49999963966365257, -28.57883796959950828, -0.7499999945186460737 ) ) ;
#2619 = CARTESIAN_POINT ( 'NONE',  ( -16.92092901612970834, -27.00790913758441292, -0.4499999890000000446 ) ) ;
#2620 = VECTOR ( 'NONE', #2410, 1000.000000000000000 ) ;
#2621 = APPROVAL ( #357, 'UNSPECIFIED' ) ;
#2622 = B_SPLINE_CURVE_WITH_KNOTS ( 'NONE', 3,
 ( #2337, #3773, #2972, #4102 ),
 .UNSPECIFIED., .F., .F.,
 ( 4, 4 ),
 ( 0.000000000000000000, 1.000000000000000000 ),
 .UNSPECIFIED. ) ;
#2623 = ORIENTED_EDGE ( 'NONE', *, *, #917, .F. ) ;
#2624 = FACE_OUTER_BOUND ( 'NONE', #1467, .T. ) ;
#2625 = ORIENTED_EDGE ( 'NONE', *, *, #1575, .F. ) ;
#2626 = DIRECTION ( 'NONE',  ( -0.000000000000000000, 0.000000000000000000, -1.000000000000000000 ) ) ;
#2627 = LOCAL_TIME ( 12, 52, 34.00000000000000000, #334 ) ;
#2628 = CARTESIAN_POINT ( 'NONE',  ( 17.68778267963136486, -20.56099660103078364, -0.2499999953732033320 ) ) ;
#2629 = AXIS2_PLACEMENT_3D ( 'NONE', #4562, #1403, #1356 ) ;
#2630 = CARTESIAN_POINT ( 'NONE',  ( 4.999999999108855953, 8.999999983200002163, 0.4499999986000000618 ) ) ;
#2631 = FACE_OUTER_BOUND ( 'NONE', #3240, .T. ) ;
#2632 = ORIENTED_EDGE ( 'NONE', *, *, #417, .T. ) ;
#2633 = CARTESIAN_POINT ( 'NONE',  ( -23.61939688880807253, -14.51540305744390125, 0.7499999986000001062 ) ) ;
#2634 = CARTESIAN_POINT ( 'NONE',  ( 23.65747900025574424, 8.851333411844917620, 0.7499999985999999952 ) ) ;
#2635 = CARTESIAN_POINT ( 'NONE',  ( 34.03283988437551955, 13.29702266506666497, 0.7499999985999999952 ) ) ;
#2636 = DIRECTION ( 'NONE',  ( 0.000000000000000000, 0.000000000000000000, 1.000000000000000000 ) ) ;
#2637 = ORIENTED_EDGE ( 'NONE', *, *, #1612, .T. ) ;
#2638 = VERTEX_POINT ( 'NONE', #2648 ) ;
#2639 = CARTESIAN_POINT ( 'NONE',  ( -14.45855333250598029, -27.34294881172447234, -0.7499999985999999952 ) ) ;
#2640 = FACE_BOUND ( 'NONE', #2111, .T. ) ;
#2641 = B_SPLINE_CURVE_WITH_KNOTS ( 'NONE', 3,
 ( #2165, #29, #1096, #1489 ),
 .UNSPECIFIED., .F., .F.,
 ( 4, 4 ),
 ( 0.000000000000000000, 1.000000000000000000 ),
 .UNSPECIFIED. ) ;
#2642 = VERTEX_POINT ( 'NONE', #4107 ) ;
#2643 = PLANE ( 'NONE',  #2928 ) ;
#2644 = FACE_OUTER_BOUND ( 'NONE', #4271, .T. ) ;
#2645 = VERTEX_POINT ( 'NONE', #564 ) ;
#2646 = CARTESIAN_POINT ( 'NONE',  ( -7.026119291283977830, 37.81962570149398317, 0.7499999944232000892 ) ) ;
#2647 = ORIENTED_EDGE ( 'NONE', *, *, #3210, .T. ) ;
#2648 = CARTESIAN_POINT ( 'NONE',  ( 13.50000012534788318, -10.71555481374200625, 0.7499999961666700132 ) ) ;
#2649 = CARTESIAN_POINT ( 'NONE',  ( 24.49999881970884985, -2.499998835400002228, 0.4499999986000000618 ) ) ;
#2650 = CIRCLE ( 'NONE', #705, 1.500000014351892563 ) ;
#2651 = CARTESIAN_POINT ( 'NONE',  ( 24.49999881205985730, 4.000001177002998176, 0.4499999986000000618 ) ) ;
#2652 = DIRECTION ( 'NONE',  ( 0.000000000000000000, 0.000000000000000000, -1.000000000000000000 ) ) ;
#2653 = B_SPLINE_CURVE_WITH_KNOTS ( 'NONE', 3,
 ( #2408, #3468, #3836, #1336 ),
 .UNSPECIFIED., .F., .F.,
 ( 4, 4 ),
 ( 0.000000000000000000, 1.000000000000000000 ),
 .UNSPECIFIED. ) ;
#2654 = EDGE_CURVE ( 'NONE', #600, #1882, #889, .T. ) ;
#2655 = VECTOR ( 'NONE', #1546, 1000.000000000000114 ) ;
#2656 = FACE_BOUND ( 'NONE', #1020, .T. ) ;
#2657 = ADVANCED_FACE ( 'NONE', ( #4062 ), #234, .T. ) ;
#2658 = AXIS2_PLACEMENT_3D ( 'NONE', #3774, #4103, #2272 ) ;
#2659 = CARTESIAN_POINT ( 'NONE',  ( 8.071708621963402663, -22.99925717078038900, -0.7499999986000001062 ) ) ;
#2660 = ORIENTED_EDGE ( 'NONE', *, *, #1836, .F. ) ;
#2661 = CARTESIAN_POINT ( 'NONE',  ( 32.35282119789335553, 15.09862217034798526, -0.7499999985999999952 ) ) ;
#2662 = ORIENTED_EDGE ( 'NONE', *, *, #576, .T. ) ;
#2663 = VECTOR ( 'NONE', #4233, 1000.000000000000000 ) ;
#2664 = DIRECTION ( 'NONE',  ( 1.000000000000000000, 0.000000000000000000, 0.000000000000000000 ) ) ;
#2665 = CARTESIAN_POINT ( 'NONE',  ( -4.999999990724646182, -23.99999988840001564, 0.7499999985708261097 ) ) ;
#2666 = VERTEX_POINT ( 'NONE', #2342 ) ;
#2667 = CARTESIAN_POINT ( 'NONE',  ( 28.87821675953983203, -16.70329067554948566, 0.7499999978549199975 ) ) ;
#2668 = CARTESIAN_POINT ( 'NONE',  ( 37.99999881215187969, 6.285392255026501118, -0.7499999956750285079 ) ) ;
#2669 = EDGE_CURVE ( 'NONE', #71, #1053, #502, .T. ) ;
#2670 = EDGE_CURVE ( 'NONE', #581, #4346, #3710, .T. ) ;
#2671 = ORIENTED_EDGE ( 'NONE', *, *, #2461, .F. ) ;
#2672 = CARTESIAN_POINT ( 'NONE',  ( -8.306424949854646300, 37.99999994530750769, 0.7500000012817760187 ) ) ;
#2673 = VERTEX_POINT ( 'NONE', #166 ) ;
#2674 = CARTESIAN_POINT ( 'NONE',  ( -9.524875163843733006, -37.92040145363507264, -0.7499999986000001062 ) ) ;
#2675 = CARTESIAN_POINT ( 'NONE',  ( -11.80642440169117080, 37.06217792020001411, 0.2499999995333333780 ) ) ;
#2676 = CARTESIAN_POINT ( 'NONE',  ( -9.999999998291153602, -3.999999950200029630, 0.2499999995333333780 ) ) ;
#2677 = ORIENTED_EDGE ( 'NONE', *, *, #4139, .F. ) ;
#2678 = LINE ( 'NONE', #2326, #4050 ) ;
#2679 = CARTESIAN_POINT ( 'NONE',  ( -15.92499998469115674, 27.58290912159999664, -0.7499999985999999952 ) ) ;
#2680 = ORIENTED_EDGE ( 'NONE', *, *, #788, .F. ) ;
#2681 = DIRECTION ( 'NONE',  ( 0.000000000000000000, 0.000000000000000000, 1.000000000000000000 ) ) ;
#2682 = VERTEX_POINT ( 'NONE', #2023 ) ;
#2683 = DIRECTION ( 'NONE',  ( 0.000000000000000000, 0.000000000000000000, -1.000000000000000000 ) ) ;
#2684 = CARTESIAN_POINT ( 'NONE',  ( 23.47600221421736322, -8.176497693117484644, 0.7499999962881899185 ) ) ;
#2685 = EDGE_CURVE ( 'NONE', #2325, #4407, #2560, .T. ) ;
#2686 = ORIENTED_EDGE ( 'NONE', *, *, #4424, .T. ) ;
#2687 = CARTESIAN_POINT ( 'NONE',  ( -23.99999922709108091, -4.333334098533312861, -0.7499999985999999952 ) ) ;
#2688 = CARTESIAN_POINT ( 'NONE',  ( 37.99999881990883921, 5.523595226599997687, -0.7499999985999999952 ) ) ;
#2689 = B_SPLINE_CURVE_WITH_KNOTS ( 'NONE', 3,
 ( #218, #2726, #2373, #668 ),
 .UNSPECIFIED., .F., .F.,
 ( 4, 4 ),
 ( 0.000000000000000000, 1.000000000000000000 ),
 .UNSPECIFIED. ) ;
#2690 = VECTOR ( 'NONE', #3708, 1000.000000000000000 ) ;
#2691 = ORIENTED_EDGE ( 'NONE', *, *, #2407, .F. ) ;
#2692 = CARTESIAN_POINT ( 'NONE',  ( -22.99999924589113220, -22.51666037680000088, 0.000000000000000000 ) ) ;
#2693 = VERTEX_POINT ( 'NONE', #843 ) ;
#2694 = CARTESIAN_POINT ( 'NONE',  ( 37.99999881990887474, -5.523595028549987518, 0.7499999985999999952 ) ) ;
#2695 = CARTESIAN_POINT ( 'NONE',  ( 20.31355211368030922, -18.65005520742874978, -0.7499999986000001062 ) ) ;
#2696 = AXIS2_PLACEMENT_3D ( 'NONE', #1518, #1919, #1965 ) ;
#2697 = CARTESIAN_POINT ( 'NONE',  ( -9.999999996407659353, -3.999999950200006094, 0.7499999985708261097 ) ) ;
#2698 = VERTEX_POINT ( 'NONE', #3092 ) ;
#2699 = CARTESIAN_POINT ( 'NONE',  ( 26.50000000130886590, 1.168400015627568678E-06, 0.1500000047999999753 ) ) ;
#2700 = VECTOR ( 'NONE', #430, 1000.000000000000000 ) ;
#2701 = CARTESIAN_POINT ( 'NONE',  ( 36.71661477935985829, -10.41902652995561596, 0.7499999899553081439 ) ) ;
#2702 = ORIENTED_EDGE ( 'NONE', *, *, #3286, .T. ) ;
#2703 = CARTESIAN_POINT ( 'NONE',  ( 24.49999881205985730, 4.000001177026008214, 0.4499999986000000618 ) ) ;
#2704 = EDGE_CURVE ( 'NONE', #4374, #4561, #3850, .T. ) ;
#2705 = CARTESIAN_POINT ( 'NONE',  ( 13.07273008170882989, -32.78539928766684852, 0.7500000116040199671 ) ) ;
#2706 = CARTESIAN_POINT ( 'NONE',  ( -5.499999981291137097, -29.00000001360000823, 0.4499999986000000618 ) ) ;
#2707 = ORIENTED_EDGE ( 'NONE', *, *, #1977, .T. ) ;
#2708 = CARTESIAN_POINT ( 'NONE',  ( -29.99999924005014407, -22.51666037799451914, -0.7499999947737230332 ) ) ;
#2709 = DIRECTION ( 'NONE',  ( 0.000000000000000000, 0.000000000000000000, 1.000000000000000000 ) ) ;
#2710 = EDGE_CURVE ( 'NONE', #3570, #879, #871, .T. ) ;
#2711 = EDGE_CURVE ( 'NONE', #3560, #1007, #606, .T. ) ;
#2712 = CARTESIAN_POINT ( 'NONE',  ( 13.50000014410891502, 10.71555715659999031, -0.2499999946249326366 ) ) ;
#2713 = ORIENTED_EDGE ( 'NONE', *, *, #1136, .F. ) ;
#2714 = CARTESIAN_POINT ( 'NONE',  ( -15.71410143745458043, 19.21762206651062144, 0.7499999985999999952 ) ) ;
#2715 = ORIENTED_EDGE ( 'NONE', *, *, #1058, .T. ) ;
#2716 = DIRECTION ( 'NONE',  ( 1.000000000000000000, 0.000000000000000000, 0.000000000000000000 ) ) ;
#2717 = ADVANCED_FACE ( 'NONE', ( #3755 ), #3065, .F. ) ;
#2718 = FACE_OUTER_BOUND ( 'NONE', #1120, .T. ) ;
#2719 = EDGE_CURVE ( 'NONE', #3984, #2287, #727, .T. ) ;
#2720 = EDGE_LOOP ( 'NONE', ( #868, #913, #4177, #1898, #1218 ) ) ;
#2721 = PLANE ( 'NONE',  #755 ) ;
#2722 = VECTOR ( 'NONE', #293, 1000.000000000000000 ) ;
#2723 = EDGE_CURVE ( 'NONE', #4152, #2430, #1290, .T. ) ;
#2724 = FACE_OUTER_BOUND ( 'NONE', #1926, .T. ) ;
#2725 = ORIENTED_EDGE ( 'NONE', *, *, #1994, .F. ) ;
#2726 = CARTESIAN_POINT ( 'NONE',  ( 21.74097104051462281, 3.409541082993489347, -0.7499999985999999952 ) ) ;
#2727 = VECTOR ( 'NONE', #961, 1000.000000000000000 ) ;
#2728 = PLANE ( 'NONE',  #2108 ) ;
#2729 = AXIS2_PLACEMENT_3D ( 'NONE', #4010, #47, #2225 ) ;
#2730 = EDGE_CURVE ( 'NONE', #4356, #2051, #4617, .T. ) ;
#2731 = CARTESIAN_POINT ( 'NONE',  ( 33.06575282938634786, -14.33409672776921262, -0.2499999967354448183 ) ) ;
#2732 = AXIS2_PLACEMENT_3D ( 'NONE', #1316, #1671, #3086 ) ;
#2733 = DIRECTION ( 'NONE',  ( 0.000000000000000000, 0.000000000000000000, 1.000000000000000000 ) ) ;
#2734 = CARTESIAN_POINT ( 'NONE',  ( 10.00000013370885910, -8.999999932400033487, 0.7499999985999999952 ) ) ;
#2735 = DIRECTION ( 'NONE',  ( 1.000000000000000000, 0.000000000000000000, 0.000000000000000000 ) ) ;
#2736 = VERTEX_POINT ( 'NONE', #281 ) ;
#2737 = CARTESIAN_POINT ( 'NONE',  ( 20.69253333330883748, -0.3490646802887338307, 0.7499999975276000486 ) ) ;
#2738 = ORIENTED_EDGE ( 'NONE', *, *, #1255, .T. ) ;
#2739 = B_SPLINE_CURVE_WITH_KNOTS ( 'NONE', 3,
 ( #264, #3919, #3823, #3142 ),
 .UNSPECIFIED., .F., .F.,
 ( 4, 4 ),
 ( 0.7775384175178000623, 1.000000000000000000 ),
 .UNSPECIFIED. ) ;
#2740 = DIRECTION ( 'NONE',  ( 1.000000000000000000, 0.000000000000000000, 0.000000000000000000 ) ) ;
#2741 = EDGE_CURVE ( 'NONE', #3030, #188, #3466, .T. ) ;
#2742 = CARTESIAN_POINT ( 'NONE',  ( 34.15000001750889425, -1.149999986000016516, -0.7550132910086272409 ) ) ;
#2743 = CARTESIAN_POINT ( 'NONE',  ( 37.99999881183935457, 6.285392255374000925, 0.7499999964130399377 ) ) ;
#2744 = EDGE_CURVE ( 'NONE', #202, #3626, #1886, .T. ) ;
#2745 = ORIENTED_EDGE ( 'NONE', *, *, #3200, .T. ) ;
#2746 = CARTESIAN_POINT ( 'NONE',  ( 4.999999999108855953, 8.999999983200002163, -0.7499999985999999952 ) ) ;
#2747 = CARTESIAN_POINT ( 'NONE',  ( -23.40241638321512596, 14.84032653844848504, -0.7499999986000001062 ) ) ;
#2748 = CARTESIAN_POINT ( 'NONE',  ( 10.00000013370885910, -18.99999989680004120, -0.2499999995333333780 ) ) ;
#2749 = ORIENTED_EDGE ( 'NONE', *, *, #1417, .F. ) ;
#2750 = CARTESIAN_POINT ( 'NONE',  ( -16.50000000309115222, 15.99999996166651073, 0.7500000025718699392 ) ) ;
#2751 = EDGE_CURVE ( 'NONE', #2239, #2538, #2787, .T. ) ;
#2752 = DIRECTION ( 'NONE',  ( 0.000000000000000000, 0.000000000000000000, 1.000000000000000000 ) ) ;
#2753 = B_SPLINE_CURVE_WITH_KNOTS ( 'NONE', 3,
 ( #2236, #806, #3362, #457 ),
 .UNSPECIFIED., .F., .F.,
 ( 4, 4 ),
 ( 0.000000000000000000, 1.000000000000000000 ),
 .UNSPECIFIED. ) ;
#2754 = CARTESIAN_POINT ( 'NONE',  ( -15.53589923927614613, -34.90896528546699784, 0.7499999985999999952 ) ) ;
#2755 = ORIENTED_EDGE ( 'NONE', *, *, #4041, .F. ) ;
#2756 = LINE ( 'NONE', #672, #3528 ) ;
#2757 = EDGE_CURVE ( 'NONE', #2516, #2827, #3692, .T. ) ;
#2758 = DIRECTION ( 'NONE',  ( -0.5000000584483406119, -0.8660253700392708254, 0.000000000000000000 ) ) ;
#2759 = CARTESIAN_POINT ( 'NONE',  ( 4.999999999108855953, 8.999999983200002163, 0.4499999986000000618 ) ) ;
#2760 = ORIENTED_EDGE ( 'NONE', *, *, #3206, .T. ) ;
#2761 = LINE ( 'NONE', #2803, #3220 ) ;
#2762 = EDGE_LOOP ( 'NONE', ( #3423, #4398, #2637, #2900 ) ) ;
#2763 = DIRECTION ( 'NONE',  ( 0.000000000000000000, 0.000000000000000000, 1.000000000000000000 ) ) ;
#2764 = CARTESIAN_POINT ( 'NONE',  ( 31.84999999470883125, -1.150000011399976430, 0.4499999986000000618 ) ) ;
#2765 = ADVANCED_FACE ( 'NONE', ( #3184 ), #3472, .F. ) ;
#2766 = B_SPLINE_CURVE_WITH_KNOTS ( 'NONE', 3,
 ( #3577, #670, #318, #1353 ),
 .UNSPECIFIED., .F., .F.,
 ( 4, 4 ),
 ( 0.000000000000000000, 1.000000000000000000 ),
 .UNSPECIFIED. ) ;
#2767 = CARTESIAN_POINT ( 'NONE',  ( 37.99999881215187969, 6.285392255026501118, -0.7499999956750285079 ) ) ;
#2768 = ORIENTED_EDGE ( 'NONE', *, *, #2927, .F. ) ;
#2769 = CIRCLE ( 'NONE', #296, 1.499999997199991109 ) ;
#2770 = DIRECTION ( 'NONE',  ( 0.000000000000000000, 0.000000000000000000, 1.000000000000000000 ) ) ;
#2771 = LOCAL_TIME ( 12, 52, 34.00000000000000000, #1038 ) ;
#2772 = CARTESIAN_POINT ( 'NONE',  ( -8.306424952585157229, 37.99999994548999638, -0.7499999991483438100 ) ) ;
#2773 = ORIENTED_EDGE ( 'NONE', *, *, #742, .F. ) ;
#2774 = CARTESIAN_POINT ( 'NONE',  ( -27.03222806331833183, 28.27155590310992039, -0.7499999986000001062 ) ) ;
#2775 = VECTOR ( 'NONE', #257, 1000.000000000000000 ) ;
#2776 = AXIS2_PLACEMENT_3D ( 'NONE', #1288, #2752, #2351 ) ;
#2777 = EDGE_CURVE ( 'NONE', #3213, #93, #603, .T. ) ;
#2778 = CARTESIAN_POINT ( 'NONE',  ( -15.92499998469115674, -27.58290912159999664, 0.4499999986000000618 ) ) ;
#2779 = FACE_BOUND ( 'NONE', #554, .T. ) ;
#2780 = CARTESIAN_POINT ( 'NONE',  ( -8.306424949854646300, 37.99999994530750769, 0.7500000012817760187 ) ) ;
#2781 = DIRECTION ( 'NONE',  ( 0.000000000000000000, 0.000000000000000000, 1.000000000000000000 ) ) ;
#2782 = EDGE_CURVE ( 'NONE', #93, #3271, #3495, .T. ) ;
#2783 = CARTESIAN_POINT ( 'NONE',  ( 5.000000075308874692, -23.99999988840001564, -0.7499999992708411556 ) ) ;
#2784 = ORIENTED_EDGE ( 'NONE', *, *, #2807, .T. ) ;
#2785 = CARTESIAN_POINT ( 'NONE',  ( 5.000000072458876232, -23.99999988958351338, 0.7500000003000401039 ) ) ;
#2786 = VERTEX_POINT ( 'NONE', #680 ) ;
#2787 = LINE ( 'NONE', #4262, #4502 ) ;
#2788 = CARTESIAN_POINT ( 'NONE',  ( -13.25000000069112538, -22.94967320139998535, 0.4499999986000000618 ) ) ;
#2789 = DIRECTION ( 'NONE',  ( 0.000000000000000000, 0.000000000000000000, 1.000000000000000000 ) ) ;
#2790 = EDGE_LOOP ( 'NONE', ( #511, #2384, #2201, #1257, #2222 ) ) ;
#2791 = CARTESIAN_POINT ( 'NONE',  ( -9.528107563300990179, 37.91958429893404059, 0.7500000103000189489 ) ) ;
#2792 = DIRECTION ( 'NONE',  ( 0.000000000000000000, 0.000000000000000000, 1.000000000000000000 ) ) ;
#2793 = ORIENTED_EDGE ( 'NONE', *, *, #4623, .F. ) ;
#2794 = EDGE_CURVE ( 'NONE', #842, #2155, #4430, .T. ) ;
#2795 = CARTESIAN_POINT ( 'NONE',  ( 4.999999999108855953, 8.999999983200002163, -0.7499999985999999952 ) ) ;
#2796 = CARTESIAN_POINT ( 'NONE',  ( -4.120400303714403911, 36.44343028391234185, -0.7499999985999999952 ) ) ;
#2797 = EDGE_LOOP ( 'NONE', ( #44, #732 ) ) ;
#2798 = DIRECTION ( 'NONE',  ( 0.000000000000000000, 0.000000000000000000, 1.000000000000000000 ) ) ;
#2799 = LINE ( 'NONE', #1295, #2663 ) ;
#2800 = CARTESIAN_POINT ( 'NONE',  ( -0.4043291162322842913, 32.06477313633111237, -0.7499999985999998842 ) ) ;
#2801 = VECTOR ( 'NONE', #4063, 1000.000000000000000 ) ;
#2802 = VERTEX_POINT ( 'NONE', #1698 ) ;
#2803 = CARTESIAN_POINT ( 'NONE',  ( 34.15000001750889425, 1.149999986000016516, -0.7550132910086272409 ) ) ;
#2804 = ORIENTED_EDGE ( 'NONE', *, *, #1559, .F. ) ;
#2805 = CARTESIAN_POINT ( 'NONE',  ( -16.50000000309115222, 12.99999995879999659, 9.757819552369539906E-16 ) ) ;
#2806 = CARTESIAN_POINT ( 'NONE',  ( -9.999999998291153602, -11.49999992350000966, -0.7499999985999999952 ) ) ;
#2807 = EDGE_CURVE ( 'NONE', #4013, #3480, #1123, .T. ) ;
#2808 = ADVANCED_FACE ( 'NONE', ( #1008 ), #2114, .F. ) ;
#2809 = CARTESIAN_POINT ( 'NONE',  ( 23.53861232490886479, -26.01698344979999789, 9.757819552369539906E-16 ) ) ;
#2810 = VERTEX_POINT ( 'NONE', #3913 ) ;
#2811 = DIRECTION ( 'NONE',  ( 1.000000000000000000, 0.000000000000000000, 0.000000000000000000 ) ) ;
#2812 = B_SPLINE_CURVE_WITH_KNOTS ( 'NONE', 3,
 ( #2371, #3077, #1682, #878 ),
 .UNSPECIFIED., .F., .F.,
 ( 4, 4 ),
 ( 0.000000000000000000, 1.000000000000000000 ),
 .UNSPECIFIED. ) ;
#2813 = ORIENTED_EDGE ( 'NONE', *, *, #1439, .F. ) ;
#2814 = B_SPLINE_CURVE_WITH_KNOTS ( 'NONE', 3,
 ( #3619, #1533, #1094, #2958 ),
 .UNSPECIFIED., .F., .F.,
 ( 4, 4 ),
 ( 0.000000000000000000, 1.000000000000000000 ),
 .UNSPECIFIED. ) ;
#2815 = CARTESIAN_POINT ( 'NONE',  ( 31.84999999470883125, 0.000000000000000000, 0.4499999986000000618 ) ) ;
#2816 = ORIENTED_EDGE ( 'NONE', *, *, #4047, .F. ) ;
#2817 = CARTESIAN_POINT ( 'NONE',  ( 35.30000000350891298, 0.000000000000000000, 0.4499999986000000618 ) ) ;
#2818 = CARTESIAN_POINT ( 'NONE',  ( -16.50000000309115222, -16.00000112316099532, -0.7500000015687918742 ) ) ;
#2819 = B_SPLINE_CURVE_WITH_KNOTS ( 'NONE', 3,
 ( #2566, #3275, #1196, #2920 ),
 .UNSPECIFIED., .F., .F.,
 ( 4, 4 ),
 ( 0.2500000025833332695, 1.000000000000000000 ),
 .UNSPECIFIED. ) ;
#2820 = CARTESIAN_POINT ( 'NONE',  ( -5.216440591111590308, 37.13541527195286562, -0.7499999986000001062 ) ) ;
#2821 = VERTEX_POINT ( 'NONE', #702 ) ;
#2822 = CARTESIAN_POINT ( 'NONE',  ( -2.011518821794622269, 34.02510591380247718, 0.7499999972077319166 ) ) ;
#2823 = CARTESIAN_POINT ( 'NONE',  ( 13.50000010825285557, -11.19820891651151484, 0.7499999986000001062 ) ) ;
#2824 = CARTESIAN_POINT ( 'NONE',  ( 21.97378515913183605, 11.91579564085413168, -0.7499999985999997731 ) ) ;
#2825 = ORIENTED_EDGE ( 'NONE', *, *, #4121, .F. ) ;
#2826 = CARTESIAN_POINT ( 'NONE',  ( 22.99999882048586741, -2.499998824193994107, 0.4499999986000000618 ) ) ;
#2827 = VERTEX_POINT ( 'NONE', #965 ) ;
#2828 = CARTESIAN_POINT ( 'NONE',  ( 16.58583936942314807, -13.75283170512200925, -0.7499999986000002172 ) ) ;
#2829 = CARTESIAN_POINT ( 'NONE',  ( 21.68298478833336063, 12.02163833066799370, -0.7499999952006333181 ) ) ;
#2830 = CARTESIAN_POINT ( 'NONE',  ( -14.92907096134688061, -28.15790911560703336, 0.4499999986000000618 ) ) ;
#2831 = ORIENTED_EDGE ( 'NONE', *, *, #2938, .F. ) ;
#2832 = CYLINDRICAL_SURFACE ( 'NONE', #906, 6.999999766799938961 ) ;
#2833 = APPROVAL_ROLE ( '' ) ;
#2834 = ORIENTED_EDGE ( 'NONE', *, *, #873, .T. ) ;
#2835 = CARTESIAN_POINT ( 'NONE',  ( 33.00000000610880591, -1.150000011399976430, 0.4499999986000000618 ) ) ;
#2836 = ORIENTED_EDGE ( 'NONE', *, *, #1559, .T. ) ;
#2837 = APPLICATION_CONTEXT ( 'configuration controlled 3d designs of mechanical parts and assemblies' ) ;
#2838 = VECTOR ( 'NONE', #4419, 1000.000000000000114 ) ;
#2839 = CARTESIAN_POINT ( 'NONE',  ( 20.69253333290238572, 1.167984015060241632E-06, 0.7500000003276501293 ) ) ;
#2840 = DIRECTION ( 'NONE',  ( 0.000000000000000000, -0.000000000000000000, 1.000000000000000000 ) ) ;
#2841 = CIRCLE ( 'NONE', #3603, 2.249999995800000541 ) ;
#2842 = EDGE_LOOP ( 'NONE', ( #1675, #516, #1097, #3547 ) ) ;
#2843 = DIRECTION ( 'NONE',  ( 0.000000000000000000, 0.000000000000000000, -1.000000000000000000 ) ) ;
#2844 = FACE_BOUND ( 'NONE', #1024, .T. ) ;
#2845 = VECTOR ( 'NONE', #2052, 1000.000000000000000 ) ;
#2846 = CARTESIAN_POINT ( 'NONE',  ( -26.49999936210664586, 28.57883827777149577, 0.7500000027832800509 ) ) ;
#2847 = ORIENTED_EDGE ( 'NONE', *, *, #1693, .F. ) ;
#2848 = EDGE_LOOP ( 'NONE', ( #2887, #3554, #1514, #3766, #3954 ) ) ;
#2849 = CARTESIAN_POINT ( 'NONE',  ( -4.999999990691144980, -18.99999989680001278, 0.000000000000000000 ) ) ;
#2850 = ADVANCED_FACE ( 'NONE', ( #1366 ), #3562, .T. ) ;
#2851 = CARTESIAN_POINT ( 'NONE',  ( 10.09607908067219206, -37.24196405992375958, -0.7499999986000001062 ) ) ;
#2852 = PLANE ( 'NONE',  #3518 ) ;
#2853 = EDGE_CURVE ( 'NONE', #4428, #3570, #987, .T. ) ;
#2854 = ORIENTED_EDGE ( 'NONE', *, *, #4234, .T. ) ;
#2855 = CARTESIAN_POINT ( 'NONE',  ( -16.92092901612970834, -27.00790913758441292, -0.7550132910086272409 ) ) ;
#2856 = PERSON_AND_ORGANIZATION ( #1631, #828 ) ;
#2857 = VERTEX_POINT ( 'NONE', #2433 ) ;
#2858 = ORIENTED_EDGE ( 'NONE', *, *, #4404, .T. ) ;
#2859 = CARTESIAN_POINT ( 'NONE',  ( -11.80642439784915254, 37.06217791305748932, -0.7500000015666826725 ) ) ;
#2860 = ORIENTED_EDGE ( 'NONE', *, *, #2109, .F. ) ;
#2861 = LINE ( 'NONE', #2167, #2465 ) ;
#2862 = CARTESIAN_POINT ( 'NONE',  ( 5.000000072458876232, -23.99999988958351338, 0.7500000003000401039 ) ) ;
#2863 = EDGE_CURVE ( 'NONE', #3560, #2093, #214, .T. ) ;
#2864 = CARTESIAN_POINT ( 'NONE',  ( -2.722645408558941327, 35.10141848343694448, -0.7499999986000002172 ) ) ;
#2865 = ORIENTED_EDGE ( 'NONE', *, *, #3080, .F. ) ;
#2866 = CARTESIAN_POINT ( 'NONE',  ( 10.00000010780891380, -3.589416500889817563, 0.7499999986000001062 ) ) ;
#2867 = B_SPLINE_CURVE_WITH_KNOTS ( 'NONE', 3,
 ( #785, #2965, #1894, #35, #3293, #83 ),
 .UNSPECIFIED., .F., .F.,
 ( 4, 2, 4 ),
 ( 0.000000000000000000, 0.5000000000000000000, 1.000000000000000000 ),
 .UNSPECIFIED. ) ;
#2868 = DIRECTION ( 'NONE',  ( -0.000000000000000000, -0.000000000000000000, -1.000000000000000000 ) ) ;
#2869 = ADVANCED_FACE ( 'NONE', ( #3865 ), #2523, .F. ) ;
#2870 = CIRCLE ( 'NONE', #1838, 1.150000011399969546 ) ;
#2871 = CARTESIAN_POINT ( 'NONE',  ( 23.56450834999046151, 9.959365987257614350, -0.7499999986000002172 ) ) ;
#2872 = VERTEX_POINT ( 'NONE', #2498 ) ;
#2873 = ORIENTED_EDGE ( 'NONE', *, *, #398, .T. ) ;
#2874 = DIRECTION ( 'NONE',  ( 0.000000000000000000, 0.000000000000000000, 1.000000000000000000 ) ) ;
#2875 = VECTOR ( 'NONE', #4634, 1000.000000000000114 ) ;
#2876 = CARTESIAN_POINT ( 'NONE',  ( 7.857061372033031788, -37.96157168151012229, -0.7499999986000001062 ) ) ;
#2877 = CIRCLE ( 'NONE', #4376, 2.249999995800000541 ) ;
#2878 = CARTESIAN_POINT ( 'NONE',  ( 20.70751951778159139, 21.21531332331404585, -0.7499999985999999952 ) ) ;
#2879 = ORIENTED_EDGE ( 'NONE', *, *, #510, .T. ) ;
#2880 = FACE_OUTER_BOUND ( 'NONE', #2720, .T. ) ;
#2881 = CIRCLE ( 'NONE', #3486, 1.499999997199990220 ) ;
#2882 = SECURITY_CLASSIFICATION_LEVEL ( 'unclassified' ) ;
#2883 = EDGE_CURVE ( 'NONE', #3114, #2287, #2179, .T. ) ;
#2884 = EDGE_LOOP ( 'NONE', ( #760, #2916, #2582, #1201 ) ) ;
#2885 = VERTEX_POINT ( 'NONE', #3305 ) ;
#2886 = CARTESIAN_POINT ( 'NONE',  ( -1.971307364333797274, 33.95545762277131985, -0.7499999985999999952 ) ) ;
#2887 = ORIENTED_EDGE ( 'NONE', *, *, #2777, .T. ) ;
#2888 = CARTESIAN_POINT ( 'NONE',  ( 37.99999881990883921, -3.999998832599993559, 0.7499999985999999952 ) ) ;
#2889 = CARTESIAN_POINT ( 'NONE',  ( -13.49999998329112749, 4.333332930133333427, 0.7499999985999999952 ) ) ;
#2890 = VERTEX_POINT ( 'NONE', #3254 ) ;
#2891 = CARTESIAN_POINT ( 'NONE',  ( 13.07273008170881567, -28.66131842020002196, 0.2500000007660376222 ) ) ;
#2892 = CARTESIAN_POINT ( 'NONE',  ( 15.17378333590897732, -13.44914381864014530, 0.7499999986000001062 ) ) ;
#2893 = CARTESIAN_POINT ( 'NONE',  ( -13.88039468607912852, 14.51528149552737901, -0.7499999985999997731 ) ) ;
#2894 = ORIENTED_EDGE ( 'NONE', *, *, #2370, .T. ) ;
#2895 = ADVANCED_FACE ( 'NONE', ( #373 ), #67, .F. ) ;
#2896 = ORIENTED_EDGE ( 'NONE', *, *, #3076, .T. ) ;
#2897 = CARTESIAN_POINT ( 'NONE',  ( 13.07273008443635121, -28.66131842410299413, -0.7499999982652157948 ) ) ;
#2898 = FACE_OUTER_BOUND ( 'NONE', #3594, .T. ) ;
#2899 = CARTESIAN_POINT ( 'NONE',  ( 22.93089519336924198, -11.16589500776434818, 0.7499999986000002172 ) ) ;
#2900 = ORIENTED_EDGE ( 'NONE', *, *, #1930, .F. ) ;
#2901 = CARTESIAN_POINT ( 'NONE',  ( -16.07907051729113945, 30.14976769119997613, 0.1500000027333332764 ) ) ;
#2902 = CC_DESIGN_DATE_AND_TIME_ASSIGNMENT ( #379, #26, ( #3045 ) ) ;
#2903 = ORIENTED_EDGE ( 'NONE', *, *, #3693, .F. ) ;
#2904 = DIRECTION ( 'NONE',  ( -1.000000000000000000, 0.000000000000000000, 0.000000000000000000 ) ) ;
#2905 = B_SPLINE_CURVE_WITH_KNOTS ( 'NONE', 3,
 ( #1602, #816, #3353, #888 ),
 .UNSPECIFIED., .F., .F.,
 ( 4, 4 ),
 ( 0.000000000000000000, 1.000000000000000000 ),
 .UNSPECIFIED. ) ;
#2906 = DIRECTION ( 'NONE',  ( 0.000000000000000000, 0.000000000000000000, -1.000000000000000000 ) ) ;
#2907 = ORIENTED_EDGE ( 'NONE', *, *, #3437, .F. ) ;
#2908 = CARTESIAN_POINT ( 'NONE',  ( -21.39763329502460110, -16.00000113072055186, 0.7499999986000001062 ) ) ;
#2909 = B_SPLINE_CURVE_WITH_KNOTS ( 'NONE', 3,
 ( #3535, #4212, #302, #2086 ),
 .UNSPECIFIED., .F., .F.,
 ( 4, 4 ),
 ( 0.000000000000000000, 1.000000000000000000 ),
 .UNSPECIFIED. ) ;
#2910 = CARTESIAN_POINT ( 'NONE',  ( 24.49999881970884985, -2.499998835400002228, 0.7499999985999999952 ) ) ;
#2911 = EDGE_CURVE ( 'NONE', #3985, #2698, #1963, .T. ) ;
#2912 = VECTOR ( 'NONE', #2007, 1000.000000000000000 ) ;
#2913 = CARTESIAN_POINT ( 'NONE',  ( -3.180039090398448121, -38.00000113979998417, -0.7499999985999999952 ) ) ;
#2914 = CARTESIAN_POINT ( 'NONE',  ( 17.68778267679838123, -20.56099659838900351, 0.7499999966888120095 ) ) ;
#2915 = EDGE_CURVE ( 'NONE', #2990, #1547, #3573, .T. ) ;
#2916 = ORIENTED_EDGE ( 'NONE', *, *, #948, .T. ) ;
#2917 = CARTESIAN_POINT ( 'NONE',  ( -29.99999924129114959, -23.12752557643756646, 0.7499999891559800957 ) ) ;
#2918 = VECTOR ( 'NONE', #1014, 1000.000000000000000 ) ;
#2919 = CARTESIAN_POINT ( 'NONE',  ( -7.249999986491145521, 8.999999983200002163, 0.4499999986000000618 ) ) ;
#2920 = CARTESIAN_POINT ( 'NONE',  ( -16.92092946503398565, 27.00790894990939961, -0.4499999890000000446 ) ) ;
#2921 = VERTEX_POINT ( 'NONE', #1504 ) ;
#2922 = VERTEX_POINT ( 'NONE', #728 ) ;
#2923 = CARTESIAN_POINT ( 'NONE',  ( 17.52606057124986449, -13.53463267363449951, 0.7499999963187521379 ) ) ;
#2924 = CIRCLE ( 'NONE', #1140, 1.499999997199990220 ) ;
#2925 = CARTESIAN_POINT ( 'NONE',  ( 12.91718819691120679, -33.56879808799806852, -0.7499999985999999952 ) ) ;
#2926 = AXIS2_PLACEMENT_3D ( 'NONE', #2466, #363, #3576 ) ;
#2927 = EDGE_CURVE ( 'NONE', #3160, #771, #3001, .T. ) ;
#2928 = AXIS2_PLACEMENT_3D ( 'NONE', #3420, #1574, #2315 ) ;
#2929 = ORIENTED_EDGE ( 'NONE', *, *, #2883, .T. ) ;
#2930 = CARTESIAN_POINT ( 'NONE',  ( -13.57632810439893944, -13.78082017626132050, 0.7499999986000001062 ) ) ;
#2931 = ORIENTED_EDGE ( 'NONE', *, *, #4389, .T. ) ;
#2932 = FACE_OUTER_BOUND ( 'NONE', #1656, .T. ) ;
#2933 = EDGE_CURVE ( 'NONE', #4089, #3862, #3175, .T. ) ;
#2934 = ORIENTED_EDGE ( 'NONE', *, *, #3593, .F. ) ;
#2935 = DIRECTION ( 'NONE',  ( -1.000000000000000000, 0.000000000000000000, 0.000000000000000000 ) ) ;
#2936 = VERTEX_POINT ( 'NONE', #1833 ) ;
#2937 = CARTESIAN_POINT ( 'NONE',  ( -23.61960454020033140, 14.51528149433631754, 0.7499999985999999952 ) ) ;
#2938 = EDGE_CURVE ( 'NONE', #186, #71, #3351, .T. ) ;
#2939 = CARTESIAN_POINT ( 'NONE',  ( -8.785898446668605644, -23.21762278431113558, 0.7499999985999999952 ) ) ;
#2940 = DIRECTION ( 'NONE',  ( 0.000000000000000000, 0.000000000000000000, 1.000000000000000000 ) ) ;
#2941 = CARTESIAN_POINT ( 'NONE',  ( 21.07219486194427560, -18.36251190871921679, 0.7499999986000001062 ) ) ;
#2942 = ADVANCED_FACE ( 'NONE', ( #4329 ), #4377, .F. ) ;
#2943 = ORIENTED_EDGE ( 'NONE', *, *, #716, .T. ) ;
#2944 = CARTESIAN_POINT ( 'NONE',  ( 17.52606056345737429, 13.53463501031249017, 0.7499999961666841131 ) ) ;
#2945 = CARTESIAN_POINT ( 'NONE',  ( 0.5813249367213613183, 31.47012191455100805, 0.7500000020050299199 ) ) ;
#2946 = CARTESIAN_POINT ( 'NONE',  ( -14.41506335509112802, -19.96762242180000158, 0.4499999986000000618 ) ) ;
#2947 = ORIENTED_EDGE ( 'NONE', *, *, #4518, .T. ) ;
#2948 = VERTEX_POINT ( 'NONE', #1879 ) ;
#2949 = DIRECTION ( 'NONE',  ( 0.000000000000000000, 0.000000000000000000, 1.000000000000000000 ) ) ;
#2950 = CARTESIAN_POINT ( 'NONE',  ( 7.072730091601364677, -38.00000112814699804, -0.7500000015762178229 ) ) ;
#2951 = VECTOR ( 'NONE', #1426, 1000.000000000000000 ) ;
#2952 = VERTEX_POINT ( 'NONE', #1179 ) ;
#2953 = CARTESIAN_POINT ( 'NONE',  ( -16.49999999821563534, -16.00000112191399282, 0.7500000026999951164 ) ) ;
#2954 = EDGE_LOOP ( 'NONE', ( #162, #285, #1318, #429 ) ) ;
#2955 = CARTESIAN_POINT ( 'NONE',  ( 15.17378334898069170, 13.44914615224071319, -0.7499999986000001062 ) ) ;
#2956 = B_SPLINE_CURVE_WITH_KNOTS ( 'NONE', 3,
 ( #887, #1999, #4054, #3729 ),
 .UNSPECIFIED., .F., .F.,
 ( 4, 4 ),
 ( 0.000000000000000000, 1.000000000000000000 ),
 .UNSPECIFIED. ) ;
#2957 = AXIS2_PLACEMENT_3D ( 'NONE', #4263, #236, #1764 ) ;
#2958 = CARTESIAN_POINT ( 'NONE',  ( 13.50000012862187582, 10.71555715659999741, 0.7499999964708481404 ) ) ;
#2959 = ADVANCED_FACE ( 'NONE', ( #3680 ), #468, .T. ) ;
#2960 = FACE_OUTER_BOUND ( 'NONE', #2166, .T. ) ;
#2961 = EDGE_LOOP ( 'NONE', ( #3698, #2258, #18, #92 ) ) ;
#2962 = EDGE_CURVE ( 'NONE', #93, #1679, #1146, .T. ) ;
#2963 = CIRCLE ( 'NONE', #340, 2.249999995800000541 ) ;
#2964 = PLANE ( 'NONE',  #4270 ) ;
#2965 = CARTESIAN_POINT ( 'NONE',  ( 36.71661448469295408, 10.41902665420222718, 0.7499999920391200448 ) ) ;
#2966 = PLANE ( 'NONE',  #1881 ) ;
#2967 = ORIENTED_EDGE ( 'NONE', *, *, #3154, .T. ) ;
#2968 = ORIENTED_EDGE ( 'NONE', *, *, #2400, .T. ) ;
#2969 = CARTESIAN_POINT ( 'NONE',  ( -1.749999988291145447, -29.00000001360000823, 0.4499999986000000618 ) ) ;
#2970 = DIRECTION ( 'NONE',  ( 1.000000000000000000, 0.000000000000000000, 0.000000000000000000 ) ) ;
#2971 = ORIENTED_EDGE ( 'NONE', *, *, #223, .T. ) ;
#2972 = CARTESIAN_POINT ( 'NONE',  ( 34.08366031640051830, -13.24252458383326747, -0.7499999985999999952 ) ) ;
#2973 = CARTESIAN_POINT ( 'NONE',  ( -6.330872603631412687, -23.86573672975745097, -0.7499999985999998842 ) ) ;
#2974 = ORIENTED_EDGE ( 'NONE', *, *, #3889, .F. ) ;
#2975 = DIRECTION ( 'NONE',  ( 0.000000000000000000, 0.000000000000000000, 1.000000000000000000 ) ) ;
#2976 = ORIENTED_EDGE ( 'NONE', *, *, #2525, .T. ) ;
#2977 = DIRECTION ( 'NONE',  ( 0.000000000000000000, 0.000000000000000000, 1.000000000000000000 ) ) ;
#2978 = DIRECTION ( 'NONE',  ( 0.000000000000000000, 0.000000000000000000, 1.000000000000000000 ) ) ;
#2979 = DIRECTION ( 'NONE',  ( 0.8660254062168368794, 0.4999999957869626366, 0.000000000000000000 ) ) ;
#2980 = CYLINDRICAL_SURFACE ( 'NONE', #821, 1.499999997200020641 ) ;
#2981 = ORIENTED_EDGE ( 'NONE', *, *, #4264, .F. ) ;
#2982 = CARTESIAN_POINT ( 'NONE',  ( 4.000000017908872607, -29.00000001360000823, 0.4499999986000000618 ) ) ;
#2983 = CARTESIAN_POINT ( 'NONE',  ( 32.98952240239333378, 14.41584370866250175, 0.7499999988553519570 ) ) ;
#2984 = CARTESIAN_POINT ( 'NONE',  ( 23.02707669417238279, 11.04894570018636379, 0.7499999986000001062 ) ) ;
#2985 = ORIENTED_EDGE ( 'NONE', *, *, #2757, .T. ) ;
#2986 = ORIENTED_EDGE ( 'NONE', *, *, #1012, .T. ) ;
#2987 = CARTESIAN_POINT ( 'NONE',  ( 0.5813249401088963486, 31.47012192119997565, -0.2499999995333333780 ) ) ;
#2988 = CARTESIAN_POINT ( 'NONE',  ( -13.49999999008541174, 13.39763402040501994, -0.7499999986000002172 ) ) ;
#2989 = AXIS2_PLACEMENT_3D ( 'NONE', #2501, #2182, #3235 ) ;
#2990 = VERTEX_POINT ( 'NONE', #140 ) ;
#2991 = CARTESIAN_POINT ( 'NONE',  ( -23.99999922725062973, 12.99999995879999659, -0.7499999982814162802 ) ) ;
#2992 = CARTESIAN_POINT ( 'NONE',  ( 4.000000017908872607, -29.00000001360000823, 0.1500000047999999753 ) ) ;
#2993 = ORIENTED_EDGE ( 'NONE', *, *, #3094, .T. ) ;
#2994 = CARTESIAN_POINT ( 'NONE',  ( 25.00000000410887324, 1.168400015627568678E-06, 0.1500000047999999753 ) ) ;
#2995 = AXIS2_PLACEMENT_3D ( 'NONE', #1230, #517, #4435 ) ;
#2996 = EDGE_CURVE ( 'NONE', #3229, #2314, #2956, .T. ) ;
#2997 = EDGE_LOOP ( 'NONE', ( #819, #4027, #3252, #1823 ) ) ;
#2998 = CARTESIAN_POINT ( 'NONE',  ( 37.99999881990883921, -3.999998832599993559, 0.7499999985999999952 ) ) ;
#2999 = ADVANCED_FACE ( 'NONE', ( #3792 ), #2643, .F. ) ;
#3000 = DIRECTION ( 'NONE',  ( 0.8660254062168368794, 0.4999999957869626366, 0.000000000000000000 ) ) ;
#3001 = CIRCLE ( 'NONE', #1593, 1.500000029069059160 ) ;
#3002 = PLANE ( 'NONE',  #4336 ) ;
#3003 = EDGE_LOOP ( 'NONE', ( #383, #3047, #1116, #2134 ) ) ;
#3004 = CARTESIAN_POINT ( 'NONE',  ( -9.999999998307639970, -18.99999989009701196, 0.7499999985666601088 ) ) ;
#3005 = DIRECTION ( 'NONE',  ( 1.000000000000000000, 0.000000000000000000, 0.000000000000000000 ) ) ;
#3006 = CARTESIAN_POINT ( 'NONE',  ( 5.000000075308874692, -23.99999988840001564, -0.7499999992708411556 ) ) ;
#3007 = CARTESIAN_POINT ( 'NONE',  ( 37.99999882433780840, 6.724652666127054701, -0.7499999986000002172 ) ) ;
#3008 = ORIENTED_EDGE ( 'NONE', *, *, #2400, .F. ) ;
#3009 = CARTESIAN_POINT ( 'NONE',  ( 20.69246871093004003, 0.3524775910624712849, -0.7499999985999999952 ) ) ;
#3010 = EDGE_CURVE ( 'NONE', #1916, #1649, #666, .T. ) ;
#3011 = DIRECTION ( 'NONE',  ( 0.000000000000000000, 0.000000000000000000, 1.000000000000000000 ) ) ;
#3012 = VERTEX_POINT ( 'NONE', #1269 ) ;
#3013 = CARTESIAN_POINT ( 'NONE',  ( -23.99999922803114316, -13.00000112719998313, -0.7499999983212393140 ) ) ;
#3014 = FACE_OUTER_BOUND ( 'NONE', #240, .T. ) ;
#3015 = ORIENTED_EDGE ( 'NONE', *, *, #3125, .F. ) ;
#3016 = CARTESIAN_POINT ( 'NONE',  ( -9.999999998307639970, -18.99999989009701196, 0.7499999985666601088 ) ) ;
#3017 = VERTEX_POINT ( 'NONE', #3327 ) ;
#3018 = CARTESIAN_POINT ( 'NONE',  ( -8.920615730681682010, -38.00000113556605186, -0.7499999986000001062 ) ) ;
#3019 = LINE ( 'NONE', #3044, #3409 ) ;
#3020 = VECTOR ( 'NONE', #4579, 1000.000000000000000 ) ;
#3021 = CARTESIAN_POINT ( 'NONE',  ( -10.08493630289114584, 22.46762206999999734, 0.7499999985999999952 ) ) ;
#3022 = ORIENTED_EDGE ( 'NONE', *, *, #4276, .F. ) ;
#3023 = DIRECTION ( 'NONE',  ( -0.5000000004503858397, 0.8660254035244081550, 0.000000000000000000 ) ) ;
#3024 = VECTOR ( 'NONE', #2221, 1000.000000000000000 ) ;
#3025 = CARTESIAN_POINT ( 'NONE',  ( 23.59713629919561484, 8.509313227199946539, 0.7499999985999999952 ) ) ;
#3026 = EDGE_CURVE ( 'NONE', #4540, #1636, #3407, .T. ) ;
#3027 = B_SPLINE_CURVE_WITH_KNOTS ( 'NONE', 3,
 ( #3265, #3666, #1515, #4037 ),
 .UNSPECIFIED., .F., .F.,
 ( 4, 4 ),
 ( 0.000000000000000000, 1.000000000000000000 ),
 .UNSPECIFIED. ) ;
#3028 = AXIS2_PLACEMENT_3D ( 'NONE', #844, #872, #4134 ) ;
#3029 = CARTESIAN_POINT ( 'NONE',  ( -11.27740025914294364, -37.36761118188913855, 0.7499999943119699530 ) ) ;
#3030 = VERTEX_POINT ( 'NONE', #2618 ) ;
#3031 = CARTESIAN_POINT ( 'NONE',  ( 31.60178582290216909, 15.66440726182411325, -0.7499999985999999952 ) ) ;
#3032 = EDGE_LOOP ( 'NONE', ( #4475, #4186, #3844, #1495 ) ) ;
#3033 = DIRECTION ( 'NONE',  ( 1.000000000000000000, 0.000000000000000000, 0.000000000000000000 ) ) ;
#3034 = FACE_OUTER_BOUND ( 'NONE', #1250, .T. ) ;
#3035 = VERTEX_POINT ( 'NONE', #3352 ) ;
#3036 = LINE ( 'NONE', #275, #1968 ) ;
#3037 = CARTESIAN_POINT ( 'NONE',  ( -15.53589923927614613, -34.90896528546699784, -0.7499999985999999952 ) ) ;
#3038 = ADVANCED_FACE ( 'NONE', ( #4451 ), #1548, .F. ) ;
#3039 = B_SPLINE_CURVE_WITH_KNOTS ( 'NONE', 3,
 ( #3194, #1801, #3600, #2839 ),
 .UNSPECIFIED., .F., .F.,
 ( 4, 4 ),
 ( 0.000000000000000000, 1.000000000000000000 ),
 .UNSPECIFIED. ) ;
#3040 = ORIENTED_EDGE ( 'NONE', *, *, #3575, .F. ) ;
#3041 = FACE_OUTER_BOUND ( 'NONE', #2611, .T. ) ;
#3042 = ORIENTED_EDGE ( 'NONE', *, *, #219, .F. ) ;
#3043 = CARTESIAN_POINT ( 'NONE',  ( -15.53589821774162338, 34.90896506587498749, 0.7499999985999999952 ) ) ;
#3044 = CARTESIAN_POINT ( 'NONE',  ( -9.334936302604123881, 21.16858394189899428, 0.4499999986000000618 ) ) ;
#3045 = PRODUCT_DEFINITION ( 'UNKNOWN', '', #3820, #932 ) ;
#3046 = DIRECTION ( 'NONE',  ( 5.631853005364407380E-10, 1.000000000000000000, 0.000000000000000000 ) ) ;
#3047 = ORIENTED_EDGE ( 'NONE', *, *, #3902, .F. ) ;
#3048 = DIRECTION ( 'NONE',  ( 0.000000000000000000, 0.000000000000000000, 1.000000000000000000 ) ) ;
#3049 = CARTESIAN_POINT ( 'NONE',  ( -18.07092948743241223, 28.99976736775927577, -0.4499999890000000446 ) ) ;
#3050 = VERTEX_POINT ( 'NONE', #1903 ) ;
#3051 = DIRECTION ( 'NONE',  ( 0.000000000000000000, 0.000000000000000000, 1.000000000000000000 ) ) ;
#3052 = DIRECTION ( 'NONE',  ( 1.000000000000000000, 0.000000000000000000, 0.000000000000000000 ) ) ;
#3053 = CARTESIAN_POINT ( 'NONE',  ( -11.80642531198713918, -37.06217839539252878, 0.7499999971706561297 ) ) ;
#3054 = EDGE_CURVE ( 'NONE', #3855, #3984, #1289, .T. ) ;
#3055 = ORIENTED_EDGE ( 'NONE', *, *, #3301, .T. ) ;
#3056 = CARTESIAN_POINT ( 'NONE',  ( 13.50000012719687703, -10.71555481979999414, -0.7499999953385270146 ) ) ;
#3057 = CYLINDRICAL_SURFACE ( 'NONE', #39, 1.150000316200029626 ) ;
#3058 = ADVANCED_FACE ( 'NONE', ( #1224 ), #4078, .F. ) ;
#3059 = CIRCLE ( 'NONE', #673, 1.150000316200029626 ) ;
#3060 = B_SPLINE_CURVE_WITH_KNOTS ( 'NONE', 3,
 ( #1496, #4632, #3225, #3605, #767, #1454, #436, #14, #2866, #1153 ),
 .UNSPECIFIED., .F., .F.,
 ( 4, 2, 2, 2, 4 ),
 ( 0.3750436213909461580, 0.5312827160432096463, 0.6875218106954730235, 0.8437609053477365118, 1.000000000000000000 ),
 .UNSPECIFIED. ) ;
#3061 = CARTESIAN_POINT ( 'NONE',  ( -14.41506335509112802, -19.96762242180000158, 0.4499999986000000618 ) ) ;
#3062 = ORIENTED_EDGE ( 'NONE', *, *, #51, .F. ) ;
#3063 = DIRECTION ( 'NONE',  ( 1.000000000000000000, 0.000000000000000000, 0.000000000000000000 ) ) ;
#3064 = ORIENTED_EDGE ( 'NONE', *, *, #4138, .F. ) ;
#3065 = CYLINDRICAL_SURFACE ( 'NONE', #2398, 1.499999999222997982 ) ;
#3066 = AXIS2_PLACEMENT_3D ( 'NONE', #4225, #643, #4294 ) ;
#3067 = LINE ( 'NONE', #1254, #2801 ) ;
#3068 = EDGE_CURVE ( 'NONE', #4561, #263, #2622, .T. ) ;
#3069 = CIRCLE ( 'NONE', #2696, 1.499999997200018864 ) ;
#3070 = DIRECTION ( 'NONE',  ( 0.000000000000000000, 0.000000000000000000, 1.000000000000000000 ) ) ;
#3071 = ORIENTED_EDGE ( 'NONE', *, *, #1249, .F. ) ;
#3072 = CARTESIAN_POINT ( 'NONE',  ( -14.92907050589112394, 28.15790926699998664, -0.1499999931333332870 ) ) ;
#3073 = CIRCLE ( 'NONE', #1964, 1.499999997199991109 ) ;
#3074 =( LENGTH_UNIT ( ) NAMED_UNIT ( * ) SI_UNIT ( .MILLI., .METRE. ) );
#3075 = CIRCLE ( 'NONE', #907, 2.249999995800000541 ) ;
#3076 = EDGE_CURVE ( 'NONE', #1223, #1525, #2124, .T. ) ;
#3077 = CARTESIAN_POINT ( 'NONE',  ( 13.07273008170882633, -32.00000112559997234, -0.2500000025432767004 ) ) ;
#3078 = ORIENTED_EDGE ( 'NONE', *, *, #2915, .F. ) ;
#3079 = DIRECTION ( 'NONE',  ( -1.000000000000000000, 0.000000000000000000, 0.000000000000000000 ) ) ;
#3080 = EDGE_CURVE ( 'NONE', #2265, #3579, #829, .T. ) ;
#3081 = CYLINDRICAL_SURFACE ( 'NONE', #3147, 8.000000002000039245 ) ;
#3082 = CARTESIAN_POINT ( 'NONE',  ( 15.63100374726905351, 13.62694943437981721, 0.7499999986000001062 ) ) ;
#3083 = ADVANCED_FACE ( 'NONE', ( #3371 ), #837, .F. ) ;
#3084 = ORIENTED_EDGE ( 'NONE', *, *, #2118, .T. ) ;
#3085 = CARTESIAN_POINT ( 'NONE',  ( -16.49999999821563534, -16.00000112191399282, 0.7500000026999951164 ) ) ;
#3086 = DIRECTION ( 'NONE',  ( 1.000000000000000000, 0.000000000000000000, 0.000000000000000000 ) ) ;
#3087 = ADVANCED_FACE ( 'NONE', ( #183 ), #2271, .F. ) ;
#3088 = CARTESIAN_POINT ( 'NONE',  ( -29.36760971020443378, 25.48763570932177203, 0.7500000111498404953 ) ) ;
#3089 = ORIENTED_EDGE ( 'NONE', *, *, #3210, .F. ) ;
#3090 = CARTESIAN_POINT ( 'NONE',  ( -16.07907051574822432, 30.14976769209048868, -0.7550132910086272409 ) ) ;
#3091 = ORIENTED_EDGE ( 'NONE', *, *, #4524, .T. ) ;
#3092 = CARTESIAN_POINT ( 'NONE',  ( -26.49999936210664586, 28.57883827777149577, 0.7500000027832800509 ) ) ;
#3093 = DIRECTION ( 'NONE',  ( 1.000000000000000000, 0.000000000000000000, 0.000000000000000000 ) ) ;
#3094 = EDGE_CURVE ( 'NONE', #2452, #2952, #3036, .T. ) ;
#3095 = CARTESIAN_POINT ( 'NONE',  ( 20.65692436210886385, 9.202560462000020536, 9.757819552369539906E-16 ) ) ;
#3096 = EDGE_LOOP ( 'NONE', ( #177, #1273, #3208, #2419 ) ) ;
#3097 = CARTESIAN_POINT ( 'NONE',  ( -14.74999999789114469, 22.94967320139998535, 0.4499999986000000618 ) ) ;
#3098 = B_SPLINE_CURVE_WITH_KNOTS ( 'NONE', 3,
 ( #1472, #3975, #765, #3625, #3029, #3804 ),
 .UNSPECIFIED., .F., .F.,
 ( 4, 2, 4 ),
 ( 0.000000000000000000, 0.5000000000000000000, 1.000000000000000000 ),
 .UNSPECIFIED. ) ;
#3099 = ADVANCED_FACE ( 'NONE', ( #4167 ), #4541, .T. ) ;
#3100 = CARTESIAN_POINT ( 'NONE',  ( -11.80642531609113099, -37.06217840280001496, 0.2499999995333333780 ) ) ;
#3101 = ORIENTED_EDGE ( 'NONE', *, *, #1794, .T. ) ;
#3102 = CARTESIAN_POINT ( 'NONE',  ( -19.49999948949113104, 15.99999995320000679, 0.7499999985999999952 ) ) ;
#3103 = AXIS2_PLACEMENT_3D ( 'NONE', #2630, #580, #3795 ) ;
#3104 = FACE_OUTER_BOUND ( 'NONE', #2997, .T. ) ;
#3105 = CIRCLE ( 'NONE', #4160, 1.499999997200020641 ) ;
#3106 = DIRECTION ( 'NONE',  ( 0.000000000000000000, 0.000000000000000000, 1.000000000000000000 ) ) ;
#3107 = ORIENTED_EDGE ( 'NONE', *, *, #3068, .F. ) ;
#3108 = VECTOR ( 'NONE', #3199, 1000.000000000000000 ) ;
#3109 = DIRECTION ( 'NONE',  ( 0.000000000000000000, 0.000000000000000000, 1.000000000000000000 ) ) ;
#3110 = DIRECTION ( 'NONE',  ( 0.000000000000000000, 0.000000000000000000, 1.000000000000000000 ) ) ;
#3111 = DIRECTION ( 'NONE',  ( 1.000000000000000000, 0.000000000000000000, 0.000000000000000000 ) ) ;
#3112 = ORIENTED_EDGE ( 'NONE', *, *, #1264, .T. ) ;
#3113 = CARTESIAN_POINT ( 'NONE',  ( 22.99999880725683710, -2.499998824193994107, 0.4499999986000000618 ) ) ;
#3114 = VERTEX_POINT ( 'NONE', #3465 ) ;
#3115 = CARTESIAN_POINT ( 'NONE',  ( -4.999999990691144980, 8.999999983200002163, -0.7499999985999999952 ) ) ;
#3116 = FACE_OUTER_BOUND ( 'NONE', #3003, .T. ) ;
#3117 = B_SPLINE_CURVE_WITH_KNOTS ( 'NONE', 3,
 ( #1270, #4403, #2688, #2668 ),
 .UNSPECIFIED., .F., .F.,
 ( 4, 4 ),
 ( 0.000000000000000000, 1.000000000000000000 ),
 .UNSPECIFIED. ) ;
#3118 = CARTESIAN_POINT ( 'NONE',  ( 20.69253333330883748, 0.3490670176176842165, 0.7500000052723699850 ) ) ;
#3119 = EDGE_LOOP ( 'NONE', ( #4626, #1320, #4589, #381 ) ) ;
#3120 = DIRECTION ( 'NONE',  ( 0.000000000000000000, 0.000000000000000000, 1.000000000000000000 ) ) ;
#3121 = CARTESIAN_POINT ( 'NONE',  ( 13.50000012719687703, -10.71555481979999414, -0.7499999953385270146 ) ) ;
#3122 = ORIENTED_EDGE ( 'NONE', *, *, #369, .F. ) ;
#3123 = CARTESIAN_POINT ( 'NONE',  ( -28.38401637647485032, 27.03207010786734799, -0.7499999986000001062 ) ) ;
#3124 = CARTESIAN_POINT ( 'NONE',  ( 13.07273007954135124, -32.00000112978851519, 0.7500000026637549944 ) ) ;
#3125 = EDGE_CURVE ( 'NONE', #1782, #1882, #2756, .T. ) ;
#3126 = B_SPLINE_CURVE_WITH_KNOTS ( 'NONE', 3,
 ( #568, #3072, #4509, #922 ),
 .UNSPECIFIED., .F., .F.,
 ( 4, 4 ),
 ( 0.000000000000000000, 0.7499999974166670080 ),
 .UNSPECIFIED. ) ;
#3127 = FACE_OUTER_BOUND ( 'NONE', #615, .T. ) ;
#3128 = ORIENTED_EDGE ( 'NONE', *, *, #3427, .F. ) ;
#3129 = CARTESIAN_POINT ( 'NONE',  ( 21.68298478833336063, 12.02163833066799370, -0.7499999952006333181 ) ) ;
#3130 = CARTESIAN_POINT ( 'NONE',  ( -26.49999963745763765, -28.57883796948351574, 0.7499999956487439778 ) ) ;
#3131 = CARTESIAN_POINT ( 'NONE',  ( 24.49999881205985730, 4.000001177002998176, 0.7499999985999999952 ) ) ;
#3132 = EDGE_LOOP ( 'NONE', ( #3055, #2226, #1853, #752, #1580, #4567, #4261, #2985, #2836, #7, #2529, #1507, #3355 ) ) ;
#3133 = DIRECTION ( 'NONE',  ( 0.5000000585538371123, 0.8660253699783624359, 0.000000000000000000 ) ) ;
#3134 = ORIENTED_EDGE ( 'NONE', *, *, #3026, .F. ) ;
#3135 = CARTESIAN_POINT ( 'NONE',  ( -22.46410219474762116, -30.90896482219498864, -0.7499999985999999952 ) ) ;
#3136 = DIRECTION ( 'NONE',  ( 0.000000000000000000, 0.000000000000000000, -1.000000000000000000 ) ) ;
#3137 = ADVANCED_FACE ( 'NONE', ( #320 ), #3857, .F. ) ;
#3138 = CARTESIAN_POINT ( 'NONE',  ( -14.92907095960271846, -28.15790911661428098, -0.4499999890000000446 ) ) ;
#3139 = EDGE_CURVE ( 'NONE', #855, #939, #3912, .T. ) ;
#3140 = ORIENTED_EDGE ( 'NONE', *, *, #1545, .F. ) ;
#3141 = CIRCLE ( 'NONE', #595, 1.149999986000016516 ) ;
#3142 = CARTESIAN_POINT ( 'NONE',  ( 23.47600221376736229, -8.176497692327977518, -0.7499999952007280202 ) ) ;
#3143 = CARTESIAN_POINT ( 'NONE',  ( -23.99999922804712682, 13.39801519568901256, -0.7499999985999999952 ) ) ;
#3144 = DIRECTION ( 'NONE',  ( 1.000000000000000000, 0.000000000000000000, 0.000000000000000000 ) ) ;
#3145 = ORIENTED_EDGE ( 'NONE', *, *, #444, .T. ) ;
#3146 = CIRCLE ( 'NONE', #3457, 1.500000004826016031 ) ;
#3147 = AXIS2_PLACEMENT_3D ( 'NONE', #2036, #3462, #1352 ) ;
#3148 = PLANE ( 'NONE',  #2475 ) ;
#3149 = AXIS2_PLACEMENT_3D ( 'NONE', #1460, #2157, #1083 ) ;
#3150 = CARTESIAN_POINT ( 'NONE',  ( 7.072730092908848576, -38.00000113979998417, 0.2499999995333333780 ) ) ;
#3151 = EDGE_LOOP ( 'NONE', ( #1466, #1683, #2366, #3674, #1138, #2691, #735, #4254, #1198, #2784 ) ) ;
#3152 = LINE ( 'NONE', #2424, #609 ) ;
#3153 = EDGE_CURVE ( 'NONE', #2051, #2802, #1364, .T. ) ;
#3154 = EDGE_CURVE ( 'NONE', #2693, #1144, #1565, .T. ) ;
#3155 = B_SPLINE_CURVE_WITH_KNOTS ( 'NONE', 3,
 ( #1361, #2256, #2712, #3813 ),
 .UNSPECIFIED., .F., .F.,
 ( 4, 4 ),
 ( 0.000000000000000000, 1.000000000000000000 ),
 .UNSPECIFIED. ) ;
#3156 = CYLINDRICAL_SURFACE ( 'NONE', #4304, 1.499999997199990220 ) ;
#3157 = FACE_OUTER_BOUND ( 'NONE', #4439, .T. ) ;
#3158 = ORIENTED_EDGE ( 'NONE', *, *, #322, .F. ) ;
#3159 = LINE ( 'NONE', #3090, #3297 ) ;
#3160 = VERTEX_POINT ( 'NONE', #2378 ) ;
#3161 = CARTESIAN_POINT ( 'NONE',  ( -3.999999984091146210, -29.00000001360000823, 0.4499999986000000618 ) ) ;
#3162 = CARTESIAN_POINT ( 'NONE',  ( 21.68298478718669386, 12.02163832018151446, -0.2499999945841099303 ) ) ;
#3163 = CARTESIAN_POINT ( 'NONE',  ( -6.499999987891136755, 8.999999983200002163, 0.1500000047999999753 ) ) ;
#3164 = ORIENTED_EDGE ( 'NONE', *, *, #3706, .T. ) ;
#3165 = LINE ( 'NONE', #4597, #1665 ) ;
#3166 = B_SPLINE_CURVE_WITH_KNOTS ( 'NONE', 3,
 ( #1122, #1779, #1148, #2514 ),
 .UNSPECIFIED., .F., .F.,
 ( 4, 4 ),
 ( 0.000000000000000000, 1.000000000000000000 ),
 .UNSPECIFIED. ) ;
#3167 = CALENDAR_DATE ( 2025, 21, 1 ) ;
#3168 = VERTEX_POINT ( 'NONE', #578 ) ;
#3169 = LINE ( 'NONE', #2440, #3926 ) ;
#3170 = VERTEX_POINT ( 'NONE', #3174 ) ;
#3171 = CARTESIAN_POINT ( 'NONE',  ( -7.778136621149068120, 0.1571573728709474427, -0.7499999971500664886 ) ) ;
#3172 = FACE_BOUND ( 'NONE', #1369, .T. ) ;
#3173 = ORIENTED_EDGE ( 'NONE', *, *, #3414, .T. ) ;
#3174 = CARTESIAN_POINT ( 'NONE',  ( 23.65695811100185253, 9.202560497567514375, -0.7499999936602953499 ) ) ;
#3175 = B_SPLINE_CURVE_WITH_KNOTS ( 'NONE', 3,
 ( #749, #2180, #3611, #1111, #3633, #396, #1811, #3231, #3278, #797 ),
 .UNSPECIFIED., .F., .F.,
 ( 4, 2, 2, 2, 4 ),
 ( 0.000000000000000000, 0.1562665383788146845, 0.3125330767576293689, 0.4687996151364440811, 0.6250661535152588488 ),
 .UNSPECIFIED. ) ;
#3176 = FACE_OUTER_BOUND ( 'NONE', #726, .T. ) ;
#3177 = AXIS2_PLACEMENT_3D ( 'NONE', #370, #4282, #723 ) ;
#3178 = CARTESIAN_POINT ( 'NONE',  ( -1.245389853020690385, 32.86305652014550560, -0.7499999986000001062 ) ) ;
#3179 = AXIS2_PLACEMENT_3D ( 'NONE', #2387, #1528, #3915 ) ;
#3180 = ORIENTED_EDGE ( 'NONE', *, *, #2115, .F. ) ;
#3181 = CARTESIAN_POINT ( 'NONE',  ( -9.334936304585927047, 21.16858394533158005, 0.4499999986000000618 ) ) ;
#3182 = AXIS2_PLACEMENT_3D ( 'NONE', #908, #181, #1266 ) ;
#3183 = ORIENTED_EDGE ( 'NONE', *, *, #1966, .F. ) ;
#3184 = FACE_OUTER_BOUND ( 'NONE', #2207, .T. ) ;
#3185 = CARTESIAN_POINT ( 'NONE',  ( 10.00000013409235677, -18.99999989020051316, -0.7499999993666757181 ) ) ;
#3186 = B_SPLINE_CURVE_WITH_KNOTS ( 'NONE', 3,
 ( #4385, #2601, #3616, #2552 ),
 .UNSPECIFIED., .F., .F.,
 ( 4, 4 ),
 ( 0.000000000000000000, 1.000000000000000000 ),
 .UNSPECIFIED. ) ;
#3187 = CARTESIAN_POINT ( 'NONE',  ( 26.50000000130886590, 1.168400015627568678E-06, 0.4499999986000000618 ) ) ;
#3188 = VERTEX_POINT ( 'NONE', #3487 ) ;
#3189 = CARTESIAN_POINT ( 'NONE',  ( -22.46410144456165270, 30.90896507352547218, -0.7499999985999999952 ) ) ;
#3190 = CALENDAR_DATE ( 2025, 21, 1 ) ;
#3191 = ORIENTED_EDGE ( 'NONE', *, *, #2231, .F. ) ;
#3192 = LINE ( 'NONE', #2835, #4454 ) ;
#3193 = ORIENTED_EDGE ( 'NONE', *, *, #2794, .T. ) ;
#3194 = CARTESIAN_POINT ( 'NONE',  ( 20.69253333261936234, 1.170048502530107726E-06, -0.7499999987613420460 ) ) ;
#3195 = DIRECTION ( 'NONE',  ( 0.8660254035244082660, 0.5000000004503859508, 0.000000000000000000 ) ) ;
#3196 = ADVANCED_FACE ( 'NONE', ( #2472 ), #2447, .F. ) ;
#3197 = VERTEX_POINT ( 'NONE', #3129 ) ;
#3198 = CARTESIAN_POINT ( 'NONE',  ( -29.99999924084964675, -22.51666037680000088, 0.7499999954519940282 ) ) ;
#3199 = DIRECTION ( 'NONE',  ( 0.000000000000000000, 0.000000000000000000, 1.000000000000000000 ) ) ;
#3200 = EDGE_CURVE ( 'NONE', #3667, #1603, #2393, .T. ) ;
#3201 = CARTESIAN_POINT ( 'NONE',  ( 22.24013712578102542, 11.76988095296971260, -0.7499999985999999952 ) ) ;
#3202 = ORIENTED_EDGE ( 'NONE', *, *, #613, .F. ) ;
#3203 = ORIENTED_EDGE ( 'NONE', *, *, #3550, .F. ) ;
#3204 = CARTESIAN_POINT ( 'NONE',  ( -26.49999936210664586, 28.57883827777149577, 0.7500000027832800509 ) ) ;
#3205 = DIRECTION ( 'NONE',  ( 1.000000000000000000, 0.000000000000000000, 0.000000000000000000 ) ) ;
#3206 = EDGE_CURVE ( 'NONE', #2885, #2093, #4468, .T. ) ;
#3207 = CARTESIAN_POINT ( 'NONE',  ( 21.68298478900484838, -12.02163597982602816, 0.7499999961340920729 ) ) ;
#3208 = ORIENTED_EDGE ( 'NONE', *, *, #3139, .T. ) ;
#3209 = CARTESIAN_POINT ( 'NONE',  ( 21.87531874729636883, -18.19180265466199842, 0.7499999965614000397 ) ) ;
#3210 = EDGE_CURVE ( 'NONE', #1081, #472, #2037, .T. ) ;
#3211 = EDGE_CURVE ( 'NONE', #148, #188, #3152, .T. ) ;
#3212 = B_SPLINE_CURVE_WITH_KNOTS ( 'NONE', 3,
 ( #1672, #1714, #3337, #4064, #3088, #845, #253, #3880, #4258, #2846 ),
 .UNSPECIFIED., .F., .F.,
 ( 4, 2, 2, 2, 4 ),
 ( 0.000000000000000000, 0.2500000000000000000, 0.5000000000000000000, 0.7500000000000000000, 1.000000000000000000 ),
 .UNSPECIFIED. ) ;
#3213 = VERTEX_POINT ( 'NONE', #3441 ) ;
#3214 = LINE ( 'NONE', #2509, #1243 ) ;
#3215 = CIRCLE ( 'NONE', #675, 4.999999996476351072 ) ;
#3216 = CARTESIAN_POINT ( 'NONE',  ( 6.743886005189381194E-08, -11.48331470457189596, 0.7499999985999999952 ) ) ;
#3217 = ORIENTED_EDGE ( 'NONE', *, *, #2407, .T. ) ;
#3218 = CARTESIAN_POINT ( 'NONE',  ( -3.999999984091146210, -29.00000001360000823, 0.4499999986000000618 ) ) ;
#3219 = EDGE_CURVE ( 'NONE', #3469, #2178, #3687, .T. ) ;
#3220 = VECTOR ( 'NONE', #582, 1000.000000000000000 ) ;
#3221 = PLANE ( 'NONE',  #1887 ) ;
#3222 = FACE_BOUND ( 'NONE', #3132, .T. ) ;
#3223 = AXIS2_PLACEMENT_3D ( 'NONE', #447, #377, #3966 ) ;
#3224 = ORIENTED_EDGE ( 'NONE', *, *, #1296, .F. ) ;
#3225 = CARTESIAN_POINT ( 'NONE',  ( 8.430565940128026625, -0.3396770756564181371, 0.7499999986000001062 ) ) ;
#3226 = LINE ( 'NONE', #2919, #3261 ) ;
#3227 = AXIS2_PLACEMENT_3D ( 'NONE', #1321, #2385, #3817 ) ;
#3228 = LINE ( 'NONE', #2154, #710 ) ;
#3229 = VERTEX_POINT ( 'NONE', #3085 ) ;
#3230 = VERTEX_POINT ( 'NONE', #3555 ) ;
#3231 = CARTESIAN_POINT ( 'NONE',  ( 8.430013262798658147, -0.3391428559017926614, -0.7499999986000002172 ) ) ;
#3232 = CARTESIAN_POINT ( 'NONE',  ( -8.306424952585157229, 37.99999994548999638, -0.7499999991483438100 ) ) ;
#3233 = EDGE_CURVE ( 'NONE', #3936, #244, #498, .T. ) ;
#3234 = B_SPLINE_CURVE_WITH_KNOTS ( 'NONE', 3,
 ( #1280, #4140, #2394, #3825 ),
 .UNSPECIFIED., .F., .F.,
 ( 4, 4 ),
 ( 0.8181982257749419452, 1.000000000000000000 ),
 .UNSPECIFIED. ) ;
#3235 = DIRECTION ( 'NONE',  ( 1.000000000000000000, 0.000000000000000000, 0.000000000000000000 ) ) ;
#3236 = VERTEX_POINT ( 'NONE', #790 ) ;
#3237 = CARTESIAN_POINT ( 'NONE',  ( 13.81313362763050634, -25.26275304784278575, 0.7499999985999999952 ) ) ;
#3238 = DATE_AND_TIME ( #3167, #1591 ) ;
#3239 = EDGE_CURVE ( 'NONE', #748, #256, #1076, .T. ) ;
#3240 = EDGE_LOOP ( 'NONE', ( #233, #3397, #4636, #2554 ) ) ;
#3241 = ORIENTED_EDGE ( 'NONE', *, *, #20, .F. ) ;
#3242 = CARTESIAN_POINT ( 'NONE',  ( -17.65000010710671319, -30.57069650103857938, 0.4499999986000000618 ) ) ;
#3243 = ORIENTED_EDGE ( 'NONE', *, *, #912, .F. ) ;
#3244 = CARTESIAN_POINT ( 'NONE',  ( 10.00000012444206021, -19.65623882835338421, 0.7499999986000001062 ) ) ;
#3245 = EDGE_CURVE ( 'NONE', #2178, #71, #662, .T. ) ;
#3246 = CARTESIAN_POINT ( 'NONE',  ( 35.07615736424219222, 12.17820161933333090, 0.7499999985999999952 ) ) ;
#3247 = B_SPLINE_CURVE_WITH_KNOTS ( 'NONE', 3,
 ( #3016, #4151, #940, #3331 ),
 .UNSPECIFIED., .F., .F.,
 ( 4, 4 ),
 ( 0.000000000000000000, 1.000000000000000000 ),
 .UNSPECIFIED. ) ;
#3248 = ORIENTED_EDGE ( 'NONE', *, *, #1741, .F. ) ;
#3249 = CARTESIAN_POINT ( 'NONE',  ( 13.07273008394485636, -28.66131842020000420, 0.7499999991237880081 ) ) ;
#3250 = CARTESIAN_POINT ( 'NONE',  ( 34.15000001750884451, -1.149999998699996473, 0.4499999986000000618 ) ) ;
#3251 = CARTESIAN_POINT ( 'NONE',  ( 23.65695811100185253, 9.202560497567514375, -0.7499999936602953499 ) ) ;
#3252 = ORIENTED_EDGE ( 'NONE', *, *, #1849, .F. ) ;
#3253 = ORIENTED_EDGE ( 'NONE', *, *, #3280, .F. ) ;
#3254 = CARTESIAN_POINT ( 'NONE',  ( -16.92092901612970834, -27.00790913758441292, -0.4499999890000000446 ) ) ;
#3255 = CARTESIAN_POINT ( 'NONE',  ( 30.77061681207737820, 16.08790902910350695, -0.7499999979219882373 ) ) ;
#3256 = VECTOR ( 'NONE', #1474, 1000.000000000000000 ) ;
#3257 = AXIS2_PLACEMENT_3D ( 'NONE', #4373, #138, #2542 ) ;
#3258 = CARTESIAN_POINT ( 'NONE',  ( 23.56450835210454997, -9.959363650178540084, 0.7499999986000002172 ) ) ;
#3259 = ORIENTED_EDGE ( 'NONE', *, *, #637, .T. ) ;
#3260 = CARTESIAN_POINT ( 'NONE',  ( -4.999999990724646182, -23.99999988840001564, 0.7499999985708261097 ) ) ;
#3261 = VECTOR ( 'NONE', #2493, 1000.000000000000000 ) ;
#3262 = EDGE_CURVE ( 'NONE', #2122, #3017, #489, .T. ) ;
#3263 = EDGE_LOOP ( 'NONE', ( #2477, #949, #2409, #2032 ) ) ;
#3264 = CARTESIAN_POINT ( 'NONE',  ( -13.25000000069112538, -22.94967320139998535, -0.7499999985999999952 ) ) ;
#3265 = CARTESIAN_POINT ( 'NONE',  ( 10.00000012939236704, -3.999999950200006094, 0.7500000003000401039 ) ) ;
#3266 = VERTEX_POINT ( 'NONE', #3627 ) ;
#3267 = FACE_OUTER_BOUND ( 'NONE', #3904, .T. ) ;
#3268 = CARTESIAN_POINT ( 'NONE',  ( 34.15000001750889425, 1.149999986000016516, 0.4499999986000000618 ) ) ;
#3269 = CARTESIAN_POINT ( 'NONE',  ( -8.306423679943636174, -38.00000113073148356, -0.7499999962373624651 ) ) ;
#3270 = CARTESIAN_POINT ( 'NONE',  ( -29.99999924129115314, -22.51666037679998311, 0.2499999995333333780 ) ) ;
#3271 = VERTEX_POINT ( 'NONE', #3981 ) ;
#3272 = LINE ( 'NONE', #744, #1846 ) ;
#3273 = EDGE_CURVE ( 'NONE', #1298, #1402, #3060, .T. ) ;
#3274 = CARTESIAN_POINT ( 'NONE',  ( 17.07321318935387211, -13.69945564659519377, 0.7499999986000001062 ) ) ;
#3275 = CARTESIAN_POINT ( 'NONE',  ( -16.92092946349115934, 27.00790895080001874, 0.1500000027333333319 ) ) ;
#3276 = ORIENTED_EDGE ( 'NONE', *, *, #284, .T. ) ;
#3277 = ORIENTED_EDGE ( 'NONE', *, *, #73, .F. ) ;
#3278 = CARTESIAN_POINT ( 'NONE',  ( 8.118288027834498877, -0.07012764553140594936, -0.7499999986000001062 ) ) ;
#3279 = CARTESIAN_POINT ( 'NONE',  ( 13.07273007861159364, -32.78756195727732603, -0.7499999985999999952 ) ) ;
#3280 = EDGE_CURVE ( 'NONE', #1774, #995, #3463, .T. ) ;
#3281 = ORIENTED_EDGE ( 'NONE', *, *, #2711, .T. ) ;
#3282 = LINE ( 'NONE', #3988, #1135 ) ;
#3283 = ORIENTED_EDGE ( 'NONE', *, *, #411, .T. ) ;
#3284 = CARTESIAN_POINT ( 'NONE',  ( 31.60000333912332238, 15.66531548029802323, 0.7499999993660599884 ) ) ;
#3285 = EDGE_CURVE ( 'NONE', #2160, #1621, #1335, .T. ) ;
#3286 = EDGE_CURVE ( 'NONE', #1717, #424, #2500, .T. ) ;
#3287 = CARTESIAN_POINT ( 'NONE',  ( -21.39801447556011027, -16.00000112628293536, -0.7499999986000001062 ) ) ;
#3288 = DIRECTION ( 'NONE',  ( 0.000000000000000000, 0.000000000000000000, 1.000000000000000000 ) ) ;
#3289 = ORIENTED_EDGE ( 'NONE', *, *, #3992, .F. ) ;
#3290 = CARTESIAN_POINT ( 'NONE',  ( -18.07092915452951232, -28.99976748558416517, -0.7499999985999999952 ) ) ;
#3291 = CARTESIAN_POINT ( 'NONE',  ( -3.999999984091146210, -29.00000001360000823, 0.4499999986000000618 ) ) ;
#3292 = B_SPLINE_CURVE_WITH_KNOTS ( 'NONE', 3,
 ( #3185, #2069, #3496, #3866 ),
 .UNSPECIFIED., .F., .F.,
 ( 4, 4 ),
 ( 0.000000000000000000, 1.000000000000000000 ),
 .UNSPECIFIED. ) ;
#3293 = CARTESIAN_POINT ( 'NONE',  ( 37.99999879437807948, 7.160965721149539220, 0.7499999920391200448 ) ) ;
#3294 = FACE_OUTER_BOUND ( 'NONE', #4635, .T. ) ;
#3295 = EDGE_LOOP ( 'NONE', ( #2298, #3965, #4338, #4397 ) ) ;
#3296 = CARTESIAN_POINT ( 'NONE',  ( 13.07273008170889206, -30.88710689884331018, 0.7499999985999999952 ) ) ;
#3297 = VECTOR ( 'NONE', #1363, 1000.000000000000000 ) ;
#3298 = LINE ( 'NONE', #3676, #309 ) ;
#3299 = VECTOR ( 'NONE', #132, 1000.000000000000000 ) ;
#3300 = CARTESIAN_POINT ( 'NONE',  ( -13.57612046955141061, 13.78069862837214643, 0.7499999986000002172 ) ) ;
#3301 = EDGE_CURVE ( 'NONE', #2160, #4101, #1049, .T. ) ;
#3302 = ORIENTED_EDGE ( 'NONE', *, *, #569, .F. ) ;
#3303 = ADVANCED_FACE ( 'NONE', ( #1175 ), #1854, .T. ) ;
#3304 = ORIENTED_EDGE ( 'NONE', *, *, #2719, .T. ) ;
#3305 = CARTESIAN_POINT ( 'NONE',  ( 7.072730092637868893, -38.00000112919399697, 0.7500000029346749475 ) ) ;
#3306 = DIRECTION ( 'NONE',  ( -1.520600313429141788E-09, -1.000000000000000000, 0.000000000000000000 ) ) ;
#3307 = VECTOR ( 'NONE', #532, 1000.000000000000000 ) ;
#3308 = EDGE_CURVE ( 'NONE', #1820, #3513, #3272, .T. ) ;
#3309 = VERTEX_POINT ( 'NONE', #2130 ) ;
#3310 = CARTESIAN_POINT ( 'NONE',  ( -9.999999994541152404, -3.999999950200006094, -0.7499999976333775464 ) ) ;
#3311 = ORIENTED_EDGE ( 'NONE', *, *, #2386, .F. ) ;
#3312 = CARTESIAN_POINT ( 'NONE',  ( 14.03926550056774225, -24.81665387483393914, 0.7499999986000001062 ) ) ;
#3313 = CARTESIAN_POINT ( 'NONE',  ( -22.51540116115653234, -15.61939878880309429, -0.7499999985999999952 ) ) ;
#3314 = DIRECTION ( 'NONE',  ( 0.000000000000000000, 0.000000000000000000, 1.000000000000000000 ) ) ;
#3315 = ORIENTED_EDGE ( 'NONE', *, *, #3520, .F. ) ;
#3316 = CARTESIAN_POINT ( 'NONE',  ( 35.10156779517556913, -12.15095244006666064, 0.7499999985999999952 ) ) ;
#3317 = FACE_OUTER_BOUND ( 'NONE', #2148, .T. ) ;
#3318 = B_SPLINE_CURVE_WITH_KNOTS ( 'NONE', 3,
 ( #4438, #1655, #3381, #4462 ),
 .UNSPECIFIED., .F., .F.,
 ( 4, 4 ),
 ( 0.000000000000000000, 1.000000000000000000 ),
 .UNSPECIFIED. ) ;
#3319 = CARTESIAN_POINT ( 'NONE',  ( 4.000000017908872607, -29.00000001360000823, 0.1500000047999999753 ) ) ;
#3320 = CARTESIAN_POINT ( 'NONE',  ( -15.92499998469115674, -27.58290912159999664, 0.1500000047999999753 ) ) ;
#3321 = VERTEX_POINT ( 'NONE', #345 ) ;
#3322 = ORIENTED_EDGE ( 'NONE', *, *, #4313, .T. ) ;
#3323 = CARTESIAN_POINT ( 'NONE',  ( 27.99999999850883015, 1.168400015627568678E-06, -0.7499999985999999952 ) ) ;
#3324 = CARTESIAN_POINT ( 'NONE',  ( -16.07907109165257609, -30.14976745361558486, -0.7550132910086272409 ) ) ;
#3325 = ORIENTED_EDGE ( 'NONE', *, *, #1150, .F. ) ;
#3326 = B_SPLINE_CURVE_WITH_KNOTS ( 'NONE', 3,
 ( #1639, #3434, #153, #591, #2701, #243 ),
 .UNSPECIFIED., .F., .F.,
 ( 4, 2, 4 ),
 ( 0.000000000000000000, 0.5000000000000000000, 1.000000000000000000 ),
 .UNSPECIFIED. ) ;
#3327 = CARTESIAN_POINT ( 'NONE',  ( 34.15000001750889425, -1.149999986000016516, -0.7499999985999999952 ) ) ;
#3328 = DIRECTION ( 'NONE',  ( -1.000000000000000000, 0.000000000000000000, 0.000000000000000000 ) ) ;
#3329 = AXIS2_PLACEMENT_3D ( 'NONE', #4141, #1327, #924 ) ;
#3330 = ORIENTED_EDGE ( 'NONE', *, *, #1136, .T. ) ;
#3331 = CARTESIAN_POINT ( 'NONE',  ( -9.999999997124643158, -18.99999989680001278, -0.7499999977542053387 ) ) ;
#3332 = AXIS2_PLACEMENT_3D ( 'NONE', #2759, #1209, #3111 ) ;
#3333 = ORIENTED_EDGE ( 'NONE', *, *, #3575, .T. ) ;
#3334 = DIRECTION ( 'NONE',  ( -1.000000000000000000, 0.000000000000000000, 0.000000000000000000 ) ) ;
#3335 = CARTESIAN_POINT ( 'NONE',  ( -19.49999948282544437, 15.99999995320001211, -0.7499999985999999952 ) ) ;
#3336 = AXIS2_PLACEMENT_3D ( 'NONE', #1275, #2343, #1633 ) ;
#3337 = CARTESIAN_POINT ( 'NONE',  ( -29.91958358594240153, 23.73834337702029273, 0.7500000111498408284 ) ) ;
#3338 = CARTESIAN_POINT ( 'NONE',  ( 32.98952240316987883, 14.41584370773851731, -0.7499999980067396654 ) ) ;
#3339 = VERTEX_POINT ( 'NONE', #2492 ) ;
#3340 = B_SPLINE_CURVE_WITH_KNOTS ( 'NONE', 3,
 ( #1848, #1071, #2558, #3268 ),
 .UNSPECIFIED., .F., .F.,
 ( 4, 4 ),
 ( 0.000000000000000000, 0.7499999974166666750 ),
 .UNSPECIFIED. ) ;
#3341 = CARTESIAN_POINT ( 'NONE',  ( -14.92907095960271846, -28.15790911661428098, -0.7499999985999999952 ) ) ;
#3342 = CARTESIAN_POINT ( 'NONE',  ( 31.84999999470883125, 1.149999986000016516, 0.4499999986000000618 ) ) ;
#3343 = FACE_OUTER_BOUND ( 'NONE', #4503, .T. ) ;
#3344 = VERTEX_POINT ( 'NONE', #3932 ) ;
#3345 = ORIENTED_EDGE ( 'NONE', *, *, #4188, .T. ) ;
#3346 = CARTESIAN_POINT ( 'NONE',  ( 4.999999999108855953, 8.999999983200002163, 0.4499999986000000618 ) ) ;
#3347 = EDGE_CURVE ( 'NONE', #4557, #2857, #272, .T. ) ;
#3348 = CARTESIAN_POINT ( 'NONE',  ( -14.98471845907441313, 15.61960526176784469, 0.7499999985999999952 ) ) ;
#3349 = ADVANCED_FACE ( 'NONE', ( #2718 ), #3758, .F. ) ;
#3350 = ORIENTED_EDGE ( 'NONE', *, *, #2685, .T. ) ;
#3351 = B_SPLINE_CURVE_WITH_KNOTS ( 'NONE', 3,
 ( #46, #3961, #815, #4637, #4307, #2224, #19, #1480, #2245, #2897 ),
 .UNSPECIFIED., .F., .F.,
 ( 4, 2, 2, 2, 4 ),
 ( 0.000000000000000000, 0.2500000000000000000, 0.5000000000000000000, 0.7500000000000000000, 1.000000000000000000 ),
 .UNSPECIFIED. ) ;
#3352 = CARTESIAN_POINT ( 'NONE',  ( 1.750000022108871844, -29.00000001360000823, 0.4499999986000000618 ) ) ;
#3353 = CARTESIAN_POINT ( 'NONE',  ( -9.999999998291087877, -13.99999991459998228, -0.7499999985999999952 ) ) ;
#3354 = DIRECTION ( 'NONE',  ( 0.000000000000000000, 0.000000000000000000, -1.000000000000000000 ) ) ;
#3355 = ORIENTED_EDGE ( 'NONE', *, *, #471, .T. ) ;
#3356 = CARTESIAN_POINT ( 'NONE',  ( 37.35216671093044738, -9.259095943325716505, -0.7499999985999997731 ) ) ;
#3357 = CARTESIAN_POINT ( 'NONE',  ( 17.68778267963136486, -20.56099660103078364, 0.2499999989377383880 ) ) ;
#3358 = DIRECTION ( 'NONE',  ( 0.000000000000000000, 0.000000000000000000, -1.000000000000000000 ) ) ;
#3359 = EDGE_LOOP ( 'NONE', ( #2568, #1909 ) ) ;
#3360 = CARTESIAN_POINT ( 'NONE',  ( 26.50000000130886590, 1.168400015627568678E-06, 0.4499999986000000618 ) ) ;
#3361 = EDGE_CURVE ( 'NONE', #3344, #3513, #3067, .T. ) ;
#3362 = CARTESIAN_POINT ( 'NONE',  ( -9.852772029538813925, -20.39371587240557915, -0.7499999985999999952 ) ) ;
#3363 = CARTESIAN_POINT ( 'NONE',  ( -11.80642531198713918, -37.06217839539252878, 0.7499999971706561297 ) ) ;
#3364 = LINE ( 'NONE', #4022, #1210 ) ;
#3365 = EDGE_CURVE ( 'NONE', #1754, #2516, #4629, .T. ) ;
#3366 = EDGE_LOOP ( 'NONE', ( #1108, #757, #2804, #1516 ) ) ;
#3367 = LINE ( 'NONE', #1596, #156 ) ;
#3368 = CARTESIAN_POINT ( 'NONE',  ( -14.09758284826301100, 14.84032654045018162, 0.7499999986000001062 ) ) ;
#3369 = AXIS2_PLACEMENT_3D ( 'NONE', #4176, #3867, #4595 ) ;
#3370 = ORIENTED_EDGE ( 'NONE', *, *, #4250, .T. ) ;
#3371 = FACE_OUTER_BOUND ( 'NONE', #3295, .T. ) ;
#3372 = CARTESIAN_POINT ( 'NONE',  ( 22.17472883220886359, -4.601278478400000260, -0.7499999985999999952 ) ) ;
#3373 = VERTEX_POINT ( 'NONE', #2006 ) ;
#3374 = CARTESIAN_POINT ( 'NONE',  ( -13.49999999362713687, -13.00000112719998313, 0.7500000024437449841 ) ) ;
#3375 = CIRCLE ( 'NONE', #1059, 1.500000014351892563 ) ;
#3376 = VERTEX_POINT ( 'NONE', #4484 ) ;
#3377 = CARTESIAN_POINT ( 'NONE',  ( -7.777777786633743418, 0.1573971144148422763, 0.7550880628038695308 ) ) ;
#3378 = VECTOR ( 'NONE', #2534, 1000.000000000000114 ) ;
#3379 = EDGE_CURVE ( 'NONE', #1786, #3266, #4461, .T. ) ;
#3380 = DIRECTION ( 'NONE',  ( -0.5000000085614868528, 0.8660253988414619020, 0.000000000000000000 ) ) ;
#3381 = CARTESIAN_POINT ( 'NONE',  ( -29.99999924129113538, 22.51666060540000203, 0.2500000041270823425 ) ) ;
#3382 = VERTEX_POINT ( 'NONE', #4086 ) ;
#3383 = CARTESIAN_POINT ( 'NONE',  ( -23.99999922709114486, -13.00000112720001511, -0.2499999995333333780 ) ) ;
#3384 = B_SPLINE_CURVE_WITH_KNOTS ( 'NONE', 3,
 ( #2754, #4098, #1244, #3053 ),
 .UNSPECIFIED., .F., .F.,
 ( 4, 4 ),
 ( 0.7461833422092865042, 1.000000000000000000 ),
 .UNSPECIFIED. ) ;
#3385 = CARTESIAN_POINT ( 'NONE',  ( -2.011518823389124577, 34.02510591720997724, -0.7499999964197217039 ) ) ;
#3386 = CARTESIAN_POINT ( 'NONE',  ( 9.870457335574002400, -20.30749423319108260, -0.7499999986000002172 ) ) ;
#3387 = EDGE_LOOP ( 'NONE', ( #1857, #2046, #1816, #1725 ) ) ;
#3388 = CARTESIAN_POINT ( 'NONE',  ( 17.52606057330785561, -13.53463267532051262, -0.7499999952333182840 ) ) ;
#3389 = ORIENTED_EDGE ( 'NONE', *, *, #2301, .F. ) ;
#3390 = CARTESIAN_POINT ( 'NONE',  ( -15.92499998469115674, -27.58290912159999664, 0.4499999986000000618 ) ) ;
#3391 = EDGE_CURVE ( 'NONE', #3685, #1458, #1771, .T. ) ;
#3392 = DIRECTION ( 'NONE',  ( 0.000000000000000000, 0.000000000000000000, -1.000000000000000000 ) ) ;
#3393 = ORIENTED_EDGE ( 'NONE', *, *, #2602, .T. ) ;
#3394 = DIRECTION ( 'NONE',  ( -0.7313537064729761505, 0.6819983548574292120, 0.000000000000000000 ) ) ;
#3395 = CARTESIAN_POINT ( 'NONE',  ( -20.99999923269113467, 12.99999995879999659, 9.757819552369539906E-16 ) ) ;
#3396 = CC_DESIGN_PERSON_AND_ORGANIZATION_ASSIGNMENT ( #1772, #2162, ( #3820 ) ) ;
#3397 = ORIENTED_EDGE ( 'NONE', *, *, #1892, .F. ) ;
#3398 = CARTESIAN_POINT ( 'NONE',  ( 15.22190043251636737, -23.20533159131552026, -0.7499999983070638754 ) ) ;
#3399 = ORIENTED_EDGE ( 'NONE', *, *, #152, .T. ) ;
#3400 = DIRECTION ( 'NONE',  ( 0.000000000000000000, 0.000000000000000000, 1.000000000000000000 ) ) ;
#3401 = CARTESIAN_POINT ( 'NONE',  ( 28.87821676088836398, -16.70329067518100530, -0.7499999971314443847 ) ) ;
#3402 = CIRCLE ( 'NONE', #4525, 1.500000015599949776 ) ;
#3403 = DIRECTION ( 'NONE',  ( -0.5000000004503858397, 0.8660254035244081550, 0.000000000000000000 ) ) ;
#3404 = EDGE_CURVE ( 'NONE', #2239, #1735, #3019, .T. ) ;
#3405 = ORIENTED_EDGE ( 'NONE', *, *, #2241, .T. ) ;
#3406 = DIRECTION ( 'NONE',  ( 1.000000000000000000, 0.000000000000000000, 0.000000000000000000 ) ) ;
#3407 = B_SPLINE_CURVE_WITH_KNOTS ( 'NONE', 3,
 ( #2991, #4429, #2687, #3013 ),
 .UNSPECIFIED., .F., .F.,
 ( 4, 4 ),
 ( 0.000000000000000000, 1.000000000000000000 ),
 .UNSPECIFIED. ) ;
#3408 = EDGE_CURVE ( 'NONE', #1820, #3012, #4530, .T. ) ;
#3409 = VECTOR ( 'NONE', #3000, 1000.000000000000114 ) ;
#3410 = CARTESIAN_POINT ( 'NONE',  ( 13.07273008170886719, -30.33065977290000248, -0.7499999985999999952 ) ) ;
#3411 = VECTOR ( 'NONE', #3011, 1000.000000000000000 ) ;
#3412 = VERTEX_POINT ( 'NONE', #3428 ) ;
#3413 = CARTESIAN_POINT ( 'NONE',  ( 16.50000013850888436, 10.71555715659999741, 9.757819552369539906E-16 ) ) ;
#3414 = EDGE_CURVE ( 'NONE', #2948, #2857, #1119, .T. ) ;
#3415 = FACE_OUTER_BOUND ( 'NONE', #1640, .T. ) ;
#3416 = B_SPLINE_CURVE_WITH_KNOTS ( 'NONE', 3,
 ( #2192, #783, #1562, #1213, #31, #1169, #3691, #1917, #1491, #1869 ),
 .UNSPECIFIED., .F., .F.,
 ( 4, 2, 2, 2, 4 ),
 ( 0.000000000000000000, 0.2500000000000000000, 0.5000000000000000000, 0.7500000000000000000, 1.000000000000000000 ),
 .UNSPECIFIED. ) ;
#3417 = CARTESIAN_POINT ( 'NONE',  ( 17.07251404229125313, 13.69971243233482028, 0.7499999986000001062 ) ) ;
#3418 = EDGE_CURVE ( 'NONE', #361, #479, #3484, .T. ) ;
#3419 = EDGE_LOOP ( 'NONE', ( #4576, #3809 ) ) ;
#3420 = CARTESIAN_POINT ( 'NONE',  ( -22.46410219474762116, -30.90896482219498864, 0.4499999986000000618 ) ) ;
#3421 = FACE_OUTER_BOUND ( 'NONE', #1787, .T. ) ;
#3422 = CARTESIAN_POINT ( 'NONE',  ( -9.999999998307639970, -18.99999989009701196, 0.7499999985666601088 ) ) ;
#3423 = ORIENTED_EDGE ( 'NONE', *, *, #1943, .F. ) ;
#3424 = DIRECTION ( 'NONE',  ( 1.000000000000000000, 0.000000000000000000, 0.000000000000000000 ) ) ;
#3425 = ORIENTED_EDGE ( 'NONE', *, *, #1896, .F. ) ;
#3426 = CARTESIAN_POINT ( 'NONE',  ( 13.61669132933698378, -11.67362068205915193, -0.7499999986000001062 ) ) ;
#3427 = EDGE_CURVE ( 'NONE', #2143, #3816, #3637, .T. ) ;
#3428 = CARTESIAN_POINT ( 'NONE',  ( 10.00000013409235677, -18.99999989020051316, -0.7499999993666757181 ) ) ;
#3429 = EDGE_CURVE ( 'NONE', #600, #4013, #885, .T. ) ;
#3430 = CARTESIAN_POINT ( 'NONE',  ( -16.07907107609112174, -30.14976746259998563, 0.1500000027333333319 ) ) ;
#3431 = ORIENTED_EDGE ( 'NONE', *, *, #2553, .T. ) ;
#3432 = DIRECTION ( 'NONE',  ( 0.000000000000000000, 0.000000000000000000, 1.000000000000000000 ) ) ;
#3433 = ADVANCED_FACE ( 'NONE', ( #3800 ), #519, .T. ) ;
#3434 = CARTESIAN_POINT ( 'NONE',  ( 37.99999879450893303, -7.160966375567789477, 0.7499999899553165816 ) ) ;
#3435 = ORIENTED_EDGE ( 'NONE', *, *, #4380, .T. ) ;
#3436 = CARTESIAN_POINT ( 'NONE',  ( -8.979685570386354954, -0.9454073293910465470, 0.7499999986000001062 ) ) ;
#3437 = EDGE_CURVE ( 'NONE', #1769, #1409, #3846, .T. ) ;
#3438 = DIRECTION ( 'NONE',  ( 1.000000000000000000, 0.000000000000000000, 0.000000000000000000 ) ) ;
#3439 = DIRECTION ( 'NONE',  ( -0.5000000575844151252, -0.8660253705380585032, 0.000000000000000000 ) ) ;
#3440 = ORIENTED_EDGE ( 'NONE', *, *, #65, .T. ) ;
#3441 = CARTESIAN_POINT ( 'NONE',  ( 31.84999999470883125, -1.150000011399976430, -0.7499999985999999952 ) ) ;
#3442 = CARTESIAN_POINT ( 'NONE',  ( 23.47600221316234581, 8.176500030271510511, -0.7499999954130937008 ) ) ;
#3443 = EDGE_CURVE ( 'NONE', #263, #3579, #3628, .T. ) ;
#3444 = AXIS2_PLACEMENT_3D ( 'NONE', #2455, #3821, #4575 ) ;
#3445 = CARTESIAN_POINT ( 'NONE',  ( 35.30000000350891298, 0.000000000000000000, 0.1500000047999999753 ) ) ;
#3446 = ORIENTED_EDGE ( 'NONE', *, *, #1092, .F. ) ;
#3447 = CARTESIAN_POINT ( 'NONE',  ( 31.84999999470883125, -1.150000011399976430, 0.1500000027333332209 ) ) ;
#3448 = ORIENTED_EDGE ( 'NONE', *, *, #451, .T. ) ;
#3449 = CARTESIAN_POINT ( 'NONE',  ( -11.80642439905063590, 37.06217791210497836, 0.7500000022562499646 ) ) ;
#3450 = CIRCLE ( 'NONE', #900, 1.499999997199990220 ) ;
#3451 = CARTESIAN_POINT ( 'NONE',  ( -11.75000000349110607, -22.94967320139998535, 0.1500000047999999753 ) ) ;
#3452 = EDGE_CURVE ( 'NONE', #4152, #1989, #190, .T. ) ;
#3453 = CC_DESIGN_APPROVAL ( #559, ( #228 ) ) ;
#3454 = DIRECTION ( 'NONE',  ( 0.000000000000000000, 0.000000000000000000, 1.000000000000000000 ) ) ;
#3455 = ORIENTED_EDGE ( 'NONE', *, *, #1836, .T. ) ;
#3456 = CARTESIAN_POINT ( 'NONE',  ( 37.99999881990883921, -4.761796928000015861, -0.7499999985999999952 ) ) ;
#3457 = AXIS2_PLACEMENT_3D ( 'NONE', #1723, #1391, #4219 ) ;
#3458 = CARTESIAN_POINT ( 'NONE',  ( -21.78081828157622013, 15.92367184309504857, -0.7499999985999998842 ) ) ;
#3459 = CARTESIAN_POINT ( 'NONE',  ( -22.46410144456165270, 30.90896507352547218, -0.7499999985999999952 ) ) ;
#3460 = EDGE_LOOP ( 'NONE', ( #3140, #4591, #3183, #2104 ) ) ;
#3461 = CARTESIAN_POINT ( 'NONE',  ( -9.949405757953677210, -3.181350829277134640, 0.7499999986000001062 ) ) ;
#3462 = DIRECTION ( 'NONE',  ( 0.000000000000000000, 0.000000000000000000, 1.000000000000000000 ) ) ;
#3463 = B_SPLINE_CURVE_WITH_KNOTS ( 'NONE', 3,
 ( #4280, #2517, #3580, #4299 ),
 .UNSPECIFIED., .F., .F.,
 ( 4, 4 ),
 ( 0.000000000000000000, 1.000000000000000000 ),
 .UNSPECIFIED. ) ;
#3464 = CARTESIAN_POINT ( 'NONE',  ( -16.07907051574822432, 30.14976769209048868, -0.4499999890000000446 ) ) ;
#3465 = CARTESIAN_POINT ( 'NONE',  ( 17.52606057124986449, -13.53463267363449951, 0.7499999963187521379 ) ) ;
#3466 = B_SPLINE_CURVE_WITH_KNOTS ( 'NONE', 3,
 ( #1032, #2453, #3516, #3135 ),
 .UNSPECIFIED., .F., .F.,
 ( 4, 4 ),
 ( 0.000000000000000000, 1.000000000000000000 ),
 .UNSPECIFIED. ) ;
#3467 = CARTESIAN_POINT ( 'NONE',  ( -29.99999924129115314, -7.505553382733318735, 0.7499999985999999952 ) ) ;
#3468 = CARTESIAN_POINT ( 'NONE',  ( 20.29734338205046740, 12.52597056379238083, -0.7499999985999999952 ) ) ;
#3469 = VERTEX_POINT ( 'NONE', #2048 ) ;
#3470 = CARTESIAN_POINT ( 'NONE',  ( -1.666666635357809678, -23.99999987900000420, 0.7499999985999999952 ) ) ;
#3471 = ORIENTED_EDGE ( 'NONE', *, *, #4345, .T. ) ;
#3472 = CYLINDRICAL_SURFACE ( 'NONE', #2, 6.000000014200000287 ) ;
#3473 = CARTESIAN_POINT ( 'NONE',  ( -15.53589923927614613, -34.90896528546699784, 0.4499999986000000618 ) ) ;
#3474 = CYLINDRICAL_SURFACE ( 'NONE', #4417, 2.999999994400010195 ) ;
#3475 = VERTEX_POINT ( 'NONE', #3473 ) ;
#3476 = CARTESIAN_POINT ( 'NONE',  ( 4.000000017908872607, -29.00000001360000823, 0.4499999986000000618 ) ) ;
#3477 = APPLICATION_PROTOCOL_DEFINITION ( 'international standard', 'config_control_design', 1994, #2388 ) ;
#3478 = AXIS2_PLACEMENT_3D ( 'NONE', #314, #1747, #4603 ) ;
#3479 = DIRECTION ( 'NONE',  ( -0.000000000000000000, -0.000000000000000000, -1.000000000000000000 ) ) ;
#3480 = VERTEX_POINT ( 'NONE', #259 ) ;
#3481 = FACE_OUTER_BOUND ( 'NONE', #3615, .T. ) ;
#3482 = CIRCLE ( 'NONE', #1172, 1.499999997200020641 ) ;
#3483 = DIRECTION ( 'NONE',  ( 1.000000000000000000, 0.000000000000000000, 0.000000000000000000 ) ) ;
#3484 = CIRCLE ( 'NONE', #3028, 2.249999995800000541 ) ;
#3485 = CARTESIAN_POINT ( 'NONE',  ( -4.999999990691149421, -23.99999987900000420, -0.2499999995333333780 ) ) ;
#3486 = AXIS2_PLACEMENT_3D ( 'NONE', #3346, #2613, #112 ) ;
#3487 = CARTESIAN_POINT ( 'NONE',  ( 13.50000012862187582, 10.71555715659999741, 0.7499999964708481404 ) ) ;
#3488 = DIRECTION ( 'NONE',  ( 0.000000000000000000, 0.000000000000000000, -1.000000000000000000 ) ) ;
#3489 = EDGE_CURVE ( 'NONE', #4101, #3197, #3568, .T. ) ;
#3490 = ADVANCED_FACE ( 'NONE', ( #3116 ), #1699, .F. ) ;
#3491 = CARTESIAN_POINT ( 'NONE',  ( -9.567427771888626253, -21.03435567363848335, 0.7499999985999999952 ) ) ;
#3492 = ORIENTED_EDGE ( 'NONE', *, *, #167, .F. ) ;
#3493 = CARTESIAN_POINT ( 'NONE',  ( -4.999999990724646182, -23.99999988840001564, 0.7499999985708261097 ) ) ;
#3494 = ORIENTED_EDGE ( 'NONE', *, *, #3414, .F. ) ;
#3495 = LINE ( 'NONE', #3884, #2775 ) ;
#3496 = CARTESIAN_POINT ( 'NONE',  ( 10.00000013370888219, -8.999999925800313605, -0.7499999985999999952 ) ) ;
#3497 = B_SPLINE_CURVE_WITH_KNOTS ( 'NONE', 3,
 ( #3491, #4169, #605, #1558, #937, #3422 ),
 .UNSPECIFIED., .F., .F.,
 ( 4, 2, 4 ),
 ( 0.7332900982152726899, 0.8666450491076362894, 1.000000000000000000 ),
 .UNSPECIFIED. ) ;
#3498 = DIRECTION ( 'NONE',  ( 0.000000000000000000, 0.000000000000000000, 1.000000000000000000 ) ) ;
#3499 = ORIENTED_EDGE ( 'NONE', *, *, #590, .F. ) ;
#3500 = CYLINDRICAL_SURFACE ( 'NONE', #1733, 1.499999999598310430 ) ;
#3501 = CARTESIAN_POINT ( 'NONE',  ( -23.99999922725062973, 12.99999995879999659, -0.7499999982814162802 ) ) ;
#3502 = EDGE_CURVE ( 'NONE', #3017, #1907, #2454, .T. ) ;
#3503 = EDGE_CURVE ( 'NONE', #3376, #3309, #329, .T. ) ;
#3504 = DIRECTION ( 'NONE',  ( -0.000000000000000000, -0.000000000000000000, -1.000000000000000000 ) ) ;
#3505 = ORIENTED_EDGE ( 'NONE', *, *, #3233, .T. ) ;
#3506 = CARTESIAN_POINT ( 'NONE',  ( 37.99999881990883921, -4.318000124126086803E-07, -0.7499999985999999952 ) ) ;
#3507 = CARTESIAN_POINT ( 'NONE',  ( -9.999999998291153602, -13.99999991460003734, 0.7499999985999999952 ) ) ;
#3508 = CARTESIAN_POINT ( 'NONE',  ( -7.660176330764021380, 37.94868047039302184, -0.7499999986000001062 ) ) ;
#3509 = VERTEX_POINT ( 'NONE', #681 ) ;
#3510 = CARTESIAN_POINT ( 'NONE',  ( -8.306424950203716406, 37.99999994458219277, 0.2499999997705633081 ) ) ;
#3511 = CARTESIAN_POINT ( 'NONE',  ( 21.87531874983037028, -18.19180265394748730, -0.7499999958137953948 ) ) ;
#3512 = DIRECTION ( 'NONE',  ( 1.000000000000000000, 0.000000000000000000, 0.000000000000000000 ) ) ;
#3513 = VERTEX_POINT ( 'NONE', #4197 ) ;
#3514 = LINE ( 'NONE', #1674, #2620 ) ;
#3515 = ORIENTED_EDGE ( 'NONE', *, *, #3871, .F. ) ;
#3516 = CARTESIAN_POINT ( 'NONE',  ( -23.80940133887106924, -30.13225586405616596, -0.7499999985999999952 ) ) ;
#3517 = FACE_OUTER_BOUND ( 'NONE', #3942, .T. ) ;
#3518 = AXIS2_PLACEMENT_3D ( 'NONE', #2159, #3589, #3684 ) ;
#3519 = CARTESIAN_POINT ( 'NONE',  ( 37.99999881990883921, 6.285392255199997003, 0.2499999995333333780 ) ) ;
#3520 = EDGE_CURVE ( 'NONE', #691, #2821, #599, .T. ) ;
#3521 = ORIENTED_EDGE ( 'NONE', *, *, #1693, .T. ) ;
#3522 = CARTESIAN_POINT ( 'NONE',  ( -10.08493650609113068, -22.46762270499999659, 0.4499999986000000618 ) ) ;
#3523 = PERSON_AND_ORGANIZATION ( #1631, #828 ) ;
#3524 = CARTESIAN_POINT ( 'NONE',  ( -11.80642531048511934, -37.06217839597849917, -0.7499999963850274565 ) ) ;
#3525 = VERTEX_POINT ( 'NONE', #2764 ) ;
#3526 = AXIS2_PLACEMENT_3D ( 'NONE', #2778, #999, #3052 ) ;
#3527 = PLANE ( 'NONE',  #4574 ) ;
#3528 = VECTOR ( 'NONE', #3109, 1000.000000000000000 ) ;
#3529 = CARTESIAN_POINT ( 'NONE',  ( -3.999999984091146210, -29.00000001360000823, 0.4499999986000000618 ) ) ;
#3530 = ORIENTED_EDGE ( 'NONE', *, *, #4404, .F. ) ;
#3531 = DIRECTION ( 'NONE',  ( -1.000000000000000000, 0.000000000000000000, 0.000000000000000000 ) ) ;
#3532 = CARTESIAN_POINT ( 'NONE',  ( 4.000000017908872607, -29.00000001360000823, -0.7499999985999999952 ) ) ;
#3533 = CARTESIAN_POINT ( 'NONE',  ( 22.60299245876976926, 11.49090091281215287, -0.7499999985999999952 ) ) ;
#3534 = EDGE_LOOP ( 'NONE', ( #2488, #2067, #4470, #3333 ) ) ;
#3535 = CARTESIAN_POINT ( 'NONE',  ( -23.99999922678364328, -13.00000113041899219, 0.7499999992146959560 ) ) ;
#3536 = ORIENTED_EDGE ( 'NONE', *, *, #1778, .T. ) ;
#3537 = CARTESIAN_POINT ( 'NONE',  ( -14.29274030605896506, 35.62670273075001859, -0.7499999985999999952 ) ) ;
#3538 = CARTESIAN_POINT ( 'NONE',  ( 31.84999999470883125, 1.149999986000016516, 0.1500000027333335262 ) ) ;
#3539 = FACE_OUTER_BOUND ( 'NONE', #2382, .T. ) ;
#3540 = ORIENTED_EDGE ( 'NONE', *, *, #3930, .F. ) ;
#3541 = CARTESIAN_POINT ( 'NONE',  ( 21.87531874983037028, -18.19180265394748730, -0.7499999958137953948 ) ) ;
#3542 = PERSON_AND_ORGANIZATION ( #1631, #828 ) ;
#3543 = EDGE_CURVE ( 'NONE', #1422, #1419, #4228, .T. ) ;
#3544 = ORIENTED_EDGE ( 'NONE', *, *, #2313, .F. ) ;
#3545 = ADVANCED_FACE ( 'NONE', ( #2089 ), #2413, .F. ) ;
#3546 = CARTESIAN_POINT ( 'NONE',  ( -11.75000000349110607, 22.94967320139998535, 0.1500000047999999753 ) ) ;
#3547 = ORIENTED_EDGE ( 'NONE', *, *, #1055, .F. ) ;
#3548 = B_SPLINE_CURVE_WITH_KNOTS ( 'NONE', 3,
 ( #2110, #1785, #3178, #2800, #1382, #1080 ),
 .UNSPECIFIED., .F., .F.,
 ( 4, 2, 4 ),
 ( 0.000000000000000000, 0.5000000000000000000, 1.000000000000000000 ),
 .UNSPECIFIED. ) ;
#3549 = CARTESIAN_POINT ( 'NONE',  ( -29.60260873657709269, 24.92149605457374051, -0.7499999985999998842 ) ) ;
#3550 = EDGE_CURVE ( 'NONE', #4033, #3309, #3105, .T. ) ;
#3551 = CARTESIAN_POINT ( 'NONE',  ( 8.999257375578071816, -22.07170842517164999, 0.7499999986000001062 ) ) ;
#3552 = CARTESIAN_POINT ( 'NONE',  ( 21.68298478900484838, -12.02163597982602816, 0.7499999961340920729 ) ) ;
#3553 = EDGE_CURVE ( 'NONE', #3412, #4089, #3292, .T. ) ;
#3554 = ORIENTED_EDGE ( 'NONE', *, *, #2782, .T. ) ;
#3555 = CARTESIAN_POINT ( 'NONE',  ( -8.584936287291206725, 22.46762206999999734, 0.7499999985999999952 ) ) ;
#3556 = CARTESIAN_POINT ( 'NONE',  ( -22.46410219474762116, -30.90896482219498864, 0.7499999985999999952 ) ) ;
#3557 = ADVANCED_FACE ( 'NONE', ( #3517 ), #4593, .T. ) ;
#3558 = DIRECTION ( 'NONE',  ( 1.000000000000000000, 0.000000000000000000, 0.000000000000000000 ) ) ;
#3559 = AXIS2_PLACEMENT_3D ( 'NONE', #3532, #3488, #2425 ) ;
#3560 = VERTEX_POINT ( 'NONE', #4240 ) ;
#3561 = EDGE_LOOP ( 'NONE', ( #2623, #536, #1599, #212 ) ) ;
#3562 = PLANE ( 'NONE',  #3227 ) ;
#3563 = DIRECTION ( 'NONE',  ( -0.000000000000000000, -0.000000000000000000, -1.000000000000000000 ) ) ;
#3564 = EDGE_CURVE ( 'NONE', #4158, #3376, #2213, .T. ) ;
#3565 = LINE ( 'NONE', #3163, #2918 ) ;
#3566 = EDGE_LOOP ( 'NONE', ( #2847, #3894, #155, #660, #348, #2008, #1529, #2151, #1063, #4059 ) ) ;
#3567 = FACE_OUTER_BOUND ( 'NONE', #3032, .T. ) ;
#3568 = B_SPLINE_CURVE_WITH_KNOTS ( 'NONE', 3,
 ( #1388, #990, #3162, #2829 ),
 .UNSPECIFIED., .F., .F.,
 ( 4, 4 ),
 ( 0.000000000000000000, 1.000000000000000000 ),
 .UNSPECIFIED. ) ;
#3569 = APPROVAL_STATUS ( 'not_yet_approved' ) ;
#3570 = VERTEX_POINT ( 'NONE', #1056 ) ;
#3571 = CARTESIAN_POINT ( 'NONE',  ( -22.46410144456165270, 30.90896507352547218, -0.7499999985999999952 ) ) ;
#3572 = CARTESIAN_POINT ( 'NONE',  ( 13.50000012534788318, -10.71555481374200625, 0.7499999961666700132 ) ) ;
#3573 = B_SPLINE_CURVE_WITH_KNOTS ( 'NONE', 3,
 ( #1158, #1527, #772, #2595 ),
 .UNSPECIFIED., .F., .F.,
 ( 4, 4 ),
 ( 0.000000000000000000, 1.000000000000000000 ),
 .UNSPECIFIED. ) ;
#3574 = ORIENTED_EDGE ( 'NONE', *, *, #2313, .T. ) ;
#3575 = EDGE_CURVE ( 'NONE', #1989, #2736, #791, .T. ) ;
#3576 = DIRECTION ( 'NONE',  ( 1.000000000000000000, -6.033819126968210382E-15, 0.000000000000000000 ) ) ;
#3577 = CARTESIAN_POINT ( 'NONE',  ( -23.99999922900014582, 12.99999995879999659, 0.7499999991378600850 ) ) ;
#3578 = ADVANCED_FACE ( 'NONE', ( #1367 ), #4526, .T. ) ;
#3579 = VERTEX_POINT ( 'NONE', #1322 ) ;
#3580 = CARTESIAN_POINT ( 'NONE',  ( -13.49999998329112749, 4.333332927011688263, -0.7499999985999999952 ) ) ;
#3581 = PLANE ( 'NONE',  #266 ) ;
#3582 = B_SPLINE_CURVE_WITH_KNOTS ( 'NONE', 3,
 ( #1847, #1121, #3623, #2937, #4339, #1145, #2584, #2235, #3668, #589 ),
 .UNSPECIFIED., .F., .F.,
 ( 4, 2, 2, 2, 4 ),
 ( 0.000000000000000000, 0.2499999999999994449, 0.4999999999999988898, 0.7499999999999992228, 1.000000000000000000 ),
 .UNSPECIFIED. ) ;
#3583 = CARTESIAN_POINT ( 'NONE',  ( -5.499999981291137097, -29.00000001360000823, 0.1500000047999999753 ) ) ;
#3584 = ORIENTED_EDGE ( 'NONE', *, *, #663, .T. ) ;
#3585 = ORIENTED_EDGE ( 'NONE', *, *, #1597, .T. ) ;
#3586 = DIRECTION ( 'NONE',  ( 1.000000000000000000, 0.000000000000000000, 0.000000000000000000 ) ) ;
#3587 = ADVANCED_FACE ( 'NONE', ( #4174 ), #966, .T. ) ;
#3588 = CARTESIAN_POINT ( 'NONE',  ( 12.31482635410971405, -35.02340534686980789, -0.7499999985999998842 ) ) ;
#3589 = DIRECTION ( 'NONE',  ( -0.5000000595740070608, -0.8660253693893670279, 0.000000000000000000 ) ) ;
#3590 = EDGE_LOOP ( 'NONE', ( #3724, #1385, #2485, #3345 ) ) ;
#3591 = B_SPLINE_CURVE_WITH_KNOTS ( 'NONE', 3,
 ( #3493, #3470, #4260, #2785 ),
 .UNSPECIFIED., .F., .F.,
 ( 4, 4 ),
 ( 0.000000000000000000, 1.000000000000000000 ),
 .UNSPECIFIED. ) ;
#3592 = FACE_OUTER_BOUND ( 'NONE', #506, .T. ) ;
#3593 = EDGE_CURVE ( 'NONE', #1053, #355, #2230, .T. ) ;
#3594 = EDGE_LOOP ( 'NONE', ( #2660, #1204, #3584, #1792, #2594 ) ) ;
#3595 = ORIENTED_EDGE ( 'NONE', *, *, #2311, .F. ) ;
#3596 = VECTOR ( 'NONE', #4390, 1000.000000000000000 ) ;
#3597 = CYLINDRICAL_SURFACE ( 'NONE', #4190, 1.499999997200020641 ) ;
#3598 = VERTEX_POINT ( 'NONE', #729 ) ;
#3599 = CARTESIAN_POINT ( 'NONE',  ( 17.52606056345737429, 13.53463501031249017, 0.7499999961666841131 ) ) ;
#3600 = CARTESIAN_POINT ( 'NONE',  ( 20.69253333330883748, 1.168400015627568678E-06, 0.2500000021348166568 ) ) ;
#3601 = DIRECTION ( 'NONE',  ( 0.000000000000000000, 0.000000000000000000, -1.000000000000000000 ) ) ;
#3602 = VECTOR ( 'NONE', #3023, 1000.000000000000114 ) ;
#3603 = AXIS2_PLACEMENT_3D ( 'NONE', #2982, #4040, #877 ) ;
#3604 = ORIENTED_EDGE ( 'NONE', *, *, #4075, .F. ) ;
#3605 = CARTESIAN_POINT ( 'NONE',  ( 8.979475479999980081, -0.9451901405248579469, 0.7499999985999998842 ) ) ;
#3606 = CARTESIAN_POINT ( 'NONE',  ( 25.00000000410887324, 1.168400015627568678E-06, 0.4499999986000000618 ) ) ;
#3607 = AXIS2_PLACEMENT_3D ( 'NONE', #4214, #1718, #4570 ) ;
#3608 = CARTESIAN_POINT ( 'NONE',  ( -4.999999990691144980, -3.999999950200006094, 0.000000000000000000 ) ) ;
#3609 = ORIENTED_EDGE ( 'NONE', *, *, #34, .T. ) ;
#3610 = ORIENTED_EDGE ( 'NONE', *, *, #3211, .T. ) ;
#3611 = CARTESIAN_POINT ( 'NONE',  ( 9.949405893332137651, -3.181350830068190749, -0.7499999986000002172 ) ) ;
#3612 = FACE_BOUND ( 'NONE', #2797, .T. ) ;
#3613 = ADVANCED_FACE ( 'NONE', ( #2158 ), #1505, .T. ) ;
#3614 = CARTESIAN_POINT ( 'NONE',  ( 23.65695811307835683, -9.202558160769507722, 0.7499999951323020886 ) ) ;
#3615 = EDGE_LOOP ( 'NONE', ( #1936, #1245, #2303, #4192 ) ) ;
#3616 = CARTESIAN_POINT ( 'NONE',  ( 21.74097103804507114, -3.409538739408432662, -0.7499999985999999952 ) ) ;
#3617 = PERSON_AND_ORGANIZATION_ROLE ( 'design_supplier' ) ;
#3618 = ORIENTED_EDGE ( 'NONE', *, *, #1794, .F. ) ;
#3619 = CARTESIAN_POINT ( 'NONE',  ( 13.50000012534788318, -10.71555481374200625, 0.7499999961666700132 ) ) ;
#3620 = ADVANCED_FACE ( 'NONE', ( #2898 ), #4330, .F. ) ;
#3621 = CARTESIAN_POINT ( 'NONE',  ( -1.890884440237161623, 33.81616101929299845, -0.7500000009613524421 ) ) ;
#3622 = VERTEX_POINT ( 'NONE', #422 ) ;
#3623 = CARTESIAN_POINT ( 'NONE',  ( -23.92367112517532490, 13.78081900500150958, 0.7499999985999999952 ) ) ;
#3624 = DIRECTION ( 'NONE',  ( 0.000000000000000000, 0.000000000000000000, -1.000000000000000000 ) ) ;
#3625 = CARTESIAN_POINT ( 'NONE',  ( -10.70820863877304596, -37.60337810329868802, 0.7499999943119698420 ) ) ;
#3626 = VERTEX_POINT ( 'NONE', #3987 ) ;
#3627 = CARTESIAN_POINT ( 'NONE',  ( -14.74999999789114469, 22.94967320139998535, -0.7499999985999999952 ) ) ;
#3628 = B_SPLINE_CURVE_WITH_KNOTS ( 'NONE', 3,
 ( #4410, #2278, #544, #1207, #1984, #3401 ),
 .UNSPECIFIED., .F., .F.,
 ( 4, 2, 4 ),
 ( 0.000000000000000000, 0.4999999999999991118, 1.000000000000000000 ),
 .UNSPECIFIED. ) ;
#3629 = CARTESIAN_POINT ( 'NONE',  ( 36.11947526929787244, -11.05938028777550564, 0.7499999957184361188 ) ) ;
#3630 = DIRECTION ( 'NONE',  ( 1.000000000000000000, 0.000000000000000000, 0.000000000000000000 ) ) ;
#3631 = VERTEX_POINT ( 'NONE', #21 ) ;
#3632 = ORIENTED_EDGE ( 'NONE', *, *, #2508, .T. ) ;
#3633 = CARTESIAN_POINT ( 'NONE',  ( 9.602225710834595418, -2.003212934136877177, -0.7499999986000002172 ) ) ;
#3634 = EDGE_CURVE ( 'NONE', #1339, #1309, #4381, .T. ) ;
#3635 = VECTOR ( 'NONE', #2615, 1000.000000000000000 ) ;
#3636 = DIRECTION ( 'NONE',  ( 0.000000000000000000, 0.000000000000000000, -1.000000000000000000 ) ) ;
#3637 = CIRCLE ( 'NONE', #2429, 2.249999995800000541 ) ;
#3638 = CARTESIAN_POINT ( 'NONE',  ( 23.12389218509322930, -10.93112153429130906, 0.7499999986000001062 ) ) ;
#3639 = EDGE_LOOP ( 'NONE', ( #2749, #1229, #1501, #2145 ) ) ;
#3640 = CARTESIAN_POINT ( 'NONE',  ( 30.77061680839987545, 16.08790903072851464, 0.7499999988234319348 ) ) ;
#3641 = B_SPLINE_CURVE_WITH_KNOTS ( 'NONE', 3,
 ( #4112, #2029, #4529, #1942 ),
 .UNSPECIFIED., .F., .F.,
 ( 4, 4 ),
 ( 0.000000000000000000, 1.000000000000000000 ),
 .UNSPECIFIED. ) ;
#3642 = ORIENTED_EDGE ( 'NONE', *, *, #1612, .F. ) ;
#3643 = CARTESIAN_POINT ( 'NONE',  ( -20.99999923269113467, 15.99999995320000679, -0.7499999984407081932 ) ) ;
#3644 = DIRECTION ( 'NONE',  ( 0.000000000000000000, 0.000000000000000000, 1.000000000000000000 ) ) ;
#3645 = ORIENTED_EDGE ( 'NONE', *, *, #543, .F. ) ;
#3646 = CARTESIAN_POINT ( 'NONE',  ( 37.99999881990883921, -3.999998832599993559, 0.4499999986000000618 ) ) ;
#3647 = FACE_BOUND ( 'NONE', #1902, .T. ) ;
#3648 = ADVANCED_FACE ( 'NONE', ( #374, #3940 ), #773, .T. ) ;
#3649 = EDGE_CURVE ( 'NONE', #4038, #1339, #3713, .T. ) ;
#3650 = CARTESIAN_POINT ( 'NONE',  ( 1.946345499294212189, -38.00000113979998417, -0.7499999985999999952 ) ) ;
#3651 = CARTESIAN_POINT ( 'NONE',  ( 21.97351496517585900, 11.91589397805552686, 0.7499999986000003283 ) ) ;
#3652 = ORIENTED_EDGE ( 'NONE', *, *, #3842, .T. ) ;
#3653 = B_SPLINE_CURVE_WITH_KNOTS ( 'NONE', 3,
 ( #1256, #1585, #2676, #2697 ),
 .UNSPECIFIED., .F., .F.,
 ( 4, 4 ),
 ( 0.000000000000000000, 1.000000000000000000 ),
 .UNSPECIFIED. ) ;
#3654 = CARTESIAN_POINT ( 'NONE',  ( 13.07273008170881567, -28.66131842020002196, -0.2499999984148046916 ) ) ;
#3655 = CARTESIAN_POINT ( 'NONE',  ( -11.80642439784915254, 37.06217791305748932, -0.7500000015666826725 ) ) ;
#3656 = CARTESIAN_POINT ( 'NONE',  ( -13.50000000199112726, 13.39801519620555403, 0.7499999986000002172 ) ) ;
#3657 = ORIENTED_EDGE ( 'NONE', *, *, #2273, .T. ) ;
#3658 = ORIENTED_EDGE ( 'NONE', *, *, #2863, .F. ) ;
#3659 = CARTESIAN_POINT ( 'NONE',  ( -14.41506335509112802, -19.96762242180000158, 0.7499999985999999952 ) ) ;
#3660 = FACE_OUTER_BOUND ( 'NONE', #1160, .T. ) ;
#3661 = EDGE_LOOP ( 'NONE', ( #1673, #2270, #1075, #3448 ) ) ;
#3662 = CARTESIAN_POINT ( 'NONE',  ( -14.98459806690127749, -15.61939878644956359, 0.7499999986000001062 ) ) ;
#3663 = ORIENTED_EDGE ( 'NONE', *, *, #2231, .T. ) ;
#3664 = CARTESIAN_POINT ( 'NONE',  ( -13.66506332722111594, 18.66858396669801579, 0.7499999985999999952 ) ) ;
#3665 = CARTESIAN_POINT ( 'NONE',  ( -23.40231333987839335, -14.84022465914643085, -0.7499999985999999952 ) ) ;
#3666 = CARTESIAN_POINT ( 'NONE',  ( 10.00000013370885910, -3.999999950200029630, 0.2499999995333333780 ) ) ;
#3667 = VERTEX_POINT ( 'NONE', #3232 ) ;
#3668 = CARTESIAN_POINT ( 'NONE',  ( -21.39801447981028204, 15.99999993990302016, 0.7499999986000001062 ) ) ;
#3669 = DIRECTION ( 'NONE',  ( 0.000000000000000000, 0.000000000000000000, -1.000000000000000000 ) ) ;
#3670 = AXIS2_PLACEMENT_3D ( 'NONE', #3996, #1560, #3948 ) ;
#3671 = CARTESIAN_POINT ( 'NONE',  ( -13.49999999362713687, -13.00000112719998313, 0.7500000024437449841 ) ) ;
#3672 = CARTESIAN_POINT ( 'NONE',  ( -29.99999924129115314, -22.51666037679998311, -0.2499999995333333780 ) ) ;
#3673 = ORIENTED_EDGE ( 'NONE', *, *, #124, .T. ) ;
#3674 = ORIENTED_EDGE ( 'NONE', *, *, #1923, .F. ) ;
#3675 = AXIS2_PLACEMENT_3D ( 'NONE', #3829, #2033, #3079 ) ;
#3676 = CARTESIAN_POINT ( 'NONE',  ( 3.500000001908865066, 8.999999983200002163, 0.1500000047999999753 ) ) ;
#3677 = CIRCLE ( 'NONE', #3750, 1.499999997199991109 ) ;
#3678 = CARTESIAN_POINT ( 'NONE',  ( -14.65967340729350887, 15.40241710065565073, -0.7499999986000002172 ) ) ;
#3679 = ORIENTED_EDGE ( 'NONE', *, *, #3308, .F. ) ;
#3680 = FACE_OUTER_BOUND ( 'NONE', #3590, .T. ) ;
#3681 = VECTOR ( 'NONE', #2094, 1000.000000000000227 ) ;
#3682 = FACE_OUTER_BOUND ( 'NONE', #4066, .T. ) ;
#3683 = ORIENTED_EDGE ( 'NONE', *, *, #524, .F. ) ;
#3684 = DIRECTION ( 'NONE',  ( 0.8660253693893669169, -0.5000000595740069498, 0.000000000000000000 ) ) ;
#3685 = VERTEX_POINT ( 'NONE', #1461 ) ;
#3686 = CARTESIAN_POINT ( 'NONE',  ( 14.87954715045697540, -23.57246056756428132, 0.7499999986000001062 ) ) ;
#3687 = B_SPLINE_CURVE_WITH_KNOTS ( 'NONE', 3,
 ( #4516, #3296, #88, #3249 ),
 .UNSPECIFIED., .F., .F.,
 ( 4, 4 ),
 ( 0.000000000000000000, 1.000000000000000000 ),
 .UNSPECIFIED. ) ;
#3688 = CARTESIAN_POINT ( 'NONE',  ( -9.999999996407659353, -3.999999950200006094, 0.7499999985708261097 ) ) ;
#3689 = CARTESIAN_POINT ( 'NONE',  ( 23.65697733599736452, -9.202558192881015842, -0.7499999936604241357 ) ) ;
#3690 = ORIENTED_EDGE ( 'NONE', *, *, #105, .F. ) ;
#3691 = CARTESIAN_POINT ( 'NONE',  ( -29.60246726189514632, -24.92165098165274273, -0.7499999986000001062 ) ) ;
#3692 = B_SPLINE_CURVE_WITH_KNOTS ( 'NONE', 3,
 ( #3840, #630, #1762, #1054 ),
 .UNSPECIFIED., .F., .F.,
 ( 4, 4 ),
 ( 0.000000000000000000, 0.2224837898438794814 ),
 .UNSPECIFIED. ) ;
#3693 = EDGE_CURVE ( 'NONE', #121, #2810, #2877, .T. ) ;
#3694 = CARTESIAN_POINT ( 'NONE',  ( 3.999999789308872344, -38.00000113979998417, -0.7499999985999999952 ) ) ;
#3695 = CARTESIAN_POINT ( 'NONE',  ( 15.22190043410885529, -23.20533159279998259, -0.2499999995333333780 ) ) ;
#3696 = CARTESIAN_POINT ( 'NONE',  ( 34.15000001750889425, -1.149999986000016516, -0.4499999890000000446 ) ) ;
#3697 = ADVANCED_FACE ( 'NONE', ( #3660, #750 ), #703, .T. ) ;
#3698 = ORIENTED_EDGE ( 'NONE', *, *, #2704, .F. ) ;
#3699 = ORIENTED_EDGE ( 'NONE', *, *, #4424, .F. ) ;
#3700 = B_SPLINE_CURVE_WITH_KNOTS ( 'NONE', 3,
 ( #4281, #346, #2473, #3629 ),
 .UNSPECIFIED., .F., .F.,
 ( 4, 4 ),
 ( 0.000000000000000000, 1.000000000000000000 ),
 .UNSPECIFIED. ) ;
#3701 = LINE ( 'NONE', #4427, #1921 ) ;
#3702 = ORIENTED_EDGE ( 'NONE', *, *, #4234, .F. ) ;
#3703 = CARTESIAN_POINT ( 'NONE',  ( 31.84999999470883125, 0.000000000000000000, -0.7499999985999999952 ) ) ;
#3704 = CARTESIAN_POINT ( 'NONE',  ( -14.29274126539456446, -35.62670299213385050, -0.7499999985999999952 ) ) ;
#3705 = VECTOR ( 'NONE', #273, 1000.000000000000000 ) ;
#3706 = EDGE_CURVE ( 'NONE', #2802, #1820, #1880, .T. ) ;
#3707 = ORIENTED_EDGE ( 'NONE', *, *, #1342, .F. ) ;
#3708 = DIRECTION ( 'NONE',  ( 0.000000000000000000, 0.000000000000000000, 1.000000000000000000 ) ) ;
#3709 = VERTEX_POINT ( 'NONE', #95 ) ;
#3710 = LINE ( 'NONE', #3377, #2107 ) ;
#3711 = B_SPLINE_CURVE_WITH_KNOTS ( 'NONE', 3,
 ( #354, #4014, #1113, #4287, #1815, #399, #4309, #1462, #1085, #3310 ),
 .UNSPECIFIED., .F., .F.,
 ( 4, 2, 2, 2, 4 ),
 ( 0.3750436216584638327, 0.5312827162438479300, 0.6875218108292320274, 0.8437609054146160137, 1.000000000000000000 ),
 .UNSPECIFIED. ) ;
#3712 = CARTESIAN_POINT ( 'NONE',  ( 23.47600221376736229, -8.176497692327977518, -0.7499999952007280202 ) ) ;
#3713 = CIRCLE ( 'NONE', #1765, 1.150000316200029626 ) ;
#3714 = ADVANCED_FACE ( 'NONE', ( #4379, #1481, #3612 ), #397, .T. ) ;
#3715 = CARTESIAN_POINT ( 'NONE',  ( 6.499999996308847727, 8.999999983200002163, 0.4499999986000000618 ) ) ;
#3716 = CARTESIAN_POINT ( 'NONE',  ( -16.07907107609112174, -30.14976746259998563, -0.1499999931333333147 ) ) ;
#3717 = ORIENTED_EDGE ( 'NONE', *, *, #4386, .F. ) ;
#3718 = AXIS2_PLACEMENT_3D ( 'NONE', #3934, #722, #2518 ) ;
#3719 = CARTESIAN_POINT ( 'NONE',  ( -10.08493650609113068, -22.46762270499999659, 0.7499999985999999952 ) ) ;
#3720 = DIRECTION ( 'NONE',  ( 0.5000000045653940628, -0.8660254011486071546, 0.000000000000000000 ) ) ;
#3721 = B_SPLINE_CURVE_WITH_KNOTS ( 'NONE', 3,
 ( #1920, #1827, #133, #1566 ),
 .UNSPECIFIED., .F., .F.,
 ( 4, 4 ),
 ( 0.000000000000000000, 0.5000000000000000000 ),
 .UNSPECIFIED. ) ;
#3722 = CARTESIAN_POINT ( 'NONE',  ( -25.15470005694441724, 29.35554720147497676, -0.7499999985999999952 ) ) ;
#3723 = CYLINDRICAL_SURFACE ( 'NONE', #1807, 5.000000007599999741 ) ;
#3724 = ORIENTED_EDGE ( 'NONE', *, *, #86, .T. ) ;
#3725 = DIRECTION ( 'NONE',  ( -0.000000000000000000, -0.000000000000000000, -1.000000000000000000 ) ) ;
#3726 = CARTESIAN_POINT ( 'NONE',  ( -13.49999998640763543, 12.99999995879999659, 0.7500000026999951164 ) ) ;
#3727 = EDGE_CURVE ( 'NONE', #689, #2502, #3957, .T. ) ;
#3728 = ORIENTED_EDGE ( 'NONE', *, *, #101, .T. ) ;
#3729 = CARTESIAN_POINT ( 'NONE',  ( -20.99999923269113467, -16.00000112316099532, 0.7499999991378600850 ) ) ;
#3730 = CARTESIAN_POINT ( 'NONE',  ( -16.92092901612970834, -27.00790913758441292, 0.4499999986000000618 ) ) ;
#3731 = ORIENTED_EDGE ( 'NONE', *, *, #3564, .T. ) ;
#3732 = CARTESIAN_POINT ( 'NONE',  ( -29.99999924209464908, 22.51666060821649751, 0.7500000026525549535 ) ) ;
#3733 = ORIENTED_EDGE ( 'NONE', *, *, #2685, .F. ) ;
#3734 = CARTESIAN_POINT ( 'NONE',  ( -8.306423679943636174, -38.00000113073148356, -0.7499999962373624651 ) ) ;
#3735 = CARTESIAN_POINT ( 'NONE',  ( 21.07256201516839411, -18.36243386610738426, -0.7499999986000001062 ) ) ;
#3736 = DIRECTION ( 'NONE',  ( -1.000000000000000000, 0.000000000000000000, 0.000000000000000000 ) ) ;
#3737 = FACE_OUTER_BOUND ( 'NONE', #4030, .T. ) ;
#3738 = EDGE_CURVE ( 'NONE', #1051, #1535, #3117, .T. ) ;
#3739 = DIRECTION ( 'NONE',  ( 1.000000000000000000, 0.000000000000000000, 0.000000000000000000 ) ) ;
#3740 = CARTESIAN_POINT ( 'NONE',  ( -11.80642531048511934, -37.06217839597849917, -0.7499999963850274565 ) ) ;
#3741 = ORIENTED_EDGE ( 'NONE', *, *, #1789, .T. ) ;
#3742 = DIRECTION ( 'NONE',  ( 1.000000000000000000, 0.000000000000000000, 0.000000000000000000 ) ) ;
#3743 = ORIENTED_EDGE ( 'NONE', *, *, #730, .F. ) ;
#3744 = ADVANCED_FACE ( 'NONE', ( #1790 ), #469, .F. ) ;
#3745 = DIRECTION ( 'NONE',  ( 1.000000000000000000, 0.000000000000000000, 0.000000000000000000 ) ) ;
#3746 = DIRECTION ( 'NONE',  ( -1.000000000000000000, 0.000000000000000000, 0.000000000000000000 ) ) ;
#3747 = ORIENTED_EDGE ( 'NONE', *, *, #1203, .T. ) ;
#3748 = CARTESIAN_POINT ( 'NONE',  ( -20.99999923480563879, -16.00000112238050676, -0.7499999982814162802 ) ) ;
#3749 = CARTESIAN_POINT ( 'NONE',  ( -4.999999986825653941, -23.99999988890000324, -0.7499999976333540097 ) ) ;
#3750 = AXIS2_PLACEMENT_3D ( 'NONE', #4393, #3669, #503 ) ;
#3751 = ADVANCED_FACE ( 'NONE', ( #204 ), #3057, .F. ) ;
#3752 = ORIENTED_EDGE ( 'NONE', *, *, #3693, .T. ) ;
#3753 = CARTESIAN_POINT ( 'NONE',  ( -8.306424949854646300, 37.99999994530750769, 0.7500000012817760187 ) ) ;
#3754 = ORIENTED_EDGE ( 'NONE', *, *, #458, .F. ) ;
#3755 = FACE_OUTER_BOUND ( 'NONE', #1328, .T. ) ;
#3756 = VECTOR ( 'NONE', #1928, 999.9999999999998863 ) ;
#3757 = EDGE_CURVE ( 'NONE', #713, #1081, #2064, .T. ) ;
#3758 = CYLINDRICAL_SURFACE ( 'NONE', #3336, 1.150000316200030737 ) ;
#3759 = B_SPLINE_CURVE_WITH_KNOTS ( 'NONE', 3,
 ( #4517, #227, #2018, #3511 ),
 .UNSPECIFIED., .F., .F.,
 ( 4, 4 ),
 ( 0.000000000000000000, 1.000000000000000000 ),
 .UNSPECIFIED. ) ;
#3760 = AXIS2_PLACEMENT_3D ( 'NONE', #1436, #3986, #934 ) ;
#3761 = LINE ( 'NONE', #4065, #2912 ) ;
#3762 = ORIENTED_EDGE ( 'NONE', *, *, #2782, .F. ) ;
#3763 = FACE_OUTER_BOUND ( 'NONE', #4172, .T. ) ;
#3764 = EDGE_CURVE ( 'NONE', #148, #1007, #173, .T. ) ;
#3765 = CARTESIAN_POINT ( 'NONE',  ( 31.84999999470883125, 0.000000000000000000, 0.1500000047999999753 ) ) ;
#3766 = ORIENTED_EDGE ( 'NONE', *, *, #1750, .F. ) ;
#3767 = CARTESIAN_POINT ( 'NONE',  ( 21.68298479463184947, -12.02163597843702902, -0.7499999953069438341 ) ) ;
#3768 = B_SPLINE_CURVE_WITH_KNOTS ( 'NONE', 3,
 ( #1202, #1935, #1953, #3374 ),
 .UNSPECIFIED., .F., .F.,
 ( 4, 4 ),
 ( 0.000000000000000000, 1.000000000000000000 ),
 .UNSPECIFIED. ) ;
#3769 = DIRECTION ( 'NONE',  ( 0.000000000000000000, 0.000000000000000000, 1.000000000000000000 ) ) ;
#3770 = ADVANCED_FACE ( 'NONE', ( #1247 ), #557, .F. ) ;
#3771 = CARTESIAN_POINT ( 'NONE',  ( 13.50000012889959855, 11.19746727092481287, 0.7499999986000001062 ) ) ;
#3772 = ORIENTED_EDGE ( 'NONE', *, *, #4180, .T. ) ;
#3773 = CARTESIAN_POINT ( 'NONE',  ( 35.10156779909197411, -12.15095243586679885, -0.7499999985999999952 ) ) ;
#3774 = CARTESIAN_POINT ( 'NONE',  ( -17.07500012309112591, -29.57476746960002600, 0.4499999986000000618 ) ) ;
#3775 = ADVANCED_FACE ( 'NONE', ( #3421 ), #2246, .F. ) ;
#3776 = ORIENTED_EDGE ( 'NONE', *, *, #1568, .F. ) ;
#3777 = CYLINDRICAL_SURFACE ( 'NONE', #2028, 6.999999995400012054 ) ;
#3778 = ORIENTED_EDGE ( 'NONE', *, *, #365, .T. ) ;
#3779 = CARTESIAN_POINT ( 'NONE',  ( 36.41905008448043191, -10.73812563217914651, -0.7499999985999998842 ) ) ;
#3780 = EDGE_CURVE ( 'NONE', #1553, #2666, #2905, .T. ) ;
#3781 = CARTESIAN_POINT ( 'NONE',  ( 23.47600221421736322, -8.176497693117484644, 0.7499999962881899185 ) ) ;
#3782 = CARTESIAN_POINT ( 'NONE',  ( 31.84999999470883125, -1.150000011399976430, -0.4499999890000000446 ) ) ;
#3783 = EDGE_LOOP ( 'NONE', ( #4482, #770, #1868, #810 ) ) ;
#3784 = CARTESIAN_POINT ( 'NONE',  ( 36.11947482510802843, 11.05938055588142888, -0.2499999952069839881 ) ) ;
#3785 = AXIS2_PLACEMENT_3D ( 'NONE', #3608, #42, #2476 ) ;
#3786 = VECTOR ( 'NONE', #2116, 1000.000000000000000 ) ;
#3787 = DIRECTION ( 'NONE',  ( 0.000000000000000000, 0.000000000000000000, 1.000000000000000000 ) ) ;
#3788 = ORIENTED_EDGE ( 'NONE', *, *, #3757, .T. ) ;
#3789 = DIRECTION ( 'NONE',  ( -1.000000000000000000, 0.000000000000000000, 0.000000000000000000 ) ) ;
#3790 = DIRECTION ( 'NONE',  ( 0.000000000000000000, 0.000000000000000000, 1.000000000000000000 ) ) ;
#3791 = CARTESIAN_POINT ( 'NONE',  ( 26.50000000130886590, 1.168400015627568678E-06, -0.7499999985999999952 ) ) ;
#3792 = FACE_OUTER_BOUND ( 'NONE', #2460, .T. ) ;
#3793 = ADVANCED_FACE ( 'NONE', ( #3682 ), #141, .F. ) ;
#3794 = LINE ( 'NONE', #251, #1927 ) ;
#3795 = DIRECTION ( 'NONE',  ( 1.000000000000000000, 0.000000000000000000, 0.000000000000000000 ) ) ;
#3796 = ORIENTED_EDGE ( 'NONE', *, *, #451, .F. ) ;
#3797 = DIRECTION ( 'NONE',  ( -1.520600313429141788E-09, -1.000000000000000000, 0.000000000000000000 ) ) ;
#3798 = EDGE_LOOP ( 'NONE', ( #2929, #2044, #618, #2097 ) ) ;
#3799 = CARTESIAN_POINT ( 'NONE',  ( -14.29274030758382885, 35.62670272986966324, 0.7499999985999999952 ) ) ;
#3800 = FACE_OUTER_BOUND ( 'NONE', #3151, .T. ) ;
#3801 = DIRECTION ( 'NONE',  ( -1.000000000000000000, 0.000000000000000000, 0.000000000000000000 ) ) ;
#3802 = ORIENTED_EDGE ( 'NONE', *, *, #2654, .T. ) ;
#3803 = CARTESIAN_POINT ( 'NONE',  ( 37.99999881061339124, -6.285393118987014915, -0.7499999947857590721 ) ) ;
#3804 = CARTESIAN_POINT ( 'NONE',  ( -11.80642531198713918, -37.06217839539252878, 0.7499999971706561297 ) ) ;
#3805 = VERTEX_POINT ( 'NONE', #2316 ) ;
#3806 = LINE ( 'NONE', #903, #2395 ) ;
#3807 = CARTESIAN_POINT ( 'NONE',  ( 10.76001040512946361, -36.79800217162822662, 0.7500000116040199671 ) ) ;
#3808 = CARTESIAN_POINT ( 'NONE',  ( 37.99999881990883921, 4.000001169399997281, 0.4499999986000000618 ) ) ;
#3809 = ORIENTED_EDGE ( 'NONE', *, *, #4581, .T. ) ;
#3810 = CARTESIAN_POINT ( 'NONE',  ( -8.306424952585157229, 37.99999994548999638, -0.7499999991483438100 ) ) ;
#3811 = CARTESIAN_POINT ( 'NONE',  ( 33.00000000610880591, -1.150000011399976430, -0.4499999890000000446 ) ) ;
#3812 = AXIS2_PLACEMENT_3D ( 'NONE', #3021, #1635, #4485 ) ;
#3813 = CARTESIAN_POINT ( 'NONE',  ( 13.50000013010338407, 10.71555715438349310, -0.7499999952333064046 ) ) ;
#3814 = ORIENTED_EDGE ( 'NONE', *, *, #1281, .T. ) ;
#3815 = CARTESIAN_POINT ( 'NONE',  ( 19.60452268230886119, 12.77813667379998286, -0.7499999985999999952 ) ) ;
#3816 = VERTEX_POINT ( 'NONE', #1646 ) ;
#3817 = DIRECTION ( 'NONE',  ( 0.000000000000000000, 0.000000000000000000, 1.000000000000000000 ) ) ;
#3818 = DIRECTION ( 'NONE',  ( 1.000000000000000000, 0.000000000000000000, 0.000000000000000000 ) ) ;
#3819 = AXIS2_PLACEMENT_3D ( 'NONE', #2229, #3400, #584 ) ;
#3820 = PRODUCT_DEFINITION_FORMATION_WITH_SPECIFIED_SOURCE ( 'ANY', '', #307, .NOT_KNOWN. ) ;
#3821 = DIRECTION ( 'NONE',  ( 0.000000000000000000, 0.000000000000000000, 1.000000000000000000 ) ) ;
#3822 = ORIENTED_EDGE ( 'NONE', *, *, #1930, .T. ) ;
#3823 = CARTESIAN_POINT ( 'NONE',  ( 23.59713630189500577, -8.509310880881702843, -0.7499999985999999952 ) ) ;
#3824 = B_SPLINE_CURVE_WITH_KNOTS ( 'NONE', 3,
 ( #433, #107, #3695, #1216 ),
 .UNSPECIFIED., .F., .F.,
 ( 4, 4 ),
 ( 0.000000000000000000, 1.000000000000000000 ),
 .UNSPECIFIED. ) ;
#3825 = CARTESIAN_POINT ( 'NONE',  ( 37.99999881183935457, 6.285392255374000925, 0.7499999964130399377 ) ) ;
#3826 = CARTESIAN_POINT ( 'NONE',  ( 10.00000013409235677, -18.99999989020051316, -0.7499999993666757181 ) ) ;
#3827 = ORIENTED_EDGE ( 'NONE', *, *, #3502, .F. ) ;
#3828 = B_SPLINE_CURVE_WITH_KNOTS ( 'NONE', 3,
 ( #1292, #4492, #2038, #2684 ),
 .UNSPECIFIED., .F., .F.,
 ( 4, 4 ),
 ( 0.000000000000000000, 1.000000000000000000 ),
 .UNSPECIFIED. ) ;
#3829 = CARTESIAN_POINT ( 'NONE',  ( -3.999999984091146210, -29.00000001360000823, -0.7499999985999999952 ) ) ;
#3830 = ADVANCED_FACE ( 'NONE', ( #3014 ), #1576, .F. ) ;
#3831 = EDGE_CURVE ( 'NONE', #795, #2446, #4302, .T. ) ;
#3832 = CARTESIAN_POINT ( 'NONE',  ( 7.072730092637868893, -38.00000112919399697, 0.7500000029346749475 ) ) ;
#3833 = CYLINDRICAL_SURFACE ( 'NONE', #941, 2.999999994400010195 ) ;
#3834 = DIRECTION ( 'NONE',  ( 1.000000000000000000, 0.000000000000000000, 0.000000000000000000 ) ) ;
#3835 = CARTESIAN_POINT ( 'NONE',  ( 31.00000075490888563, -6.285393118800025825, 0.000000000000000000 ) ) ;
#3836 = CARTESIAN_POINT ( 'NONE',  ( 18.91170197627955574, 13.03030278609625014, -0.7499999985999999952 ) ) ;
#3837 = ORIENTED_EDGE ( 'NONE', *, *, #1980, .F. ) ;
#3838 = CARTESIAN_POINT ( 'NONE',  ( 37.99999881990883921, -6.285393118800001844, -0.2499999995333333780 ) ) ;
#3839 = ORIENTED_EDGE ( 'NONE', *, *, #1589, .T. ) ;
#3840 = CARTESIAN_POINT ( 'NONE',  ( 23.47600221421736322, -8.176497693117484644, 0.7499999962881899185 ) ) ;
#3841 = DIRECTION ( 'NONE',  ( 1.000000000000000000, 0.000000000000000000, 0.000000000000000000 ) ) ;
#3842 = EDGE_CURVE ( 'NONE', #2890, #2002, #2458, .T. ) ;
#3843 = CARTESIAN_POINT ( 'NONE',  ( -20.99999923269113467, -16.00000112159999333, 0.2499999995333333780 ) ) ;
#3844 = ORIENTED_EDGE ( 'NONE', *, *, #788, .T. ) ;
#3845 = CARTESIAN_POINT ( 'NONE',  ( 21.74097103950968801, 3.409541080232452170, 0.7499999985999999952 ) ) ;
#3846 = B_SPLINE_CURVE_WITH_KNOTS ( 'NONE', 3,
 ( #1939, #2323, #3335, #126 ),
 .UNSPECIFIED., .F., .F.,
 ( 4, 4 ),
 ( 0.000000000000000000, 1.000000000000000000 ),
 .UNSPECIFIED. ) ;
#3847 = CARTESIAN_POINT ( 'NONE',  ( -2.011518820091125814, 34.02510591460000455, 0.2499999995333333780 ) ) ;
#3848 = AXIS2_PLACEMENT_3D ( 'NONE', #3529, #4630, #364 ) ;
#3849 = CARTESIAN_POINT ( 'NONE',  ( -16.50000000309115222, -16.00000112316099532, -0.7500000015687918742 ) ) ;
#3850 = B_SPLINE_CURVE_WITH_KNOTS ( 'NONE', 3,
 ( #2277, #496, #943, #3356, #1606, #145, #3779, #1582 ),
 .UNSPECIFIED., .F., .F.,
 ( 4, 2, 2, 4 ),
 ( 0.000000000000000000, 0.5000000000000002220, 0.7500000000000001110, 1.000000000000000000 ),
 .UNSPECIFIED. ) ;
#3851 = ORIENTED_EDGE ( 'NONE', *, *, #1901, .F. ) ;
#3852 = CIRCLE ( 'NONE', #633, 1.499999997199991109 ) ;
#3853 = CARTESIAN_POINT ( 'NONE',  ( -9.999999996407659353, -3.999999950200006094, 0.7499999985708261097 ) ) ;
#3854 = CARTESIAN_POINT ( 'NONE',  ( 37.99999881990883921, 4.000001169399997281, -0.7499999985999999952 ) ) ;
#3855 = VERTEX_POINT ( 'NONE', #513 ) ;
#3856 = CIRCLE ( 'NONE', #492, 1.499999997199990220 ) ;
#3857 = CYLINDRICAL_SURFACE ( 'NONE', #4578, 1.499999997199990220 ) ;
#3858 = CARTESIAN_POINT ( 'NONE',  ( -17.07500012309112591, -29.57476746960002600, 0.1500000047999999753 ) ) ;
#3859 = B_SPLINE_CURVE_WITH_KNOTS ( 'NONE', 3,
 ( #1532, #2184, #1184, #1115, #1464, #3237, #3312, #1484, #3686, #425 ),
 .UNSPECIFIED., .F., .F.,
 ( 4, 2, 2, 2, 4 ),
 ( 0.000000000000000000, 0.2500000000000000000, 0.5000000000000000000, 0.7500000000000000000, 1.000000000000000000 ),
 .UNSPECIFIED. ) ;
#3860 = ADVANCED_FACE ( 'NONE', ( #2644 ), #1952, .F. ) ;
#3861 = CARTESIAN_POINT ( 'NONE',  ( 33.06575283267082455, -14.33409673057500733, -0.7499999969216506468 ) ) ;
#3862 = VERTEX_POINT ( 'NONE', #2357 ) ;
#3863 = CARTESIAN_POINT ( 'NONE',  ( -14.77500015109115061, -27.58290912159999664, 0.1500000047999999753 ) ) ;
#3864 = ORIENTED_EDGE ( 'NONE', *, *, #4196, .F. ) ;
#3865 = FACE_OUTER_BOUND ( 'NONE', #2842, .T. ) ;
#3866 = CARTESIAN_POINT ( 'NONE',  ( 10.00000013172536129, -3.999999950200006094, -0.7499999992708412666 ) ) ;
#3867 = DIRECTION ( 'NONE',  ( 0.000000000000000000, 0.000000000000000000, 1.000000000000000000 ) ) ;
#3868 = ORIENTED_EDGE ( 'NONE', *, *, #437, .T. ) ;
#3869 = CARTESIAN_POINT ( 'NONE',  ( -14.41506332969114190, 19.96762209159999557, 0.4499999986000000618 ) ) ;
#3870 = APPROVAL_DATE_TIME ( #2459, #2621 ) ;
#3871 = EDGE_CURVE ( 'NONE', #244, #1614, #1186, .T. ) ;
#3872 = DIRECTION ( 'NONE',  ( -0.9999999999999998890, -1.104346072232124844E-08, 0.000000000000000000 ) ) ;
#3873 = ORIENTED_EDGE ( 'NONE', *, *, #2807, .F. ) ;
#3874 = CARTESIAN_POINT ( 'NONE',  ( -3.999999984091146210, -29.00000001360000823, 0.4499999986000000618 ) ) ;
#3875 = FACE_BOUND ( 'NONE', #142, .T. ) ;
#3876 = EDGE_CURVE ( 'NONE', #2125, #1402, #4360, .T. ) ;
#3877 = ORIENTED_EDGE ( 'NONE', *, *, #3408, .F. ) ;
#3878 = CARTESIAN_POINT ( 'NONE',  ( 21.97351497356133265, -11.91589163987353572, -0.7499999986000001062 ) ) ;
#3879 = CARTESIAN_POINT ( 'NONE',  ( 6.499999996308847727, 8.999999983200002163, 0.1500000047999999753 ) ) ;
#3880 = CARTESIAN_POINT ( 'NONE',  ( -27.51779984655103206, 27.89835488844697053, 0.7500000111498400512 ) ) ;
#3881 = ORIENTED_EDGE ( 'NONE', *, *, #3054, .F. ) ;
#3882 = DIRECTION ( 'NONE',  ( 0.000000000000000000, 0.000000000000000000, 1.000000000000000000 ) ) ;
#3883 = ORIENTED_EDGE ( 'NONE', *, *, #3502, .T. ) ;
#3884 = CARTESIAN_POINT ( 'NONE',  ( 30.69999998330885660, 6.436517985264345043E-10, 0.1500000047999999753 ) ) ;
#3885 = DIRECTION ( 'NONE',  ( 0.000000000000000000, 0.000000000000000000, 1.000000000000000000 ) ) ;
#3886 = EDGE_CURVE ( 'NONE', #842, #691, #276, .T. ) ;
#3887 = AXIS2_PLACEMENT_3D ( 'NONE', #494, #4406, #3424 ) ;
#3888 = CARTESIAN_POINT ( 'NONE',  ( -9.567427771888626253, -21.03435567363848335, 0.7499999985999999952 ) ) ;
#3889 = EDGE_CURVE ( 'NONE', #3579, #2948, #3759, .T. ) ;
#3890 = ORIENTED_EDGE ( 'NONE', *, *, #851, .F. ) ;
#3891 = AXIS2_PLACEMENT_3D ( 'NONE', #3113, #1408, #3797 ) ;
#3892 = DIRECTION ( 'NONE',  ( 1.000000000000000000, 0.000000000000000000, 0.000000000000000000 ) ) ;
#3893 = DATE_AND_TIME ( #1465, #2771 ) ;
#3894 = ORIENTED_EDGE ( 'NONE', *, *, #1545, .T. ) ;
#3895 = ADVANCED_FACE ( 'NONE', ( #2380 ), #2406, .T. ) ;
#3896 = LINE ( 'NONE', #337, #1240 ) ;
#3897 = ORIENTED_EDGE ( 'NONE', *, *, #3738, .F. ) ;
#3898 = CARTESIAN_POINT ( 'NONE',  ( -29.92035134323296930, 23.73529168952789448, -0.7499999986000001062 ) ) ;
#3899 = AXIS2_PLACEMENT_3D ( 'NONE', #3161, #4239, #2047 ) ;
#3900 = AXIS2_PLACEMENT_3D ( 'NONE', #2910, #669, #57 ) ;
#3901 = CARTESIAN_POINT ( 'NONE',  ( -6.331276155842113340, -23.86538528208599530, 0.7499999986000001062 ) ) ;
#3902 = EDGE_CURVE ( 'NONE', #2012, #3922, #2025, .T. ) ;
#3903 = CARTESIAN_POINT ( 'NONE',  ( 7.072730092637868893, -38.00000112919399697, 0.7500000029346749475 ) ) ;
#3904 = EDGE_LOOP ( 'NONE', ( #1950, #2738, #2971, #1862 ) ) ;
#3905 = CARTESIAN_POINT ( 'NONE',  ( 17.52606057095537651, 13.53463500962698340, -0.7499999953385155793 ) ) ;
#3906 = CARTESIAN_POINT ( 'NONE',  ( 10.00000013172536129, -3.999999950200006094, -0.7499999992708412666 ) ) ;
#3907 = EDGE_CURVE ( 'NONE', #256, #500, #43, .T. ) ;
#3908 = DIRECTION ( 'NONE',  ( 0.000000000000000000, 0.000000000000000000, 1.000000000000000000 ) ) ;
#3909 = ORIENTED_EDGE ( 'NONE', *, *, #3273, .T. ) ;
#3910 = CARTESIAN_POINT ( 'NONE',  ( -26.49999936210664586, 28.57883827777149577, 0.7500000027832800509 ) ) ;
#3911 = VERTEX_POINT ( 'NONE', #2042 ) ;
#3912 = B_SPLINE_CURVE_WITH_KNOTS ( 'NONE', 3,
 ( #2822, #2105, #624, #648 ),
 .UNSPECIFIED., .F., .F.,
 ( 4, 4 ),
 ( 0.000000000000000000, 1.000000000000000000 ),
 .UNSPECIFIED. ) ;
#3913 = CARTESIAN_POINT ( 'NONE',  ( 2.750000003308855412, 8.999999983200002163, 0.7499999985999999952 ) ) ;
#3914 = EDGE_CURVE ( 'NONE', #563, #4508, #1381, .T. ) ;
#3915 = DIRECTION ( 'NONE',  ( 1.000000000000000000, 0.000000000000000000, 0.000000000000000000 ) ) ;
#3916 = DIRECTION ( 'NONE',  ( 0.000000000000000000, 0.000000000000000000, 1.000000000000000000 ) ) ;
#3917 = EDGE_CURVE ( 'NONE', #3213, #1349, #3794, .T. ) ;
#3918 = EDGE_LOOP ( 'NONE', ( #2339, #1373, #2755, #1188 ) ) ;
#3919 = CARTESIAN_POINT ( 'NONE',  ( 23.65747900464741704, -8.851331070012495417, -0.7499999985999999952 ) ) ;
#3920 = B_SPLINE_CURVE_WITH_KNOTS ( 'NONE', 3,
 ( #2750, #1329, #3102, #1615 ),
 .UNSPECIFIED., .F., .F.,
 ( 4, 4 ),
 ( 0.000000000000000000, 1.000000000000000000 ),
 .UNSPECIFIED. ) ;
#3921 = EDGE_CURVE ( 'NONE', #3012, #4273, #2799, .T. ) ;
#3922 = VERTEX_POINT ( 'NONE', #935 ) ;
#3923 = DIRECTION ( 'NONE',  ( 0.000000000000000000, 0.000000000000000000, 1.000000000000000000 ) ) ;
#3924 = ORIENTED_EDGE ( 'NONE', *, *, #4069, .F. ) ;
#3925 = DIRECTION ( 'NONE',  ( 0.000000000000000000, 0.000000000000000000, 1.000000000000000000 ) ) ;
#3926 = VECTOR ( 'NONE', #3872, 1000.000000000000114 ) ;
#3927 = CARTESIAN_POINT ( 'NONE',  ( 9.368471545410267609, -21.51939510696382740, 0.7499999985999998842 ) ) ;
#3928 = CARTESIAN_POINT ( 'NONE',  ( -15.53589821774162338, 34.90896506587498749, 0.4499999986000000618 ) ) ;
#3929 = CIRCLE ( 'NONE', #4297, 1.499999999598310430 ) ;
#3930 = EDGE_CURVE ( 'NONE', #3805, #111, #1713, .T. ) ;
#3931 = EDGE_LOOP ( 'NONE', ( #2894, #3134, #3499, #3248 ) ) ;
#3932 = CARTESIAN_POINT ( 'NONE',  ( 22.99999881485983977, 2.500001172199977972, 0.7499999985999999952 ) ) ;
#3933 = AXIS2_PLACEMENT_3D ( 'NONE', #3955, #721, #1828 ) ;
#3934 = CARTESIAN_POINT ( 'NONE',  ( -15.92499998469115674, -27.58290912159999664, -0.7499999985999999952 ) ) ;
#3935 = CYLINDRICAL_SURFACE ( 'NONE', #3177, 1.150000316200029626 ) ;
#3936 = VERTEX_POINT ( 'NONE', #3130 ) ;
#3937 = ADVANCED_FACE ( 'NONE', ( #1690 ), #2106, .F. ) ;
#3938 = ORIENTED_EDGE ( 'NONE', *, *, #2741, .T. ) ;
#3939 = DIRECTION ( 'NONE',  ( 1.000000000000000000, 0.000000000000000000, 0.000000000000000000 ) ) ;
#3940 = FACE_BOUND ( 'NONE', #4328, .T. ) ;
#3941 = CARTESIAN_POINT ( 'NONE',  ( 0.5813249349103655206, 31.47012191570949824, -0.7500000012986886011 ) ) ;
#3942 = EDGE_LOOP ( 'NONE', ( #2396, #1271, #2598, #4450 ) ) ;
#3943 = CYLINDRICAL_SURFACE ( 'NONE', #2254, 1.150000316200030737 ) ;
#3944 = ADVANCED_FACE ( 'NONE', ( #4189 ), #981, .T. ) ;
#3945 = B_SPLINE_CURVE_WITH_KNOTS ( 'NONE', 3,
 ( #2381, #476, #560, #127 ),
 .UNSPECIFIED., .F., .F.,
 ( 4, 4 ),
 ( 0.2500000025833332695, 1.000000000000000000 ),
 .UNSPECIFIED. ) ;
#3946 = ORIENTED_EDGE ( 'NONE', *, *, #2853, .T. ) ;
#3947 = CARTESIAN_POINT ( 'NONE',  ( 13.07273008443635121, -28.66131842410299413, -0.7499999982652157948 ) ) ;
#3948 = DIRECTION ( 'NONE',  ( -1.000000000000000000, 0.000000000000000000, 0.000000000000000000 ) ) ;
#3949 = VERTEX_POINT ( 'NONE', #2060 ) ;
#3950 = CARTESIAN_POINT ( 'NONE',  ( -29.99999924208163193, 22.51666060540000203, -0.7500000018499041188 ) ) ;
#3951 = LINE ( 'NONE', #693, #3378 ) ;
#3952 = B_SPLINE_CURVE_WITH_KNOTS ( 'NONE', 3,
 ( #3853, #644, #3507, #291 ),
 .UNSPECIFIED., .F., .F.,
 ( 4, 4 ),
 ( 0.000000000000000000, 1.000000000000000000 ),
 .UNSPECIFIED. ) ;
#3953 = CYLINDRICAL_SURFACE ( 'NONE', #3848, 2.249999995800000541 ) ;
#3954 = ORIENTED_EDGE ( 'NONE', *, *, #3917, .F. ) ;
#3955 = CARTESIAN_POINT ( 'NONE',  ( -8.306423680091157280, -30.99999865520000597, 0.000000000000000000 ) ) ;
#3956 = CARTESIAN_POINT ( 'NONE',  ( 17.52606057124986449, -13.53463267363449951, 0.7499999963187521379 ) ) ;
#3957 = B_SPLINE_CURVE_WITH_KNOTS ( 'NONE', 3,
 ( #3255, #1976, #1626, #4126 ),
 .UNSPECIFIED., .F., .F.,
 ( 4, 4 ),
 ( 0.000000000000000000, 1.000000000000000000 ),
 .UNSPECIFIED. ) ;
#3958 = DIRECTION ( 'NONE',  ( 0.000000000000000000, 0.000000000000000000, 1.000000000000000000 ) ) ;
#3959 = ORIENTED_EDGE ( 'NONE', *, *, #1358, .F. ) ;
#3960 = ORIENTED_EDGE ( 'NONE', *, *, #2092, .T. ) ;
#3961 = CARTESIAN_POINT ( 'NONE',  ( 14.87979942625333862, -23.57219002867197233, -0.7499999986000001062 ) ) ;
#3962 = DIRECTION ( 'NONE',  ( 1.000000000000000000, 0.000000000000000000, 0.000000000000000000 ) ) ;
#3963 = ADVANCED_FACE ( 'NONE', ( #3176 ), #3156, .F. ) ;
#3964 = PLANE ( 'NONE',  #2540 ) ;
#3965 = ORIENTED_EDGE ( 'NONE', *, *, #2280, .F. ) ;
#3966 = DIRECTION ( 'NONE',  ( 1.000000000000000000, 0.000000000000000000, 0.000000000000000000 ) ) ;
#3967 = PERSON_AND_ORGANIZATION ( #1631, #828 ) ;
#3968 = B_SPLINE_CURVE_WITH_KNOTS ( 'NONE', 3,
 ( #548, #2369, #3458, #4555, #1347, #2747, #4179, #971, #3143, #3501 ),
 .UNSPECIFIED., .F., .F.,
 ( 4, 2, 2, 2, 4 ),
 ( 0.000000000000000000, 0.2500000000000006661, 0.5000000000000008882, 0.7500000000000004441, 1.000000000000000000 ),
 .UNSPECIFIED. ) ;
#3969 = ORIENTED_EDGE ( 'NONE', *, *, #3054, .T. ) ;
#3970 = CARTESIAN_POINT ( 'NONE',  ( -17.07500012309112591, -29.57476746960002600, -0.7499999985999999952 ) ) ;
#3971 = FACE_OUTER_BOUND ( 'NONE', #3798, .T. ) ;
#3972 = ORIENTED_EDGE ( 'NONE', *, *, #2567, .T. ) ;
#3973 = CARTESIAN_POINT ( 'NONE',  ( -23.40241638108103928, -14.84032771529675188, 0.7499999985999999952 ) ) ;
#3974 = CARTESIAN_POINT ( 'NONE',  ( -1.951201630591120617, 33.92063346669998936, -0.7499999985999999952 ) ) ;
#3975 = CARTESIAN_POINT ( 'NONE',  ( -8.917289209088167468, -38.00000111439999273, 0.7499999943119699530 ) ) ;
#3976 = CIRCLE ( 'NONE', #2329, 1.499999999598310430 ) ;
#3977 = EDGE_CURVE ( 'NONE', #315, #389, #640, .T. ) ;
#3978 = CIRCLE ( 'NONE', #3900, 1.499999999222997982 ) ;
#3979 = ADVANCED_FACE ( 'NONE', ( #1756, #2844 ), #3581, .T. ) ;
#3980 = VERTEX_POINT ( 'NONE', #3606 ) ;
#3981 = CARTESIAN_POINT ( 'NONE',  ( 30.69999998330885660, 6.436517985264345043E-10, 0.4499999986000000618 ) ) ;
#3982 = CARTESIAN_POINT ( 'NONE',  ( -26.49999963745763765, -28.57883796948351574, 0.7499999956487439778 ) ) ;
#3983 = CARTESIAN_POINT ( 'NONE',  ( 4.999999999108855953, 8.999999983200002163, 0.7499999985999999952 ) ) ;
#3984 = VERTEX_POINT ( 'NONE', #4633 ) ;
#3985 = VERTEX_POINT ( 'NONE', #416 ) ;
#3986 = DIRECTION ( 'NONE',  ( 0.4539905088454517235, 0.8910065195486776002, 0.000000000000000000 ) ) ;
#3987 = CARTESIAN_POINT ( 'NONE',  ( 7.249999994908856493, 8.999999983200002163, 0.4499999986000000618 ) ) ;
#3988 = CARTESIAN_POINT ( 'NONE',  ( 18.45041315121181924, -29.65705088744569196, -0.7499999985999999952 ) ) ;
#3989 = ORIENTED_EDGE ( 'NONE', *, *, #4035, .T. ) ;
#3990 = CARTESIAN_POINT ( 'NONE',  ( 29.67490524842835953, -16.53394930532025953, 0.7499999963647600021 ) ) ;
#3991 = B_SPLINE_CURVE_WITH_KNOTS ( 'NONE', 3,
 ( #968, #4198, #3843, #659 ),
 .UNSPECIFIED., .F., .F.,
 ( 4, 4 ),
 ( 0.000000000000000000, 1.000000000000000000 ),
 .UNSPECIFIED. ) ;
#3992 = EDGE_CURVE ( 'NONE', #3373, #939, #1577, .T. ) ;
#3993 = EDGE_CURVE ( 'NONE', #3936, #2952, #2404, .T. ) ;
#3994 = ORIENTED_EDGE ( 'NONE', *, *, #812, .F. ) ;
#3995 = DIRECTION ( 'NONE',  ( 0.000000000000000000, 0.000000000000000000, -1.000000000000000000 ) ) ;
#3996 = CARTESIAN_POINT ( 'NONE',  ( 23.69253332770884768, 1.168400015627568678E-06, 9.757819552369539906E-16 ) ) ;
#3997 = ORIENTED_EDGE ( 'NONE', *, *, #1062, .F. ) ;
#3998 = CARTESIAN_POINT ( 'NONE',  ( -8.785898189750119158, 23.21762208034400388, 0.7499999985999999952 ) ) ;
#3999 = FACE_OUTER_BOUND ( 'NONE', #1551, .T. ) ;
#4000 = CARTESIAN_POINT ( 'NONE',  ( 37.99999881990883921, -3.999998832599993559, 0.7499999985999999952 ) ) ;
#4001 = CARTESIAN_POINT ( 'NONE',  ( 23.65697733376084955, 9.202560529677993983, 0.7499999951321840719 ) ) ;
#4002 = VERTEX_POINT ( 'NONE', #2131 ) ;
#4003 = CARTESIAN_POINT ( 'NONE',  ( -29.91958359310715920, -23.73834310545398907, 0.7499999891559800957 ) ) ;
#4004 = CARTESIAN_POINT ( 'NONE',  ( 14.38475828808668489, -12.89687808434841720, 0.7499999985999999952 ) ) ;
#4005 = AXIS2_PLACEMENT_3D ( 'NONE', #504, #3787, #2347 ) ;
#4006 = CARTESIAN_POINT ( 'NONE',  ( -14.65977647005715312, 15.40231406108725132, 0.7499999986000002172 ) ) ;
#4007 = ORIENTED_EDGE ( 'NONE', *, *, #1150, .T. ) ;
#4008 = VERTEX_POINT ( 'NONE', #1497 ) ;
#4009 = CARTESIAN_POINT ( 'NONE',  ( 17.52606057175009724, -13.53463267501021683, 0.2499999986416884257 ) ) ;
#4010 = CARTESIAN_POINT ( 'NONE',  ( 4.999999999108855953, 8.999999983200002163, 0.4499999986000000618 ) ) ;
#4011 = AXIS2_PLACEMENT_3D ( 'NONE', #945, #4506, #4436 ) ;
#4012 = CIRCLE ( 'NONE', #1009, 1.499999997199977120 ) ;
#4013 = VERTEX_POINT ( 'NONE', #3655 ) ;
#4014 = CARTESIAN_POINT ( 'NONE',  ( -8.118958434203220165, -0.07055188381415944399, -0.7499999986000001062 ) ) ;
#4015 = VERTEX_POINT ( 'NONE', #2153 ) ;
#4016 = CYLINDRICAL_SURFACE ( 'NONE', #3819, 1.499999997199990220 ) ;
#4017 = CARTESIAN_POINT ( 'NONE',  ( -15.92499998469115674, -27.58290912159999664, -0.7499999985999999952 ) ) ;
#4018 = CARTESIAN_POINT ( 'NONE',  ( -29.99999924129115314, 1.143000138981165037E-07, -0.7499999985999999952 ) ) ;
#4019 = ORIENTED_EDGE ( 'NONE', *, *, #96, .F. ) ;
#4020 = DIRECTION ( 'NONE',  ( -0.000000000000000000, -0.000000000000000000, -1.000000000000000000 ) ) ;
#4021 = CARTESIAN_POINT ( 'NONE',  ( -18.07092948743241223, 28.99976736775927577, -0.7550132910086272409 ) ) ;
#4022 = CARTESIAN_POINT ( 'NONE',  ( 24.49999881205985730, 4.000001177026008214, 0.4499999986000000618 ) ) ;
#4023 = VERTEX_POINT ( 'NONE', #438 ) ;
#4024 = ORIENTED_EDGE ( 'NONE', *, *, #444, .F. ) ;
#4025 = DIRECTION ( 'NONE',  ( 0.000000000000000000, 0.000000000000000000, 1.000000000000000000 ) ) ;
#4026 = CARTESIAN_POINT ( 'NONE',  ( -16.10236593999429644, 15.99999995408808040, 0.7499999986000001062 ) ) ;
#4027 = ORIENTED_EDGE ( 'NONE', *, *, #2247, .F. ) ;
#4028 = CARTESIAN_POINT ( 'NONE',  ( -26.49999936289565383, 28.57883827779797414, -0.7500000014436660756 ) ) ;
#4029 = CARTESIAN_POINT ( 'NONE',  ( -13.04958329074284862, -36.34444069746692918, -0.7499999985999999952 ) ) ;
#4030 = EDGE_LOOP ( 'NONE', ( #64, #3064, #3084, #2834 ) ) ;
#4031 = CARTESIAN_POINT ( 'NONE',  ( 10.64442222625416434, 26.34271762362818237, -0.7499999985999999952 ) ) ;
#4032 = EDGE_CURVE ( 'NONE', #4561, #4084, #3700, .T. ) ;
#4033 = VERTEX_POINT ( 'NONE', #1806 ) ;
#4034 = PLANE ( 'NONE',  #3223 ) ;
#4035 = EDGE_CURVE ( 'NONE', #479, #1422, #3226, .T. ) ;
#4036 = DIRECTION ( 'NONE',  ( 1.000000000000000000, 0.000000000000000000, 0.000000000000000000 ) ) ;
#4037 = CARTESIAN_POINT ( 'NONE',  ( 10.00000013172536129, -3.999999950200006094, -0.7499999992708412666 ) ) ;
#4038 = VERTEX_POINT ( 'NONE', #4348 ) ;
#4039 = DIRECTION ( 'NONE',  ( 1.000000000000000000, 0.000000000000000000, 0.000000000000000000 ) ) ;
#4040 = DIRECTION ( 'NONE',  ( 0.000000000000000000, 0.000000000000000000, 1.000000000000000000 ) ) ;
#4041 = EDGE_CURVE ( 'NONE', #3475, #563, #15, .T. ) ;
#4042 = CARTESIAN_POINT ( 'NONE',  ( -8.939722057891147600, 30.02510591359999736, 0.000000000000000000 ) ) ;
#4043 = DIRECTION ( 'NONE',  ( 1.000000000000000000, 0.000000000000000000, 0.000000000000000000 ) ) ;
#4044 = ORIENTED_EDGE ( 'NONE', *, *, #3550, .T. ) ;
#4045 = ORIENTED_EDGE ( 'NONE', *, *, #2076, .T. ) ;
#4046 = AXIS2_PLACEMENT_3D ( 'NONE', #3320, #1540, #4043 ) ;
#4047 = EDGE_CURVE ( 'NONE', #3236, #1907, #1768, .T. ) ;
#4048 = CYLINDRICAL_SURFACE ( 'NONE', #342, 1.500000015599949776 ) ;
#4049 = EDGE_CURVE ( 'NONE', #667, #879, #3856, .T. ) ;
#4050 = VECTOR ( 'NONE', #1326, 1000.000000000000000 ) ;
#4051 = AXIS2_PLACEMENT_3D ( 'NONE', #150, #1590, #3005 ) ;
#4052 = CYLINDRICAL_SURFACE ( 'NONE', #1013, 1.499999997199990220 ) ;
#4053 = EDGE_LOOP ( 'NONE', ( #1174, #2361 ) ) ;
#4054 = CARTESIAN_POINT ( 'NONE',  ( -19.49999948476346034, -16.00000112159998267, 0.7499999985999999952 ) ) ;
#4055 = VECTOR ( 'NONE', #1410, 1000.000000000000000 ) ;
#4056 = DIRECTION ( 'NONE',  ( 0.000000000000000000, 0.000000000000000000, 1.000000000000000000 ) ) ;
#4057 = EDGE_CURVE ( 'NONE', #2446, #135, #4619, .T. ) ;
#4058 = B_SPLINE_CURVE_WITH_KNOTS ( 'NONE', 3,
 ( #4146, #930, #2353, #1312 ),
 .UNSPECIFIED., .F., .F.,
 ( 4, 4 ),
 ( 0.000000000000000000, 0.2224837895419754796 ),
 .UNSPECIFIED. ) ;
#4059 = ORIENTED_EDGE ( 'NONE', *, *, #2933, .T. ) ;
#4060 = CARTESIAN_POINT ( 'NONE',  ( 20.69253333261936234, 1.170048502530107726E-06, -0.7499999987613420460 ) ) ;
#4061 = ORIENTED_EDGE ( 'NONE', *, *, #2467, .T. ) ;
#4062 = FACE_OUTER_BOUND ( 'NONE', #2884, .T. ) ;
#4063 = DIRECTION ( 'NONE',  ( -1.520600313429141788E-09, -1.000000000000000000, 0.000000000000000000 ) ) ;
#4064 = CARTESIAN_POINT ( 'NONE',  ( -29.60337648233144847, 24.91844436471344082, 0.7500000111498404953 ) ) ;
#4065 = CARTESIAN_POINT ( 'NONE',  ( -16.92092946503398565, 27.00790894990939961, -0.7550132910086272409 ) ) ;
#4066 = EDGE_LOOP ( 'NONE', ( #1810, #840, #886, #3642 ) ) ;
#4067 = CARTESIAN_POINT ( 'NONE',  ( -23.99999922524708396, -13.39801637322998218, 0.7499999986000001062 ) ) ;
#4068 = CARTESIAN_POINT ( 'NONE',  ( 17.68778267679838123, -20.56099659838900351, 0.7499999966888120095 ) ) ;
#4069 = EDGE_CURVE ( 'NONE', #4569, #4008, #1476, .T. ) ;
#4070 = CARTESIAN_POINT ( 'NONE',  ( -17.07500012309112591, -29.57476746960002600, -0.7499999985999999952 ) ) ;
#4071 = CARTESIAN_POINT ( 'NONE',  ( 37.67374123519829254, 8.442730928630222564, -0.7499999986000001062 ) ) ;
#4072 = ORIENTED_EDGE ( 'NONE', *, *, #1286, .T. ) ;
#4073 = ORIENTED_EDGE ( 'NONE', *, *, #3921, .F. ) ;
#4074 = DIRECTION ( 'NONE',  ( -0.5000000603243101027, -0.8660253689561790980, 0.000000000000000000 ) ) ;
#4075 = EDGE_CURVE ( 'NONE', #4610, #921, #866, .T. ) ;
#4076 = CARTESIAN_POINT ( 'NONE',  ( -17.65000010710671319, -30.57069650103857938, 0.1500000047999999753 ) ) ;
#4077 = ORIENTED_EDGE ( 'NONE', *, *, #3634, .T. ) ;
#4078 = PLANE ( 'NONE',  #160 ) ;
#4079 = CARTESIAN_POINT ( 'NONE',  ( -16.92092903169113427, -27.00790912860000859, -0.1499999931333333147 ) ) ;
#4080 = AXIS2_PLACEMENT_3D ( 'NONE', #3216, #3923, #2487 ) ;
#4081 = EDGE_CURVE ( 'NONE', #3114, #2638, #477, .T. ) ;
#4082 = CARTESIAN_POINT ( 'NONE',  ( -5.801534475241838962, 37.41213461046741884, 0.7499999944231999782 ) ) ;
#4083 = AXIS2_PLACEMENT_3D ( 'NONE', #2946, #439, #1949 ) ;
#4084 = VERTEX_POINT ( 'NONE', #1048 ) ;
#4085 = CARTESIAN_POINT ( 'NONE',  ( 13.07273008170889206, -29.77421266267998945, -0.7499999985999999952 ) ) ;
#4086 = CARTESIAN_POINT ( 'NONE',  ( 5.500000015108863494, -29.00000001360000823, 0.4499999986000000618 ) ) ;
#4087 = AXIS2_PLACEMENT_3D ( 'NONE', #4498, #911, #2338 ) ;
#4088 = DIRECTION ( 'NONE',  ( 0.000000000000000000, 0.000000000000000000, -1.000000000000000000 ) ) ;
#4089 = VERTEX_POINT ( 'NONE', #3906 ) ;
#4090 = AXIS2_PLACEMENT_3D ( 'NONE', #491, #1904, #4477 ) ;
#4091 = DIRECTION ( 'NONE',  ( -0.000000000000000000, -0.000000000000000000, -1.000000000000000000 ) ) ;
#4092 = CYLINDRICAL_SURFACE ( 'NONE', #4426, 2.249999995800000541 ) ;
#4093 = CARTESIAN_POINT ( 'NONE',  ( 31.84999999470883125, 0.000000000000000000, 0.4499999986000000618 ) ) ;
#4094 = EDGE_LOOP ( 'NONE', ( #1041, #3731, #1183, #3203 ) ) ;
#4095 = LINE ( 'NONE', #880, #4493 ) ;
#4096 = ORIENTED_EDGE ( 'NONE', *, *, #3902, .T. ) ;
#4097 = CARTESIAN_POINT ( 'NONE',  ( 20.87345546071986391, 1.026061600114980266, -0.7499999997293944620 ) ) ;
#4098 = CARTESIAN_POINT ( 'NONE',  ( -14.29274126539447032, -35.62670299213385050, 0.7499999985999999952 ) ) ;
#4099 = EDGE_CURVE ( 'NONE', #2288, #111, #2881, .T. ) ;
#4100 = B_SPLINE_CURVE_WITH_KNOTS ( 'NONE', 3,
 ( #2233, #2886, #2556, #3621 ),
 .UNSPECIFIED., .F., .F.,
 ( 4, 4 ),
 ( 0.000000000000000000, 1.000000000000000000 ),
 .UNSPECIFIED. ) ;
#4101 = VERTEX_POINT ( 'NONE', #1617 ) ;
#4102 = CARTESIAN_POINT ( 'NONE',  ( 33.06575283267082455, -14.33409673057500733, -0.7499999969216506468 ) ) ;
#4103 = DIRECTION ( 'NONE',  ( -0.000000000000000000, -0.000000000000000000, -1.000000000000000000 ) ) ;
#4104 = ORIENTED_EDGE ( 'NONE', *, *, #3408, .T. ) ;
#4105 = LINE ( 'NONE', #1272, #1429 ) ;
#4106 = ORIENTED_EDGE ( 'NONE', *, *, #4049, .F. ) ;
#4107 = CARTESIAN_POINT ( 'NONE',  ( -18.07092915452951232, -28.99976748558416517, -0.4499999890000000446 ) ) ;
#4108 = CARTESIAN_POINT ( 'NONE',  ( 18.24774842729675228, -19.96050683703288442, -0.7499999986000001062 ) ) ;
#4109 = ADVANCED_FACE ( 'NONE', ( #2242 ), #4048, .F. ) ;
#4110 = CARTESIAN_POINT ( 'NONE',  ( -14.77499966849113378, 27.58290912159999664, 0.4499999986000000618 ) ) ;
#4111 = VERTEX_POINT ( 'NONE', #507 ) ;
#4112 = CARTESIAN_POINT ( 'NONE',  ( 15.22190043319188213, -23.20533159177850990, 0.7499999991986160408 ) ) ;
#4113 = B_SPLINE_CURVE_WITH_KNOTS ( 'NONE', 3,
 ( #1471, #2168, #4251, #2818 ),
 .UNSPECIFIED., .F., .F.,
 ( 4, 4 ),
 ( 0.000000000000000000, 1.000000000000000000 ),
 .UNSPECIFIED. ) ;
#4114 = EDGE_CURVE ( 'NONE', #4569, #541, #2355, .T. ) ;
#4115 = DIRECTION ( 'NONE',  ( 0.000000000000000000, 0.000000000000000000, -1.000000000000000000 ) ) ;
#4116 = ORIENTED_EDGE ( 'NONE', *, *, #3706, .F. ) ;
#4117 = CARTESIAN_POINT ( 'NONE',  ( 20.87345545989987983, -1.026059260460510103, -0.7499999973092634775 ) ) ;
#4118 = VERTEX_POINT ( 'NONE', #3323 ) ;
#4119 = EDGE_CURVE ( 'NONE', #2002, #427, #756, .T. ) ;
#4120 = AXIS2_PLACEMENT_3D ( 'NONE', #4018, #2935, #737 ) ;
#4121 = EDGE_CURVE ( 'NONE', #4118, #607, #3367, .T. ) ;
#4122 = CARTESIAN_POINT ( 'NONE',  ( 13.50000012862187582, 10.71555715659999741, 0.7499999964708481404 ) ) ;
#4123 = AXIS2_PLACEMENT_3D ( 'NONE', #2013, #1800, #1374 ) ;
#4124 = ORIENTED_EDGE ( 'NONE', *, *, #1286, .F. ) ;
#4125 = DIRECTION ( 'NONE',  ( 0.8660253699783624359, -0.5000000585538370013, 0.000000000000000000 ) ) ;
#4126 = CARTESIAN_POINT ( 'NONE',  ( 30.77061680839987545, 16.08790903072851464, 0.7499999988234319348 ) ) ;
#4127 = AXIS2_PLACEMENT_3D ( 'NONE', #3974, #2193, #3624 ) ;
#4128 = ORIENTED_EDGE ( 'NONE', *, *, #899, .T. ) ;
#4129 = CARTESIAN_POINT ( 'NONE',  ( -11.75000000349110607, 22.94967320139998535, 0.4499999986000000618 ) ) ;
#4130 = AXIS2_PLACEMENT_3D ( 'NONE', #4459, #916, #2716 ) ;
#4131 = ORIENTED_EDGE ( 'NONE', *, *, #3993, .T. ) ;
#4132 = CARTESIAN_POINT ( 'NONE',  ( 13.50000012048104914, -11.19746493887638650, -0.7499999986000001062 ) ) ;
#4133 = AXIS2_PLACEMENT_3D ( 'NONE', #2795, #4513, #246 ) ;
#4134 = DIRECTION ( 'NONE',  ( 1.000000000000000000, 0.000000000000000000, 0.000000000000000000 ) ) ;
#4135 = CARTESIAN_POINT ( 'NONE',  ( 7.778136753447989271, 0.1571573738189668834, 0.7500000011500599362 ) ) ;
#4136 = ORIENTED_EDGE ( 'NONE', *, *, #1058, .F. ) ;
#4137 = CARTESIAN_POINT ( 'NONE',  ( -23.99999922678364328, -13.00000113041899219, 0.7499999992146959560 ) ) ;
#4138 = EDGE_CURVE ( 'NONE', #1483, #3035, #4344, .T. ) ;
#4139 = EDGE_CURVE ( 'NONE', #1661, #3949, #2103, .T. ) ;
#4140 = CARTESIAN_POINT ( 'NONE',  ( 37.99999881990887474, 4.761798198000000149, 0.7499999985999999952 ) ) ;
#4141 = CARTESIAN_POINT ( 'NONE',  ( -4.999999990691144980, 8.999999983200002163, 0.1500000047999999753 ) ) ;
#4142 = B_SPLINE_CURVE_WITH_KNOTS ( 'NONE', 3,
 ( #3950, #2464, #3898, #3549, #384, #339, #3123, #4627, #2774, #1423 ),
 .UNSPECIFIED., .F., .F.,
 ( 4, 2, 2, 2, 4 ),
 ( 0.000000000000000000, 0.2500000000000000000, 0.5000000000000000000, 0.7500000000000000000, 1.000000000000000000 ),
 .UNSPECIFIED. ) ;
#4143 = ORIENTED_EDGE ( 'NONE', *, *, #2186, .F. ) ;
#4144 = DIRECTION ( 'NONE',  ( 0.000000000000000000, 0.000000000000000000, -1.000000000000000000 ) ) ;
#4145 = CARTESIAN_POINT ( 'NONE',  ( 23.65692435650887404, 9.202560462000032970, 0.2499999992337134380 ) ) ;
#4146 = CARTESIAN_POINT ( 'NONE',  ( 23.47600221316234581, 8.176500030271510511, -0.7499999954130937008 ) ) ;
#4147 = CARTESIAN_POINT ( 'NONE',  ( -19.49999949325041015, -16.00000112159998267, -0.7499999985999999952 ) ) ;
#4148 = CARTESIAN_POINT ( 'NONE',  ( -29.99999924209464908, 22.51666060821649751, 0.7500000026525549535 ) ) ;
#4149 = DIRECTION ( 'NONE',  ( 0.4999999957869626366, -0.8660254062168368794, 0.000000000000000000 ) ) ;
#4150 = ORIENTED_EDGE ( 'NONE', *, *, #1062, .T. ) ;
#4151 = CARTESIAN_POINT ( 'NONE',  ( -9.999999998291153602, -18.99999989680004120, 0.2499999995333333780 ) ) ;
#4152 = VERTEX_POINT ( 'NONE', #2969 ) ;
#4153 = CARTESIAN_POINT ( 'NONE',  ( 13.07273008105536150, -32.00000112560000076, -0.7500000020013917190 ) ) ;
#4154 = AXIS2_PLACEMENT_3D ( 'NONE', #4042, #2561, #1539 ) ;
#4155 = CARTESIAN_POINT ( 'NONE',  ( 17.68778267270187854, -20.56099660264151652, -0.7499999956280483104 ) ) ;
#4156 = CLOSED_SHELL ( 'NONE', ( #4109, #573, #2170, #305, #164, #2607, #229, #2592, #1424, #3087, #1906, #1221, #3793, #378, #2614, #1344, #2869, #3963, #944, #1226, #523, #2327, #3137, #724, #3937, #2850, #3620, #4449, #923, #1850, #1632, #3895, #3349, #4443, #3751, #4206, #3196, #4587, #2597, #1485, #2268, #1147, #1709, #1993, #1721, #1413, #3490, #1563, #1208, #3613, #3860, #3038, #2942, #3830, #3587, #2808, #2053, #508, #4551, #2537, #1555, #1125, #2959, #2765, #4465, #774, #4257, #2185, #1109, #1654, #3557, #261, #1502, #2657, #1912, #298, #3303, #1067, #3578, #929, #4253, #3083, #1405, #1165, #3099, #1103, #3944, #594, #2895, #1583, #3433, #2135, #3648, #4563, #3697, #2379, #2559, #3775, #2717, #1766, #3545, #1276, #3979, #3744, #4245, #2101, #3714, #465, #664, #4327, #115, #1500, #308, #3770, #4315, #2438, #3058, #2999, #131 ) ) ;
#4157 = CARTESIAN_POINT ( 'NONE',  ( -13.49999998329112749, 12.99999995880000547, -0.2499999995333333780 ) ) ;
#4158 = VERTEX_POINT ( 'NONE', #4399 ) ;
#4159 = CARTESIAN_POINT ( 'NONE',  ( 37.99999880989285117, -6.285393121375021153, 0.7499999958985381632 ) ) ;
#4160 = AXIS2_PLACEMENT_3D ( 'NONE', #2788, #632, #3818 ) ;
#4161 = DIRECTION ( 'NONE',  ( 0.000000000000000000, 1.000000000000000000, 0.000000000000000000 ) ) ;
#4162 = DIRECTION ( 'NONE',  ( 0.000000000000000000, 0.000000000000000000, 1.000000000000000000 ) ) ;
#4163 = ORIENTED_EDGE ( 'NONE', *, *, #793, .T. ) ;
#4164 = CARTESIAN_POINT ( 'NONE',  ( 22.99999881485983977, 2.500001172199977972, 0.4499999986000000618 ) ) ;
#4165 = DIRECTION ( 'NONE',  ( 0.000000000000000000, 0.000000000000000000, -1.000000000000000000 ) ) ;
#4166 = FACE_OUTER_BOUND ( 'NONE', #2240, .T. ) ;
#4167 = FACE_OUTER_BOUND ( 'NONE', #3661, .T. ) ;
#4168 = CARTESIAN_POINT ( 'NONE',  ( 10.00000013370885910, -13.99999991460003734, 0.7499999985999999952 ) ) ;
#4169 = CARTESIAN_POINT ( 'NONE',  ( -9.709695558946998872, -20.71484241577422480, 0.7499999986000001062 ) ) ;
#4170 = ORIENTED_EDGE ( 'NONE', *, *, #2670, .T. ) ;
#4171 = CARTESIAN_POINT ( 'NONE',  ( -14.92907049334987768, 28.15790927424075107, -0.7499999985999999952 ) ) ;
#4172 = EDGE_LOOP ( 'NONE', ( #4314, #796, #3259, #2725 ) ) ;
#4173 = DIRECTION ( 'NONE',  ( -1.000000000000000000, 0.000000000000000000, 0.000000000000000000 ) ) ;
#4174 = FACE_OUTER_BOUND ( 'NONE', #1738, .T. ) ;
#4175 = EDGE_CURVE ( 'NONE', #1419, #1422, #3075, .T. ) ;
#4176 = CARTESIAN_POINT ( 'NONE',  ( -14.41506332969114190, 19.96762209159999557, 0.4499999986000000618 ) ) ;
#4177 = ORIENTED_EDGE ( 'NONE', *, *, #4409, .F. ) ;
#4178 = CARTESIAN_POINT ( 'NONE',  ( 28.87821675953983203, -16.70329067554948566, 0.7499999978549199975 ) ) ;
#4179 = CARTESIAN_POINT ( 'NONE',  ( -23.61939689116154284, 14.51540188053284908, -0.7499999985999998842 ) ) ;
#4180 = EDGE_CURVE ( 'NONE', #4266, #1695, #552, .T. ) ;
#4181 = CARTESIAN_POINT ( 'NONE',  ( 10.00000013370885910, -18.99999989680004120, 0.2499999995333333780 ) ) ;
#4182 = ORIENTED_EDGE ( 'NONE', *, *, #1865, .F. ) ;
#4183 = CARTESIAN_POINT ( 'NONE',  ( 20.87345546952735020, -1.026059256677802178, 0.2500000002878696725 ) ) ;
#4184 = CARTESIAN_POINT ( 'NONE',  ( 7.858128253349724091, -38.00000111461282160, 0.7500000116040199671 ) ) ;
#4185 = DIRECTION ( 'NONE',  ( 0.000000000000000000, 0.000000000000000000, -1.000000000000000000 ) ) ;
#4186 = ORIENTED_EDGE ( 'NONE', *, *, #2261, .T. ) ;
#4187 = CARTESIAN_POINT ( 'NONE',  ( 23.64504790974306303, -9.510962206936968144, -0.7499999985999999952 ) ) ;
#4188 = EDGE_CURVE ( 'NONE', #3339, #3373, #2486, .T. ) ;
#4189 = FACE_OUTER_BOUND ( 'NONE', #2961, .T. ) ;
#4190 = AXIS2_PLACEMENT_3D ( 'NONE', #4317, #520, #1985 ) ;
#4191 = FACE_OUTER_BOUND ( 'NONE', #52, .T. ) ;
#4192 = ORIENTED_EDGE ( 'NONE', *, *, #471, .F. ) ;
#4193 = CARTESIAN_POINT ( 'NONE',  ( 23.47600221376736229, -8.176497692327977518, -0.7499999952007280202 ) ) ;
#4194 = VERTEX_POINT ( 'NONE', #1523 ) ;
#4195 = DIRECTION ( 'NONE',  ( -1.000000000000000000, 0.000000000000000000, 0.000000000000000000 ) ) ;
#4196 = EDGE_CURVE ( 'NONE', #361, #1419, #1242, .T. ) ;
#4197 = CARTESIAN_POINT ( 'NONE',  ( 22.99999882048586741, -2.499998824193994107, 0.7499999985999999952 ) ) ;
#4198 = CARTESIAN_POINT ( 'NONE',  ( -20.99999923269113467, -16.00000112159999333, -0.2499999995333333780 ) ) ;
#4199 = ORIENTED_EDGE ( 'NONE', *, *, #1781, .F. ) ;
#4200 = CARTESIAN_POINT ( 'NONE',  ( 30.99999902770883509, 6.285392255200000555, 0.000000000000000000 ) ) ;
#4201 = AXIS2_PLACEMENT_3D ( 'NONE', #3703, #1601, #159 ) ;
#4202 = CARTESIAN_POINT ( 'NONE',  ( -2.011518820091125814, 34.02510591460000455, -0.2499999995333333780 ) ) ;
#4203 = B_SPLINE_CURVE_WITH_KNOTS ( 'NONE', 3,
 ( #953, #2397, #3461, #529, #2334, #1990, #3436, #1662, #593, #245 ),
 .UNSPECIFIED., .F., .F.,
 ( 4, 2, 2, 2, 4 ),
 ( 0.000000000000000000, 0.1562665385901226556, 0.3125330771802453111, 0.4687996157703679945, 0.6250661543604906223 ),
 .UNSPECIFIED. ) ;
#4204 = CARTESIAN_POINT ( 'NONE',  ( -14.09758284612890122, -14.84032771913178372, -0.7499999986000002172 ) ) ;
#4205 = ORIENTED_EDGE ( 'NONE', *, *, #238, .T. ) ;
#4206 = ADVANCED_FACE ( 'NONE', ( #2591 ), #4473, .T. ) ;
#4207 = DIRECTION ( 'NONE',  ( 0.000000000000000000, 1.000000000000000000, 0.000000000000000000 ) ) ;
#4208 = CARTESIAN_POINT ( 'NONE',  ( -3.180039089091137861, -38.00000113979998417, 0.7499999985999999952 ) ) ;
#4209 = CARTESIAN_POINT ( 'NONE',  ( -4.999999990691144980, 8.999999983200002163, 0.1500000047999999753 ) ) ;
#4210 = DIRECTION ( 'NONE',  ( 0.000000000000000000, 0.000000000000000000, 1.000000000000000000 ) ) ;
#4211 = ORIENTED_EDGE ( 'NONE', *, *, #936, .F. ) ;
#4212 = CARTESIAN_POINT ( 'NONE',  ( -23.99999922709108091, -4.333334104776646711, 0.7499999985999999952 ) ) ;
#4213 = EDGE_LOOP ( 'NONE', ( #833, #1015, #870, #4019 ) ) ;
#4214 = CARTESIAN_POINT ( 'NONE',  ( 34.15000001750889425, 0.000000000000000000, 0.4499999986000000618 ) ) ;
#4215 = CARTESIAN_POINT ( 'NONE',  ( 7.072730092908846800, -32.00000112560000076, 9.757819552369539906E-16 ) ) ;
#4216 = EDGE_CURVE ( 'NONE', #4604, #686, #1220, .T. ) ;
#4217 = CARTESIAN_POINT ( 'NONE',  ( -14.92907096309114934, -28.15790911459997758, 0.1500000027333333319 ) ) ;
#4218 = ORIENTED_EDGE ( 'NONE', *, *, #223, .F. ) ;
#4219 = DIRECTION ( 'NONE',  ( 1.000000000000000000, 0.000000000000000000, 0.000000000000000000 ) ) ;
#4220 = PERSON_AND_ORGANIZATION_ROLE ( 'design_owner' ) ;
#4221 = VECTOR ( 'NONE', #1728, 1000.000000000000000 ) ;
#4222 = EDGE_CURVE ( 'NONE', #2827, #1144, #865, .T. ) ;
#4223 = CARTESIAN_POINT ( 'NONE',  ( 13.50000011870885963, -10.71555481979996394, -0.2499999995333333780 ) ) ;
#4224 = ORIENTED_EDGE ( 'NONE', *, *, #2744, .T. ) ;
#4225 = CARTESIAN_POINT ( 'NONE',  ( -10.08493630289114584, 22.46762206999999734, 0.7499999985999999952 ) ) ;
#4226 = VECTOR ( 'NONE', #698, 1000.000000000000000 ) ;
#4227 = CARTESIAN_POINT ( 'NONE',  ( 23.65697733376084955, 9.202560529677993983, 0.7499999951321840719 ) ) ;
#4228 = CIRCLE ( 'NONE', #2957, 2.249999995800000541 ) ;
#4229 = PLANE ( 'NONE',  #2206 ) ;
#4230 = ORIENTED_EDGE ( 'NONE', *, *, #1072, .F. ) ;
#4231 = CARTESIAN_POINT ( 'NONE',  ( 23.65683428553674261, -9.356007583632029778, -0.7499999985999999952 ) ) ;
#4232 = PRODUCT_DEFINITION_SHAPE ( 'NONE', 'NONE',  #3045 ) ;
#4233 = DIRECTION ( 'NONE',  ( 1.000000000000000000, -8.300746920972144049E-10, -0.000000000000000000 ) ) ;
#4234 = EDGE_CURVE ( 'NONE', #2921, #2288, #3298, .T. ) ;
#4235 = CARTESIAN_POINT ( 'NONE',  ( 23.47274769713260056, 10.24933480362771832, -0.7499999986000001062 ) ) ;
#4236 = ORIENTED_EDGE ( 'NONE', *, *, #242, .F. ) ;
#4237 = DIRECTION ( 'NONE',  ( -0.5000000045653889558, 0.8660254011486100412, 0.000000000000000000 ) ) ;
#4238 = VERTEX_POINT ( 'NONE', #574 ) ;
#4239 = DIRECTION ( 'NONE',  ( 0.000000000000000000, 0.000000000000000000, 1.000000000000000000 ) ) ;
#4240 = CARTESIAN_POINT ( 'NONE',  ( -8.306423679943636174, -38.00000113073148356, -0.7499999962373624651 ) ) ;
#4241 = EDGE_CURVE ( 'NONE', #1263, #3170, #1711, .T. ) ;
#4242 = CYLINDRICAL_SURFACE ( 'NONE', #2989, 5.000000007599999741 ) ;
#4243 = ORIENTED_EDGE ( 'NONE', *, *, #4216, .T. ) ;
#4244 = DIRECTION ( 'NONE',  ( -0.5000000575844151252, -0.8660253705380585032, 0.000000000000000000 ) ) ;
#4245 = ADVANCED_FACE ( 'NONE', ( #1377, #2401 ), #3148, .T. ) ;
#4246 = COORDINATED_UNIVERSAL_TIME_OFFSET ( 1, 0, .AHEAD. ) ;
#4247 = ORIENTED_EDGE ( 'NONE', *, *, #1834, .F. ) ;
#4248 = ORIENTED_EDGE ( 'NONE', *, *, #4057, .F. ) ;
#4249 = CYLINDRICAL_SURFACE ( 'NONE', #831, 2.249999995800000541 ) ;
#4250 = EDGE_CURVE ( 'NONE', #3469, #2885, #656, .T. ) ;
#4251 = CARTESIAN_POINT ( 'NONE',  ( -16.50000000309112380, -16.00000112159999333, -0.2499999995333333780 ) ) ;
#4252 = CARTESIAN_POINT ( 'NONE',  ( -3.621186179013353712, 36.03615750451949395, -0.7499999986000001062 ) ) ;
#4253 = ADVANCED_FACE ( 'NONE', ( #1664 ), #3081, .F. ) ;
#4254 = ORIENTED_EDGE ( 'NONE', *, *, #2654, .F. ) ;
#4255 = CARTESIAN_POINT ( 'NONE',  ( 1.946345501908855136, -38.00000113979998417, 0.7499999985999999952 ) ) ;
#4256 = CARTESIAN_POINT ( 'NONE',  ( 13.50000012534788318, -10.71555481374200625, 0.7499999961666700132 ) ) ;
#4257 = ADVANCED_FACE ( 'NONE', ( #1311 ), #1685, .T. ) ;
#4258 = CARTESIAN_POINT ( 'NONE',  ( -27.02902416201272118, 28.27340566876922168, 0.7500000111498400512 ) ) ;
#4259 = ORIENTED_EDGE ( 'NONE', *, *, #2364, .T. ) ;
#4260 = CARTESIAN_POINT ( 'NONE',  ( 1.666666719975531175, -23.99999987900000420, 0.7499999985999999952 ) ) ;
#4261 = ORIENTED_EDGE ( 'NONE', *, *, #458, .T. ) ;
#4262 = CARTESIAN_POINT ( 'NONE',  ( -13.66506332722111594, 18.66858396669801579, 0.4499999986000000618 ) ) ;
#4263 = CARTESIAN_POINT ( 'NONE',  ( -4.999999990691144980, 8.999999983200002163, 0.7499999985999999952 ) ) ;
#4264 = EDGE_CURVE ( 'NONE', #111, #2288, #1513, .T. ) ;
#4265 = CARTESIAN_POINT ( 'NONE',  ( 20.87345545972438288, 1.026061597326988206, 0.7500000008241241023 ) ) ;
#4266 = VERTEX_POINT ( 'NONE', #200 ) ;
#4267 = VECTOR ( 'NONE', #4558, 1000.000000000000000 ) ;
#4268 = CARTESIAN_POINT ( 'NONE',  ( -1.890884439051138122, 33.81616101816900510, 0.7500000022320300053 ) ) ;
#4269 = EDGE_CURVE ( 'NONE', #427, #463, #1360, .T. ) ;
#4270 = AXIS2_PLACEMENT_3D ( 'NONE', #1235, #1215, #1893 ) ;
#4271 = EDGE_LOOP ( 'NONE', ( #395, #992, #1104, #3754 ) ) ;
#4272 = DIRECTION ( 'NONE',  ( 1.000000000000000000, 0.000000000000000000, 0.000000000000000000 ) ) ;
#4273 = VERTEX_POINT ( 'NONE', #2421 ) ;
#4274 = CIRCLE ( 'NONE', #4342, 2.249999995800000541 ) ;
#4275 = CARTESIAN_POINT ( 'NONE',  ( -8.585041037404984365, -22.48533089105761462, 0.7499999985999999952 ) ) ;
#4276 = EDGE_CURVE ( 'NONE', #165, #2336, #3952, .T. ) ;
#4277 = B_SPLINE_CURVE_WITH_KNOTS ( 'NONE', 3,
 ( #3552, #4583, #2444, #1102 ),
 .UNSPECIFIED., .F., .F.,
 ( 4, 4 ),
 ( 0.000000000000000000, 1.000000000000000000 ),
 .UNSPECIFIED. ) ;
#4278 = LINE ( 'NONE', #1044, #3705 ) ;
#4279 = ORIENTED_EDGE ( 'NONE', *, *, #179, .F. ) ;
#4280 = CARTESIAN_POINT ( 'NONE',  ( -13.49999999440762366, -13.00000113071200758, -0.7500000017667113328 ) ) ;
#4281 = CARTESIAN_POINT ( 'NONE',  ( 36.11947527083187026, -11.05938028553998720, -0.7499999950241491575 ) ) ;
#4282 = DIRECTION ( 'NONE',  ( 0.000000000000000000, 0.000000000000000000, 1.000000000000000000 ) ) ;
#4283 = EDGE_LOOP ( 'NONE', ( #144, #3776, #350, #3241, #4024, #2436 ) ) ;
#4284 = ORIENTED_EDGE ( 'NONE', *, *, #417, .F. ) ;
#4285 = CARTESIAN_POINT ( 'NONE',  ( -26.49999935789116279, 28.57883827020000211, -0.2499999995333333780 ) ) ;
#4286 = CARTESIAN_POINT ( 'NONE',  ( -15.92499998469115674, -27.58290912159999664, 0.1500000047999999753 ) ) ;
#4287 = CARTESIAN_POINT ( 'NONE',  ( -8.979475348080336872, -0.9451901406534612970, -0.7499999985999998842 ) ) ;
#4288 = ORIENTED_EDGE ( 'NONE', *, *, #3404, .T. ) ;
#4289 = CARTESIAN_POINT ( 'NONE',  ( -4.999999986825653941, -23.99999988890000324, -0.7499999976333540097 ) ) ;
#4290 = VERTEX_POINT ( 'NONE', #1727 ) ;
#4291 = DIRECTION ( 'NONE',  ( 0.000000000000000000, 0.000000000000000000, 1.000000000000000000 ) ) ;
#4292 = FACE_OUTER_BOUND ( 'NONE', #2249, .T. ) ;
#4293 = ORIENTED_EDGE ( 'NONE', *, *, #1923, .T. ) ;
#4294 = DIRECTION ( 'NONE',  ( 1.000000000000000000, 0.000000000000000000, 0.000000000000000000 ) ) ;
#4295 = PLANE ( 'NONE',  #4127 ) ;
#4296 = CARTESIAN_POINT ( 'NONE',  ( 25.00000000410887324, 1.168400015627568678E-06, -0.7499999985999999952 ) ) ;
#4297 = AXIS2_PLACEMENT_3D ( 'NONE', #1843, #4291, #1117 ) ;
#4298 = VERTEX_POINT ( 'NONE', #620 ) ;
#4299 = CARTESIAN_POINT ( 'NONE',  ( -13.49999998419163028, 12.99999995879999659, -0.7500000015687918742 ) ) ;
#4300 = AXIS2_PLACEMENT_3D ( 'NONE', #2547, #3636, #1438 ) ;
#4301 = CARTESIAN_POINT ( 'NONE',  ( 1.666666723613902112, -23.99999987899998288, -0.7499999985999999952 ) ) ;
#4302 = B_SPLINE_CURVE_WITH_KNOTS ( 'NONE', 3,
 ( #184, #1549, #4431, #2973, #1200, #3749 ),
 .UNSPECIFIED., .F., .F.,
 ( 4, 2, 4 ),
 ( 0.000000000000000000, 0.5000000000000000000, 1.000000000000000000 ),
 .UNSPECIFIED. ) ;
#4303 = CARTESIAN_POINT ( 'NONE',  ( 23.41495872787906052, 10.39267386508729274, -0.7499999986000002172 ) ) ;
#4304 = AXIS2_PLACEMENT_3D ( 'NONE', #4209, #2709, #4586 ) ;
#4305 = ORIENTED_EDGE ( 'NONE', *, *, #1342, .T. ) ;
#4306 = ORIENTED_EDGE ( 'NONE', *, *, #3443, .T. ) ;
#4307 = CARTESIAN_POINT ( 'NONE',  ( 13.81319777395447979, -25.26277832003686541, -0.7499999986000001062 ) ) ;
#4308 = CARTESIAN_POINT ( 'NONE',  ( -15.92499998469115674, 27.58290912159999664, 0.4499999986000000618 ) ) ;
#4309 = CARTESIAN_POINT ( 'NONE',  ( -9.750715629175578769, -2.387835304578086237, -0.7499999986000001062 ) ) ;
#4310 = VERTEX_POINT ( 'NONE', #928 ) ;
#4311 = CYLINDRICAL_SURFACE ( 'NONE', #4425, 2.999999994400010195 ) ;
#4312 = PERSON_AND_ORGANIZATION ( #1631, #828 ) ;
#4313 = EDGE_CURVE ( 'NONE', #2921, #3805, #4505, .T. ) ;
#4314 = ORIENTED_EDGE ( 'NONE', *, *, #2883, .F. ) ;
#4315 = ADVANCED_FACE ( 'NONE', ( #3104 ), #2728, .F. ) ;
#4316 = DIRECTION ( 'NONE',  ( 0.8660254040905496220, 0.4999999994698000605, 0.000000000000000000 ) ) ;
#4317 = CARTESIAN_POINT ( 'NONE',  ( -13.25000000069112538, 22.94967320139998535, 0.1500000047999999753 ) ) ;
#4318 = ORIENTED_EDGE ( 'NONE', *, *, #3907, .F. ) ;
#4319 = FACE_OUTER_BOUND ( 'NONE', #3096, .T. ) ;
#4320 = DIRECTION ( 'NONE',  ( 1.000000000000000000, -8.300746920972144049E-10, -0.000000000000000000 ) ) ;
#4321 = EDGE_LOOP ( 'NONE', ( #1193, #3881, #3042, #825 ) ) ;
#4322 = CARTESIAN_POINT ( 'NONE',  ( 17.52606057050887500, 13.53463500839999689, -0.2499999995333333780 ) ) ;
#4323 = CARTESIAN_POINT ( 'NONE',  ( -25.15470048479455656, -29.35554691662553850, 0.7499999985999999952 ) ) ;
#4324 = CARTESIAN_POINT ( 'NONE',  ( -14.09768588711744819, 14.84022348257258628, -0.7499999985999999952 ) ) ;
#4325 = EDGE_CURVE ( 'NONE', #1490, #3160, #1330, .T. ) ;
#4326 = ORIENTED_EDGE ( 'NONE', *, *, #1750, .T. ) ;
#4327 = ADVANCED_FACE ( 'NONE', ( #3415 ), #4491, .F. ) ;
#4328 = EDGE_LOOP ( 'NONE', ( #1877, #1934 ) ) ;
#4329 = FACE_OUTER_BOUND ( 'NONE', #3931, .T. ) ;
#4330 = CYLINDRICAL_SURFACE ( 'NONE', #1098, 1.149999833600010790 ) ;
#4331 = CARTESIAN_POINT ( 'NONE',  ( 22.71891271370071408, -11.38688786929470353, 0.7499999985999999952 ) ) ;
#4332 = ORIENTED_EDGE ( 'NONE', *, *, #448, .F. ) ;
#4333 = CARTESIAN_POINT ( 'NONE',  ( 31.86320509069717843, -15.43988284027021329, 0.7499999963647601131 ) ) ;
#4334 = ORIENTED_EDGE ( 'NONE', *, *, #997, .F. ) ;
#4335 = ORIENTED_EDGE ( 'NONE', *, *, #2602, .F. ) ;
#4336 = AXIS2_PLACEMENT_3D ( 'NONE', #2651, #3046, #545 ) ;
#4337 = FACE_OUTER_BOUND ( 'NONE', #2954, .T. ) ;
#4338 = ORIENTED_EDGE ( 'NONE', *, *, #730, .T. ) ;
#4339 = CARTESIAN_POINT ( 'NONE',  ( -23.40231333911599165, 14.84022348104817901, 0.7499999986000002172 ) ) ;
#4340 = LINE ( 'NONE', #1170, #3299 ) ;
#4341 = CARTESIAN_POINT ( 'NONE',  ( -15.71410141301363161, -19.21762231240650820, 0.7499999985999999952 ) ) ;
#4342 = AXIS2_PLACEMENT_3D ( 'NONE', #1510, #2977, #2503 ) ;
#4343 = DIRECTION ( 'NONE',  ( 0.000000000000000000, 0.000000000000000000, 1.000000000000000000 ) ) ;
#4344 = CIRCLE ( 'NONE', #85, 2.249999995800000541 ) ;
#4345 = EDGE_CURVE ( 'NONE', #4545, #3949, #3166, .T. ) ;
#4346 = VERTEX_POINT ( 'NONE', #3171 ) ;
#4347 = CARTESIAN_POINT ( 'NONE',  ( -2.499999986891154879, -29.00000001360000823, 0.1500000047999999753 ) ) ;
#4348 = CARTESIAN_POINT ( 'NONE',  ( -14.92907049334987768, 28.15790927424072265, 0.4499999986000000618 ) ) ;
#4349 = AXIS2_PLACEMENT_3D ( 'NONE', #1132, #2545, #442 ) ;
#4350 = LINE ( 'NONE', #3324, #3024 ) ;
#4351 = ORIENTED_EDGE ( 'NONE', *, *, #3285, .T. ) ;
#4352 = ORIENTED_EDGE ( 'NONE', *, *, #2237, .T. ) ;
#4353 = CARTESIAN_POINT ( 'NONE',  ( 17.52606057330785561, -13.53463267532051262, -0.7499999952333182840 ) ) ;
#4354 = DIRECTION ( 'NONE',  ( 0.000000000000000000, 0.000000000000000000, 1.000000000000000000 ) ) ;
#4355 = B_SPLINE_CURVE_WITH_KNOTS ( 'NONE', 3,
 ( #3803, #2304, #3456, #2009 ),
 .UNSPECIFIED., .F., .F.,
 ( 4, 4 ),
 ( 0.000000000000000000, 1.000000000000000000 ),
 .UNSPECIFIED. ) ;
#4356 = VERTEX_POINT ( 'NONE', #1825 ) ;
#4357 = CARTESIAN_POINT ( 'NONE',  ( -13.88039468761620832, -14.51528266919964594, 0.7499999985999998842 ) ) ;
#4358 = ORIENTED_EDGE ( 'NONE', *, *, #426, .T. ) ;
#4359 = CARTESIAN_POINT ( 'NONE',  ( 32.98952240239333378, 14.41584370866250175, 0.7499999988553519570 ) ) ;
#4360 = B_SPLINE_CURVE_WITH_KNOTS ( 'NONE', 3,
 ( #4564, #4168, #2734, #2083 ),
 .UNSPECIFIED., .F., .F.,
 ( 4, 4 ),
 ( 0.000000000000000000, 1.000000000000000000 ),
 .UNSPECIFIED. ) ;
#4361 = CARTESIAN_POINT ( 'NONE',  ( 25.37676775450886524, -17.44754666439998658, -0.7499999985999999952 ) ) ;
#4362 = ORIENTED_EDGE ( 'NONE', *, *, #3068, .T. ) ;
#4363 = CARTESIAN_POINT ( 'NONE',  ( -23.99999922678364328, -13.00000113041899219, 0.7499999992146959560 ) ) ;
#4364 = B_SPLINE_CURVE_WITH_KNOTS ( 'NONE', 3,
 ( #1696, #2045, #2737, #232 ),
 .UNSPECIFIED., .F., .F.,
 ( 4, 4 ),
 ( 0.000000000000000000, 1.000000000000000000 ),
 .UNSPECIFIED. ) ;
#4365 = CARTESIAN_POINT ( 'NONE',  ( -8.585040951883282645, -22.48532359358026866, 0.4499999986000000618 ) ) ;
#4366 = CARTESIAN_POINT ( 'NONE',  ( 34.15000001750889425, 1.149999986000016516, 0.4499999986000000618 ) ) ;
#4367 = CARTESIAN_POINT ( 'NONE',  ( -13.66506323703964298, -18.66858433255250205, 0.4499999986000000618 ) ) ;
#4368 = VECTOR ( 'NONE', #852, 1000.000000000000000 ) ;
#4369 = ORIENTED_EDGE ( 'NONE', *, *, #1634, .T. ) ;
#4370 = CARTESIAN_POINT ( 'NONE',  ( 18.91170196510806534, 13.03030279016235049, 0.7499999985999999952 ) ) ;
#4371 = DIRECTION ( 'NONE',  ( 0.000000000000000000, 0.000000000000000000, 1.000000000000000000 ) ) ;
#4372 = CIRCLE ( 'NONE', #4378, 1.149999833600007237 ) ;
#4373 = CARTESIAN_POINT ( 'NONE',  ( -4.999999990691144980, 8.999999983200002163, 0.4499999986000000618 ) ) ;
#4374 = VERTEX_POINT ( 'NONE', #387 ) ;
#4375 = ORIENTED_EDGE ( 'NONE', *, *, #3876, .F. ) ;
#4376 = AXIS2_PLACEMENT_3D ( 'NONE', #1112, #2524, #3962 ) ;
#4377 = PLANE ( 'NONE',  #4349 ) ;
#4378 = AXIS2_PLACEMENT_3D ( 'NONE', #4017, #758, #1447 ) ;
#4379 = FACE_BOUND ( 'NONE', #1219, .T. ) ;
#4380 = EDGE_CURVE ( 'NONE', #2557, #4008, #1670, .T. ) ;
#4381 = CIRCLE ( 'NONE', #117, 1.150000316200029626 ) ;
#4382 = ORIENTED_EDGE ( 'NONE', *, *, #4538, .F. ) ;
#4383 = FACE_OUTER_BOUND ( 'NONE', #2163, .T. ) ;
#4384 = ORIENTED_EDGE ( 'NONE', *, *, #3886, .F. ) ;
#4385 = CARTESIAN_POINT ( 'NONE',  ( 23.47600221376736229, -8.176497692327977518, -0.7499999952007280202 ) ) ;
#4386 = EDGE_CURVE ( 'NONE', #3598, #842, #3340, .T. ) ;
#4387 = B_SPLINE_CURVE_WITH_KNOTS ( 'NONE', 3,
 ( #4122, #3771, #222, #1667, #1996, #956, #3082, #1331, #3417, #2057 ),
 .UNSPECIFIED., .F., .F.,
 ( 4, 2, 2, 2, 4 ),
 ( 0.000000000000000000, 0.2500000000000000000, 0.5000000000000000000, 0.7500000000000000000, 1.000000000000000000 ),
 .UNSPECIFIED. ) ;
#4388 = CARTESIAN_POINT ( 'NONE',  ( 30.69999998330885660, 6.436517985264345043E-10, -0.7499999985999999952 ) ) ;
#4389 = EDGE_CURVE ( 'NONE', #2002, #472, #3951, .T. ) ;
#4390 = DIRECTION ( 'NONE',  ( 0.000000000000000000, 0.000000000000000000, 1.000000000000000000 ) ) ;
#4391 = EDGE_LOOP ( 'NONE', ( #4352, #3924, #1082, #301 ) ) ;
#4392 = CYLINDRICAL_SURFACE ( 'NONE', #460, 6.999999868399980230 ) ;
#4393 = CARTESIAN_POINT ( 'NONE',  ( -4.999999990691144980, 8.999999983200002163, -0.7499999985999999952 ) ) ;
#4394 = CARTESIAN_POINT ( 'NONE',  ( -2.499999986891154879, -29.00000001360000823, -0.7499999985999999952 ) ) ;
#4395 = CARTESIAN_POINT ( 'NONE',  ( 22.71886937552850938, 11.38696049414531153, 0.7499999986000002172 ) ) ;
#4396 = EDGE_CURVE ( 'NONE', #2125, #2511, #1375, .T. ) ;
#4397 = ORIENTED_EDGE ( 'NONE', *, *, #1620, .F. ) ;
#4398 = ORIENTED_EDGE ( 'NONE', *, *, #3977, .T. ) ;
#4399 = CARTESIAN_POINT ( 'NONE',  ( -14.74999999789114469, -22.94967320139998535, -0.7499999985999999952 ) ) ;
#4400 = DIRECTION ( 'NONE',  ( 1.000000000000000000, 0.000000000000000000, 0.000000000000000000 ) ) ;
#4401 = ORIENTED_EDGE ( 'NONE', *, *, #4606, .T. ) ;
#4402 = CARTESIAN_POINT ( 'NONE',  ( 28.87821676088836398, -16.70329067518100530, -0.7499999971314443847 ) ) ;
#4403 = CARTESIAN_POINT ( 'NONE',  ( 37.99999881990883921, 4.761798197999996596, -0.7499999985999999952 ) ) ;
#4404 = EDGE_CURVE ( 'NONE', #3229, #1649, #4113, .T. ) ;
#4405 = EDGE_LOOP ( 'NONE', ( #274, #2172, #2496, #521 ) ) ;
#4406 = DIRECTION ( 'NONE',  ( 0.000000000000000000, 0.000000000000000000, 1.000000000000000000 ) ) ;
#4407 = VERTEX_POINT ( 'NONE', #2888 ) ;
#4408 = CARTESIAN_POINT ( 'NONE',  ( 13.61653472399644826, 11.67370453931008711, -0.7499999986000002172 ) ) ;
#4409 = EDGE_CURVE ( 'NONE', #2645, #2682, #1666, .T. ) ;
#4410 = CARTESIAN_POINT ( 'NONE',  ( 33.06575283267082455, -14.33409673057500733, -0.7499999969216506468 ) ) ;
#4411 = DIRECTION ( 'NONE',  ( -1.000000000000000000, 0.000000000000000000, 0.000000000000000000 ) ) ;
#4412 = CARTESIAN_POINT ( 'NONE',  ( -13.25000000069112538, -22.94967320139998535, 0.1500000047999999753 ) ) ;
#4413 = EDGE_LOOP ( 'NONE', ( #2146, #3946, #2348, #4106 ) ) ;
#4414 = DIRECTION ( 'NONE',  ( 0.000000000000000000, 0.000000000000000000, 1.000000000000000000 ) ) ;
#4415 = EDGE_CURVE ( 'NONE', #1661, #1605, #3039, .T. ) ;
#4416 = CARTESIAN_POINT ( 'NONE',  ( 20.87345545972438288, 1.026061597326988206, 0.7500000008241241023 ) ) ;
#4417 = AXIS2_PLACEMENT_3D ( 'NONE', #3095, #3498, #1368 ) ;
#4418 = CARTESIAN_POINT ( 'NONE',  ( 36.11947483400085446, 11.05938057272198805, 0.7499999965497240462 ) ) ;
#4419 = DIRECTION ( 'NONE',  ( -0.8660253669729565118, 0.5000000637593521313, 0.000000000000000000 ) ) ;
#4420 = ORIENTED_EDGE ( 'NONE', *, *, #3917, .T. ) ;
#4421 = ORIENTED_EDGE ( 'NONE', *, *, #2034, .T. ) ;
#4422 = CIRCLE ( 'NONE', #3675, 1.499999997199991109 ) ;
#4423 = CARTESIAN_POINT ( 'NONE',  ( -2.749999994891144439, 8.999999983200002163, 0.4499999986000000618 ) ) ;
#4424 = EDGE_CURVE ( 'NONE', #3513, #3321, #3978, .T. ) ;
#4425 = AXIS2_PLACEMENT_3D ( 'NONE', #777, #2208, #100 ) ;
#4426 = AXIS2_PLACEMENT_3D ( 'NONE', #106, #827, #850 ) ;
#4427 = CARTESIAN_POINT ( 'NONE',  ( -22.46410219474762116, -30.90896482219498864, 0.7499999985999999952 ) ) ;
#4428 = VERTEX_POINT ( 'NONE', #2100 ) ;
#4429 = CARTESIAN_POINT ( 'NONE',  ( -23.99999922709108091, 4.333332930133356520, -0.7499999985999999952 ) ) ;
#4430 = CIRCLE ( 'NONE', #3607, 1.149999986000016516 ) ;
#4431 = CARTESIAN_POINT ( 'NONE',  ( -7.561011612915845781, -23.34584472606011829, -0.7499999986000001062 ) ) ;
#4432 = ORIENTED_EDGE ( 'NONE', *, *, #1249, .T. ) ;
#4433 = CYLINDRICAL_SURFACE ( 'NONE', #3887, 1.149999986000016516 ) ;
#4434 = ORIENTED_EDGE ( 'NONE', *, *, #1027, .T. ) ;
#4435 = DIRECTION ( 'NONE',  ( 0.000000000000000000, 0.000000000000000000, -1.000000000000000000 ) ) ;
#4436 = DIRECTION ( 'NONE',  ( -1.000000000000000000, 0.000000000000000000, 0.000000000000000000 ) ) ;
#4437 = B_SPLINE_CURVE_WITH_KNOTS ( 'NONE', 3,
 ( #1611, #2634, #3025, #2608 ),
 .UNSPECIFIED., .F., .F.,
 ( 4, 4 ),
 ( 0.7775384200712899263, 1.000000000000000000 ),
 .UNSPECIFIED. ) ;
#4438 = CARTESIAN_POINT ( 'NONE',  ( -29.99999924208163193, 22.51666060540000203, -0.7500000018499041188 ) ) ;
#4439 = EDGE_LOOP ( 'NONE', ( #3673, #4061, #4369, #2563, #3609, #1897, #24 ) ) ;
#4440 = B_SPLINE_CURVE_WITH_KNOTS ( 'NONE', 3,
 ( #3572, #1798, #4223, #3121 ),
 .UNSPECIFIED., .F., .F.,
 ( 4, 4 ),
 ( 0.000000000000000000, 1.000000000000000000 ),
 .UNSPECIFIED. ) ;
#4441 = CARTESIAN_POINT ( 'NONE',  ( 7.249999994908856493, 8.999999983200002163, 0.4499999986000000618 ) ) ;
#4442 = FACE_BOUND ( 'NONE', #4053, .T. ) ;
#4443 = ADVANCED_FACE ( 'NONE', ( #2127 ), #3527, .T. ) ;
#4444 = CARTESIAN_POINT ( 'NONE',  ( 5.656239008018290271, -23.99999989157023350, -0.7499999986000001062 ) ) ;
#4445 = CARTESIAN_POINT ( 'NONE',  ( -1.749999988291145447, -29.00000001360000823, 0.7499999985999999952 ) ) ;
#4446 = VERTEX_POINT ( 'NONE', #317 ) ;
#4447 = CARTESIAN_POINT ( 'NONE',  ( 20.75277609065992124, 0.6944977344285873100, -0.7499999985999999952 ) ) ;
#4448 = CARTESIAN_POINT ( 'NONE',  ( -4.999999990691149421, -23.99999987900000420, 0.2499999995333333780 ) ) ;
#4449 = ADVANCED_FACE ( 'NONE', ( #1425 ), #3221, .T. ) ;
#4450 = ORIENTED_EDGE ( 'NONE', *, *, #1704, .T. ) ;
#4451 = FACE_OUTER_BOUND ( 'NONE', #3639, .T. ) ;
#4452 = B_SPLINE_CURVE_WITH_KNOTS ( 'NONE', 3,
 ( #2164, #53, #1488, #102 ),
 .UNSPECIFIED., .F., .F.,
 ( 4, 4 ),
 ( 0.000000000000000000, 1.000000000000000000 ),
 .UNSPECIFIED. ) ;
#4453 = CARTESIAN_POINT ( 'NONE',  ( -11.80642531048511934, -37.06217839597849917, -0.7499999963850274565 ) ) ;
#4454 = VECTOR ( 'NONE', #4272, 1000.000000000000000 ) ;
#4455 = ORIENTED_EDGE ( 'NONE', *, *, #1027, .F. ) ;
#4456 = CARTESIAN_POINT ( 'NONE',  ( 13.50000011870885963, 1.168400015627568678E-06, -0.7499999985999999952 ) ) ;
#4457 = CIRCLE ( 'NONE', #2426, 1.500000015599949776 ) ;
#4458 = VERTEX_POINT ( 'NONE', #1450 ) ;
#4459 = CARTESIAN_POINT ( 'NONE',  ( 26.50000000130886590, 1.168400015627568678E-06, 0.1500000047999999753 ) ) ;
#4460 = DIRECTION ( 'NONE',  ( 1.000000000000000000, 0.000000000000000000, 0.000000000000000000 ) ) ;
#4461 = CIRCLE ( 'NONE', #4011, 1.499999997200018864 ) ;
#4462 = CARTESIAN_POINT ( 'NONE',  ( -29.99999924209464908, 22.51666060821649751, 0.7500000026525549535 ) ) ;
#4463 = EDGE_LOOP ( 'NONE', ( #136, #4489, #1212, #3690, #3089 ) ) ;
#4464 = LINE ( 'NONE', #4441, #1588 ) ;
#4465 = ADVANCED_FACE ( 'NONE', ( #4319 ), #4295, .T. ) ;
#4466 = FACE_BOUND ( 'NONE', #952, .T. ) ;
#4467 = EDGE_CURVE ( 'NONE', #1263, #2012, #4437, .T. ) ;
#4468 = B_SPLINE_CURVE_WITH_KNOTS ( 'NONE', 3,
 ( #226, #4255, #4208, #1046 ),
 .UNSPECIFIED., .F., .F.,
 ( 4, 4 ),
 ( 0.000000000000000000, 1.000000000000000000 ),
 .UNSPECIFIED. ) ;
#4469 = CARTESIAN_POINT ( 'NONE',  ( -11.80642531609113099, -37.06217840280001496, -0.2499999995333333780 ) ) ;
#4470 = ORIENTED_EDGE ( 'NONE', *, *, #3452, .T. ) ;
#4471 = FACE_OUTER_BOUND ( 'NONE', #1238, .T. ) ;
#4472 = ORIENTED_EDGE ( 'NONE', *, *, #2938, .T. ) ;
#4473 = PLANE ( 'NONE',  #2330 ) ;
#4474 = LINE ( 'NONE', #2335, #1625 ) ;
#4475 = ORIENTED_EDGE ( 'NONE', *, *, #1905, .F. ) ;
#4476 = CARTESIAN_POINT ( 'NONE',  ( 13.50000011870889338, 3.571853160526018645, -0.7499999985999999952 ) ) ;
#4477 = DIRECTION ( 'NONE',  ( 1.000000000000000000, -8.300746920972143015E-10, 0.000000000000000000 ) ) ;
#4478 = EDGE_CURVE ( 'NONE', #2430, #2736, #4340, .T. ) ;
#4479 = EDGE_CURVE ( 'NONE', #2666, #4310, #2753, .T. ) ;
#4480 = ORIENTED_EDGE ( 'NONE', *, *, #2996, .T. ) ;
#4481 = CARTESIAN_POINT ( 'NONE',  ( -16.50000000309112380, 15.99999995320000679, -0.2499999995333333780 ) ) ;
#4482 = ORIENTED_EDGE ( 'NONE', *, *, #4581, .F. ) ;
#4483 = CARTESIAN_POINT ( 'NONE',  ( 37.99999880989285117, -6.285393121375021153, 0.7499999958985381632 ) ) ;
#4484 = CARTESIAN_POINT ( 'NONE',  ( -11.75000000349110607, -22.94967320139998535, -0.7499999985999999952 ) ) ;
#4485 = DIRECTION ( 'NONE',  ( 1.000000000000000000, 0.000000000000000000, 0.000000000000000000 ) ) ;
#4486 = ORIENTED_EDGE ( 'NONE', *, *, #3365, .F. ) ;
#4487 = CARTESIAN_POINT ( 'NONE',  ( -11.80642439905063590, 37.06217791210497836, 0.7500000022562499646 ) ) ;
#4488 = CARTESIAN_POINT ( 'NONE',  ( -18.07092948743241223, 28.99976736775927577, -0.4499999890000000446 ) ) ;
#4489 = ORIENTED_EDGE ( 'NONE', *, *, #780, .T. ) ;
#4490 = DIRECTION ( 'NONE',  ( -1.000000000000000000, 0.000000000000000000, 0.000000000000000000 ) ) ;
#4491 = CYLINDRICAL_SURFACE ( 'NONE', #2776, 1.500000015599949776 ) ;
#4492 = CARTESIAN_POINT ( 'NONE',  ( 21.74097103898290939, -3.409538741985182586, 0.7499999985999999952 ) ) ;
#4493 = VECTOR ( 'NONE', #4512, 1000.000000000000114 ) ;
#4494 = UNCERTAINTY_MEASURE_WITH_UNIT (LENGTH_MEASURE( 1.000000000000000082E-05 ), #3074, 'distance_accuracy_value', 'NONE');
#4495 = ORIENTED_EDGE ( 'NONE', *, *, #4241, .F. ) ;
#4496 = B_SPLINE_CURVE_WITH_KNOTS ( 'NONE', 3,
 ( #3049, #4510, #4534, #2285 ),
 .UNSPECIFIED., .F., .F.,
 ( 4, 4 ),
 ( 0.000000000000000000, 0.7499999974166666750 ),
 .UNSPECIFIED. ) ;
#4497 = CARTESIAN_POINT ( 'NONE',  ( -29.99999924129108209, 7.505553610138687937, -0.7499999985999999952 ) ) ;
#4498 = CARTESIAN_POINT ( 'NONE',  ( -4.999999990691144980, 8.999999983200002163, 0.4499999986000000618 ) ) ;
#4499 = CARTESIAN_POINT ( 'NONE',  ( -22.46410219474762116, -30.90896482219498864, -0.7499999985999999952 ) ) ;
#4500 = ORIENTED_EDGE ( 'NONE', *, *, #2927, .T. ) ;
#4501 = DIRECTION ( 'NONE',  ( 0.8660253701214775113, -0.5000000583059542869, -0.000000000000000000 ) ) ;
#4502 = VECTOR ( 'NONE', #2412, 1000.000000000000000 ) ;
#4503 = EDGE_LOOP ( 'NONE', ( #1130, #1110, #3224, #4528 ) ) ;
#4504 = CARTESIAN_POINT ( 'NONE',  ( 15.17368207277859860, -13.44928846556475577, -0.7499999985999999952 ) ) ;
#4505 = CIRCLE ( 'NONE', #4133, 1.499999997199991109 ) ;
#4506 = DIRECTION ( 'NONE',  ( 0.000000000000000000, 0.000000000000000000, -1.000000000000000000 ) ) ;
#4507 = CARTESIAN_POINT ( 'NONE',  ( -16.45041139289202192, -26.19294883937864427, -0.7499999985999999952 ) ) ;
#4508 = VERTEX_POINT ( 'NONE', #2939 ) ;
#4509 = CARTESIAN_POINT ( 'NONE',  ( -14.92907050589112394, 28.15790926699998664, 0.1500000027333335262 ) ) ;
#4510 = CARTESIAN_POINT ( 'NONE',  ( -18.07092947489117307, 28.99976737499998336, -0.1499999931333333147 ) ) ;
#4511 = ORIENTED_EDGE ( 'NONE', *, *, #4139, .T. ) ;
#4512 = DIRECTION ( 'NONE',  ( 0.9999999999999998890, -1.104346072232124844E-08, 0.000000000000000000 ) ) ;
#4513 = DIRECTION ( 'NONE',  ( 0.000000000000000000, 0.000000000000000000, -1.000000000000000000 ) ) ;
#4514 = CARTESIAN_POINT ( 'NONE',  ( -9.567427771888626253, -21.03435567363848335, 0.4499999986000000618 ) ) ;
#4515 = ORIENTED_EDGE ( 'NONE', *, *, #4533, .T. ) ;
#4516 = CARTESIAN_POINT ( 'NONE',  ( 13.07273007954135124, -32.00000112978851519, 0.7500000026637549944 ) ) ;
#4517 = CARTESIAN_POINT ( 'NONE',  ( 28.87821676088836398, -16.70329067518100530, -0.7499999971314443847 ) ) ;
#4518 = EDGE_CURVE ( 'NONE', #2645, #1309, #2585, .T. ) ;
#4519 = DIRECTION ( 'NONE',  ( 0.000000000000000000, 0.000000000000000000, 1.000000000000000000 ) ) ;
#4520 = ORIENTED_EDGE ( 'NONE', *, *, #2704, .T. ) ;
#4521 = FACE_OUTER_BOUND ( 'NONE', #1486, .T. ) ;
#4522 = EDGE_LOOP ( 'NONE', ( #653, #1668 ) ) ;
#4523 = CARTESIAN_POINT ( 'NONE',  ( 24.49999881205985730, 4.000001177002998176, 0.4499999986000000618 ) ) ;
#4524 = EDGE_CURVE ( 'NONE', #3035, #1483, #2841, .T. ) ;
#4525 = AXIS2_PLACEMENT_3D ( 'NONE', #2609, #58, #2263 ) ;
#4526 = CYLINDRICAL_SURFACE ( 'NONE', #191, 5.999999988799980422 ) ;
#4527 = CYLINDRICAL_SURFACE ( 'NONE', #1499, 1.149999986000016516 ) ;
#4528 = ORIENTED_EDGE ( 'NONE', *, *, #4396, .F. ) ;
#4529 = CARTESIAN_POINT ( 'NONE',  ( 16.86582192831579974, -21.44244159552109608, 0.7499999985999999952 ) ) ;
#4530 = CIRCLE ( 'NONE', #265, 1.499999999222997982 ) ;
#4531 =( NAMED_UNIT ( * ) PLANE_ANGLE_UNIT ( ) SI_UNIT ( $, .RADIAN. ) );
#4532 = VECTOR ( 'NONE', #674, 1000.000000000000000 ) ;
#4533 = EDGE_CURVE ( 'NONE', #3570, #4428, #3677, .T. ) ;
#4534 = CARTESIAN_POINT ( 'NONE',  ( -18.07092947489117307, 28.99976737499998336, 0.1500000027333333319 ) ) ;
#4535 = ORIENTED_EDGE ( 'NONE', *, *, #2580, .T. ) ;
#4536 = CARTESIAN_POINT ( 'NONE',  ( 20.87345546952735020, -1.026059256677802178, -0.2499999972199606901 ) ) ;
#4537 = CARTESIAN_POINT ( 'NONE',  ( -13.66506323703964298, -18.66858433255250205, 0.4499999986000000618 ) ) ;
#4538 = EDGE_CURVE ( 'NONE', #500, #256, #682, .T. ) ;
#4539 = DIRECTION ( 'NONE',  ( -1.000000000000000000, 0.000000000000000000, 0.000000000000000000 ) ) ;
#4540 = VERTEX_POINT ( 'NONE', #1564 ) ;
#4541 = CYLINDRICAL_SURFACE ( 'NONE', #1737, 8.000000002000039245 ) ;
#4542 = CARTESIAN_POINT ( 'NONE',  ( 23.47600221390884911, 8.176500030000005026, -0.2499999995333333780 ) ) ;
#4543 = B_SPLINE_CURVE_WITH_KNOTS ( 'NONE', 3,
 ( #991, #3118, #1343, #4265 ),
 .UNSPECIFIED., .F., .F.,
 ( 4, 4 ),
 ( 0.000000000000000000, 1.000000000000000000 ),
 .UNSPECIFIED. ) ;
#4544 = DIRECTION ( 'NONE',  ( 0.000000000000000000, 0.000000000000000000, -1.000000000000000000 ) ) ;
#4545 = VERTEX_POINT ( 'NONE', #4416 ) ;
#4546 = CARTESIAN_POINT ( 'NONE',  ( 31.84999999470883125, -1.150000011399976430, -0.4499999890000000446 ) ) ;
#4547 = ORIENTED_EDGE ( 'NONE', *, *, #3301, .F. ) ;
#4548 = DIRECTION ( 'NONE',  ( 0.000000000000000000, 0.000000000000000000, -1.000000000000000000 ) ) ;
#4549 = DIRECTION ( 'NONE',  ( 0.000000000000000000, 0.000000000000000000, 1.000000000000000000 ) ) ;
#4550 = FACE_OUTER_BOUND ( 'NONE', #3366, .T. ) ;
#4551 = ADVANCED_FACE ( 'NONE', ( #3999 ), #2964, .F. ) ;
#4552 = ORIENTED_EDGE ( 'NONE', *, *, #1905, .T. ) ;
#4553 = CARTESIAN_POINT ( 'NONE',  ( -11.27739966441638053, 37.36761048062114554, 0.7500000103000068474 ) ) ;
#4554 = B_SPLINE_CURVE_WITH_KNOTS ( 'NONE', 3,
 ( #3459, #197, #3722, #901 ),
 .UNSPECIFIED., .F., .F.,
 ( 4, 4 ),
 ( 0.000000000000000000, 1.000000000000000000 ),
 .UNSPECIFIED. ) ;
#4555 = CARTESIAN_POINT ( 'NONE',  ( -22.51528077429762575, 15.61960525977397651, -0.7499999985999997731 ) ) ;
#4556 = CARTESIAN_POINT ( 'NONE',  ( -16.10236593978874353, -16.00000113222415266, -0.7499999985999999952 ) ) ;
#4557 = VERTEX_POINT ( 'NONE', #4068 ) ;
#4558 = DIRECTION ( 'NONE',  ( 0.000000000000000000, 0.000000000000000000, 1.000000000000000000 ) ) ;
#4559 = CARTESIAN_POINT ( 'NONE',  ( 10.09444396855331405, -37.24271944650143951, 0.7500000116040199671 ) ) ;
#4560 = FACE_BOUND ( 'NONE', #3359, .T. ) ;
#4561 = VERTEX_POINT ( 'NONE', #172 ) ;
#4562 = CARTESIAN_POINT ( 'NONE',  ( -17.07500012309112591, -29.57476746960002600, 0.4499999986000000618 ) ) ;
#4563 = ADVANCED_FACE ( 'NONE', ( #3317 ), #4092, .F. ) ;
#4564 = CARTESIAN_POINT ( 'NONE',  ( 10.00000013244237174, -18.99999989680001278, 0.7500000000875340911 ) ) ;
#4565 = AXIS2_PLACEMENT_3D ( 'NONE', #2809, #1767, #685 ) ;
#4566 = CARTESIAN_POINT ( 'NONE',  ( -15.53589923927614613, -34.90896528546699784, -0.7499999985999999952 ) ) ;
#4567 = ORIENTED_EDGE ( 'NONE', *, *, #1731, .F. ) ;
#4568 = CARTESIAN_POINT ( 'NONE',  ( 37.99999881990883921, -6.285393118800001844, 0.2499999995333333780 ) ) ;
#4569 = VERTEX_POINT ( 'NONE', #4365 ) ;
#4570 = DIRECTION ( 'NONE',  ( 1.000000000000000000, 0.000000000000000000, 0.000000000000000000 ) ) ;
#4571 = DIRECTION ( 'NONE',  ( -1.000000000000000000, 0.000000000000000000, 0.000000000000000000 ) ) ;
#4572 = PRODUCT_RELATED_PRODUCT_CATEGORY ( 'detail', '', ( #307 ) ) ;
#4573 = AXIS2_PLACEMENT_3D ( 'NONE', #3291, #4020, #3739 ) ;
#4574 = AXIS2_PLACEMENT_3D ( 'NONE', #341, #4628, #1100 ) ;
#4575 = DIRECTION ( 'NONE',  ( 1.000000000000000000, 0.000000000000000000, 0.000000000000000000 ) ) ;
#4576 = ORIENTED_EDGE ( 'NONE', *, *, #2723, .T. ) ;
#4577 = CARTESIAN_POINT ( 'NONE',  ( 23.47600221470835891, 8.176500033679007018, 0.7499999961340101384 ) ) ;
#4578 = AXIS2_PLACEMENT_3D ( 'NONE', #295, #2733, #3834 ) ;
#4579 = DIRECTION ( 'NONE',  ( 0.000000000000000000, 0.000000000000000000, 1.000000000000000000 ) ) ;
#4580 = ORIENTED_EDGE ( 'NONE', *, *, #322, .T. ) ;
#4581 = EDGE_CURVE ( 'NONE', #2430, #4152, #1511, .T. ) ;
#4582 = DIRECTION ( 'NONE',  ( 0.000000000000000000, 1.000000000000000000, 0.000000000000000000 ) ) ;
#4583 = CARTESIAN_POINT ( 'NONE',  ( 21.68298479410885093, -12.02163597700001141, 0.2499999995333333780 ) ) ;
#4584 = ORIENTED_EDGE ( 'NONE', *, *, #4099, .F. ) ;
#4585 = CARTESIAN_POINT ( 'NONE',  ( 24.49999881970884985, 2.500001172199977972, 0.4499999986000000618 ) ) ;
#4586 = DIRECTION ( 'NONE',  ( 1.000000000000000000, 0.000000000000000000, 0.000000000000000000 ) ) ;
#4587 = ADVANCED_FACE ( 'NONE', ( #2214, #2305, #3647, #80, #4442, #2283, #2656, #4466, #1537, #784, #525, #1190, #1259, #2260 ), #431, .T. ) ;
#4588 = LINE ( 'NONE', #1433, #859 ) ;
#4589 = ORIENTED_EDGE ( 'NONE', *, *, #1731, .T. ) ;
#4590 = CARTESIAN_POINT ( 'NONE',  ( 37.99999881990883921, 4.000001169399997281, 0.4499999986000000618 ) ) ;
#4591 = ORIENTED_EDGE ( 'NONE', *, *, #2670, .F. ) ;
#4592 = CARTESIAN_POINT ( 'NONE',  ( -15.53589821774162338, 34.90896506587498749, -0.7499999985999999952 ) ) ;
#4593 = PLANE ( 'NONE',  #1017 ) ;
#4594 = EDGE_CURVE ( 'NONE', #3266, #1786, #3069, .T. ) ;
#4595 = DIRECTION ( 'NONE',  ( 1.000000000000000000, 0.000000000000000000, 0.000000000000000000 ) ) ;
#4596 = ORIENTED_EDGE ( 'NONE', *, *, #3026, .T. ) ;
#4597 = CARTESIAN_POINT ( 'NONE',  ( -22.46410219474762116, -30.90896482219498864, 0.4499999986000000618 ) ) ;
#4598 = APPROVAL_DATE_TIME ( #3893, #1456 ) ;
#4599 = CIRCLE ( 'NONE', #1313, 1.149999986000016516 ) ;
#4600 = EDGE_CURVE ( 'NONE', #1415, #855, #1624, .T. ) ;
#4601 = ORIENTED_EDGE ( 'NONE', *, *, #238, .F. ) ;
#4602 = B_SPLINE_CURVE_WITH_KNOTS ( 'NONE', 3,
 ( #163, #4481, #914, #1650 ),
 .UNSPECIFIED., .F., .F.,
 ( 4, 4 ),
 ( 0.000000000000000000, 1.000000000000000000 ),
 .UNSPECIFIED. ) ;
#4603 = DIRECTION ( 'NONE',  ( 1.000000000000000000, 0.000000000000000000, 0.000000000000000000 ) ) ;
#4604 = VERTEX_POINT ( 'NONE', #3341 ) ;
#4605 = CIRCLE ( 'NONE', #3103, 2.249999995800000541 ) ;
#4606 = EDGE_CURVE ( 'NONE', #1409, #4540, #3968, .T. ) ;
#4607 = CARTESIAN_POINT ( 'NONE',  ( -5.668003543994601934, -23.99999988460098166, 0.7499999986000001062 ) ) ;
#4608 = AXIS2_PLACEMENT_3D ( 'NONE', #1911, #146, #1584 ) ;
#4609 = CARTESIAN_POINT ( 'NONE',  ( -11.80642439905063590, 37.06217791210497836, 0.7500000022562499646 ) ) ;
#4610 = VERTEX_POINT ( 'NONE', #215 ) ;
#4611 = DIRECTION ( 'NONE',  ( 1.000000000000000000, 0.000000000000000000, 0.000000000000000000 ) ) ;
#4612 = CARTESIAN_POINT ( 'NONE',  ( 14.06140052642225058, -12.52789910737873846, 0.7499999986000001062 ) ) ;
#4613 = CARTESIAN_POINT ( 'NONE',  ( 22.93089519449240754, 11.16589734654370325, -0.7499999986000002172 ) ) ;
#4614 = ORIENTED_EDGE ( 'NONE', *, *, #2710, .F. ) ;
#4615 = CARTESIAN_POINT ( 'NONE',  ( 31.84999999470883125, -1.150000011399976430, -0.1499999931333333703 ) ) ;
#4616 = ORIENTED_EDGE ( 'NONE', *, *, #3886, .T. ) ;
#4617 = LINE ( 'NONE', #4523, #4055 ) ;
#4618 = DIRECTION ( 'NONE',  ( 1.000000000000000000, 0.000000000000000000, 0.000000000000000000 ) ) ;
#4619 = B_SPLINE_CURVE_WITH_KNOTS ( 'NONE', 3,
 ( #40, #2565, #4301, #1874 ),
 .UNSPECIFIED., .F., .F.,
 ( 4, 4 ),
 ( 0.000000000000000000, 1.000000000000000000 ),
 .UNSPECIFIED. ) ;
#4620 = CARTESIAN_POINT ( 'NONE',  ( -16.07907107609113240, -30.14976746259997853, 0.4499999986000000618 ) ) ;
#4621 = ORIENTED_EDGE ( 'NONE', *, *, #1086, .F. ) ;
#4622 = CARTESIAN_POINT ( 'NONE',  ( -10.70820839579758399, 37.60337722817698847, 0.7500000103000110663 ) ) ;
#4623 = EDGE_CURVE ( 'NONE', #2673, #3709, #3234, .T. ) ;
#4624 = ORIENTED_EDGE ( 'NONE', *, *, #663, .F. ) ;
#4625 = LINE ( 'NONE', #360, #3020 ) ;
#4626 = ORIENTED_EDGE ( 'NONE', *, *, #849, .F. ) ;
#4627 = CARTESIAN_POINT ( 'NONE',  ( -27.51547720303731026, 27.90074578970508412, -0.7499999986000002172 ) ) ;
#4628 = DIRECTION ( 'NONE',  ( -0.8660254011486101522, -0.5000000045653890668, 0.000000000000000000 ) ) ;
#4629 = B_SPLINE_CURVE_WITH_KNOTS ( 'NONE', 3,
 ( #3712, #1607, #168, #3781 ),
 .UNSPECIFIED., .F., .F.,
 ( 4, 4 ),
 ( 0.000000000000000000, 1.000000000000000000 ),
 .UNSPECIFIED. ) ;
#4630 = DIRECTION ( 'NONE',  ( 0.000000000000000000, 0.000000000000000000, 1.000000000000000000 ) ) ;
#4631 = ORIENTED_EDGE ( 'NONE', *, *, #1597, .F. ) ;
#4632 = CARTESIAN_POINT ( 'NONE',  ( 8.118958566078076089, -0.07055188370239155737, 0.7499999986000001062 ) ) ;
#4633 = CARTESIAN_POINT ( 'NONE',  ( 13.50000012719687703, -10.71555481979999414, -0.7499999953385270146 ) ) ;
#4634 = DIRECTION ( 'NONE',  ( 0.8660254062168368794, 0.4999999957869626366, 0.000000000000000000 ) ) ;
#4635 = EDGE_LOOP ( 'NONE', ( #1031, #4616, #1644, #856, #37, #1706 ) ) ;
#4636 = ORIENTED_EDGE ( 'NONE', *, *, #2730, .F. ) ;
#4637 = CARTESIAN_POINT ( 'NONE',  ( 14.03930590728761274, -24.81646059829225948, -0.7499999985999998842 ) ) ;
#4638 = CARTESIAN_POINT ( 'NONE',  ( 9.005206480177733397, -37.69393544404139362, -0.7499999985999999952 ) ) ;
#4639 = AXIS2_PLACEMENT_3D ( 'NONE', #1908, #3354, #3063 ) ;
#4640 = DIRECTION ( 'NONE',  ( 0.7313537094338112832, 0.6819983516823221459, 0.000000000000000000 ) ) ;
#4641 = EDGE_LOOP ( 'NONE', ( #3101, #358, #1809, #3164, #4104, #294 ) ) ;
#4642 = AXIS2_PLACEMENT_3D ( 'NONE', #619, #2056, #3789 ) ;
#4643 = LINE ( 'NONE', #1089, #1440 ) ;
ENDSEC;
END-ISO-10303-21;
